5547863634
60112378925
60126957216
6203631745
6235005123
6235005850
6235015726
6235033174
6235047593
6235048798
6235068150
6235074527
6235082737
6235082935
6235087733
6235090992
6235094324
6235096646
6235122398
6235127340
6235138989
6235140645
6235159308
6235168285
6235174893
6235176625
6235177019
6235183852
6235192849
6235201710
6235211337
6235219731
6235224874
6235226383
6235228838
6235230411
6235245301
6235266870
6235273424
6235276414
6235292173
6235293179
6235303939
6235306817
6235306823
6235310821
6235312289
6235314987
6235320106
6235328668
6235345980
6235352163
6235353030
6235354072
6235355402
6235365990
6235366996
6235384250
6235390488
6235392872
6235396671
6235401737
6235408832
6235408872
6235409782
6235420085
6235434969
6235447632
6235449088
6235460539
6235489775
6235507835
6235511943
6235517252
6235535575
6235538089
6235538589
6235539187
6235546719
6235549080
6235566811
6235587376
6235587736
6235612100
6235613907
6235631028
6235636467
6235655866
6235661995
6235674005
6235676374
6235682593
6235685454
6235687134
6235688018
6235700230
6235700924
6235701850
6235701868
6235702498
6235708005
6235708776
6235724919
6235730886
6235735829
6235740386
6235744304
6235756173
6235760035
6235769268
6235791929
6235802035
6235803549
6235828338
6235836624
6235856857
6235860537
6235860903
6235884869
6235891335
6235894177
6235903421
6235906208
6235907314
6235908838
6235912300
6235925096
6235934661
6235935040
6235980047
6236622866
6238003720
6238006358
6238012607
6238013783
6238018383
6238040432
6238041009
6238044878
6238046605
6238052539
6238058163
6238060165
6238060217
6238068686
6238073735
6238080331
6238081845
6238084283
6238089306
6238090866
6238092493
6238095823
6238096913
6238098682
6238115161
6238117709
6238117823
6238120619
6238127004
6238130349
6238147335
6238148982
6238154209
6238156301
6238159119
6238165301
6238179954
6238179990
6238187674
6238189657
6238190007
6238191155
6238191513
6238193341
6238193961
6238198883
6238200543
6238206892
6238207624
6238213080
6238217482
6238221527
6238222437
6238240160
6238240340
6238242963
6238244935
6238249739
6238252347
6238252944
6238254762
6238255383
6238263151
6238270959
6238271285
6238276978
6238279546
6238280361
6238288544
6238308605
6238316024
6238320383
6238327395
6238339349
6238339534
6238339606
6238348735
6238363342
6238370685
6238374081
6238378118
6238381242
6238381419
6238381459
6238384530
6238387036
6238387056
6238406629
6238410917
6238414692
6238416846
6238419531
6238419818
6238423441
6238425852
6238432552
6238434902
6238438504
6238441271
6238443542
6238449687
6238453326
6238454018
6238457429
6238459298
6238460870
6238470499
6238473446
6238477675
6238487421
6238487764
6238488724
6238488738
6238491069
6238491107
6238491526
6238492304
6238494290
6238494916
6238495871
6238496907
6238506518
6238507628
6238517979
6238522619
6238523816
6238524075
6238535530
6238535702
6238535792
6238536813
6238544362
6238546912
6238548897
6238550144
6238553353
6238556774
6238564135
6238565300
6238566969
6238567352
6238569346
6238577732
6238577987
6238578761
6238582542
6238584947
6238587016
6238592434
6238597388
6238604223
6238605794
6238607575
6238610145
6238614575
6238617532
6238618131
6238620978
6238626942
6238629129
6238632620
6238636299
6238636516
6238648902
6238651415
6238660481
6238663220
6238667798
6238668458
6238671684
6238683395
6238686318
6238690307
6238697616
6238701096
6238702653
6238714790
6238720324
6238732439
6238742440
6238749184
6238750435
6238751328
6238753838
6238756459
6238758450
6238760240
6238761566
6238768352
6238785859
6238788273
6238795208
6238798062
6238800714
6238807521
6238809034
6238809850
6238816904
6238816978
6238818048
6238818388
6238821726
6238823838
6238827375
6238836985
6238837113
6238837793
6238841432
6238847992
6238854525
6238860095
6238861107
6238863987
6238877246
6238877628
6238880719
6238881713
6238895793
6238906876
6238914971
6238915502
6238927458
6238930137
6238932212
6238933182
6238935732
6238936951
6238944506
6238945221
6238957913
6238961042
6238968682
6238972833
6238974535
6238977831
6238982349
6238982774
6238987588
6238987714
6238989368
6238992397
6238998110
6252346466
6265043163
6267568797
6280000000
6280971685
6282021634
6282022868
6282023744
6282026120
6282038546
6282045107
6282049564
6282057080
6282057649
6282058282
6282068864
6282071723
6282075940
6282078260
6282081322
6282100531
6282100644
6282105096
6282105299
6282109256
6282110535
6282112922
6282115035
6282116579
6282118014
6282118824
6282120780
6282127076
6282141683
6282146313
6282146892
6282148742
6282157287
6282157933
6282158203
6282161315
6282162175
6282173598
6282173985
6282191033
6282198195
6282203686
6282205266
6282206916
6282211627
6282213753
6282216279
6282222631
6282229193
6282237192
6282242552
6282250601
6282252062
6282253586
6282262472
6282263418
6282273566
6282274385
6282279917
6282285891
6282288182
6282292744
6282294072
6282303583
6282307080
6282311635
6282313479
6282314324
6282315242
6282315692
6282326119
6282331433
6282332642
6282337148
6282340073
6282342680
6282344881
6282346466
6282347599
6282348973
6282350711
6282354985
6282355710
6282355743
6282359312
6282362952
6282365719
6282379348
6282380298
6282383780
6282393782
6282394954
6282396389
6282398443
6282402538
6282409993
6282416496
6282418525
6282419830
6282420803
6282426930
6282436349
6282437575
6282440799
6282441620
6282441771
6282448410
6282450652
6282451446
6282460824
6282462892
6282464099
6282464401
6282474178
6282476128
6282476763
6282477213
6282478318
6282485358
6282489324
6282491899
6282496263
6282497540
6282499766
6282500819
6282500918
6282513642
6282517374
6282521558
6282521872
6282522883
6282526392
6282531423
6282532086
6282535131
6282536083
6282538148
6282539286
6282543447
6282544512
6282547406
6282548208
6282556241
6282562975
6282569275
6282571853
6282574196
6282576588
6282578502
6282580867
6282584773
6282585366
6282588543
6282591090
6282596611
6282598251
6282599303
6282599502
6282601595
6282608020
6282611909
6282617510
6282622369
6282625757
6282629108
6282630991
6282633775
6282635581
6282637944
6282650277
6282656970
6282658882
6282660089
6282663201
6282664171
6282664882
6282666915
6282672737
6282676254
6282682778
6282684774
6282685427
6282688388
6282689462
6282689576
6282693689
6282694613
6282695023
6282697901
6282698287
6282699974
6282701609
6282702390
6282702847
6282704347
6282706215
6282706330
6282707581
6282710794
6282711785
6282712018
6282712113
6282713363
6282717020
6282724739
6282727354
6282729275
6282734660
6282739936
6282743641
6282743834
6282744596
6282747169
6282753755
6282754083
6282758191
6282763349
6282765107
6282765802
6282766902
6282768749
6282769876
6282770288
6282772979
6282779323
6282798243
6282801340
6282802071
6282806915
6282817027
6282818504
6282826772
6282830384
6282832763
6282835595
6282836701
6282839353
6282840664
6282854568
6282861759
6282862688
6282863133
6282864759
6282867706
6282868855
6282875014
6282875740
6282881500
6282881948
6282883249
6282884167
6282886787
6282890316
6282891565
6282891758
6282920080
6282920853
6282922956
6282923573
6282929284
6282932471
6282933361
6282934198
6282940299
6282944063
6282945311
6282947531
6282953295
6282963858
6282966224
6282966899
6282974781
6282975722
6282977344
6282979467
6282983476
6282985371
6282986403
6282987538
6282990952
6282993238
6282996883
6282997627
6291105800
6304578095
6309395877
6363926256
6366043536
6366181205
6369029828
6369646653
6371389082
6376401968
6376951206
6379739983
6381343295
6382086991
6385135139
6385555785
6482968179
6598361196
6935221003
7.29310205672901E+019
7.35635035298474E+019
7.35664447994464E+019
7.55889415495447E+019
7.59190790475919E+019
7.59393978594964E+019
7.73630666790201E+019
7001828519
7005597574
7010124281
7010420151
7012005385
7012009591
7012013572
7012015575
7012030144
7012030373
7012034873
7012037321
7012055895
7012058161
7012066183
7012068683
7012082920
7012088141
7012088312
7012089191
7012089361
7012091461
7012106364
7012115005
7012117113
7012124616
7012125307
7012125765
7012125874
7012129752
7012131273
7012134574
7012135101
7012138597
7012143915
7012145673
7012149934
7012153547
7012158371
7012159564
7012170885
7012177975
7012194095
7012202003
7012204144
7012212875
7012213010
7012217150
7012218535
7012224228
7012230764
7012233686
7012234411
7012238199
7012239293
7012241191
7012243356
7012251660
7012255859
7012255865
7012261710
7012266464
7012269396
7012272754
7012273477
7012274413
7012274451
7012276559
7012277073
7012278703
7012279038
7012281670
7012286904
7012293026
7012303109
7012304827
7012305219
7012306040
7012306183
7012308571
7012312521
7012317360
7012318359
7012319837
7012325234
7012325795
7012330131
7012333193
7012336421
7012357251
7012370478
7012374233
7012379183
7012387805
7012390162
7012390953
7012393663
7012404453
7012414697
7012419914
7012423075
7012424177
7012428416
7012430720
7012436734
7012445387
7012447165
7012448892
7012449946
7012462023
7012468986
7012479919
7012487528
7012505011
7012505124
7012506424
7012507575
7012510767
7012511156
7012514891
7012518685
7012522301
7012522835
7012523280
7012527423
7012530712
7012533299
7012534045
7012534276
7012536669
7012541418
7012541567
7012542122
7012555602
7012557008
7012560585
7012567713
7012570366
7012590716
7012596273
7012605110
7012605607
7012609828
7012613092
7012618539
7012622619
7012628749
7012635993
7012637922
7012645922
7012646728
7012649322
7012653063
7012665388
7012670402
7012674357
7012677070
7012677648
7012679814
7012682647
7012686085
7012686642
7012691493
7012692542
7012696409
7012699216
7012701301
7012701513
7012705946
7012711992
7012713575
7012714859
7012719730
7012721545
7012725354
7012728459
7012728835
7012734752
7012735682
7012735911
7012736395
7012738323
7012752364
7012753264
7012756953
7012767350
7012770024
7012772428
7012779633
7012783505
7012788360
7012789604
7012793024
7012794463
7012796143
7012801930
7012804305
7012805200
7012811510
7012812134
7012814749
7012827704
7012832196
7012835728
7012841476
7012844610
7012845318
7012854598
7012878926
7012880217
7012886355
7012909602
7012911207
7012916398
7012925975
7012931678
7012938093
7012943209
7012944630
7012948375
7012951748
7012957958
7012959493
7012959716
7012962690
7012963302
7012969198
7012986280
7013695757
7019832905
7022872545
7025006788
7025008305
7025014649
7025024461
7025025879
7025035444
7025038157
7025042562
7025047689
7025051827
7025067816
7025075094
7025077468
7025078054
7025080052
7025081077
7025085469
7025085713
7025088167
7025095789
7025107797
7025111092
7025112098
7025113622
7025115202
7025138447
7025140105
7025143452
7025147392
7025153400
7025153543
7025156013
7025157720
7025157845
7025158018
7025158027
7025166936
7025169466
7025170581
7025182235
7025182303
7025183791
7025183991
7025185906
7025187360
7025187370
7025192942
7025200149
7025206873
7025211140
7025211581
7025215928
7025220470
7025225206
7025233655
7025236390
7025240928
7025254989
7025262810
7025264378
7025267226
7025267853
7025282101
7025291038
7025292388
7025294252
7025294893
7025297804
7025299424
7025304841
7025315223
7025315234
7025317166
7025318959
7025320766
7025323196
7025323467
7025330269
7025331018
7025335817
7025337467
7025339798
7025345168
7025345428
7025345505
7025347680
7025354544
7025358366
7025358498
7025359722
7025364327
7025366321
7025373708
7025390236
7025390353
7025392613
7025401136
7025410624
7025421320
7025425760
7025444769
7025448104
7025449361
7025456876
7025459721
7025475506
7025487274
7025492581
7025496536
7025498031
7025502203
7025506448
7025510300
7025520645
7025522843
7025524322
7025530570
7025532864
7025534815
7025535227
7025540040
7025543414
7025543958
7025557308
7025568777
7025573879
7025576170
7025580857
7025587856
7025587963
7025588989
7025590730
7025593061
7025599134
7025599876
7025606494
7025612368
7025624024
7025633760
7025634335
7025642769
7025642963
7025650258
7025657216
7025660322
7025662858
7025667515
7025685213
7025686473
7025686986
7025688880
7025694679
7025697025
7025705688
7025708527
7025713640
7025718251
7025720048
7025727594
7025728150
7025730266
7025732952
7025739441
7025752621
7025754415
7025756363
7025757724
7025758836
7025759174
7025766848
7025775237
7025783855
7025790801
7025792884
7025801850
7025803293
7025806355
7025809128
7025813864
7025822096
7025837540
7025846697
7025847220
7025847494
7025853026
7025854326
7025855159
7025856324
7025856534
7025858391
7025863725
7025865802
7025868486
7025880185
7025880443
7025881198
7025882100
7025891478
7025893023
7025894348
7025911201
7025911382
7025919510
7025924890
7025928140
7025932317
7025937858
7025941294
7025941759
7025960133
7025975405
7025983861
7025986700
7025987112
7025990730
7025993474
7030000000
7034000888
7034006000
7034007729
7034009334
7034010809
7034012590
7034013382
7034013482
7034028000
7034032139
7034039708
7034040406
7034043800
7034054216
7034062592
7034063846
7034066210
7034068577
7034069368
7034069941
7034071800
7034088088
7034111793
7034122768
7034126864
7034128801
7034129608
7034138555
7034147525
7034150808
7034158721
7034161331
7034167373
7034172146
7034173272
7034174377
7034181521
7034183459
7034183477
7034184263
7034196502
7034233633
7034240464
7034244800
7034248887
7034251215
7034254502
7034256105
7034257286
7034262518
7034262615
7034264398
7034264618
7034265540
7034269134
7034279446
7034283237
7034290285
7034296666
7034298860
7034305423
7034307828
7034315774
7034317363
7034318716
7034324753
7034326659
7034328148
7034329109
7034329409
7034335889
7034339550
7034351292
7034353908
7034358594
7034359071
7034359797
7034370634
7034376060
7034377042
7034377523
7034377607
7034380738
7034383967
7034386622
7034387495
7034388822
7034389413
7034390267
7034393685
7034398586
7034400259
7034401458
7034407158
7034410035
7034413872
7034414599
7034416242
7034419421
7034424688
7034450183
7034458081
7034464963
7034474398
7034475547
7034491331
7034511938
7034519353
7034521318
7034535610
7034563663
7034564448
7034565905
7034572898
7034576979
7034577931
7034586243
7034595596
7034596254
7034603065
7034604026
7034607402
7034609151
7034617386
7034620970
7034622093
7034625930
7034629144
7034632709
7034633896
7034634249
7034635162
7034638204
7034639218
7034652826
7034656397
7034668822
7034672688
7034680465
7034702645
7034704287
7034717303
7034722222
7034728124
7034735451
7034749892
7034752696
7034759368
7034760474
7034762107
7034767656
7034768353
7034770415
7034776789
7034779740
7034780566
7034780843
7034790816
7034795421
7034797570
7034801324
7034814165
7034816424
7034816433
7034817104
7034817321
7034820425
7034821507
7034825115
7034826056
7034827322
7034829304
7034845246
7034863622
7034864519
7034865017
7034867704
7034868548
7034870175
7034884152
7034887644
7034892646
7034893699
7034894338
7034895389
7034912482
7034914647
7034925452
7034933094
7034942411
7034945890
7034947804
7034949327
7034955863
7034956826
7034960177
7034961324
7034981465
7034983329
7034993164
7034995798
7034997832
7036128867
7036955737
7037375229
7042105045
7042219609
7042231342
7042304303
7042522088
7042547264
7059991111
7063913242
7065665566
7074125654
7075062021
7077784086
70834375028
7084684719
7092704221
7093800434
7094236681
7096926992
7099167433
7136952633
7202427205
7217892227
7259803824
7293102056
7293121212
7293128144
7293142320
7293352749
7293419491
7293497121
7293561336
7293577537
7304728124
7306002338
7306002401
7306006178
7306006299
7306006899
7306008567
7306013550
7306027676
7306044342
7306053254
7306053493
7306074841
7306076662
7306078879
7306080188
7306084322
7306089182
7306093072
7306102949
7306104176
7306105413
7306107954
7306108686
7306109407
7306119145
7306130091
7306137065
7306137118
7306142732
7306159165
7306169158
7306174079
7306179513
7306189142
7306195143
7306210727
7306222606
7306227136
7306246202
7306247716
7306257203
7306257977
7306261013
7306265834
7306268049
7306277310
7306279877
7306288590
7306307034
7306307204
7306311936
7306314773
7306315175
7306316178
7306317812
7306318687
7306326236
7306330069
7306333828
7306336585
7306342209
7306342813
7306345091
7306347625
7306351039
7306362959
7306364098
7306365991
7306381286
7306383596
7306388445
7306389029
7306391099
7306392692
7306394116
7306394341
7306398501
7306401058
7306404121
7306408429
7306413846
7306414269
7306415898
7306419966
7306420852
73064212185
7306421699
7306424468
7306424950
7306427829
7306431880
7306433419
7306436568
7306440050
7306442198
7306453579
7306454500
7306455231
7306465334
7306469205
7306469703
7306473297
7306482311
7306486511
7306489478
7306499421
7306505071
7306506867
7306507597
7306513977
7306542064
7306543406
7306545829
7306549866
7306550438
7306561006
7306561758
7306566092
7306566097
7306570186
7306570518
7306572349
7306577022
7306591273
7306593255
7306593281
7306596687
7306607670
7306609459
7306612912
7306613831
7306614959
7306616336
7306617779
7306620803
7306626615
7306631692
7306634360
7306635893
7306644102
7306648809
7306654522
7306656536
7306658879
7306665074
7306669895
7306674626
7306679238
7306680070
7306682352
7306684363
7306686083
7306700874
7306709326
7306711253
7306711267
7306713103
7306713851
7306714370
7306715761
7306728535
7306738273
7306749927
7306761456
7306764009
7306765243
7306767819
7306769083
7306778946
7306782696
7306788989
7306791072
7306817895
7306823174
7306827029
7306830924
7306833078
7306838951
7306839957
7306844520
7306845975
7306848895
7306851154
7306856468
7306857233
7306867544
7306868810
7306870109
7306870985
7306873916
7306874974
7306875636
7306878832
7306881767
7306883078
7306887048
7306889297
7306891042
7306894446
7306894624
7306899706
7306899832
7306903414
7306903693
7306903996
7306908193
7306909052
7306915470
7306916007
7306919603
7306922766
7306925516
7306929385
7306934796
7306940459
7306951479
7306952876
7306953230
7306955177
7306960014
7306968374
7306978420
7306980226
7306986758
7306993271
7306995050
7306995629
7306999642
7316514632
7335630873
7338779964
7356001048
7356002659
7356015931
7356017173
7356026604
7356042996
7356057241
7356057853
7356058656
7356073218
7356077407
7356077610
7356077808
7356079442
7356082213
7356084175
7356091847
7356112244
7356113328
7356116933
7356118217
7356128113
7356145764
7356155633
7356156743
7356170495
7356171316
7356177487
7356180126
7356184320
7356186447
7356201269
7356210865
7356212033
7356219689
7356224984
7356231435
7356243608
7356245501
7356246521
7356247089
7356247538
7356256466
7356286980
7356288624
7356299201
7356310167
7356311077
7356315293
7356318402
7356318421
7356320010
7356332068
7356338619
7356345276
7356349442
7356350352
7356357960
7356358459
7356361525
7356367974
7356369696
7356387016
7356388079
7356389122
7356391927
7356406555
7356407312
7356414749
7356418104
7356423495
7356441181
7356446220
7356455506
7356463860
7356468380
7356472646
7356478722
7356480365
7356494403
7356502649
7356509902
7356515101
7356523592
7356530257
7356532208
7356539587
7356550874
7356556087
7356561927
7356571509
7356612442
7356613734
7356630447
7356633478
7356635577
7356638192
7356644479
7356646095
7356664455
7356677203
7356687355
7356710147
7356710279
7356720167
7356735496
7356736098
7356740289
7356741391
7356742522
7356749905
7356779235
7356782582
7356791231
7356796223
7356805147
7356809624
7356816506
7356822453
7356826231
7356844706
7356845060
7356846461
7356846528
7356848605
7356851084
7356853774
7356859688
7356863263
7356876650
7356877389
7356877437
7356878005
7356879888
7356881918
7356883432
7356900223
7356903181
7356921722
7356922900
7356925634
7356930330
7356933266
7356942562
7356944508
7356956035
7356960808
7356962653
7356965636
7356972587
7356986209
7356987648
73569896514
7356991280
7356999526
7358124477
7358188095
7362199327
7382451279
7396001000
7397332757
7403044143
7403121210
7403401090
7403470181
7403593091
7405740767
7406086823
7407155581
7411053393
7428915126
7449165060
7455645697
7495525955
7506511661
7506586166
7510000000
7510107939
7510108822
7510112110
7510113175
7510113889
7510125836
7510141171
7510143234
7510150584
7510151198
7510152559
7510157187
7510170697
7510190361
7510193605
7510201309
7510206584
7510216799
7510220569
7510221123
7510225900
7510230331
7510230383
7510245815
7510251168
7510253695
7510268505
7510276390
7510278026
7510281325
7510287543
7510295261
7510299798
7510309814
7510315071
7510316694
7510319290
7510327869
7510343460
7510347073
7510349200
7510351022
7510351071
7510351676
7510353183
7510356831
7510370040
7510374340
7510378020
7510380161
7510384318
7510385465
7510388407
7510393384
7510394467
7510404780
7510408284
7510416375
7510432168
7510437723
7510438434
7510485864
7510505734
7510509217
7510524861
7510549522
7510559089
7510570434
7510572638
7510575387
7510585360
7510589210
7510591474
7510604014
7510625003
7510629767
7510637173
7510644064
7510645404
7510655405
7510659543
7510667700
7510668556
7510671954
7510678457
7510694794
7510699262
7510699495
7510700472
7510702757
7510706613
7510707327
7510707396
7510707623
7510709139
7510711628
7510716721
7510719588
7510719699
7510719805
7510727077
7510728227
7510729225
7510730231
7510730730
7510731649
7510735430
7510764475
7510770314
7510779287
7510780096
7510781267
7510800557
7510801836
7510803989
7510804547
7510815745
7510820018
7510820286
7510820646
7510823364
7510823633
7510833896
7510836823
7510846368
7510847339
7510848270
7510859066
7510882004
7510900476
7510903880
7510910952
7510911767
7510919056
7510920759
7510921966
7510926297
7510927899
7510951379
7510951785
7510971065
7510972657
7510977748
7510989657
7510991712
7510991950
7510995929
7510996478
7510996649
7511100029
7511101350
7511102043
7511108384
7511115311
7511124522
7511132027
7511144626
7516773707
7530025553
7548811674
7550172920
7550249936
7551842196
7551873158
7552078012
7558000621
7558001640
7558001948
7558003429
7558005272
7558005689
7558006182
7558014839
7558016093
7558024265
7558025015
7558034276
7558037630
7558054705
7558057732
7558058805
7558059755
7558060915
7558063787
7558065844
7558070269
7558078954
7558084140
7558084604
7558090098
7558800005
7558803070
7558808646
7558811712
7558819322
7558820243
7558823879
7558826993
7558827319
7558827802
7558828636
7558832306
7558841574
7558843664
7558845290
7558852059
7558857005
7558858238
7558861274
7558862689
7558863132
7558864498
7558866374
7558869454
7558869455
7558869957
7558871140
7558876364
7558882059
7558885063
7558890837
7558891448
7558894154
7558897192
7558897943
7558899945
7558904595
7558905279
7558905299
7558925093
7558926541
7558928037
7558935125
7558935130
7558953380
7558956793
7558962724
7558964991
7558967114
7558968698
7558969039
7558969905
7558975793
7558980509
7558985132
7558999433
7558999837
7558999866
7559000675
7559001428
7559003143
7559017823
7559017833
7559023319
7559023828
7559030644
7559032480
7559048700
7559050593
7559052311
7559054327
7559054988
7559059359
7559060202
7559064390
7559075300
7559077701
7559079322
7559092111
7559092888
7559096944
7559098652
7559803712
7559806743
7559808346
7559814084
7559814240
7559814778
7559822518
7559829217
7559831297
7559839187
7559839884
7559842136
7559862364
7559865789
7559868279
7559871240
7559874368
7559879234
7559884749
7559887017
7559900496
7559903387
7559909752
7559922985
7559924389
7559924711
7559925048
7559927926
7559928301
7559928458
7559930882
7559933700
7559950955
7559951969
7559952371
7559957642
7559962699
7559968892
7559970996
7559972904
7559978231
7559979024
7559985132
7559989363
7559997752
7560000000
7560802398
7560810278
7560812303
7560812997
7560817125
7560824620
7560829041
7560829727
7560832270
7560832900
7560834316
7560847256
7560851620
7560854090
7560855327
7560857580
7560859594
7560860867
7560861693
7560869177
7560880113
7560881096
7560888740
7560889879
7560895370
7560895392
7560896627
7560907579
7560908425
7560909030
7560909949
7560911424
7560914895
7560917365
7560925937
7560930150
7560938371
7560944861
7560949114
7560956626
7560984230
7560986403
7560987103
7560992004
7561001174
7561010000
7561010338
7561010382
7561014450
7561018741
7561022737
7561027254
7561028248
7561033605
7561034493
7561040877
7561044460
7561048503
7561064321
7561070832
7561070905
7561071457
7561077277
7561078305
7561081960
7561085299
7561093219
7561803101
7561804391
7561805670
7561808164
7561811906
7561817573
7561820675
7561822197
7561825788
7561827450
7561828164
7561830089
7561830977
7561837791
7561857531
7561857930
7561858115
7561864282
7561870755
7561873158
7561877851
7561884039
7561884756
7561890537
7561893661
7564687741
7566901052
7570776921
7575875165
7576111085
7582145916
7591900002
7591900324
7591902760
7591902784
7591903832
7591907904
7591921480
7591925114
7591926092
7591930157
7591932605
7591946309
7591950994
7591952369
7591955706
7591956987
7591958527
7591959588
7591966313
7591967679
7591967910
7591986010
7591989064
7591998589
7592000018
7592004860
7592007800
7592009163
7592009376
7592011461
7592017291
7592018184
7592028382
7592032567
7592033482
7592045794
7592047381
7592056336
7592066383
7592069212
7592076876
7592079180
7592082074
7592083411
7592088235
7592093192
7592801040
7592828347
7592829841
7592837197
7592843062
7592847960
7592850235
7592855408
7592861873
7592870678
7592873016
7592873486
7592874238
7592876949
7592878395
7592887426
7592895894
7592900735
7592904962
7592918253
7592922654
7592925252
7592926211
7592926488
7592930402
7592937587
7592939432
7592944620
7592944687
7592954727
7592954735
7592963679
7592967941
7592975238
7592984667
7592987083
7592990633
7593000423
7593002091
7593005147
7593011406
7593028079
7593034050
7593035889
7593039040
7593043246
7593049324
7593055091
7593069367
7593071190
7593077706
7593090384
7593095240
7593802142
7593802242
7593804835
7593806932
7593829009
7593838030
7593885649
7593893646
7593900346
7593912203
7593914505
7593914521
7593929507
7593934807
7593937671
7593939785
7593950385
7593951020
7593961298
7593968712
7593978839
7593985701
7593992860
7593996513
7594004669
7594005037
7594006714
7594009394
7594010728
7594021198
7594022927
7594026088
7594027973
7594030156
7594035148
7594074309
7594097156
7594801046
7594808491
7594808549
7594825195
7594836254
7594837618
7594843855
7594844633
7594848338
7594852583
7594873220
7594891805
7594897911
7594916189
7594933053
7594940654
7594945161
7594947430
7594950473
7594951067
7594953843
7594986695
7594989163
7594998812
7598129968
7598133755
7598799911
7600004867
7602433585
7605933869
7633655594
7675913848
7676243366
7676972872
7696484579
7702548420
7708007609
7708930903
7715093991
7718847887
7730076802
7730176772
7730245845
7730426152
7736003200
7736012726
7736012736
7736018650
7736029223
7736045024
7736052325
7736057972
7736060356
7736070036
7736071254
7736078330
7736090642
7736094784
7736097021
7736101581
7736108643
7736109878
7736113336
7736113829
7736124772
7736126511
7736128202
7736139349
7736172178
7736174213
7736176772
7736179021
7736179383
7736181024
7736186021
7736186763
7736189292
7736192047
7736192278
7736203639
7736205436
7736205701
7736212720
7736214641
7736214814
7736221632
7736223105
7736228611
7736230887
7736239732
7736240991
7736242294
7736243889
7736248574
7736249947
7736254336
7736261713
7736261901
7736262079
7736262125
7736263993
7736266898
7736268792
7736271426
7736271468
7736271870
7736272717
7736275977
7736278048
7736278854
7736280509
7736280795
7736281549
7736282377
7736284463
7736286312
7736290445
7736295955
7736298314
7736298768
7736299386
7736299720
7736304093
7736304617
7736306052
7736306409
7736306667
7736309758
7736313740
7736318596
7736319456
7736320590
7736323485
7736329234
7736331938
7736334680
7736342113
7736343454
7736344626
7736346987
7736355379
7736357170
7736357559
7736360855
7736368743
7736370962
7736378993
7736380290
7736381943
7736382195
7736390873
7736405138
7736428540
7736433183
7736438182
7736440900
7736447375
7736451336
7736456456
7736457188
7736459827
7736459991
7736464368
7736464850
7736465144
7736469210
7736471721
7736473645
7736476720
7736480172
7736480766
7736487303
7736487523
7736492188
7736493363
7736500540
7736500844
7736503342
7736505483
7736509599
7736511282
7736523160
7736525648
7736527658
7736528301
7736528425
7736529764
7736538025
7736540441
7736544424
7736544893
7736546972
7736547894
7736549643
7736551181
7736555831
7736556726
7736557433
7736559524
7736560357
7736560811
7736564883
7736567382
7736568300
7736568997
7736569172
7736570944
7736573636
7736574049
7736575584
7736581262
7736582557
7736589432
7736590678
7736594010
7736595564
7736596286
7736599364
7736603219
7736604748
7736605959
7736606406
7736606853
7736609227
7736612151
7736614081
7736617042
7736621403
7736631848
7736632038
7736635776
7736638684
7736640391
7736641210
7736644557
7736649626
7736657844
7736665846
7736666202
7736666711
7736669010
7736669074
7736670395
7736671985
7736673255
7736675047
7736679930
7736680529
7736680790
7736682226
7736682607
7736683002
7736685488
7736687685
7736689451
7736696631
7736698660
7736701414
7736703515
7736704369
7736704788
7736705291
7736708627
7736709030
7736713009
7736713778
7736713799
7736714433
7736715345
7736715977
7736716038
7736717597
7736725411
7736726476
7736726560
7736727715
7736729047
7736734239
7736737164
7736744947
7736745657
7736750095
7736751009
7736752094
7736752730
7736759126
7736760704
7736760771
7736764570
7736767005
7736771934
7736772179
7736772410
7736772714
7736775464
7736775990
7736781548
7736783841
7736784501
7736788996
7736789686
7736789737
7736791955
7736799139
7736800445
7736803032
7736803074
7736805366
7736812126
7736814592
7736823348
7736835116
7736847670
7736849142
7736855349
7736857132
7736857665
7736861435
7736862833
7736865058
7736866174
7736868822
7736870854
7736871090
7736871256
7736872522
7736875313
7736880823
7736882435
7736897260
7736898716
7736900989
7736901763
7736902532
7736902932
7736905692
7736906887
7736909565
7736910425
7736915939
7736919569
7736920167
77369203305
7736923305
7736926679
7736929055
7736930212
7736951609
7736951630
7736960390
7736960669
7736962565
7736965154
7736967815
7736975280
7736975997
7736977288
7736977470
7736978580
7736980535
7736982099
7736986136
7736988947
7736989488
7736991252
7736994496
7736995056
7736995187
7736997098
7736999039
7738843003
7740000000
7756825194
7757959897
7760425031
7760587468
7795024384
7812925361
7827454942
7829888576
7834836648
7845840750
7875327686
7879599801
7888300200
7889202001
7892749665
7892796798
7900000000
7900348831
7902201490
7902222788
7902231566
7902233191
7902247743
7902248214
7902248509
7902250736
7902255439
7902259026
7902266167
7902267295
7902276910
7902299601
7902311206
7902313562
7902316942
7902318544
7902343348
7902350325
7902353047
7902357303
7902359491
7902387945
7902390208
7902395144
7902398114
7902401005
7902406536
7902416468
7902416990
7902418044
7902419902
7902435601
7902438768
7902450775
7902460295
7902471543
7902477247
7902480325
7902483961
7902490250
7902503835
7902507340
7902508240
7902509291
7902519342
7902527243
7902530324
7902556027
7902556466
7902558609
7902563602
7902568920
7902572760
7902573676
7902575360
7902600862
7902604201
7902618564
7902620357
7902623126
7902623260
7902625378
7902638745
7902640255
7902656619
7902660871
7902671394
7902671470
7902688152
7902695340
7902696298
7902696847
7902721373
7902724106
7902725982
7902727106
7902727309
7902759762
7902762001
7902762202
7902771280
7902772340
7902779977
7902799017
7902803320
7902819320
7902837292
7902837822
7902839353
7902844924
7902849271
7902850430
7902853566
7902859072
7902861306
7902868768
7902871827
7902876356
7902878114
7902878521
7902878815
7902881766
7902882249
7902889442
7902902666
7902903587
7902921322
7902923094
7902936054
7902936776
7902948462
7902955165
7902959020
7902965776
7902977077
7902977205
7902979435
7902985019
7902987125
7907002205
7907010947
7907016978
7907027467
7907046302
7907047218
7907050956
7907060115
7907070025
7907071199
7907075270
7907075921
7907076083
7907084106
7907087305
7907088228
7907095679
7907098503
7907101559
7907116958
7907124930
7907126561
7907131151
7907135784
7907136323
7907136996
7907141109
7907142416
7907143554
7907144717
7907146988
7907150035
7907154004
7907161831
7907165346
7907167428
7907172978
7907174470
7907174541
7907189294
7907194307
7907198722
7907199118
7907200298
7907201514
7907207367
7907218486
7907234399
7907236310
7907242296
7907245369
7907262049
7907262658
7907262744
7907273187
7907281700
7907284305
7907285439
7907296583
7907313796
7907317024
7907325287
7907336390
7907352153
7907356511
7907358185
7907363227
7907372764
7907373561
7907377090
7907385052
7907385744
7907392155
7907398748
7907402284
7907403921
7907410075
7907424123
7907427535
7907438191
7907441769
7907450071
7907460190
7907464016
7907474714
7907499024
7907501061
7907524125
7907526559
7907529324
7907544923
7907546519
7907546680
7907554564
7907561524
7907565464
7907565722
7907566246
7907566272
7907566672
7907577386
7907578496
7907583549
7907588118
7907590228
7907593684
7907600021
7907600121
7907603482
7907605098
7907606272
7907610945
7907626407
7907628755
7907636715
7907644124
7907647273
7907650600
7907659276
7907671649
7907672501
7907684583
7907685967
7907689629
7907700750
7907703831
7907705834
7907708737
7907711728
7907712805
7907716324
7907718733
7907718861
7907720275
7907724976
7907732727
7907732914
7907736112
7907744760
7907747148
7907750791
7907752512
7907752610
7907753037
7907759299
7907761843
7907770121
7907770818
7907776362
7907783068
7907785560
7907803719
7907803946
7907812801
7907819358
7907833992
7907841115
7907844353
7907847671
7907849265
7907853388
7907855476
7907860107
7907860525
7907862549
7907868295
7907876718
7907879156
7907882892
7907883295
7907887593
7907891680
7907920814
7907925155
7907925787
7907928668
7907961099
7907967375
7907971038
7907973408
7907980558
7907986287
7907999235
7909102031
7909116797
7909117475
7909136460
7909162091
7909166960
7909169421
7909170996
7909171054
7909187345
7909187716
7909199021
7909207139
7909211737
7909231272
7909235843
7909255014
7909291904
7909294221
7909294311
7910000000
7946049815
7946573911
7972813902
7975333680
7984274430
7984276494
7990000000
7990822041
7994013851
7994020085
7994026082
7994034740
7994035287
7994051226
7994051465
7994068407
7994073284
7994074044
7994084984
7994089464
7994100143
7994118302
7994124119
7994126062
7994126333
7994128068
7994144136
7994155585
7994158273
7994158683
7994163970
7994167334
7994172132
7994172578
7994176998
7994178968
7994180308
7994186280
7994186302
7994195438
7994196255
7994198064
7994201288
7994201845
7994202849
7994204094
7994204101
7994208445
7994209323
7994220691
7994222411
7994222631
7994225123
7994227656
7994229849
7994237065
7994241323
7994245436
7994252319
79942655362
7994270109
7994270517
7994272631
7994272672
7994274905
7994287556
7994287803
7994302139
79943026935
7994302820
7994303788
7994311152
7994312442
7994314801
7994318947
7994319690
7994323684
7994325502
7994333839
7994337615
7994342878
7994357960
7994380245
7994383828
7994395812
7994396538
7994404116
7994411155
7994412223
7994412492
7994415965
7994417181
7994420830
7994421319
7994421698
7994423191
7994443132
7994449688
7994463045
7994463966
7994469674
7994471544
7994471915
7994483032
7994488270
7994491481
7994494413
7994496128
7994515567
7994518459
7994520115
7994530178
7994533409
7994539919
7994541334
7994545302
7994545580
7994545696
7994550297
7994552002
7994557461
7994577569
7994578962
7994579626
7994586695
7994599207
7994609121
7994615189
7994618822
7994622820
7994625283
7994625664
7994628576
7994636273
7994648674
7994650261
7994652641
7994654304
7994658292
7994669320
7994671161
7994675295
7994688061
7994691805
7994693665
7994702004
7994704678
7994714322
7994728040
7994733237
7994735333
7994742563
7994745647
7994746432
7994750290
7994773032
7994781535
7994781563
7994784770
7994792752
7994806944
7994807890
7994813190
7994814404
7994817838
7994834548
7994876586
7994878141
7994879648
7994888845
7994891324
7994901272
7994908481
7994918132
7994923546
7994933058
7994944300
7994949787
7994949892
7994951041
7994953082
7994954609
7994954731
7994957619
7994964703
7994967244
7994980756
7994981893
7994990804
8003476011
8007541990
8008248700
8008677225
8010479636
8037925739
8048303874
8050213307
8050893903
8056034792
8072143538
8073203943
8073692481
8075010107
8075021695
8075025032
8075027310
8075028610
8075032018
8075036793
8075039143
8075041615
8075044604
8075045130
8075046892
8075049913
8075050856
8075054237
8075061597
8075062648
8075062723
8075064699
8075077213
8075088437
8075092028
8075102737
8075104578
8075107150
8075113431
8075118132
8075119165
8075121489
8075123366
8075128061
8075133569
8075136249
8075142167
8075153930
8075155309
8075159956
8075160584
8075164281
8075168393
8075172526
8075172969
8075178009
8075181048
8075181329
8075181674
8075182207
8075193321
8075196679
8075198667
8075199252
8075200070
8075200421
8075208923
8075210072
8075211383
8075212740
8075214629
8075219165
8075220247
8075221035
8075228676
8075230575
8075234173
8075237580
8075238467
8075241394
8075270104
8075275730
8075280579
8075284976
8075285209
8075286949
8075289704
8075291127
8075298565
8075299898
8075303376
8075306404
8075312246
8075312342
8075320288
8075324012
8075326344
8075330500
8075330977
8075336063
8075337291
8075337512
8075346255
8075349612
8075356920
8075358588
8075362484
8075363387
8075372259
8075373512
8075379351
8075388738
8075389191
8075396213
8075397242
8075400829
8075403149
8075403496
8075407240
8075410296
8075415969
8075422373
8075426142
8075427678
8075427975
8075455963
8075460831
8075472747
8075480412
8075481912
8075494376
8075497228
8075505083
8075505665
8075507123
8075508335
8075510475
8075510676
8075517835
8075518014
8075523387
8075525301
8075529022
8075530629
8075531163
8075536116
8075536732
8075542157
8075544260
8075544720
8075546440
8075555734
8075556948
8075557466
8075558108
8075558526
8075559801
8075577688
8075582704
8075584570
8075589995
8075590177
8075592575
8075593395
8075595044
8075596195
8075596389
8075599088
8075600191
8075600445
8075600790
8075601509
8075603993
8075605169
8075605441
8075608352
8075613573
8075614760
8075615269
8075615301
8075617213
8075621620
8075624690
8075629208
8075631438
8075634676
8075636469
8075641964
8075649924
8075652287
8075656030
8075657257
8075659902
8075663248
8075664527
8075674568
8075677988
8075681395
8075681702
8075683420
8075686058
8075688128
8075688138
8075693415
8075697061
8075705571
8075706471
8075707078
8075707566
8075721186
8075728258
8075729996
8075731894
8075734103
8075737293
8075737650
8075738486
8075742550
8075743496
8075749560
8075751220
8075754661
8075756592
8075758064
8075759787
8075759809
8075764583
8075766014
8075767377
8075776064
8075780186
8075783135
8075790211
8075800678
8075815224
8075820160
8075821728
8075828723
8075829563
8075830794
8075835128
8075836741
8075838020
8075839728
8075840274
8075840939
8075850028
8075854224
8075863058
8075863269
8075870413
8075873805
8075881272
8075898582
8075903952
8075907398
8075908071
8075909670
8075910086
8075912604
8075914734
8075924095
8075926134
8075928310
8075929189
8075929931
8075940432
8075942048
8075959993
8075962883
8075977906
8075978680
8075999437
8076118154
8078002197
8078006479
8078010864
8078016714
8078017296
8078030167
8078043469
8078045793
8078048542
8078048832
8078050728
8078051793
8078057750
8078058427
8078076663
8078079119
8078080318
8078082423
8078088146
8078092760
8078097804
8078102040
8078108515
8078112601
8078115058
8078120013
8078122174
8078129198
8078146662
8078147899
8078149604
8078158841
8078166452
8078167565
8078170754
8078174571
8078175101
8078175245
8078176217
8078176654
8078190862
8078205100
8078227180
8078228040
8078260834
8078263547
8078267501
8078268635
8078272195
8078276353
8078280051
8078292268
8078293608
8078300530
8078303159
8078309320
8078342648
8078346831
8078347346
8078349184
8078351470
8078354578
8078359037
8078370967
8078371241
8078373622
8078373847
8078375618
8078378815
8078379166
8078381552
8078385414
8078389415
8078391081
8078391627
8078404525
8078405662
8078417723
8078433516
8078440417
8078440428
8078441612
8078443389
8078449814
8078454636
8078467844
8078469142
8078479398
8078481179
8078483139
8078484566
8078494525
8078495038
8078497094
8078500354
8078504482
8078508494
8078508821
8078526482
8078529126
8078532432
8078534579
8078543292
8078543680
8078543799
8078544323
8078546765
8078546961
8078556050
8078568442
8078568792
8078569351
8078580227
8078580755
8078584727
8078589064
8078595781
8078597407
8078655321
8078701375
8078723229
8078729681
8078732257
8078748227
8078766328
8078777615
8078786230
8078786741
8078800292
8078809083
8078809365
8078812497
8078815582
8078823837
8078826084
8078830836
8078836325
8078837980
8078844762
8078845056
8078848354
8078857375
8078860515
8078862303
8078878279
8078878323
8078882323
8078895049
8078897098
8078901367
8078907315
8078907618
8078930718
8078938028
8078941583
8078955077
8078963086
8078964817
8078978474
8078980900
8078988171
8078991037
8078997795
8079176777
8080000000
8080019255
8081869155
8086002172
8086003770
8086005311
8086005856
8086007081
8086011045
8086011497
8086014461
8086017005
8086028965
8086032789
8086039174
8086041273
8086045561
8086048116
8086049738
8086052965
8086062055
8086064489
8086068154
8086070362
8086072435
8086078716
8086080289
8086086109
8086088352
8086089548
8086108870
8086111174
8086114812
8086118787
8086119657
8086119706
8086120636
8086120671
8086128837
8086129599
8086134621
8086137123
8086140982
8086142800
8086142887
8086144221
8086146308
8086157370
8086167003
8086171170
8086171977
8086173938
8086182756
8086191926
8086213740
8086214707
8086217050
8086217825
8086218590
8086219823
8086222845
8086223197
8086225131
8086237392
8086237514
8086239148
8086239211
8086241401
8086242985
8086244290
8086244293
8086244337
8086247449
8086249989
8086252036
8086252764
8086255808
8086256151
8086256240
8086256837
8086260125
8086262017
8086269772
8086274857
8086279906
8086280823
8086281461
8086285361
8086286571
8086286945
8086292396
8086303901
8086308565
8086316430
8086318939
8086322815
8086335852
8086337484
8086338881
8086340095
8086341478
8086356987
8086357474
8086359655
8086361065
8086364803
8086369789
8086382165
8086397801
8086398334
8086401778
8086405480
8086405760
8086407423
8086408232
8086410030
8086410703
8086413107
8086413571
8086415202
8086419054
8086420591
8086420691
8086422873
8086429234
8086429283
8086431562
8086432944
8086435375
8086438675
8086438820
8086441810
8086443699
8086443825
8086456126
8086457802
8086458078
8086462763
8086467658
8086468073
8086471322
8086472907
8086476148
8086484843
8086485363
8086486928
8086487311
8086488923
8086489232
8086495687
8086500369
8086507190
8086510256
8086515635
8086519303
8086521435
8086545287
8086546164
8086547624
8086549979
8086558171
8086559336
8086562475
8086564879
8086574489
8086586424
8086588600
8086590978
8086597732
8086600009
8086610739
8086611182
8086618772
8086623356
8086629610
8086639259
8086639458
8086640839
8086641278
8086644430
8086644436
8086645954
8086648560
8086664000
8086665416
8086666208
8086669086
8086672918
8086676933
8086677290
8086677886
8086678018
8086680644
8086680916
8086692678
8086695420
8086695573
8086695814
8086697832
8086699988
8086700708
8086702706
8086705235
8086706155
8086709431
8086711485
8086712400
8086713210
8086714802
8086716089
8086721220
8086723594
8086726086
8086735812
8086737277
8086742856
8086748801
8086750961
8086757989
8086760719
8086764953
8086767663
8086768304
8086774849
8086777702
8086778608
8086783281
8086783849
8086791372
8086798056
8086799220
8086799241
8086802374
8086804601
8086805488
8086805520
8086813020
8086813741
8086815715
8086816173
8086817640
8086819024
8086823720
8086827637
8086840379
8086849062
8086866906
8086869909
8086873661
8086882884
8086884071
8086896230
8086897443
8086898433
8086901373
8086904799
8086908418
8086909889
8086910918
8086910952
8086911403
8086912795
8086913005
8086923313
8086924721
8086927626
8086927808
8086939985
8086945721
8086952649
8086957644
8086964133
8086968487
8086969121
8086969292
8086969700
8086969842
8086981011
8086981756
8086983743
8086984746
8086984975
8086987416
8086989130
8086993496
8088620259
8088824279
8089002255
8089005516
8089007340
8089007546
8089009089
8089016169
8089042848
8089044006
8089044352
8089045000
8089045131
8089050501
8089051047
8089057239
8089064330
8089072311
8089079205
8089085663
8089085857
8089094927
8089098090
8089098879
8089101977
8089106198
8089108392
808911114666
8089112930
8089118330
8089120642
8089121209
8089122750
8089125520
8089129009
8089141731
8089141976
8089145661
8089151886
8089157405
8089157906
8089165104
8089167354
8089176336
8089180328
8089183848
8089184885
8089187443
8089188638
8089200547
8089201760
8089205831
8089206678
8089223780
8089225557
8089233042
8089234913
8089235076
8089242089
8089242595
8089246790
8089249248
8089250305
8089252508
8089262977
8089268303
8089268379
8089270101
8089277614
8089280997
8089286491
8089287572
8089293745
8089295563
8089296604
8089302590
8089314954
8089317655
8089318673
8089318909
8089326863
8089327833
8089334495
8089336361
8089344997
80893471032
8089350405
8089352035
8089363122
8089366760
8089369977
8089369988
8089371851
8089393609
8089393954
8089401457
8089404443
8089416321
8089419216
8089420161
8089432326
8089433215
8089440007
8089440283
8089442332
8089444268
8089449432
8089453303
8089456471
8089463915
8089473858
8089475438
8089482562
8089488172
8089491351
8089502382
8089508972
8089513834
8089514375
8089515772
8089516446
8089516564
8089516884
8089528747
8089536950
8089537726
8089538037
8089541154
8089542146
8089543815
8089543821
8089547771
8089553574
8089553967
8089554123
8089560849
8089563348
8089566734
8089567457
8089576463
8089579294
8089583726
8089598331
8089600567
8089607891
8089615112
8089617557
8089618563
8089622841
8089624129
8089626676
8089634635
8089641730
8089642308
8089644302
8089656853
8089661989
8089662315
8089669937
8089671676
8089691211
8089696746
8089702796
8089703052
8089708504
8089716945
8089720246
8089724753
8089726020
8089728705
8089737325
8089740719
8089748709
8089748902
8089751039
8089757485
8089758014
8089763086
8089778072
8089780328
8089780714
8089781083
8089792273
8089793291
8089793770
8089794669
8089806459
8089809030
8089809678
8089809789
8089811564
8089812947
8089814271
8089815088
8089820822
8089829423
8089833569
8089834167
8089834808
8089838728
8089842597
8089846771
8089851880
8089856957
8089859299
8089862743
8089870713
8089871559
8089874811
8089877293
8089877379
8089886007
8089888450
8089889036
8089889605
8089890523
8089901697
8089906134
8089906175
8089911374
8089912949
8089921410
8089922330
8089923600
8089928019
8089930937
8089934631
8089940724
8089941556
8089941741
8089944543
8089947435
8089953585
8089959586
8089973644
8089973732
8089986139
8089989229
8089989421
8089991312
8090000000
8095343969
8095864897
8097655805
8103797827
8105854588
8105988916
8108839032
8110000000
8111800231
8111801249
8111804468
8111804573
8111805500
8111809440
8111811902
8111813003
8111813981
8111820178
8111820998
8111822583
8111827067
8111827687
8111829815
8111834242
8111836628
8111842981
8111852098
8111864365
8111869090
8111887729
8111890131
8111897374
8111897391
8111911164
8111915634
8111918155
8111919302
8111935218
8111937700
8111940214
8111948540
8111951180
8111955806
8111956920
8111957259
8111957764
8111970710
8111970822
8111978252
8111981053
8111986409
8113001800
8113003314
8113005724
8113006488
8113011739
8113012290
8113012763
8113014248
8113014773
8113018423
8113018856
8113023110
8113024842
8113025505
8113032794
8113033508
8113034235
8113034892
8113034980
8113037703
8113037790
8113043334
8113045020
8113047525
8113051668
8113057148
8113060522
8113073098
8113073207
8113078949
8113093115
8113096691
8113804620
8113805897
8113819773
8113821884
8113829014
8113833320
8113834479
8113838611
8113840878
8113854809
8113857736
8113862079
8113869118
8113870934
8113874124
8113874297
8113874586
8113882665
8113885491
8113899103
8113900476
8113900481
8113900493
8113901175
8113902008
8113904064
8113905038
8113906600
8113911362
8113911572
8113913057
8113913782
8113918900
8113919004
8113921898
8113930973
8113940876
8113948890
8113949908
8113951615
8113954055
8113965645
8113967757
8113983977
8113994126
8113996554
8113997683
8113998039
8121186703
8121449740
8122436922
8123799362
8126486121
8126819620
8127183820
8129016771
8129018891
8129019222
8129022187
8129024856
8129027446
8129029732
8129031671
8129044243
8129050274
8129053126
8129056984
8129060135
8129061278
8129061681
8129061702
8129075181
8129076512
8129081253
8129082992
8129085433
8129090601
8129091057
8129094671
8129096845
8129096920
8129100394
8129100468
8129101826
8129106992
8129107259
8129108894
8129109120
8129112415
8129116603
8129120400
8129129666
8129132802
8129138417
8129138701
8129140459
8129146363
8129151389
8129157611
8129158801
8129163127
8129172864
8129174141
8129174899
8129175793
8129178293
8129179291
8129179738
8129180189
8129182498
8129183910
8129192578
8129194056
8129194802
8129200076
8129200711
8129200823
8129202090
8129202779
8129205583
8129209660
8129211804
8129212815
8129216645
8129218370
8129221249
8129236262
8129245707
8129254843
8129260377
8129264603
8129266717
8129270924
8129270941
8129276430
8129280434
8129287854
8129292280
8129294906
8129298107
8129299700
8129310468
8129310646
8129316918
8129323288
8129323627
8129324775
8129325530
8129325611
8129326701
8129328342
8129339207
8129340276
8129353132
8129354993
8129355082
8129356846
8129357167
8129358708
8129362460
8129370930
8129372381
8129374824
8129375556
8129379975
8129382180
8129386015
8129390054
8129395828
8129396638
8129406755
8129407443
8129412156
8129413770
8129415103
8129415180
8129417159
8129418434
8129418600
8129418690
8129418943
8129421029
8129422789
8129423206
8129423215
8129426031
8129426141
8129427469
8129431125
8129437283
8129443111
8129443636
8129446442
8129452188
8129454403
8129475319
8129487395
8129497143
8129499498
8129501660
8129502206
8129519210
8129522500
8129527817
8129541631
8129545346
8129549769
8129566282
8129569734
8129572650
8129582097
8129587088
8129592997
8129593792
8129594029
8129596229
8129597742
8129600319
8129601068
8129609236
8129609601
8129611033
8129614991
8129620059
8129636732
8129638698
8129639567
8129654252
8129658710
8129659009
8129666199
8129668876
8129674186
8129676211
8129676607
8129684349
8129692840
8129696504
8129699555
8129699652
8129709820
8129710291
8129716500
8129717281
8129731781
8129734542
8129739575
8129739965
8129742778
8129748815
8129750227
8129756006
8129762257
8129764421
8129772693
8129774784
8129783876
8129786643
8129789595
8129791660
8129797977
8129799286
8129806842
8129808809
8129822333
8129826968
8129835095
8129847262
8129852268
8129861046
8129867217
8129868316
8129868468
8129871480
8129875971
8129879902
8129879937
8129883121
8129885376
8129890722
8129900236
8129904377
8129907382
8129907466
8129907581
8129908378
8129915268
8129916052
8129916104
8129916383
8129918975
8129930065
8129931932
8129935421
8129940198
8129940226
8129941065
8129941144
8129944083
8129946772
8129948308
8129951122
8129956722
8129958741
8129963630
8129964947
8129971071
8129972212
8129976146
8129977888
8129980145
8129981609
8129982255
8129985600
8129986305
8129988450
8129989525
8129993435
8129994209
8130217350
8132085569
8132476142
8136802852
8136804413
8136809225
8136812661
8136813102
8136814793
8136816079
8136820371
8136833390
8136841230
8136848799
8136852902
8136855479
8136856295
8136860033
8136864020
8136869631
8136873781
8136874405
8136878119
8136897611
8136900713
8136913054
8136916518
8136922144
8136923154
8136935838
8136937114
8136937185
8136938937
8136939314
8136940098
8136952651
8136962208
8136962395
8136963334
8136966545
8136979653
8136995921
8136997584
8136997636
8137008715
8137011308
8137013112
8137018473
8137023813
8137027941
8137033582
8137039238
8137039993
8137040843
8137045028
8137046656
8137055025
8137072389
8137075588
8137075727
8137088557
8137807243
8137809771
8137813936
8137822077
8137822193
8137836931
8137840859
8137846584
8137855057
8137860133
8137864346
8137869214
8137896087
8137897433
8137918826
8137937007
8137948921
8137950580
8137953755
8137955343
8137959858
8137972555
8137976178
8137979468
8137983545
8137983933
8138021100
8138021246
8138041302
8138042561
8138045556
8138048317
8138048988
8138054456
8138054663
8138055720
8138060118
8138064910
8138066838
8138079930
8138082988
8138093266
8138095954
8138802228
8138802580
8138818939
8138828170
8138830057
8138832344
8138837628
8138856028
8138856629
8138865221
8138870058
8138870576
8138874109
8138878547
8138884713
8138889403
8138890877
8138901099
8138906650
8138921115
8138944422
8138952228
8138959646
8138960565
8138965489
8138969965
8138972345
8138975628
8138975632
8138979134
8138986863
8138994325
8138998115
8138998777
8139002298
8139003974
8139007160
8139014592
8139019314
8139027654
8139030293
8139040534
8139043844
8139047771
8139048621
8139057118
8139058483
8139065907
8139070490
8139072204
8139087051
8139091978
8139093669
8139099297
8139803133
8139808136
8139815813
8139821971
8139833229
8139836560
8139843288
8139845843
8139865068
8139867176
8139868466
8139874520
8139878811
8139881938
8139895510
8139896412
8140000000
8141866793
8148859281
8156092905
8156801651
8156802805
8156808026
8156821547
8156828739
8156836802
8156839816
8156840233
8156841484
8156847724
8156851264
8156853695
8156855877
8156859630
8156860440
8156861178
8156861800
8156874778
8156880384
8156881668
8156881839
8156883335
8156887953
8156890550
8156893154
8156899479
8156913711
8156914694
8156932170
8156937572
8156940863
8156941220
8156943460
8156945780
8156951804
8156960576
8156964464
8156980264
8156981867
8156983839
8156994534
8156998220
8156999681
8157005566
8157015892
8157018202
8157038781
8157041555
8157044310
8157048409
8157048794
8157049224
8157049651
8157057604
8157060569
8157066001
8157068941
8157073037
8157074232
8157083547
8157086993
8157092082
8157093100
8157098220
8157098812
8157802600
8157817669
8157818257
8157819006
8157820557
8157825112
8157827015
8157832874
8157838634
8157849961
8157853542
8157855323
8157855651
8157857820
8157869172
8157871552
8157874167
8157878013
8157884474
8157885288
8157888297
8157890746
8157905497
8157910859
8157930619
8157932880
8157939173
8157940827
8157943750
8157948435
8157948505
8157949312
8157949843
8157953781
8157959667
8157959973
8157961804
8157964388
8157964670
8157970882
8157972445
8157984285
8157984918
8157991320
8157992116
8157997178
8157997643
8157997770
8157997825
8160000000
8171877626
8197465075
8216974861
8220018488
8220848472
8220848772
8229914463
8230092573
8237815887
8237946166
8248001203
8248600751
8248913584
8257998134
8280000000
8281000494
8281003491
8281003522
8281008650
8281015614
8281016647
8281018200
8281027490
8281033485
8281035566
8281037323
8281048266
8281058553
8281066693
8281069599
8281071966
8281072869
8281076244
8281079821
8281081024
8281089323
8281092222
8281094660
8281100808
8281100862
8281101102
8281113972
8281120257
8281123328
8281124840
8281133659
8281134000
8281137829
8281139619
8281142256
8281145013
8281146769
8281150354
8281152828
8281156911
8281161604
8281166394
8281166679
8281169320
8281174407
8281175010
8281178818
8281190179
8281194600
8281194979
8281196336
8281196345
8281196420
8281202861
8281203027
8281207153
8281207798
8281209075
8281212005
8281220056
8281221584
8281225860
8281226797
8281231446
8281233459
8281234654
8281237432
8281238458
8281241537
8281246631
8281248921
8281249824
8281251060
8281251142
8281253950
8281262488
8281264500
8281266501
8281269027
8281281234
8281283715
8281285923
8281286386
8281290284
8281291769
8281292206
8281294150
8281295371
8281297167
8281302559
8281304814
8281307415
8281309241
8281309462
8281311677
8281312329
8281320852
8281321661
8281322475
8281325604
8281326615
8281327789
8281331811
8281334900
8281336961
8281348343
8281353538
8281353651
8281354624
8281355059
8281358895
8281358973
8281362185
8281367056
8281369875
8281371819
8281372137
8281376068
8281389709
8281393837
8281395272
8281398067
8281400925
8281401610
8281406039
8281417661
8281421018
8281436344
8281437371
8281444457
8281446026
8281447099
8281456111
8281456656
8281460095
8281460604
8281461602
8281461668
8281464687
8281464975
8281467529
8281467535
8281469701
8281469847
8281471405
8281475919
8281476388
8281480685
8281484048
8281489928
8281490409
8281493731
8281493920
8281496552
8281497159
8281497413
8281500273
8281500706
8281501122
8281501815
8281502217
8281504556
8281507833
8281511321
8281528288
8281529039
8281536651
8281537613
8281538418
8281539274
8281541048
8281541832
8281544410
8281554925
8281563471
8281563676
8281563932
8281565576
8281566168
8281567301
8281573510
8281574707
8281577231
8281579945
8281585956
8281594053
8281596034
8281612292
8281614351
8281618258
8281618579
8281625015
8281631936
8281634350
8281635983
8281640535
8281642164
8281644570
8281645185
8281645475
8281653034
8281661240
8281662709
8281665552
8281670974
8281672916
8281685083
8281685520
8281687661
8281688847
8281692349
8281692939
8281694354
8281696692
8281697964
8281700064
8281700315
8281707262
8281708122
8281711845
8281713808
8281714186
8281720386
8281724480
8281726718
8281728307
8281728599
8281732352
8281732467
8281738077
8281739550
8281740325
8281740902
8281748499
8281753072
8281755567
8281777194
8281780799
8281790964
8281791088
8281803385
8281807091
8281807375
8281810663
8281811444
8281811862
8281818897
8281824553
8281834858
8281835737
8281838417
8281845258
8281847878
8281856619
8281860758
8281861615
8281863460
8281863757
8281864118
8281865318
8281865981
8281876155
8281878604
8281884847
8281885298
8281885528
8281887482
8281890237
8281893341
8281895170
8281895999
8281896062
8281902031
8281904783
8281906414
8281912148
8281912491
8281914956
8281915049
8281920312
8281921230
8281921667
8281925996
8281928042
8281929307
8281930485
8281931062
8281942160
8281943267
8281943938
8281948328
8281949029
8281951732
8281952973
8281962695
8281963361
8281973115
8281976134
8281981337
8281983580
8281983797
8281987764
8281988377
8281992190
8281994326
8286567301
8287862572
82889966483
8289808221
8289814260
8289816850
8289831244
8289845067
8289847271
8289854098
8289863969
8289868451
8289868978
8289869867
8289875642
8289880036
8289884790
8289886210
8289887766
8289887838
8289891662
8289893839
8289897388
8289897958
8289899411
8289904623
8289911482
8289916595
8289916791
8289927271
8289929448
8289931992
8289937291
8289938038
8289941830
8289942611
8289947033
8289949846
8289959885
8289964371
8289971054
8289971454
8289972996
8289973149
8289973902
8289974331
8289975143
8289980273
8289987875
8289990957
8291965838
8299025875
8300000000
8301003450
8301005402
8301012599
8301017432
8301020461
8301024110
8301024408
8301029235
8301033239
8301039037
8301040722
8301041374
8301041827
8301048791
8301054037
8301057748
8301062844
8301065288
8301069190
8301072606
8301072801
8301087556
8301093305
8301803216
8301804009
8301812662
8301820039
8301826394
8301827155
8301828549
8301836993
8301840657
8301840742
8301846438
8301863414
8301873655
8301875320
8301878427
8301888977
8301889465
8301898433
8301901654
8301903680
8301905464
8301909767
8301918608
8301922051
8301925792
8301940139
8301944057
8301952240
8301957157
8301958776
8301961573
8301968828
8301979931
8301980225
8301981309
8301987452
8301990943
8301991992
8304001799
8304007340
8304012743
8304020124
8304020160
8304033718
8304041334
8304043164
8304046210
8304054573
8304065047
8304089372
8304089785
8304094864
8304098830
8304801016
8304804871
8304807066
8304834058
8304845295
8304847707
8304848511
8304858136
8304858768
8304867363
8304876303
8304886800
8304890510
8304894943
8304904788
8304907229
8304913936
8304915155
8304929409
8304937964
8304942478
8304943989
8304948236
8304948551
8304950591
8304959545
8304962265
8304975074
8304976778
8304981017
8304981073
8310291972
8328071938
8330015696
8330037977
8330049622
8330055790
8330058618
8330061356
8330064355
8330076484
8330079601
8330086132
8330092132
8330808156
8330815916
8330815944
8330869241
8330881488
8330885685
8330891592
8330892219
8330898238
8332849963
8347937393
8354880318
8374183100
8396843901
8414768569
8425964647
8438123515
8446632599
8459805989
8459939020
8483232068
8502847844
8508713556
8524802689
8525082057
8527250284
8531021517
8541497221
8547000020
8547000139
8547000191
8547000316
8547000321
8547000338
8547000386
8547000580
8547001011
8547003806
8547007553
8547009193
8547010006
8547011633
8547013977
8547014804
8547015043
8547015265
8547018508
8547019618
8547020197
8547021008
8547022877
8547025077
8547029027
8547029953
8547030919
8547037031
8547041010
8547047488
8547056116
8547056663
8547062424
8547068723
8547072300
8547074921
8547076638
8547078829
8547087804
8547090414
8547092352
8547092535
8547092865
8547094926
8547095943
8547097679
8547099613
8547115445
8547117419
8547117430
8547118725
8547122113
8547122151
8547124946
8547125138
8547126331
8547128546
8547130416
8547130638
8547136606
8547139188
8547139790
8547141246
8547142619
8547143897
8547148039
8547150283
8547153296
8547155868
8547158731
8547159298
8547160722
8547165830
8547168651
8547175506
8547175679
8547179217
8547180413
8547184426
8547187493
8547189703
8547191787
8547194538
8547194995
8547195301
8547197649
8547200318
8547203208
8547206920
8547207310
8547209022
8547210136
8547212353
8547214847
8547218801
8547224682
8547225639
8547229328
8547231446
8547231828
8547236260
8547237002
8547243656
8547248133
8547248852
8547254689
8547256322
8547258215
8547260320
8547270067
8547274678
8547275062
8547275953
8547277593
8547283821
8547285930
8547288230
8547288607
8547288810
8547296324
8547300160
8547302899
8547304305
8547306661
8547311424
8547312752
8547313038
8547317118
8547318791
8547319769
8547323562
8547328066
8547332965
8547332990
8547333551
8547333903
8547338056
8547341358
8547342406
8547346172
8547347522
8547347539
8547347568
8547347892
8547350039
8547350794
8547350808
8547354340
8547355256
8547364553
8547369779
8547373710
8547375021
8547375024
8547378147
8547379514
8547380127
8547380365
8547387709
8547393828
8547394326
8547401353
8547408830
8547412705
8547416472
8547416560
8547418948
8547421644
8547427259
8547429300
8547429433
8547429949
8547432160
8547444078
8547454238
8547456527
8547464208
8547469039
8547471452
8547474555
8547475826
8547479965
8547480279
8547483278
8547485645
8547486114
8547488648
8547489838
8547494312
8547496273
8547496938
8547499165
8547499296
8547500790
8547501788
8547505473
8547506811
8547506825
8547507465
8547507567
8547513246
8547521176
8547521537
8547521784
8547522799
8547523162
8547529276
8547536429
8547537823
8547541407
8547547810
8547552972
8547553167
8547554107
8547554305
8547554805
8547555090
8547556080
8547557937
8547562003
8547562617
8547562808
8547562916
8547566106
8547566917
8547567120
8547570331
8547574216
8547576740
8547576798
8547579999
8547581505
8547581581
8547582576
8547586209
8547589847
8547591631
8547593015
8547595266
8547599651
8547604777
8547605437
8547612535
8547617906
8547618051
8547621032
8547621665
8547621926
8547623931
8547624323
8547629817
8547640705
8547643221
8547644830
8547646001
8547648106
8547653806
8547661263
8547663562
8547668512
8547676405
8547679361
8547685252
8547699209
8547701612
8547701866
8547703498
8547713235
8547725310
8547726642
8547727282
8547728195
8547729251
8547731046
8547732822
8547734129
8547734782
8547739275
8547746783
8547750134
8547753899
8547760039
8547760158
8547767254
8547767596
8547774964
8547775100
8547776788
8547781183
8547790007
8547793447
8547799640
8547800035
8547804794
8547805307
8547807656
8547809939
8547810222
8547811258
8547815414
8547815955
8547817595
8547818955
8547820395
8547820871
8547821307
8547821616
8547821902
8547821920
8547825701
8547828154
8547830889
8547832411
8547837767
8547843088
8547851660
8547852644
8547854149
8547854150
8547858486
8547858544
8547860564
8547861026
8547861937
8547864739
8547869876
8547873454
8547874152
8547875327
8547880024
8547880226
8547885242
8547885801
8547891201
8547892608
8547898238
8547900420
8547900457
8547905629
8547906041
8547906161
8547909509
8547910471
8547912088
8547912928
8547914560
8547916362
8547920343
8547922312
8547926467
8547931039
8547931859
8547932598
8547937037
8547937205
8547944989
8547947807
8547948871
8547956018
8547956130
8547961237
8547970136
8547972990
8547973544
8547975850
8547981025
8547981500
8547985194
8547986724
8547987922
8547991060
8547995884
8548857544
8550000000
8558943670
8561821240
8570822393
8572024720
8580834310
8586958115
8587070799
8587714915
8589011512
8589015405
8589019117
8589022484
8589023286
8589025835
8589028000
8589039096
8589049698
8589051355
8589051970
8589053184
8589059540
8589063216
8589066540
8589068099
8589070580
8589070668
8589072223
8589077380
8589078237
8589080773
8589092170
8589800200
8589809157
8589812168
8589829043
8589831128
8589833236
8589835262
8589849877
8589853366
8589859855
8589863383
8589864231
8589865898
8589868562
8589877808
8589880105
8589880294
8589882586
8589887578
8589901011
8589903391
8589905032
8589914788
8589915033
8589915949
8589918382
8589918682
8589920034
8589923388
8589923926
8589936315
8589941404
8589951604
8589957235
8589966780
8589967561
8589972152
8589978940
8589985401
8589985946
8589988830
8589990184
8590000000
8590000439
8590018325
8590019505
8590027895
8590032641
8590033154
8590054537
8590059422
8590062692
8590069435
8590071277
8590071897
8590073672
8590077215
8590077999
8590078969
8590082178
8590087957
8590087973
8590108100
8590109368
8590111380
8590111394
8590112550
8590125754
8590131797
8590132558
8590136072
8590140078
8590148420
8590165396
8590167790
8590168102
8590172033
8590177648
8590180436
8590180782
8590183032
8590183614
8590185319
8590185599
8590185943
8590186832
8590190621
8590192145
8590195181
8590196905
8590205618
8590206665
8590208534
8590209295
8590211345
8590211348
8590215365
8590216006
8590218442
8590230408
8590259238
8590259261
8590260524
8590264458
8590267744
8590274052
8590274668
8590288748
8590291368
8590300450
8590301285
8590301548
8590304108
8590304581
8590306151
8590308401
8590309310
8590309373
8590311140
8590311274
8590312172
8590315438
8590316253
8590317071
8590319397
8590321920
8590322037
8590325273
8590325987
8590326129
8590327948
8590328891
8590329631
8590331291
8590333081
8590333953
8590336021
8590336681
8590336873
8590339539
8590341015
8590343755
8590344375
8590344454
8590346699
8590347228
8590350130
8590351003
8590357437
8590358470
8590358675
8590359275
8590362290
8590364669
8590365282
8590365496
8590365700
8590368468
8590368688
8590369422
8590370063
8590371436
8590372580
8590373670
8590377455
8590378558
8590379575
8590380640
8590384773
8590384897
8590385185
8590393146
8590394506
8590395405
8590395506
8590397736
8590398086
8590398793
8590408134
8590409841
8590410057
8590410253
8590411921
8590415235
8590415626
8590418006
8590419936
8590420830
8590424534
8590425157
8590425390
8590431395
8590433279
8590437352
8590437480
8590437567
8590438356
8590441771
8590442858
8590443574
8590445134
8590445221
8590447586
8590448310
8590449443
8590449743
8590450017
8590452852
8590453647
8590454598
8590455994
8590457795
8590459828
8590459895
8590460325
8590460899
8590461372
8590462189
8590462287
8590463932
8590464977
8590466042
8590471863
8590473452
8590475936
8590477936
8590482036
8590482422
8590486375
8590487500
8590489232
8590489282
8590489585
8590489754
8590491116
8590491508
8590492534
8590493571
8590496980
8590497482
8590498532
8590499462
8590499544
8590500611
8590501307
8590503262
8590504742
8590509218
8590510863
8590513504
8590513590
8590516141
8590518565
8590518592
8590519758
8590522637
8590524591
8590529212
8590529470
8590532673
8590535853
8590539919
8590539949
8590540048
8590541069
8590541099
8590543397
8590548872
8590550081
8590556784
8590559410
8590559789
8590560216
8590562060
8590565120
8590565443
8590566564
8590567636
8590569699
8590572960
8590573793
8590574328
8590578505
8590579509
8590579965
8590580562
8590581399
8590583299
8590585395
8590590003
8590592624
8590592776
8590593293
8590593981
8590597856
8590599519
8590605406
8590606449
8590608163
8590608556
8590609414
8590612073
8590613728
8590616093
8590617077
8590621138
8590621840
8590622685
8590622843
8590627725
8590629263
8590629282
8590629998
8590631503
8590633458
8590638115
8590639355
8590640861
8590642151
8590642274
8590645395
8590645592
8590645672
8590651503
8590656797
8590660356
8590661854
8590664676
8590666923
8590666969
8590667321
8590673387
8590675058
8590676942
8590679269
8590683185
8590684504
8590686025
8590687648
8590689245
8590689831
8590689959
8590697029
8590698790
8590702181
8590703391
8590705854
8590706871
8590707387
8590707424
8590713489
8590713586
8590713909
8590715561
8590715574
8590716879
8590718886
8590719319
8590726463
8590726772
8590727161
8590728548
8590729332
8590729870
8590731206
8590732673
8590734328
8590734742
8590737278
8590741556
8590744781
8590745702
8590751159
8590754912
8590759636
8590760575
8590761687
8590763958
8590765587
8590766198
8590767677
8590768678
8590769627
8590770065
8590771577
8590772667
8590775300
8590775657
8590776367
8590776715
8590776933
8590777932
8590778911
8590779773
8590779999
8590781223
8590781927
8590782925
8590784775
8590787835
8590791269
8590791904
8590792867
8590794423
8590795498
8590797744
8590798079
8590798631
8590798864
8590799741
8590801554
8590809395
8590813497
8590814057
8590814396
8590815037
8590815247
8590815493
8590815967
8590819636
8590819920
8590821083
8590821152
8590826110
8590828639
8590828658
8590829387
8590833311
8590833698
8590834951
8590840625
8590842486
8590843872
8590844594
8590845213
8590845303
8590846788
8590848823
8590850947
8590852626
8590852970
8590856660
8590858357
8590865362
8590866541
8590867172
8590867487
8590871964
8590874098
8590874157
8590874609
8590878519
8590880418
8590881883
8590888189
8590888264
8590889356
8590889552
8590893443
8590898970
8590899103
8590899714
8590900983
8590903371
8590904855
8590905263
8590905625
8590906090
8590907296
8590907718
8590908643
8590908727
8590909128
8590913292
8590914822
8590916768
8590917650
8590917902
8590921758
8590925043
8590926672
8590927032
8590927969
8590931655
8590932377
8590935091
8590937034
8590939754
8590943733
8590944185
8590945144
8590945474
8590945817
8590948862
8590951303
8590954660
8590957043
8590957395
8590959104
8590959649
8590960400
8590961147
8590962331
8590962963
8590963071
8590963577
8590964469
8590969781
8590971225
8590972681
8590975950
8590978812
8590980718
8590981323
8590981540
8590985538
8590985748
8590991273
8590991433
8590992984
8591408675
8592006361
8592006970
8592008672
8592021982
8592023161
8592024610
8592027726
8592031725
8592037742
8592041214
8592051890
8592057343
8592060875
8592062995
8592070397
8592079704
8592079842
8592079965
8592080091
8592080386
8592081261
8592081660
8592083557
8592083862
8592086053
8592090696
8592095270
8592096861
8592807688
8592809890
8592810918
8592811652
8592811879
8592813198
8592813355
8592816345
8592822541
8592828483
8592833768
8592847788
8592854763
8592856666
8592860588
8592870190
8592871394
8592874410
8592875750
8592877874
8592878109
8592886081
8592890927
8592892100
8592896766
8592900524
8592900589
8592901827
8592913394
8592913462
8592920111
8592924136
8592929232
8592929748
8592944453
8592945211
8592948135
8592952591
8592959729
8592963470
8592966329
8592974370
8592997315
8593004254
8593006434
8593008665
8593009583
8593013735
8593016765
8593019250
8593019913
8593021957
8593031262
8593033652
8593036337
8593053050
8593066305
8593069602
8593070780
8593078974
8593088376
8593096744
8593099995
8593812290
8593812471
8593817915
8593820317
8593820662
8593823062
8593823259
8593829601
8593831338
8593839621
8593853971
8593872874
8593881187
8593886787
8593894757
8593896383
8593898021
8593906746
8593906950
8593907515
8593908572
8593918201
8593932107
8593934028
8593938483
8593948340
8593958415
8593962052
8593967234
8593975004
8593975879
8593977444
8593977987
8593979779
8593981845
8593982870
8593983971
8593993130
8593993266
8593993371
8593995299
8594017199
8594027829
8594028005
8594029717
8594032618
8594040608
8594054335
8594060074
8594064150
8594065801
8594066567
8594072453
8594072728
8594073351
8594078385
8594079543
8594083589
8594087171
8594087940
8594088401
8594094721
8594096671
8597324636
8605426093
8605611176
8606000918
8606001347
8606004444
8606008316
8606008882
8606012416
8606014587
8606016494
8606022318
8606023232
8606026696
8606028123
8606029630
8606046183
8606049375
8606052424
8606055479
8606057688
8606058722
8606061472
8606076713
8606077284
8606081442
8606085028
8606089015
8606096529
8606099314
8606112212
8606115726
8606129712
8606137325
8606137878
8606143176
8606143992
8606144388
8606153206
8606159115
8606159651
8606162487
8606164200
8606165495
8606166111
8606166660
8606168212
8606171740
8606173308
8606181341
8606187935
8606191102
8606198493
8606198668
8606200115
8606202610
8606206434
8606208781
8606220954
8606221348
8606222471
8606224711
8606230721
8606232453
8606235310
8606236011
8606237238
8606239332
8606241042
8606241544
8606242088
8606247068
8606258009
8606259703
8606262972
8606265591
8606266256
8606267193
8606267226
8606273617
8606275011
8606284673
8606299170
8606302864
8606304889
8606307439
8606316780
8606318436
8606320090
8606324508
8606329526
8606334019
8606340320
8606352087
8606358825
8606359752
8606361925
8606369039
8606370392
8606374581
8606383725
8606388812
8606393699
8606394878
8606395305
8606397840
8606407352
8606410568
8606411393
8606411912
8606419978
8606421251
8606422560
8606423790
8606433222
8606434504
8606438141
8606440257
8606449272
8606451797
8606458672
8606468014
8606469075
8606479547
8606482772
8606485041
8606490630
8606496421
8606497534
8606502127
8606504164
8606522392
8606523943
8606528973
8606532591
8606534640
8606534822
8606539003
8606541291
8606541447
8606542242
8606542914
8606547744
8606562290
8606570669
8606570798
8606572515
8606577778
8606577948
8606585691
8606588664
8606590831
8606595327
8606596085
8606608576
8606611513
8606617865
8606620113
8606620324
8606624913
8606629402
8606629680
8606630206
8606639167
8606641988
8606642897
8606646274
8606648377
8606654080
8606656412
8606657300
8606664486
8606667750
8606668242
8606673098
8606674616
8606677839
8606678421
8606678899
8606682132
8606683882
8606686938
8606697227
8606699627
8606701530
8606702655
8606703741
8606704242
8606706664
8606707709
8606707961
8606715325
8606718711
8606719489
8606733102
8606734924
8606736151
8606738888
8606739350
8606746155
8606753761
8606755665
8606757564
8606763694
8606764624
8606767150
8606773009
8606781318
8606784966
8606792166
8606796151
8606805975
8606807452
8606819011
8606826843
8606829566
8606832321
8606833324
8606840025
8606841538
8606843387
8606855341
8606860937
8606861768
8606873636
8606875487
8606883626
8606893224
8606893446
8606894044
8606901291
8606904584
8606909005
8606918643
8606920159
8606923023
8606923733
8606924542
8606934950
8606936774
8606937146
8606941221
8606942361
8606950318
8606979828
8608001801
8610000000
8610172049
8610799109
8618005119
8618573479
8652607385
8656128191
8656889163
8660558607
8660981722
8667282527
8667828668
8688956186
8690554391
8699000591
8709364478
8710897777
8713878333
8714001656
8714013438
8714024650
8714050016
8714056593
8714060768
8714080053
8714107196
8714110647
8714115867
8714117791
8714119465
8714128605
8714131922
8714136766
8714138578
8714141486
8714145345
8714145451
8714147824
8714151862
8714157001
8714164837
8714180149
8714187100
8714187607
8714199606
8714205621
8714224467
8714226212
8714229337
8714233095
8714236459
8714243132
8714246731
8714247734
8714247765
8714260146
8714260955
8714262482
8714262694
8714268641
8714272190
8714275165
8714279437
8714282548
8714293802
8714295400
8714306212
8714310395
8714318941
8714319693
8714327799
8714331290
8714343981
8714347275
8714349823
8714356605
8714356878
8714362252
8714363202
8714375034
8714375953
8714383454
8714392274
8714397357
8714402091
8714404300
8714408004
8714432638
8714434448
8714438852
8714440937
8714443387
8714446714
8714454294
8714456623
8714459003
8714460273
8714460552
8714465876
8714469698
8714473381
8714473889
8714476861
8714478303
8714478447
8714492387
8714499670
8714508778
8714510029
8714513393
8714517318
8714521106
8714546210
8714560053
8714566548
8714575989
8714576644
8714598845
8714705297
8714709100
8714716574
8714718741
8714727852
8714742561
8714756645
8714761095
8714783043
8714792718
8714800317
8714803310
8714808446
8714809497
8714812142
8714816627
8714817919
8714821164
8714825009
8714831625
8714836670
8714837433
8714842590
8714843090
8714858280
8714881872
8714882484
8714883850
8714884679
8714903350
8714922909
8714935597
8714942083
8714977986
8714984101
8714990844
8716313353
8729123676
8754421569
8758406717
8759791285
8763860091
8778528121
8798740235
8800020020
8800423484
8805785270
8806996785
8807617840
8825286264
8830158737
8838829123
8838942868
8843146811
8848000659
8848008121
8848013002
8848023609
8848024088
8848025861
8848028509
8848031914
8848041406
8848077729
8848082012
8848084479
8848084725
8848086505
8848087933
8848090594
8848091952
8848109884
8848110139
8848112948
8848113023
8848122175
8848137390
8848153399
8848156942
8848159536
8848166128
8848170134
8848172336
8848175779
8848177400
8848182450
8848183745
8848185411
8848189407
8848190946
8848196334
8848198385
8848217094
8848223285
8848233785
8848235293
8848240199
8848242824
8848243304
8848243482
8848249015
8848252490
8848256069
8848258850
8848259156
8848259401
8848261956
8848264174
8848264861
8848265020
8848266044
8848267064
8848267395
8848271296
8848271697
8848271850
8848272917
8848273962
8848274787
8848285949
8848294883
8848295010
8848309334
8848313063
8848320032
8848330820
8848331713
8848332176
8848338208
8848342105
8848344013
8848346843
8848352217
8848357401
8848361245
8848365457
8848367918
8848375361
8848380073
8848384709
8848388271
8848390744
8848394509
8848412661
8848413238
8848418886
8848419955
8848420615
8848421670
8848427177
8848437856
8848439543
8848439762
8848440891
8848444416
8848450357
8848455749
8848455998
8848458406
8848463851
8848464330
8848466762
8848470579
8848475841
8848477154
8848491169
8848493357
8848494251
8848494718
8848494925
8848496443
8848497950
8848498098
8848500770
8848506114
8848510287
8848514150
8848523330
8848525261
8848528753
8848534002
8848537210
8848537632
8848556898
8848559350
8848560486
8848569919
8848574031
8848576026
8848584363
8848584558
8848593326
8848595155
8848599519
8848600768
8848618347
8848619041
8848619503
8848620295
8848620661
8848622756
8848630825
8848638606
8848646362
8848647101
8848647903
8848649065
8848649387
8848652788
8848653579
8848659771
8848661959
8848664269
8848668497
8848671903
8848675210
8848675954
8848680017
8848683924
8848684432
8848686461
8848687119
8848687209
8848688819
8848689156
8848700241
8848701221
8848703954
8848714680
8848717045
8848720528
8848723452
8848736987
8848738653
8848752235
8848753282
8848754764
8848757567
8848761908
8848762389
8848765310
8848766673
8848773300
8848779974
8848783282
8848783637
8848786575
8848791655
8848792496
8848799448
8848802775
8848805618
8848805799
8848813190
8848815284
8848815993
8848820568
8848824522
8848825532
8848828988
8848855195
8848867341
8848871564
8848878839
8848883604
8848887233
8848887627
8848892985
8848905733
8848907506
8848908940
8848909032
8848909401
8848917133
8848919625
8848921312
8848921852
8848922350
8848925648
8848928166
8848931788
8848933722
8848940866
8848948670
8848955347
8848957650
8848961730
8848965723
8848970266
8848972819
8848977109
8848979362
8848981418
8848982052
8848985386
8848986525
8848989128
8848991025
8848992091
8848992247
8848998874
8850000000
8850291467
8857918110
8879686820
8884477167
8888388333
8890000000
8890325920
8891002955
8891003989
8891006918
8891016015
8891023324
8891025625
8891030840
8891044694
8891056577
8891066966
8891078910
8891103296
8891104327
8891106333
8891111205
8891111370
8891113221
8891122311
8891135184
8891149009
8891151021
8891152503
8891155252
8891157940
8891168668
8891169522
8891172195
8891180029
8891192242
8891194534
8891200446
8891200454
8891203563
8891204817
8891223834
8891236906
8891266400
8891266593
8891268822
8891278986
8891282950
8891299010
8891309093
8891309442
8891314453
8891314486
8891334223
8891336659
8891339577
8891339908
8891343921
8891351400
8891365321
8891371010
8891385534
8891392880
8891399669
8891401068
8891401700
8891406885
8891416254
8891430430
8891442325
8891444351
8891447223
8891458296
8891474195
8891481699
8891493312
8891495135
8891495363
8891497150
8891502820
8891540311
8891578719
8891587518
8891590128
8891590146
8891592168
8891609425
8891611619
8891616099
8891618175
8891619007
8891619950
8891623323
8891624785
8891631529
8891631943
8891637280
8891641318
8891652890
8891652930
8891653753
8891657107
8891657281
8891657819
8891662980
8891668158
8891675412
8891685401
8891716207
8891717423
8891728481
8891737456
8891794879
8891797020
8891799698
8891800304
8891826290
8891829361
8891835445
8891853245
8891869044
8891874928
8891881471
8891908594
8891915197
8891949947
8891950220
8891952079
8891959046
8891962716
8891976798
8891976843
8891982194
8891988370
88931112715
8893173438
8893192005
8893270033
8893333152
8893498004
8893560775
8893618940
8893648366
8893804142
8893812265
8893815065
8894178319
8898767282
8898888550
8903294152
8903456168
8903569475
8904681461
8907010010
8907050500
8907061483
8907112195
8907161925
8907205080
8907217057
8907221379
8907255872
8907272260
8907336166
8907364387
8907380449
8907520362
8907531007
8907535312
8907572969
8907598649
8907607277
8907658242
8907824799
8907840089
8907908603
8907918185
8907919085
8919833254
8920000000
8921002740
8921009281
8921015767
8921018360
8921018958
8921024612
8921024648
8921025539
8921037560
8921038735
8921040508
8921042602
8921048846
8921051859
8921052421
8921053150
8921055424
8921056252
8921057396
8921060817
8921067073
8921081873
8921089085
8921089271
8921089397
8921092636
8921095990
8921099398
8921100358
8921108464
8921109029
8921114103
8921114158
8921119094
8921123421
8921126755
8921132458
8921140604
8921142484
8921145920
8921147257
8921155135
8921155309
8921159923
8921168031
8921177919
8921187387
8921190092
8921196112
8921197567
8921198503
8921199082
8921199182
8921210468
8921213085
8921221708
8921223031
8921226494
8921229695
8921233472
8921238585
8921256381
8921257475
8921266996
8921268500
8921273686
8921278066
8921279455
8921284002
8921284305
8921285756
8921289232
8921293094
8921296082
8921299530
8921305090
8921305143
8921306691
8921308036
8921315645
8921317088
8921323911
8921324576
8921324972
8921326955
8921327506
8921336293
8921355359
8921360649
8921360850
8921363298
8921364573
8921368225
8921369336
8921369640
8921372123
8921372463
8921375644
8921379227
8921381505
8921381566
8921386124
8921389433
8921395137
8921395861
8921400940
8921403905
8921404431
8921404857
8921408611
8921412647
8921413591
8921428114
8921431593
8921434305
8921438173
8921440536
8921449393
8921455312
8921455318
8921458505
8921459511
8921460218
8921462471
8921476806
8921477618
8921489407
8921490952
8921491339
8921492056
8921492597
8921497400
8921499642
8921502845
8921509182
8921516026
8921522779
8921524370
8921526077
8921526724
8921533252
8921537112
8921539301
8921544211
8921545508
8921550183
8921556592
8921561053
8921563149
8921563243
8921563754
8921565452
8921572857
8921573016
8921573060
8921573834
8921578799
8921581576
8921583819
8921586746
8921599568
8921606316
8921621203
8921627138
8921627489
8921627587
8921642690
8921643912
8921648391
8921650896
8921658147
8921663449
8921665189
8921672429
8921675082
8921676852
8921678028
8921679991
8921684058
8921696653
8921697501
8921700537
8921703638
8921710117
8921712731
8921728559
8921731239
8921735612
8921737341
8921741563
8921745809
8921747167
8921748258
8921748891
8921750872
8921752167
8921752568
8921753750
8921754293
8921757040
8921758436
8921764593
8921764761
8921766240
8921771021
8921778554
8921782554
8921785806
8921789641
8921789910
8921794459
8921795576
8921796227
8921796944
8921797753
8921805393
8921836906
8921837387
8921838552
8921841996
8921843553
8921844869
8921847524
8921847621
8921850163
8921853564
8921857732
8921857882
8921858073
8921863396
8921866071
8921869421
8921885789
8921891977
8921901608
8921904808
8921915215
8921915857
8921918459
8921927388
8921932201
8921933140
8921935782
8921957170
8921961596
8921962768
8921965613
8921968659
8921973872
8921975244
8921976550
8921979211
8921998151
8921998692
8925298402
8933393221
8939353710
8939931390
8939932480
8940000000
8941138779
8943006249
8943012839
8943014692
8943022844
8943023709
8943024966
8943027760
8943029168
8943036234
8943036256
8943037276
8943041064
8943044041
8943047640
8943051835
8943058517
8943063033
8943067031
8943073586
8943073882
8943076806
8943082236
8943087699
8943091238
8943092671
8943093138
8943093770
8943107120
8943110654
8943115929
8943116753
8943116941
8943121281
8943143485
8943148688
8943152006
8943155893
8943156819
8943181158
8943184256
8943186187
8943186594
8943187729
8943190293
8943197412
8943197469
8943204146
8943206288
8943207699
8943209799
8943225300
8943232915
8943233425
8943245258
8943257830
8943258653
8943259029
8943259857
8943267964
8943273636
8943275078
8943278510
8943279400
8943279706
8943287289
8943290765
8943293310
8943305011
8943309174
8943313868
8943319069
8943321117
8943321617
8943325483
8943326941
8943329533
8943330365
8943331373
8943332131
8943334901
8943340002
8943342245
8943343441
8943347480
8943348488
8943350868
8943355673
8943366280
8943370218
8943371056
8943381988
8943382810
8943386771
8943389133
8943390390
8943394435
8943397562
8943397651
8943398724
8943400483
8943405468
8943420725
8943422832
8943427478
8943430577
8943431798
8943435153
8943436151
8943438925
8943442392
8943447965
8943456267
8943456622
8943459531
8943460250
8943462312
8943465679
8943472064
8943472533
8943479665
8943479673
8943485281
8943492593
8943495062
8943503414
8943516038
8943521692
8943522100
8943527175
8943535316
8943547687
8943565598
8943567780
8943569426
8943570615
8943588962
8943596016
8943603061
8943605989
8943606989
8943612994
8943613181
8943613304
8943614753
8943619817
8943635549
8943645237
8943650351
8943659700
8943667181
8943680207
8943680882
8943681222
8943686191
8943688323
8943692102
8943695620
8943700451
8943700666
8943701165
8943713313
8943715963
8943732035
8943732065
8943734534
8943737377
8943746451
8943750511
8943757372
8943778787
8943790347
8943791315
8943800798
8943804969
8943807468
8943811981
8943814289
8943814609
8943821771
8943824585
8943830480
8943832271
8943836364
8943839500
8943845701
8943847102
8943856989
8943859802
8943866393
8943871619
8943872249
8943881176
8943882139
8943884250
8943891670
8943900216
8943903017
8943910785
8943912340
8943924781
8943928899
8943933566
8943941536
8943945256
8943948650
8943952300
8943955030
8943955260
8943956691
8943957128
8943957149
8943962271
8943980265
8943981793
8943983727
8943984228
8943989349
8949720532
8951250616
8971389898
8974012086
8978672798
8982014418
8983836599
8985042269
8985242730
8987614468
8989273513
8991674886
8993376080
9.03737857299478E+019
9.07202121598462E+019
9.07245454698478E+019
9.07274708790202E+019
9.14204238085475E+019
9.14278056991429E+019
9.24932094588913E+019
9.28756306904843E+020
9.34926900199464E+019
9.34931464895622E+019
9.34937651198957E+019
9.38710180399615E+019
9.38841938890371E+019
9.38881398493498E+019
9.38885335894977E+019
9.40039734482816E+019
9.40079631796561E+019
9.44304540087144E+019
9.44607903894962E+019
9.4461961298921E+019
9.44621214022183E+016
9.44621494294968E+019
9.44635272298958E+019
9.44648000086065E+019
9.44668427085473E+019
9.44709773970122E+019
9.44721147382812E+019
9.44729540198471E+019
9.4473962359605E+019
9.44746036398473E+019
9.44760750294957E+019
9.4476084999447E+019
9.44776491699472E+019
9.44781332097448E+019
9.44781945796565E+019
9.49536599898475E+019
9.49537802398951E+019
9.49553647596056E+019
9.49557366394968E+019
9.49604340082814E+019
9.4964803599745E+019
9.4972791719497E+019
9.49778947094957E+019
9.53929071390487E+019
9.53999453980865E+019
9.5447911249895E+019
9.56280497985471E+019
9.56285427995446E+019
9.60574180298473E+019
9.63303507190379E+019
9.63306680298471E+019
9.63361100798958E+019
9.63383265895678E+019
9.6450903679645E+019
9.64510754096055E+019
9.64527721995398E+018
9.645739637954E+019
9.656666929935E+019
9.65686994397472E+019
9.74415311698478E+019
9.74454614796057E+019
9.74472406594467E+019
9.74542408993889E+019
9.74595550098462E+019
9.74719871597479E+019
9.74726574197447E+019
9.74786471698461E+019
9.74787328298479E+019
9.80991236695261E+019
9.84601522589214E+019
9.84605757889079E+019
9.84627637285473E+019
9.8463322599748E+019
9.84660011299615E+019
9.84661807304842E+020
9.84667478780864E+019
9.84692227185939E+019
9.84703046373064E+019
9.84705807098478E+019
9.84714646398468E+017
9.84727176595441E+019
9.84737744795449E+019
9.84741302990724E+019
9.84742925594978E+019
9.84752110398474E+019
9.84758280295262E+019
9.8477068489496E+019
9.84774437797442E+019
9.84785368496561E+019
9.84788222996452E+019
9.84792759796056E+019
9.84794651385906E+019
9.8950053839745E+019
9.89501100694472E+019
9.89501155070124E+019
9.89508830885473E+019
9.89508959998956E+019
9.89531027194005E+019
9.89537676088937E+019
9.89537838585477E+019
9.8953887788594E+019
9.89568667798462E+019
9.89576546498951E+019
9.89577417897454E+019
9.89588429088913E+019
9.89594248898953E+019
9.8959434339896E+019
9.89594658998951E+019
9.89598124194474E+019
9.90195527304843E+020
9.94684338495268E+019
9.9471414259745E+019
9.94743152296331E+019
9.94778600794957E+019
9.94787003190486E+019
9.94787060898475E+019
9.96115459997473E+019
9.96120198394008E+019
9.96124242994971E+019
9.96131675698477E+019
9.99500611896459E+019
9.99518574294476E+019
9.99555929598471E+019
9.9956813149747E+019
9000004173
9000441149
9001501303
9003087722
9003224506
9003726267
9004136090
9004470216
9005518028
9008487700
9012376269
9013042185
9019476620
9020069005
9020075830
9020175551
9020216258
9020234766
9020388333
9020402044
9020440730
9020446331
9020462090
9020544627
9020602010
9020668560
9020676798
9020685050
9020689321
9020773717
9020774835
9020777444
9020782587
9020787583
9020816393
9020967531
9020984308
9022616061
9024931091
9025089206
9033575893
9037001122
9037001618
9037002003
9037004269
9037004566
9037006658
9037007113
9037019302
9037026126
9037036176
9037037172
9037051170
9037051882
9037055575
9037056807
9037063202
9037068289
9037070670
9037070734
9037073470
9037080429
9037081725
9037083407
9037084818
9037087206
9037091003
9037099190
9037099272
9037099325
9037100280
9037104688
9037105914
9037107684
9037107963
9037110119
9037118171
9037127209
9037141234
9037142271
9037144066
9037144949
9037146092
9037146299
9037147357
9037149788
9037151521
9037152848
9037157151
9037159751
9037159990
9037160307
9037163593
9037167465
9037171018
9037174244
9037182963
9037187841
9037188633
9037195770
9037203991
9037207819
9037213619
9037214060
9037214988
9037220140
9037221862
9037222586
9037222961
9037223808
9037228073
9037235785
9037240648
9037240971
9037242114
9037248673
9037250161
9037252266
9037252430
9037252476
9037254090
9037257905
9037267339
9037275900
9037277518
9037286063
9037288270
9037304598
9037306341
9037311413
9037312747
9037314005
9037319539
9037321282
9037323775
9037330623
9037331165
9037331967
9037338150
9037340463
9037345274
9037356655
9037360459
9037363170
9037364100
9037365499
9037368687
9037371941
9037373491
9037375471
9037378216
9037378572
9037380096
9037384807
9037385543
9037386623
9037389311
9037389709
9037390231
9037390242
9037392806
9037400610
9037406119
9037407935
9037408360
9037409930
9037411669
9037415677
9037419850
9037424267
9037424362
9037424737
9037430879
9037432911
9037435578
9037436269
9037436792
9037440023
9037444060
9037445925
9037448238
9037449683
9037450344
9037452272
9037456786
9037459619
9037464378
9037474383
9037475283
9037481529
9037484202
9037486698
9037487916
9037491161
9037492039
9037502719
9037502736
9037507251
9037508038
9037510659
9037517988
9037518250
9037518295
9037519384
9037520359
9037522545
9037523571
9037529719
9037531451
9037535126
9037536400
9037538562
9037544179
9037548085
9037559131
9037559234
9037567301
9037567825
9037581718
9037585243
9037585993
9037592960
9037601045
9037602317
9037603409
9037604293
9037606139
9037618654
9037628029
9037628686
9037634144
9037643093
9037643667
9037646221
9037650806
9037661787
9037662423
9037663347
9037670235
9037671539
9037673374
9037679781
9037687545
9037690323
9037690890
9037703939
9037705985
9037706051
9037709828
9037726588
9037749600
9037751495
9037759700
9037764828
9037770073
9037771793
9037779000
9037781909
9037788992
9037805791
9037814173
9037820802
9037824798
9037830402
9037836451
9037840058
9037861441
9037868941
9037870876
9037874363
9037874639
9037881957
9037888586
9037897273
9037898770
9037901334
9037901383
9037904509
9037915628
9037916285
9037917080
9037923090
9037930680
9037939526
9037947115
9037949800
9037950650
9037957539
9037965019
9037970007
9037973369
9037973529
9037974533
9037975760
9037978378
9037978440
9037996225
9037997455
9039734692
9047014208
9047192780
9047374298
9048003070
9048004039
9048008574
9048010588
9048018113
9048021291
9048021554
9048022620
9048025246
9048025993
9048030830
9048033294
9048039113
9048042063
9048047637
9048052186
9048054995
9048055633
9048056714
9048061550
9048068940
9048070429
9048078383
9048079582
9048082030
9048088248
9048089060
9048094617
9048097515
9048102819
9048123056
9048130883
9048131384
9048138281
9048140945
9048145173
9048150794
9048154359
9048154894
9048162408
9048174167
9048180334
9048191673
9048193894
9048198147
9048200614
9048201211
9048203508
9048205323
9048208279
9048214272
9048219515
9048223930
9048225523
9048226153
9048226495
9048227571
9048228237
9048228642
9048231213
9048232954
9048238564
9048248442
9048248945
9048259431
9048262082
9048262135
9048263300
9048266937
9048267005
9048267980
9048270141
9048270236
9048272689
9048272762
9048276250
9048279332
9048283310
9048295173
9048298309
9048301294
9048304443
9048306904
9048310189
9048313186
9048313446
9048315737
9048316303
9048319296
9048323906
9048324385
9048331844
9048338312
9048350012
9048356251
9048362698
9048363163
9048365042
9048367245
9048368101
9048372388
9048379335
9048380200
9048380840
9048395892
9048400758
9048407599
9048408922
9048409955
9048412355
9048415545
9048421159
9048426478
9048430642
9048433361
9048438437
9048441751
9048444148
9048445201
9048449848
9048457008
9048458831
9048459995
9048460599
9048460999
9048462922
9048468300
9048470574
9048470765
9048480378
9048488218
9048495093
9048495747
9048495797
9048495911
9048496048
9048496104
9048500078
9048509229
9048510190
9048511052
9048513460
9048519094
9048520369
9048523410
9048524871
9048533372
9048534161
9048538099
9048539943
9048544717
9048545147
9048545882
9048547946
9048549722
9048550702
9048551676
9048557252
9048560820
9048566369
9048567432
9048568366
9048568734
9048571728
9048580794
9048583822
9048585776
9048591102
9048593443
9048593560
9048593872
9048594510
9048595992
9048596869
9048605644
9048609204
9048614756
9048624548
9048626237
9048627201
9048627313
9048627914
9048632003
9048632070
9048640272
9048640951
9048646060
9048646788
9048646847
9048650660
9048657817
9048663798
9048665034
9048666081
9048667721
9048669796
9048670275
9048670287
9048672333
9048676083
9048676943
9048678632
9048679969
9048681265
9048681962
9048682175
9048690302
9048695731
9048696697
9048703971
9048704600
9048705487
9048711613
9048713838
9048713915
9048714405
9048715788
9048716165
9048717356
9048717795
9048722973
9048731816
9048736801
9048738452
9048740626
9048762279
9048763387
9048767456
9048775503
9048777969
9048778269
9048779825
9048782332
9048783649
9048784667
9048787077
9048789599
9048790607
9048792006
9048794810
9048795887
9048797369
9048806565
9048809792
9048818882
9048821877
9048822075
9048822340
9048822950
9048823475
9048823824
9048826442
9048827610
9048830441
9048844782
9048847658
9048848189
9048849984
9048854255
9048855461
9048855897
9048857962
9048861200
9048867156
9048868142
9048869637
9048872227
9048879300
9048881863
9048886999
9048888909
9048893268
9048898704
9048900075
9048901120
9048901696
9048901845
9048907635
9048911795
9048919168
9048920755
9048924251
9048929924
9048932885
9048933122
9048934156
9048939532
9048940213
9048941581
9048953096
9048960001
9048967417
9048969850
9048982229
9048989127
9048989769
9048990915
9048995608
9048999052
9050000000
9050853782
9051478191
9056978394
9061001357
9061001611
9061007804
9061009585
9061012070
9061012411
9061025167
9061025566
9061030331
9061034657
9061043024
9061046466
9061046584
9061053018
9061055258
9061055290
9061055291
9061060747
9061068125
9061069944
9061089433
9061091630
9061104442
9061110449
9061114751
9061130437
9061143872
9061146436
9061146595
9061146965
9061147237
9061147262
9061147276
9061158091
9061165003
9061165960
9061173688
9061192496
9061194111
9061202244
9061205970
9061210487
9061211511
9061214823
9061221517
9061231517
9061235696
9061236183
9061240451
9061246848
9061247978
9061247994
9061251365
9061253525
9061253599
9061257432
9061261952
9061273528
9061277039
9061278002
9061278063
9061281180
9061282666
9061286039
9061287762
9061288681
9061289820
9061289960
9061290094
9061295646
9061298210
9061306085
9061318206
9061323111
9061326481
9061337179
9061340648
9061341597
9061350737
9061352571
9061358360
9061359149
9061360151
9061360207
9061360466
9061361248
9061365642
9061371146
9061378010
9061381824
9061385474
9061386114
9061392419
9061393277
9061400179
9061400912
9061403905
9061419273
9061423526
9061428876
9061429045
9061429978
9061430388
9061432450
9061436682
9061441041
9061441387
9061444884
9061450232
9061450902
9061462808
9061464211
9061479284
9061482457
9061491409
9061491660
9061498660
9061499151
9061499332
9061499410
9061500436
9061507035
9061507979
9061510713
9061516780
9061524719
9061526779
9061527177
9061532333
9061534697
9061537449
9061547523
9061549633
9061551690
9061553544
9061563127
9061563323
9061570873
9061571618
9061579812
9061582363
9061583394
9061584066
9061592245
9061598672
9061600220
9061600382
9061602243
9061602642
9061603299
9061607910
9061608370
9061609283
9061614440
9061627663
9061632880
9061635608
9061643146
9061650565
9061651085
9061655051
9061656755
9061658797
9061658821
9061665136
9061667707
9061668339
9061668835
9061673057
9061677195
9061687457
9061708814
9061709802
9061714410
9061714751
9061718718
9061723154
9061726110
9061733975
9061740934
9061743823
9061744477
9061749694
9061754652
9061758615
9061760112
9061776337
9061778968
9061780991
9061782125
9061784531
9061786448
9061796043
9061799922
9061802725
9061804599
9061812860
9061813128
9061814415
9061814655
9061815732
9061816666
9061821718
9061822530
9061828806
9061830487
9061862974
9061863062
9061869355
9061874160
9061874916
9061881574
9061889727
9061900872
9061909105
9061914099
9061914965
9061918384
9061918695
9061923624
9061929578
9061937045
9061937916
9061939002
9061939425
9061940438
9061941234
9061941465
9061942053
9061950531
9061961869
9061967041
9061974620
9061980602
9061984282
9061985155
9061985593
9061987893
9061988240
9061990582
9061994473
9061997886
9061998841
9070000000
9070912577
9072002025
9072016186
9072019670
9072020426
9072021215
9072023275
9072025235
9072028455
9072044650
9072049375
9072050345
9072050724
9072052163
9072053188
9072055130
9072056873
9072058552
9072069145
9072071835
9072074370
9072086186
9072089246
9072091363
9072092169
9072100447
9072103331
9072112102
9072113038
9072113400
9072114958
9072121741
9072132467
9072133179
9072134038
9072136349
9072137373
9072138778
9072139526
9072142926
9072143957
9072143984
9072144274
9072145403
9072150508
9072157440
9072162355
9072165611
9072169565
9072170223
9072173248
9072183856
9072195186
9072201742
9072202358
9072205180
9072205561
9072206458
9072209678
9072214636
9072215088
9072218346
9072219980
9072223393
9072226256
9072232750
9072234910
9072244719
9072247310
9072249850
9072251034
9072251453
9072255666
9072269803
9072275000
9072278242
9072284325
9072290563
9072301971
9072315767
9072324835
9072328000
9072329971
9072332071
9072348295
9072351355
9072354406
9072365030
9072378852
9072382373
9072387277
9072393613
9072395135
9072400221
9072400933
9072416333
9072427900
9072428780
9072429281
9072434859
9072442110
9072454546
9072458572
9072460718
9072467332
9072470925
9072481338
9072485720
9072486110
9072488872
9072490315
9072506054
9072514081
9072542327
9072546737
9072546830
9072549312
9072551070
9072553025
9072554020
9072556557
9072576713
9072581180
9072585602
9072590822
9072591361
9072594015
9072612760
9072613100
9072650835
9072675900
9072688288
9072715851
9072717739
9072721350
9072732329
9072735231
9072742658
9072747087
9072765910
9072766906
9072767620
9072769463
9072779240
9072786773
9072789183
9072792902
9072792903
9072807189
9072814729
9072819010
9072819846
9072819896
9072827983
9072836126
9072840739
9072857425
9072878871
9072879326
9072884589
9072886886
9072893144
9072904034
9072922314
9072924002
9072933006
9072936841
9072942700
9072948061
9072951415
9072961178
9072965794
9072965854
9072969013
9072975053
9072989576
9072994796
9073250990
9074003722
9074025123
9074026491
9074030072
9074039975
9074040834
9074043928
9074044598
9074056146
9074057041
9074059564
9074061051
9074064038
9074065318
9074066218
9074078865
9074082498
9074084349
9074084822
9074087219
9074100282
9074101175
9074101665
9074103856
9074107086
9074108759
9074117371
9074119982
9074121134
9074123752
9074124848
9074128050
9074136303
9074139818
9074140907
9074145101
9074148933
9074153422
9074174861
9074180133
9074182391
9074188287
9074189010
9074207018
9074207070
9074208781
9074209157
9074218689
9074219690
9074230614
9074241728
9074243350
9074244915
9074250952
9074255725
9074257156
9074260350
9074266429
9074266531
9074270971
9074274446
9074278138
9074278267
9074282772
9074286695
9074291939
9074299370
9074299679
9074300169
9074305170
9074309774
9074312016
9074312900
9074313870
9074316566
9074320004
9074326270
9074334416
9074335866
9074341640
9074342120
9074343506
9074345108
9074358838
9074360488
9074362611
9074364563
9074368253
9074369422
9074384486
9074395508
9074398429
9074404665
9074416262
9074427528
9074431761
9074435431
9074436026
9074442123
9074446521
9074447955
9074451880
9074462051
9074470827
9074470875
9074478718
9074483468
9074484335
9074484644
9074485853
9074486521
9074487187
9074488064
9074510761
9074514331
9074518126
9074521489
9074522594
9074524083
9074525462
9074525864
9074529539
9074529719
9074530993
9074531995
9074534681
9074534890
9074537993
9074539091
9074542379
9074542598
9074548041
9074561803
9074561936
9074562593
9074566135
9074571320
9074571503
9074572486
9074577843
9074585417
9074588393
9074590065
9074592928
9074602151
9074605057
9074605846
9074612218
9074614103
9074616134
9074616839
9074618977
9074620676
9074621295
9074622682
9074625483
9074626401
9074630765
9074633452
9074635022
9074635394
9074643803
9074657145
9074659449
9074660117
9074670159
9074671835
9074673997
9074685604
9074688028
9074691700
9074693823
9074697036
9074705044
9074708391
9074710790
9074711510
9074716379
9074716531
9074717709
9074720213
9074720349
9074728542
9074730761
9074733797
9074737537
9074743445
9074743936
9074747834
9074751768
9074751962
9074754499
9074759188
9074775962
9074779688
9074780066
9074783168
9074784746
9074789088
9074791383
9074803346
9074814878
9074824665
9074830382
9074830933
9074840491
9074844930
9074845962
9074849728
9074856246
9074859796
9074860825
9074862296
9074866676
9074866969
9074870678
9074875199
9074875232
9074876676
9074880342
9074883899
9074884379
9074887142
9074899762
9074902569
9074907855
9074908331
9074915284
9074919318
9074919965
9074926791
9074931091
9074933739
9074938281
9074941885
9074956086
9074966721
9074967668
9074971129
9074977589
9074981320
9074983540
9074984970
9074993028
9074994141
9074996636
9074999137
9075041352
9079151607
9079311585
9080858199
9082401264
9082594604
9099973927
9100115866
9104552731
9106765500
9108754088
9108954845
9132200600
9137575047
9142000830
9142011220
9142033261
9142042380
9142053705
9142101713
9142106683
9142119972
9142135062
9142149032
9142188889
9142200777
9142228150
9142267255
9142303156
9142319814
9142357478
9142435166
9142444019
9142509148
9142519827
9142548054
9142629554
9142780569
9142842756
9145544868
9146134766
9147538227
9160217599
9166586916
9167319859
9167496665
9172002884
9172933309
9176123788
9176666429
918089732815
918111882255
9187286865
9188017414
9188023576
9188025031
9188032537
9188041158
9188046876
9188047004
9188047360
9188056250
9188059534
9188067828
9188084385
9188093971
9188095286
9188100592
9188108129
9188108912
9188132637
9188133417
9188146045
9188146134
9188148086
9188155101
9188172384
9188183020
9188198615
9188214375
9188215842
9188220959
9188221098
9188221357
9188228299
9188240166
9188240314
9188242161
9188242341
9188242809
9188260423
9188266073
9188271640
9188276929
9188281078
9188285981
9188290591
9188290845
9188300575
9188313581
9188317224
9188323796
9188323990
9188324899
9188330397
9188340252
9188354663
9188360226
9188364605
9188368285
9188372187
9188381933
9188390118
9188393733
9188396609
9188406151
9188421631
9188442718
9188445810
9188448242
9188452232
9188452586
9188473231
9188474979
9188491774
9188495516
9188497388
9188501853
9188505512
9188508544
9188558619
9188561185
9188562047
9188566728
9188567274
9188576584
9188578621
9188581613
9188583119
9188583760
9188584889
9188587680
9188589405
9188596318
9188596694
9188599640
9188609640
9188612533
9188625837
9188629862
9188645150
9188650978
9188652783
9188685875
9188690475
9188692425
9188693603
9188702868
9188703212
9188703431
9188707530
9188711278
9188726845
9188728773
9188731024
9188736083
9188738388
9188743050
9188747221
9188761246
9188767540
9188768935
9188776664
9188782100
9188790320
9188797970
9188803898
9188824458
9188833743
9188835388
9188835621
9188847571
9188849023
9188862677
9188869275
9188920850
9190000000
919037457569
919562611600
919562923029
919656586851
919895213554
919895217072
9198990834
919946511888
9201943652
9202471545
9207001784
9207003218
9207007627
9207020911
9207021236
9207030228
9207039748
9207042492
9207048691
9207049582
9207050830
9207057497
9207062933
9207068341
9207072039
9207077814
9207077822
9207091421
9207103558
9207107456
9207109602
9207109653
9207119089
9207120596
9207121385
9207123227
9207135313
9207140324
9207140905
9207146882
9207150815
9207159716
9207161027
9207163090
9207181104
9207184025
9207198902
9207203076
9207216252
9207216601
9207217393
9207217521
9207220157
9207239053
9207241680
9207246256
9207247838
9207249614
9207260532
9207271425
9207279611
9207294998
9207305129
9207306241
9207318645
9207319604
9207322699
9207323398
9207324394
9207331126
9207338006
9207349085
9207350021
9207360169
9207371084
9207372400
9207387622
9207393748
9207398488
9207400587
9207417111
9207421585
9207436290
9207436909
9207441787
9207442251
9207448776
9207454800
9207463303
9207464481
9207476478
9207478536
9207479474
9207483750
9207488691
9207493151
9207500898
9207503508
9207536892
9207545703
9207552161
9207553383
9207555578
9207560780
9207569257
9207569739
9207574712
9207577170
9207584185
9207586893
9207593091
9207603020
9207609664
9207610950
9207615907
9207622475
9207624075
9207642624
9207647513
9207648002
9207668223
9207668233
9207670602
9207681104
9207684136
9207689825
9207693451
9207695908
9207736483
9207741881
9207748890
9207749720
9207767819
9207780265
9207792228
9207793571
9207807451
9207811609
9207815058
9207825737
9207841393
9207842248
9207844094
9207856989
9207858825
9207873114
9207874642
9207877410
9207883544
9207889235
9207894305
9207898445
9207900914
9207904403
9207907281
9207928222
9207947452
9207967151
9207971196
9207973451
9207975504
9207983838
9215314468
9220110813
9226844887
9243033055
9244930701
9249215690
9249218050
9249257666
9249262637
9249272970
9249307801
9249320945
9249331406
9249350307
9249397051
9249409292
9249415100
9249419142
9249423755
9249426661
9249472703
9249488064
9249492224
9249498721
9249524546
9249544484
9249577839
9249582760
9249713746
9249729221
9249730578
9249733371
9249736669
9249744244
9249825108
9249852708
9249868737
9249873551
9249877100
9249899709
9249968620
9281921560
9287347086
9287563069
9287927062
9287961786
9288012662
9288038831
9288058579
9288064209
9288069500
9288084666
9288117378
9288118145
9288119756
9288603824
9306413085
9309896576
9310481164
9310524787
9311825718
9313244307
9320210088
9320491050
9323848307
9339245130
9339629748
9341968535
9345350561
9346009050
9346497557
9349005223
9349006050
9349032420
9349088490
9349108340
9349109033
9349113862
9349115708
9349129147
9349136510
9349157194
9349160031
9349168505
9349185238
9349193359
9349193395
9349204222
9349210130
9349219447
9349222271
9349223365
9349227978
9349232340
9349252091
9349259241
9349262323
9349265917
9349269001
9349269209
9349270333
9349270895
9349274902
9349277908
9349281329
9349292036
9349292223
9349314648
9349315871
9349321103
9349321401
9349326287
9349353936
9349376511
9349377717
9349395049
9349401661
9349416020
9349470980
9349495386
9349500139
9349505284
9349522919
9349559563
9349598805
9349626531
9349635109
9349671820
9349713731
9349717774
9349741077
9349747776
9349771747
9349802424
9349843616
9349852220
9349868042
9349875575
9349884657
9349895952
9349917113
9349918443
9349926742
9349936089
9349960993
9349982288
9350171580
9353578293
9354182503
9356981685
9358604849
9361557733
9361920382
9361982570
9372229441
9372806530
9372871865
9383412854
9383419051
9383424526
9383443318
9383465875
9383465970
9383469150
9383472918
9383477966
9384118787
9384670562
9384897649
9387010500
9387047313
9387074462
9387092376
9387101803
9387128683
9387160999
9387168647
9387171965
9387178170
9387203925
9387215291
9387222044
9387222453
9387225607
9387240075
9387291090
9387299153
9387304220
9387317967
9387357831
9387358568
9387377586
9387385848
9387387886
9387388092
9387406523
9387411414
9387412881
9387427978
9387433891
9387436179
9387458688
9387471650
9387475237
9387495023
9387505300
9387527510
9387527802
9387528762
9387575726
9387585014
9387585022
9387585023
9387585032
9387602007
9387615556
9387635366
9387645304
9387649349
9387650208
9387686550
9387731129
9387739449
9387753352
9387772437
9387797218
9387802070
9387802175
9387803203
9387804330
9387812718
9387821280
9387822327
9387826835
9387833365
9387835387
9387837457
9387847881
93878875152
9387916496
9387919008
9387922443
9387951052
9387974537
9387976181
9388015689
9388020200
9388021974
9388033312
9388063155
9388066010
9388091915
9388103920
9388118181
9388139771
9388140112
9388141496
9388185123
9388188234
9388202756
9388221940
9388223307
9388237388
9388242526
9388252328
9388253202
9388268517
9388274414
9388282461
9388350590
9388355528
9388374682
9388403707
9388405757
9388419388
9388439146
9388442099
9388444833
9388446881
9388446904
9388452461
9388467893
9388476396
9388479540
9388480205
9388480217
9388485378
9388506767
9388522232
9388530273
9388539706
9388553545
9388557474
9388600235
9388600506
9388602672
9388603315
9388604024
9388605400
9388605801
9388605818
9388605986
9388606706
9388608712
9388609103
9388609327
9388610102
9388612279
9388615200
9388623493
9388631797
9388631863
9388641629
9388647070
9388670115
9388702295
9388725182
9388741481
9388750217
9388754215
9388760198
9388778490
9388799997
9388801861
9388805304
9388805377
9388808538
9388813073
9388813984
9388817662
9388818380
9388819225
9388822555
9388823347
9388840009
9388844199
9388845041
9388845387
9388849253
9388853358
9388857541
9388857975
9388859654
9388862768
9388863565
9388887780
9388893282
9388918922
9388921366
9388937472
9388938850
9388939177
9388966104
9388992111
9390161149
9392885127
9399252634
9400003993
9400010719
9400013133
9400018046
9400024022
9400033160
9400035317
9400035712
9400036755
9400040506
9400043641
9400045189
9400046851
9400051621
9400052227
9400054884
9400055084
9400055556
9400055836
9400056766
9400059579
9400066789
9400070452
9400072227
9400075828
9400076482
9400079543
9400082313
9400082558
9400087920
9400088613
9400089507
9400093365
9400093583
9400100100
9400113616
9400114797
9400117402
9400120844
9400126344
9400127398
9400140861
9400142991
9400144998
9400148409
9400150755
9400151268
9400151796
9400153959
9400157209
9400158845
9400162908
9400163479
9400168969
9400170151
9400173237
9400174824
9400179197
9400182792
9400185386
9400187226
9400190786
9400200307
9400201984
9400203087
9400211414
9400219854
9400220573
9400221344
9400224296
9400230166
9400235299
9400238123
9400238156
9400238614
9400239428
9400241387
9400250636
9400252770
9400254223
9400258363
9400258976
9400259840
9400261345
9400262700
9400262765
9400264317
9400266359
9400266949
9400272498
9400272535
9400275347
9400276529
9400283120
9400283121
9400285257
9400285539
9400288518
9400288606
9400288882
9400299053
9400299568
9400305039
9400305779
9400309049
9400315971
9400317266
9400324442
9400327783
9400327972
9400333948
9400335180
9400335472
9400338308
9400340733
9400343210
9400343648
9400346435
9400360674
9400361848
9400362197
9400369883
9400370438
9400372387
9400375378
9400377496
9400382923
9400384239
9400384719
9400387112
9400389235
9400397344
9400399425
9400400049
9400402188
9400405940
9400406060
9400406931
9400410284
9400410854
9400411099
9400411240
9400411550
9400414832
9400417100
9400422205
9400423322
9400430336
9400431759
9400433752
9400436119
9400441426
9400442112
9400443323
9400444792
9400445255
9400445342
9400449924
9400453736
9400455066
9400464364
9400466427
9400466435
9400466706
9400466873
9400470601
9400472402
9400476129
9400477910
9400482400
9400484831
9400487644
9400489000
9400489180
9400493153
9400493683
9400494112
9400494211
9400494626
9400498397
9400502230
9400503730
9400511306
9400512136
9400512633
9400513848
9400514395
9400520831
9400521195
9400521942
9400524078
9400524992
9400531578
9400532480
9400537044
9400538143
9400539627
9400541408
9400543791
9400548557
9400549936
9400550123
9400558690
9400559177
9400565617
9400566362
9400568080
9400573604
9400575851
9400577137
9400577857
9400577947
9400580368
9400581171
9400581328
9400591261
9400593525
9400598549
9400599136
9400600901
9400604450
9400606581
9400609562
9400613758
9400617913
9400621427
9400622043
9400625071
9400628497
9400636746
9400638230
9400642226
9400642679
9400645450
9400645481
9400645788
9400648230
9400650189
9400656689
9400660162
9400661163
9400661434
9400666900
9400668557
9400668715
9400668894
9400670227
9400671151
9400681605
9400691145
9400694755
9400695073
9400695103
9400696265
9400700160
9400700185
9400705371
9400707700
9400707924
9400707968
9400712899
9400713312
9400713427
9400714220
9400716304
9400719320
9400722621
9400723201
9400726530
9400729937
9400730514
9400740116
9400742484
9400743397
9400743858
9400747831
9400749290
9400750739
9400751760
9400756069
9400756629
9400757462
9400760252
9400760944
9400762582
9400767013
9400768802
9400771240
9400771515
9400772754
9400773390
9400775504
9400775810
9400775814
9400776948
9400786537
9400786598
9400789686
9400790474
9400792638
9400792737
9400793406
9400793603
9400794149
9400796317
9400797629
9400799154
9400800759
9400820049
9400820184
9400820645
9400828852
9400829424
9400832826
9400833929
9400837543
9400839315
9400840193
9400841156
9400843242
9400844380
9400846599
9400848703
9400852626
9400855139
9400856679
9400867878
9400869811
9400871465
9400872086
9400872675
9400876716
9400880374
9400882168
9400883957
9400888772
9400889478
9400897188
9400900077
9400901999
9400904348
9400904620
9400907282
9400912192
9400915401
9400917467
9400922731
9400924005
9400929131
9400931323
9400931502
9400932267
9400932284
9400933104
9400935610
9400937407
9400940464
9400941717
9400946578
9400946864
9400947259
9400951215
9400953426
9400954969
9400960476
9400964651
9400965969
9400965984
9400966634
9400967250
9400967793
9400968969
9400971145
9400977612
9400979296
9400979581
9400981040
9400982188
9400990233
9400991639
9400994575
9400994974
9400997280
9400997621
9403986599
9407933069
9408917385
9411178413
9417725301
9417959909
9418072950
9428129201
9428174879
9429368497
9435467694
9436756644
9440504172
9441265859
9442022618
9442067855
9442291019
9442525627
9442961390
9443045400
9443081636
9443149082
9443221104
9443391374
9443455133
9443526349
9443595317
9443835508
9444341972
9444389332
9444844473
9445003713
9445045712
9445213727
9445587666
9445953138
9446000533
9446000701
9446000950
9446001806
9446002104
9446004406
9446004418
9446005566
9446006629
9446009075
9446010375
9446010427
9446010567
9446010943
9446011336
9446011783
9446012512
9446013535
9446013637
9446013777
9446018149
9446020169
9446020339
9446020422
9446023189
9446024307
9446025098
9446025406
9446025472
9446025547
9446026363
9446027543
9446027661
9446027902
9446028792
9446029691
9446029694
9446031760
9446032409
9446037222
9446038474
9446040779
9446041235
9446041413
9446041515
9446043779
9446045488
9446048320
9446050263
9446051545
9446052189
9446052588
9446052785
9446054244
9446054313
9446054520
9446054527
9446054896
9446055502
9446055537
9446055845
9446056610
9446058192
9446058336
9446058789
9446059782
9446059941
9446060699
9446061435
9446062817
9446065263
9446065994
9446066196
9446067097
9446067320
9446068732
9446069713
9446070819
9446072506
9446073329
9446074244
9446075418
9446075965
9446076423
9446077393
9446078224
9446078431
9446078900
9446079038
9446079269
9446080021
9446080803
9446080852
9446082403
9446082549
9446083317
9446084333
9446089805
9446089933
9446090513
9446090745
9446091770
9446093257
9446093472
9446096092
9446096122
9446096676
9446096903
9446096948
9446100623
9446100869
9446100975
9446101351
9446101848
9446102269
9446102693
9446102863
9446103571
9446106501
9446109753
9446110100
9446110899
9446111228
9446111774
9446111830
9446112849
9446113087
9446113534
9446116147
9446117369
9446117816
9446118185
9446118337
9446119845
9446121900
9446122953
9446123683
9446124087
9446125298
9446125467
9446127019
9446127180
9446127790
9446127864
9446128166
9446128467
9446128960
9446129012
9446130860
9446133357
9446134599
9446134894
9446134926
9446135133
9446135188
9446136390
9446136613
9446138196
9446139294
9446139469
9446140474
9446141436
9446142347
9446144231
9446145045
9446150031
9446150264
9446150788
9446154207
9446154254
9446155195
9446156057
9446157077
9446158472
9446159183
9446159443
9446159900
9446161100
9446162491
9446163989
9446164457
9446164893
9446166956
9446167019
9446168202
9446169002
9446172385
9446172413
9446172621
9446173384
9446173501
9446173873
9446173982
9446174867
9446174968
9446175309
9446175748
9446176483
9446176944
9446177415
9446178245
9446178414
9446178628
9446179104
9446179291
9446179935
9446182922
9446184348
9446187451
9446191122
9446191708
9446191724
9446193872
9446193941
9446194212
9446196062
9446196129
9446196379
9446196997
9446197278
9446204986
9446207266
9446207477
9446207572
9446207953
9446208470
9446208752
9446209096
9446210636
9446210744
9446212140
9446214942
9446215926
9446216688
9446216823
9446217165
9446217197
9446217979
9446217981
9446218091
9446218137
9446219013
9446219702
9446221241
9446221406
9446222090
9446223804
9446225460
9446227318
94462277661
9446228053
9446229073
9446229688
9446230220
9446236568
9446237825
9446242771
9446243255
9446243423
9446244326
9446245339
9446245431
9446246073
9446246689
9446246865
9446246996
9446247916
9446248598
9446250321
9446251700
9446251718
9446255955
9446256506
9446256823
9446258469
9446260073
9446260432
9446263741
9446265025
9446265830
9446270086
9446271924
9446272917
9446273509
9446274694
9446276248
9446276347
9446276462
9446276635
9446276859
9446278552
9446278999
9446280417
9446282121
9446283255
9446284583
9446285260
9446289284
9446290371
9446290621
9446291071
9446294369
9446294609
9446297332
9446297919
9446300838
9446302643
9446303096
9446303328
9446303777
9446304305
9446307249
9446308621
9446309752
9446309994
9446310164
9446311008
9446311314
9446311566
9446312299
9446312576
9446312614
9446312972
9446314506
9446314688
9446315616
9446316251
9446316316
9446316477
9446317552
9446318781
9446318990
9446319010
9446319931
9446320519
9446321777
9446323274
9446326265
9446328509
9446330646
9446331167
9446332079
9446332251
9446333371
9446336491
9446339198
9446339290
9446340056
9446340267
9446341170
9446346673
9446347018
9446348493
9446348531
9446349123
9446349852
9446350005
9446351134
9446352275
9446352722
9446353108
9446353473
9446354116
9446356715
9446357867
9446357969
9446358852
9446361125
9446362525
9446363124
9446363259
9446363421
9446367593
9446370135
9446372902
9446374644
9446374929
9446375848
9446378473
9446380595
9446380601
9446381504
9446382959
9446383441
9446385749
9446386889
9446387493
9446387925
9446388166
9446388644
9446388758
9446388958
9446389041
9446389781
9446390040
9446391009
9446391730
9446394219
9446394674
9446397757
9446397771
9446400427
9446400645
9446402233
9446402310
9446402688
9446403271
9446403809
9446404134
9446404328
9446404906
9446405612
9446407090
9446409733
9446409889
9446409919
9446410531
9446411315
9446412097
9446412411
9446414018
9446414370
9446415252
9446415881
9446415893
9446416346
9446416349
9446419578
9446419773
9446419834
9446420641
9446424547
9446425541
9446425669
9446426654
9446426768
9446428651
9446428696
9446430078
9446430086
9446431119
9446434170
9446435381
9446437487
9446438875
9446439359
9446440665
9446441359
9446441535
9446441851
9446442001
9446442070
9446444174
9446444360
9446444730
9446446413
9446447184
9446448620
9446449300
9446449356
9446451790
9446451935
9446452031
9446452183
9446453044
9446454075
9446454278
9446454754
9446456985
9446457111
9446457360
9446458698
9446460811
9446461023
9446462387
9446463509
9446463550
9446464574
9446464577
9446464906
9446465050
9446465262
9446466568
9446466570
9446466887
9446467005
9446468104
9446468291
9446472610
9446472911
9446473117
9446473173
9446474657
9446475746
9446475907
9446476561
9446476777
9446476994
9446477007
9446477093
9446477552
9446478585
9446479156
9446479575
9446480000
9446481914
9446485035
9446485233
9446486745
9446488777
9446489176
9446489983
9446490012
9446490258
9446491343
9446492258
9446492870
9446494196
9446494242
9446494887
9446495923
9446496718
9446496896
9446497078
9446497212
9446497555
9446500112
9446500650
9446501001
9446501230
9446501326
9446502343
9446504322
9446504396
9446504505
9446505071
9446505328
9446505396
9446506206
9446508142
9446510038
9446510459
9446510720
9446512221
9446512499
9446513259
9446513686
9446514112
9446514579
9446515146
9446515206
9446519822
9446521169
9446522088
9446522461
9446522515
9446530722
9446530988
9446531203
9446531508
9446531742
9446532898
9446533709
9446533801
9446533993
9446534809
9446535552
9446535974
9446535975
9446536145
9446536181
9446537866
9446539437
9446544480
9446544889
9446545345
9446546932
9446547725
9446547727
9446548837
9446549545
9446549805
9446549890
9446550412
9446551961
9446552545
9446552588
9446552992
9446553069
9446555815
9446555865
9446555915
9446559976
9446561966
9446563201
9446564010
9446564819
9446565331
9446565557
9446565714
9446567523
9446568611
9446569168
9446570763
9446573117
9446573477
9446574734
9446574825
9446577277
9446578094
9446578508
9446579202
9446580143
9446580713
9446580767
9446581109
9446582622
9446583027
9446583600
9446583898
9446585303
9446585406
9446586423
9446588652
9446589413
9446589448
9446589746
9446590969
9446592202
9446593195
9446593614
9446596260
9446597393
9446601548
9446604443
9446605593
9446605616
9446606655
9446606897
9446607424
9446608751
9446608778
9446610224
9446610411
9446610933
9446611080
9446611155
9446611284
9446611686
9446611941
9446612159
9446614177
9446616168
9446616171
9446618870
9446622428
9446623004
9446630645
9446633942
9446635036
9446635074
9446635160
9446635307
9446636847
9446638841
9446638926
9446644948
9446645093
9446646549
9446655026
9446655775
9446656034
9446662837
9446665688
9446666414
9446666944
9446667166
9446669197
9446670692
9446671644
9446675271
9446675697
9446677389
9446680080
9446681313
9446682661
9446683971
9446684215
9446684270
9446684407
9446685800
9446687395
9446687938
9446688078
9446688123
9446688396
9446690784
9446690999
9446692168
9446692687
9446692735
9446695397
9446696417
9446700544
9446700646
9446701071
9446701707
9446703785
9446704582
9446705029
9446705166
9446705290
9446705572
9446705574
9446705700
9446705900
9446705958
9446708063
9446710295
9446710320
9446712094
9446713442
9446714400
9446716051
9446716246
9446716328
9446717199
9446717572
9446718255
9446718307
9446718764
9446718880
9446718919
9446719235
9446719406
9446720500
9446720613
9446720784
9446721031
9446721706
9446722578
9446728269
9446728574
9446729058
9446729254
9446729274
9446729614
9446730230
9446732130
9446737319
9446738917
9446740445
9446740630
9446740710
9446740787
9446740834
9446742228
9446742416
9446742792
9446743026
9446745715
9446746287
9446746309
9446746700
9446748385
9446749373
9446749682
9446749926
9446749966
9446750782
9446751499
9446751590
9446752050
9446752815
9446754770
9446755666
9446757489
9446760280
9446760383
9446763771
9446764205
9446766035
9446766101
9446766560
9446766683
9446767151
9446767749
9446768030
9446770249
9446773295
9446776841
9446777774
9446779948
9446780699
9446782302
9446783674
9446784163
9446784267
9446786194
9446792333
9446793025
9446793318
9446794210
9446795558
9446795639
9446800924
9446801291
9446803693
9446804051
9446805076
9446805710
9446809475
9446810165
9446810258
9446810907
9446811387
9446812941
9446813040
9446813939
9446817879
9446819152
9446819821
9446824935
9446826431
9446828899
9446829061
9446829174
9446830071
9446830118
9446832490
9446834455
9446837001
9446837236
9446839920
9446840307
9446840700
9446841511
9446845152
9446847356
9446849275
9446851422
9446855050
9446856663
9446859300
9446863569
9446865138
9446865207
9446865299
9446866414
9446867740
9446868468
9446869207
9446869408
9446876775
9446877157
9446879071
9446881140
9446881857
9446884458
9446884710
9446884759
9446884864
9446885359
9446888325
9446889285
9446889947
9446891486
9446893408
9446894676
9446894723
9446896133
9446896921
9446897091
9446901084
9446903566
9446905513
9446905904
9446909627
9446913033
9446920138
9446920718
9446923205
9446925200
9446925781
9446927267
9446928326
9446928457
9446929901
9446930338
9446931161
9446931303
9446932011
9446933699
9446935519
9446935748
9446943261
9446943624
9446945175
9446945740
9446945766
9446947377
9446948154
9446949593
9446950481
9446951961
9446952615
9446952752
9446953469
9446955505
9446955635
9446957616
9446958118
9446958409
9446959485
9446960228
9446964750
9446964855
9446966434
9446966529
9446967138
9446968050
9446968280
9446968944
9446970524
9446971283
9446972263
9446976726
9446976741
9446977813
9446980477
9446981034
9446981141
9446982320
9446982926
9446983937
9446986098
9446986411
9446990158
9446991683
9446992383
9446992916
9446993055
9446993674
9446993754
9446994452
9446995694
9446996087
9446996650
9447001189
9447001457
9447001877
9447002155
9447002602
9447002761
9447003173
9447004808
9447006346
9447006422
9447006530
9447006745
9447006881
9447006961
9447007591
9447009215
9447009447
9447011041
9447011738
9447012438
9447012992
9447013951
9447013997
9447014222
9447016453
9447016924
9447016961
9447017161
9447017570
9447019173
9447019750
9447020204
9447021167
9447021861
9447022012
9447022505
9447022533
9447022642
9447022684
9447022855
9447023011
9447023076
9447023446
9447024223
9447024923
9447026490
9447026536
9447026648
9447028046
9447028224
9447028322
9447028640
9447028671
9447029486
9447029988
9447030448
9447031311
9447031643
9447034970
9447035144
9447036253
9447037023
9447037233
9447037433
9447038300
9447039520
9447039811
9447041352
9447043259
9447043406
9447043754
9447046182
9447046233
9447047474
9447047974
9447048307
9447048308
9447048703
9447048804
9447048897
9447048999
9447049548
9447050198
9447050412
9447050813
9447050876
9447051007
9447051292
9447052204
9447052231
9447052320
9447052726
9447053300
9447053671
9447054318
9447055064
9447055105
9447055351
9447055540
9447055554
9447055560
9447055630
9447056698
9447057001
9447057461
9447057667
9447058126
9447058706
9447058755
9447058765
9447059022
9447060403
9447061147
9447061340
9447061840
9447062720
9447063104
9447064016
9447065851
9447065976
9447066036
9447066407
9447068800
9447068857
9447068895
9447070158
9447070547
9447070702
9447071985
9447072337
9447072489
9447072753
9447074096
9447074423
9447075836
9447078321
9447078918
9447080293
9447080888
9447081887
9447082473
9447082852
9447083626
9447085716
9447086229
9447088122
9447089466
9447090377
9447090960
9447092493
9447095407
9447095591
9447095919
9447096427
9447097531
9447097739
9447100682
9447102891
9447103028
9447103721
9447103860
9447103911
9447104465
9447104933
9447106685
9447107434
9447107605
9447107630
9447108450
9447108563
9447108786
9447108856
9447110960
9447111178
9447111515
9447113112
9447114219
9447115479
9447116541
9447116640
9447116800
9447118331
9447119896
9447120334
9447120397
9447120653
9447121122
9447121134
9447124847
9447125345
9447126380
9447126638
9447128249
9447128629
9447129279
9447130201
9447130373
9447130818
9447131949
9447132267
9447132583
9447133761
9447133835
9447134820
9447136576
9447136903
9447138022
9447138494
9447140003
9447140908
9447144121
9447144312
9447144393
9447144538
9447144864
9447144937
9447144947
9447145317
9447145906
9447147470
9447149377
9447149598
9447151551
9447152177
9447152685
9447152869
9447153041
9447153361
9447153473
9447153807
9447153823
9447153992
9447154274
9447154642
9447154787
9447154797
9447155055
9447155457
9447156116
9447158593
9447160187
9447161523
9447162203
9447162652
9447163593
9447164538
9447165460
9447166118
9447166788
9447167538
9447167557
9447167974
9447168209
9447168903
9447169507
9447170874
9447170943
9447171496
9447171828
9447172044
9447172467
9447172668
9447172873
9447173451
9447174945
9447175835
9447175999
9447178183
9447178222
9447180176
9447181819
9447182870
9447183271
9447184120
9447184289
9447184430
9447184678
9447184923
9447185522
9447185740
9447187127
9447187139
9447187677
9447188229
9447189248
9447190096
9447191346
9447193983
9447194898
9447195827
9447200160
9447200274
9447200291
9447200517
9447200773
9447203363
9447204278
9447204500
9447204927
9447205324
9447205932
9447206476
9447206932
9447207906
9447208469
9447208852
9447208988
9447209117
9447210192
9447210360
9447210914
9447210973
9447211473
9447212582
9447212908
9447212943
9447213016
9447213338
9447213431
9447213803
9447214271
9447215215
9447215729
9447216273
9447216296
9447216754
9447217118
9447217586
9447217836
9447218199
9447219371
9447219494
9447219748
9447219799
9447219888
9447219979
9447220135
9447220179
9447220940
9447221050
9447221547
9447222246
9447222393
9447223442
9447225215
9447226820
9447227007
9447228039
9447228102
9447228628
9447229997
9447230488
9447230574
9447231045
9447231172
9447231657
9447231775
9447231937
9447232609
9447232615
9447232629
9447233182
9447233567
9447233653
9447235368
9447236270
9447237604
9447238364
9447239760
9447241162
9447241462
9447242717
9447243479
9447244020
9447245481
9447245796
9447246511
9447246555
9447247014
9447247173
9447247984
9447248418
9447248964
9447249046
9447250424
9447250943
9447251158
9447251418
9447252319
9447252677
9447255909
9447255987
9447256005
9447256180
9447258089
9447260133
9447260327
9447260499
9447260616
9447260725
9447261322
9447263069
9447263274
9447263332
9447263661
9447263907
9447264607
9447265593
9447266909
9447268148
9447270860
9447271131
9447271288
9447271492
9447271803
9447272846
9447274296
9447275485
9447275702
9447276776
9447277974
9447278198
9447278335
9447279120
9447280570
9447281640
9447282059
9447283897
9447284320
9447285954
9447286170
9447286682
9447287655
9447291449
9447291629
9447291658
9447291819
9447291876
9447292262
9447293042
9447293303
9447293310
9447294313
9447294554
9447294628
9447295061
9447295401
9447295774
9447297529
9447300294
9447300955
9447302020
9447302802
9447303303
9447304230
9447305140
9447305657
9447306231
9447306285
9447306617
9447307000
9447307970
9447308329
9447309321
9447311005
9447319140
9447319909
9447321931
9447322410
9447323870
9447324680
9447324804
9447325362
9447325453
9447326283
9447326471
9447326812
9447326890
9447327002
9447328203
9447328229
9447328509
9447329004
9447329444
9447329716
9447329765
9447331295
9447331300
9447331396
9447332542
9447332869
9447333906
9447334275
9447334586
9447334789
9447335379
9447335962
9447335996
9447336715
9447337945
9447338196
9447340428
9447340607
9447340876
9447342175
9447342602
9447342699
9447342873
9447346583
9447347767
9447347891
9447348039
9447349529
9447350096
9447351600
9447352599
9447352885
9447353229
9447353717
9447353753
9447354141
9447354336
9447355323
9447355535
9447355605
9447355865
9447355870
9447355920
9447356084
9447357875
9447358698
9447360004
9447361020
9447361813
9447362847
9447363783
9447363895
9447364189
9447365437
9447367093
9447367694
9447368128
9447368580
9447368665
9447368939
9447368944
9447369555
9447369978
9447370095
9447373222
9447373981
9447375041
9447375769
9447376029
9447376054
9447377146
9447378173
9447378276
9447378822
9447378921
9447379109
9447379169
9447379257
9447379375
9447379377
9447380982
9447380997
9447382987
9447384216
9447384217
9447385123
9447385226
9447385370
9447385810
9447386514
9447387013
9447388215
9447388474
9447391046
9447391102
9447392895
9447393621
9447394575
9447396098
9447396235
9447396244
9447397030
9447397792
9447398800
9447399536
9447399799
9447400369
9447400702
9447400736
9447401474
9447401633
9447401846
9447402103
9447402351
9447403046
9447403944
9447405256
9447405595
9447406410
9447406970
9447407392
9447407973
9447408041
9447408682
9447409432
9447411359
9447411529
9447411762
9447413085
9447414282
9447414433
9447414483
9447414589
9447414868
9447415315
9447415514
9447416959
9447417369
9447417399
9447418325
9447418595
9447418638
9447419218
9447419330
9447422378
9447423128
9447423204
9447423979
9447425962
9447427236
9447427528
9447428280
9447429062
9447430918
9447431194
9447431869
9447431994
9447432595
9447434040
9447434276
9447434491
9447435210
9447435388
9447436594
9447437758
9447437782
9447439665
9447439744
9447440523
9447442316
9447444395
9447445056
9447450598
9447450912
9447451338
9447451374
9447451702
9447451773
9447452888
9447453061
9447453412
9447453474
9447456778
9447457115
9447457867
9447459527
9447460058
9447460363
9447460448
9447460708
9447462660
9447464946
9447464970
9447465373
9447465427
9447465504
9447465554
9447465610
9447465939
9447465968
9447466360
9447467320
9447467838
9447468475
9447468812
9447469915
9447470049
9447471368
9447472157
9447472561
9447474246
9447474266
9447474646
9447474761
9447475397
9447476411
9447476660
9447476869
9447477426
9447477607
9447478311
9447479333
9447480143
9447480778
9447481695
9447481971
9447482396
9447483314
9447483509
9447485393
9447487900
9447487906
9447487910
9447488643
9447489735
9447492557
9447493339
9447493634
9447494511
9447495778
9447496090
9447496185
9447496389
9447496482
9447500486
9447501735
9447501746
9447501983
9447502161
9447502213
9447503200
9447503759
9447505948
9447506562
9447506687
9447508270
9447508756
9447509086
9447509490
9447510112
9447510144
9447510223
9447510462
9447510484
9447510551
9447510720
9447513000
9447514609
9447515238
9447515277
9447517280
9447517670
9447519060
9447520536
9447520734
9447521181
9447521892
9447522615
9447523032
9447523195
9447525464
9447526208
9447526536
9447528386
9447529225
9447529259
9447529652
9447534183
9447536248
9447537452
9447537567
9447537585
9447538126
9447539054
9447539669
9447539908
9447540603
9447540712
9447541511
9447544203
9447545063
9447546562
9447546698
9447548394
9447552236
9447552432
9447552612
9447552763
9447552994
9447554466
9447555454
9447557499
9447557768
9447557998
9447560685
9447560716
9447562891
9447564743
9447565685
9447565838
9447567196
9447567226
9447568644
9447569050
9447569105
9447570871
9447573665
9447573860
9447574751
9447575637
9447576108
9447576702
9447577089
9447577246
9447578716
9447579117
9447579973
9447580373
9447580387
9447580670
9447580770
9447580926
9447581033
9447581587
9447581676
9447581679
9447581884
9447582342
9447582527
9447583625
9447583771
9447584973
9447585546
9447587203
9447589223
9447590244
9447591500
9447592095
9447592971
9447593349
9447595127
9447595500
9447596778
9447598136
9447599782
9447600192
9447600550
9447601930
9447602751
9447602793
9447603326
9447603384
9447603495
9447604570
9447605644
9447605998
9447606625
9447607502
9447607544
9447608424
9447608490
9447608499
9447608538
9447608863
9447609931
9447609974
9447610049
9447617673
9447618567
9447620503
9447621300
9447624739
9447625174
9447626199
9447626605
9447627718
9447628619
9447630499
9447630737
9447630787
9447631185
9447631431
9447631692
9447631695
9447631974
9447632270
9447632989
9447633391
9447635015
9447635839
9447635857
9447636800
9447637330
9447639523
9447640004
9447641172
9447644937
9447646379
9447646810
9447647001
9447647161
9447650228
9447651086
9447651242
9447651623
9447652058
9447654245
9447654697
9447655928
9447657274
9447659440
9447659937
9447661774
9447663063
9447663200
9447663729
9447664572
9447665274
9447666392
9447666832
9447666969
9447666983
9447668374
9447669169
9447669488
9447671508
9447671984
9447674175
9447674659
9447674931
9447675129
9447676321
9447676916
9447677605
9447678278
9447678457
9447678548
9447679452
9447680016
9447680995
9447681078
9447681218
9447681590
9447681699
9447682948
9447688377
9447689126
9447689598
9447691391
9447693514
9447695238
9447695812
9447695933
9447697717
9447697988
9447697998
9447698253
9447698503
9447698919
9447700728
9447701231
9447702701
9447703677
9447704210
9447708603
9447709749
9447709989
9447710006
9447710050
9447711112
9447712217
9447713902
9447714839
9447715829
9447716309
9447718724
9447718758
9447720108
9447720489
9447721560
9447721661
9447721982
9447722410
9447722747
9447723323
9447724525
9447724695
9447725523
9447725778
9447725810
9447728018
9447728175
9447730190
9447731687
9447732363
9447733172
9447733659
9447733716
9447735007
9447736365
9447736683
9447737116
9447737761
9447739225
9447740617
9447740634
9447742927
9447743970
9447745373
9447747773
9447748531
9447750424
9447751555
9447752740
9447753557
9447754246
9447754782
9447755402
9447755716
9447759795
9447761250
9447762133
9447762289
9447762309
9447762460
9447762608
9447764098
9447764313
9447764775
9447764916
9447766202
9447766400
9447766604
9447766605
9447767027
9447767155
9447768153
9447770666
9447771191
9447773228
9447773756
9447775644
9447775799
9447776132
9447777728
9447777834
9447778411
9447778843
9447779503
9447781700
9447781866
9447782093
9447783229
9447784154
9447784417
9447785720
9447788150
9447788256
9447788310
9447788786
9447790298
9447790486
9447790729
9447790790
9447791520
9447793233
9447793940
9447795808
9447796566
9447797454
9447798123
9447798252
94477986037
9447800706
9447801009
9447801672
9447801801
9447806736
9447807780
9447808317
9447809193
9447811330
9447811575
9447811806
9447812013
9447812207
9447812424
9447812457
9447812461
9447812639
9447812861
9447813027
9447813151
9447813320
9447813471
9447814445
9447814446
9447815390
9447815417
9447815540
9447815665
9447815702
9447815762
9447816113
9447816273
9447817044
9447817089
9447817914
9447817971
9447817980
9447818151
9447818627
9447819457
9447819527
9447819547
9447821582
9447822323
9447822423
9447823654
9447824227
9447825026
9447826102
9447827565
9447827794
9447828031
9447828316
9447830129
9447830251
9447833117
9447833140
9447833470
9447834295
9447836944
9447837121
9447837743
9447841118
9447841215
9447841535
9447842879
9447842917
9447842958
9447844192
9447844569
9447845386
9447845647
9447847177
9447847596
9447847752
9447853036
9447853914
9447855880
9447856560
9447856817
9447856944
9447857375
9447857650
9447857834
9447858732
9447860804
9447862736
9447865013
9447866355
9447866858
9447869061
9447870251
9447870354
9447871273
9447871345
9447871406
9447871547
9447871878
9447872008
9447872147
9447872362
9447874471
9447875221
9447875240
9447875271
9447876528
9447877630
9447878973
9447879116
9447879699
9447880820
9447881025
9447882332
9447882846
9447883678
9447884008
9447885222
9447887252
9447888720
9447888954
9447890569
9447891502
9447891846
9447891973
9447892771
9447893290
9447894666
9447895725
9447900415
9447902279
9447902414
9447903168
9447903328
9447903417
9447903711
9447905223
9447905585
9447906458
9447907035
9447907303
9447907765
9447909803
9447910459
9447910490
9447912295
9447912547
9447913420
9447913613
9447913865
9447916122
9447916187
9447916376
9447916705
9447917987
9447921599
9447921625
9447924524
9447924918
9447925300
9447925384
9447927373
9447927699
9447927885
9447928028
9447928518
9447930459
9447933234
9447933633
9447934605
9447937539
9447947102
9447948378
9447948781
9447949434
9447950018
9447950197
9447950813
9447956099
9447957391
9447957534
9447958071
9447960319
9447961015
9447962024
9447962933
9447963511
9447963971
9447964209
9447964849
9447965143
9447965759
9447966801
9447968078
9447968157
9447969224
9447972288
9447975141
9447978252
9447979847
9447980128
9447980361
9447980436
9447981284
9447981743
9447982030
9447985138
9447986037
9447986255
9447986412
9447987495
9447988150
9447989215
9447991207
9447991223
9447991245
9447993785
9447996403
9447997068
9448250095
9448590353
9448903810
9448959002
9449201589
9449730003
9450000000
9450652090
9460330978
9460504788
9461111008
9461127565
9466104484
9474243011
9474303005
9474627598
9476525487
94766855566
9476769245
9477200354
9480693525
9480740236
9481921123
9482074134
9482623782
9482841859
9483826540
9486100525
9486277599
9486875657
9487007224
9487019381
9487813038
9488114181
9488201762
9488369783
9488540597
9489625948
9489707800
9490162761
9491248514
9493186587
9493974094
9494317534
9495001489
9495008276
9495010751
9495012554
9495013391
9495014917
9495015931
9495018750
9495018987
9495019070
9495020481
9495021240
9495021852
9495024665
9495025169
9495025337
9495026173
9495030806
9495031914
9495037482
9495037785
9495039702
9495041010
9495041859
9495042206
9495043019
9495043062
9495043735
9495043757
9495045309
9495046913
9495056363
9495056474
9495058579
9495061097
9495066139
9495067031
9495067230
9495068177
9495071737
9495072413
9495072761
9495072765
9495074144
9495078414
9495078591
9495080973
9495081496
9495086954
9495087013
9495088709
9495090280
9495090658
9495091359
9495092935
9495093148
9495093236
9495093660
9495094035
9495096921
9495100702
9495101133
9495105245
9495105606
9495108277
9495110017
9495110145
9495112300
9495113906
9495121199
9495121869
9495122043
9495124039
9495124113
9495124434
9495127911
9495129804
9495138291
9495139133
9495139227
9495139722
9495139730
9495140699
9495141414
9495141860
9495142937
9495147517
9495148731
9495149270
9495149513
9495151603
9495152007
9495156455
9495157797
9495161321
9495161629
9495161919
9495162762
9495163391
9495163578
9495166735
9495171905
9495174552
9495176965
9495177474
9495177972
9495179960
9495180913
9495183955
9495183982
9495184956
9495185675
9495186424
9495187779
9495187792
9495188347
9495188612
9495190088
9495190543
9495193725
9495193753
9495194254
9495194591
9495194674
9495194762
9495196712
9495201027
9495201638
9495203235
9495203555
9495203837
9495204190
9495204386
9495207917
9495208870
9495209160
9495210709
9495211233
9495218740
9495220097
9495224516
9495226749
9495228226
9495228607
9495229145
9495230411
9495230874
9495231621
9495232940
9495236624
9495239569
9495241377
9495241745
9495241764
9495242220
9495242425
9495242986
9495243930
9495248164
9495250510
9495252033
9495252988
9495254007
9495255040
9495257965
9495262314
9495263034
9495270747
9495271479
9495271733
9495272121
9495272734
9495272820
9495275249
9495275626
9495283244
9495291079
9495291899
9495293205
9495295234
9495296954
9495300384
9495301607
9495302194
9495302212
9495303094
9495303178
9495303920
9495305250
9495307875
9495308173
9495311127
9495313369
9495315333
9495315601
9495315728
9495315931
9495318552
9495318588
9495318697
9495319973
9495320153
9495320970
9495321198
9495321226
9495321789
9495322324
9495322933
9495323499
9495324876
9495327595
9495329535
9495330485
9495333118
9495335707
9495336385
9495337022
9495337217
9495339981
9495341433
9495342963
9495344602
9495346564
9495348814
9495349119
9495352239
9495353473
9495354488
9495356277
9495357331
9495358116
9495359278
9495360477
9495360683
9495361658
9495364667
9495365998
9495366455
9495367391
9495370954
9495372589
9495372607
9495372761
9495373170
9495373864
9495374074
9495375246
9495375562
9495376524
9495377473
9495377739
9495377760
9495378023
9495380875
9495381673
9495382447
9495382791
9495383427
9495383761
9495384187
9495386768
9495387390
9495389741
9495391901
9495392166
9495393273
9495396010
9495397163
9495397188
9495403371
9495404877
9495405569
9495406496
9495406497
9495407164
9495407337
9495408637
9495408961
9495408980
9495409383
9495409490
9495411519
9495416223
9495417323
9495423581
9495425573
9495425596
9495425657
9495427653
9495428347
9495429015
9495429931
9495429981
9495430660
9495430808
9495431609
9495433745
9495434115
9495434406
9495435367
9495438926
9495440133
9495440583
9495441409
9495444488
9495445962
9495445984
9495446169
9495447784
9495448782
9495452585
9495453453
9495454243
9495454847
94954555771
9495456297
9495462494
9495464599
9495466691
9495466709
9495467873
9495468987
9495470725
9495471257
9495472093
9495476700
9495478881
9495479948
9495480028
9495480045
9495481999
9495483360
9495484393
9495486300
9495486785
9495487687
9495488307
9495488391
9495489134
9495489802
9495489849
9495490081
9495490421
9495492136
9495492330
9495492929
9495496242
9495497438
9495497828
9495501315
9495501996
9495505044
9495505156
9495505205
9495506005
9495506466
9495506875
9495507653
9495507694
9495510054
9495511118
9495511975
9495512058
9495513125
9495514393
9495518449
9495519403
9495519699
9495520221
9495520299
9495521173
9495522972
9495524095
9495524315
9495525123
9495526818
9495529378
9495529614
9495530213
9495531544
9495534567
9495536475
9495537658
9495544812
9495549902
9495550114
9495550279
9495550333
9495553730
9495556224
9495556574
9495560816
9495563426
9495563536
9495564206
9495565516
9495566974
9495569627
9495571389
9495573663
9495574446
9495575035
9495575046
9495575604
9495575698
9495575788
9495577522
9495577531
9495580375
9495581071
9495583069
9495588661
9495589892
9495591213
9495595174
9495596637
9495600059
9495600245
9495603285
9495603512
9495603808
9495604156
9495607824
9495608538
9495609264
9495609379
9495612335
9495612611
9495614076
9495621625
9495622774
9495623114
9495627580
9495628045
9495629002
9495629964
9495630362
9495631610
9495631856
9495632249
9495632804
9495636861
9495638801
9495641122
9495641539
9495643259
9495643595
9495645466
9495646924
9495652231
9495653909
9495656953
9495657202
9495659493
9495660075
9495660394
9495662191
9495664498
9495664823
9495665648
9495668237
9495670502
9495673631
9495674133
9495675618
9495676733
9495676863
9495676996
9495679555
9495685260
9495685511
9495688601
9495688640
9495688685
9495689033
9495690315
9495691325
9495696174
9495696961
9495702323
9495706738
9495711732
9495711917
9495712639
9495712985
9495713246
9495713962
9495714419
9495714502
9495714917
9495715051
9495715431
9495715846
9495716474
9495716553
9495717175
9495718070
9495718612
9495720019
9495722075
9495722539
9495724485
9495725153
9495727727
9495727889
9495730273
9495731667
9495734676
9495736377
9495736920
9495737353
9495740162
9495740523
9495744111
9495747781
9495751290
9495755275
9495755513
9495755858
9495757352
9495757404
9495757974
9495759639
9495760232
9495762102
9495762588
9495763060
9495763173
9495763348
9495764354
9495764492
9495765894
9495768268
9495778331
9495779196
9495782021
9495783191
9495787186
9495788535
9495789201
9495789326
9495789552
9495790589
9495791524
9495791729
9495793629
9495794721
9495802706
9495804080
9495808276
9495808549
9495810310
9495810458
9495810642
9495812127
9495812155
9495812822
9495813218
9495813994
9495814670
9495817170
9495819965
9495824087
9495826132
9495826749
9495827628
9495827823
9495827850
9495828376
9495829677
9495829770
9495829974
9495831376
9495832220
9495832491
9495833123
9495834950
9495835291
9495838745
9495841611
9495843289
9495844142
9495845512
9495849103
9495849660
9495852386
9495853979
9495856476
9495858545
9495859820
9495860090
9495861212
9495862317
9495863149
9495864829
9495867158
9495867508
9495871440
9495871890
9495872846
9495876689
9495876746
9495879642
9495880839
9495881661
9495885006
9495885562
9495886434
9495888692
9495892580
9495892655
9495892876
9495896135
9495896923
9495897521
9495897870
9495901096
9495901730
9495902757
9495904071
9495905749
9495907951
9495913009
9495913246
9495913675
9495914879
9495917573
9495918894
9495920323
9495920405
9495925235
9495925810
9495926710
9495928551
9495929059
9495930239
9495933560
9495934189
9495934763
9495940838
9495941661
9495942218
9495942419
9495944324
9495944537
9495945374
9495945692
9495947451
9495947759
9495948212
9495950330
9495950657
9495951358
9495951455
9495952968
9495954916
9495955694
9495957054
9495960458
9495961203
9495961280
9495961773
9495966241
9495966625
9495968128
9495968165
9495969712
9495970206
9495970492
9495970979
9495971122
9495971889
9495972247
9495972383
9495973499
9495973872
9495974438
9495974620
9495976522
9495980211
9495980904
9495982317
9495982377
9495983357
9495984997
9495986373
9495986641
9495987592
9495987658
9495988438
9495988767
9495989318
9495989411
9495989750
9495990053
9495990230
9495993248
9495993288
9495994484
9495994785
9495994796
9495995353
9495995957
9496001125
9496012749
9496013096
9496018023
9496020098
9496020806
9496023456
9496024079
9496026172
9496034145
9496036593
9496038226
9496039480
9496040079
9496040869
9496043400
9496043766
9496045259
9496045586
9496046438
9496047342
9496053056
9496060726
9496060941
9496062110
9496063380
9496064079
9496067314
9496070025
9496072938
9496073293
9496077613
9496080938
9496085615
9496086237
9496086640
9496086674
9496089972
9496092159
9496094399
9496096018
9496097983
9496098530
9496100167
9496100607
9496100622
9496101103
9496101554
9496102217
9496103005
9496103137
9496103894
9496106130
9496111748
9496113143
9496117280
9496118037
9496118789
9496120415
9496120556
9496120776
9496123907
9496128750
9496132891
9496137242
9496138095
9496141009
9496141638
9496147375
9496152442
9496152628
9496154374
9496155795
9496156512
9496156584
9496157132
9496157339
9496158404
9496160297
9496160382
9496162327
9496162611
9496164840
9496165614
9496166113
9496167413
9496168196
9496169620
9496170779
9496171800
9496172768
9496173430
9496173722
9496173796
9496175438
9496175577
9496176696
9496177023
9496177204
9496177441
9496177549
9496177643
9496178245
9496179424
9496180038
9496180179
9496180308
9496181146
9496181314
9496181691
9496183870
9496184310
9496185442
9496190981
9496193336
9496195979
9496196086
9496196447
9496196834
9496196943
9496197726
9496202777
9496203309
9496203797
9496204861
9496204916
9496205544
9496208079
9496208941
9496212103
9496212750
9496214055
9496214081
9496215220
9496215986
9496215988
9496216089
9496216187
9496216603
9496218081
9496221288
9496221469
9496225198
9496225206
9496225474
9496225568
9496225731
9496226465
9496226772
9496227125
9496228998
9496229432
9496229805
9496230109
9496233433
9496234282
9496238285
9496241062
9496241263
9496241540
9496242846
9496244914
9496245074
9496245078
9496245209
9496246992
9496248762
9496249114
9496250320
9496250510
9496254709
9496255288
9496257872
9496258066
9496258732
9496258755
9496258927
9496260298
9496263715
9496266399
9496267606
9496267750
9496267879
9496270125
9496270175
9496270650
9496272251
9496275699
9496276082
9496276097
9496277183
9496277599
9496278757
9496278787
9496279612
9496281144
9496282248
9496283439
9496283974
9496288689
9496288987
9496292310
9496293486
9496293722
9496295222
9496295426
9496297331
9496301704
9496302445
9496303777
9496303965
9496306599
9496306909
9496307568
9496312801
9496313294
9496313483
9496316868
9496317911
9496322647
9496326141
9496326535
9496327287
9496327688
9496330937
9496332211
9496339110
9496340246
9496343240
9496350369
9496359845
9496361110
9496361296
9496362252
9496362766
9496362795
9496363548
9496364322
9496365812
9496365869
9496370007
9496374565
9496377319
9496379933
9496380297
9496388138
9496391255
9496393340
9496393649
9496394162
9496402767
9496406652
9496408720
9496409329
9496410647
9496411302
9496413168
9496414253
9496418009
9496419808
9496421644
9496424784
9496425295
9496429183
9496430035
9496430224
9496430307
9496431237
9496432100
9496432563
9496434229
9496435459
9496435770
9496437816
9496438478
9496442282
9496443564
9496443660
9496443747
9496445235
9496447051
9496454523
9496457192
9496459088
9496459219
9496467872
9496467879
9496467889
9496468584
9496473271
9496478459
9496480098
9496480359
9496484568
9496490317
9496491396
9496493496
9496494416
9496496108
9496496998
9496518513
9496519901
9496520703
9496525662
9496527503
9496530418
9496530876
9496531077
9496531363
9496536977
9496545361
9496545989
9496547064
9496547082
9496547256
9496550408
9496552553
9496555516
9496556843
9496564747
9496566389
9496574850
9496575714
9496577333
9496583288
9496584080
9496586104
9496587256
9496589373
9496590712
9496591896
9496598878
9496608792
9496609516
9496614592
9496617958
9496622816
9496624683
9496629770
9496630371
9496634974
9496642736
9496642883
9496649241
9496649611
9496651790
9496656310
9496661773
9496665943
9496669748
9496670621
9496673532
9496679825
9496686870
9496687516
9496690635
9496690839
9496694700
9496695692
9496698390
9496702016
9496703564
9496704988
9496710230
9496713593
9496716743
9496725767
9496726589
9496726890
9496726940
9496727980
9496728303
9496730415
9496730641
9496736205
9496737090
9496740217
9496741968
9496745993
9496746167
9496747965
9496749740
9496751352
9496753741
9496755445
9496762117
9496764482
9496767067
9496768248
9496770980
9496773545
9496773808
9496773963
9496774955
9496775593
9496776037
9496779416
9496784354
9496785556
9496801170
9496804674
9496805500
9496806160
9496814901
9496814949
9496816212
9496816342
9496816840
9496818679
9496823213
9496823751
9496824296
9496826480
9496829165
9496833434
9496837860
9496837885
9496843085
9496844270
9496844306
9496844546
9496849383
9496852583
9496855155
9496857765
9496857988
9496864124
9496864801
9496866158
9496867472
9496877069
9496877580
9496878088
9496878909
9496886570
9496887206
9496890330
9496890926
9496892087
9496900808
9496902022
9496902434
9496902606
9496903232
9496917334
9496924678
9496928889
9496938711
9496942868
9496942931
9496946293
9496946532
9496946943
9496949773
9496953153
9496955905
9496956970
9496960801
9496962310
9496967398
9496968095
9496969136
9496969237
9496970636
9496970848
9496976085
9496976468
9496978320
9496979227
9496980230
9496981558
9496985177
9496993666
9497000028
9497000260
9497003468
9497003510
9497003957
9497004217
9497004740
9497005608
9497006508
9497012158
9497012522
9497013873
9497014106
9497016305
9497017095
9497021505
9497021544
9497023290
9497023737
9497024784
9497025589
9497025665
9497026165
9497026280
9497026325
9497031082
9497031254
9497036667
9497036714
9497037205
9497042681
9497054996
9497055299
9497059419
9497063326
9497063894
9497071386
9497074018
9497074692
9497085583
9497088697
9497091133
9497093349
9497098487
9497100119
9497104181
9497108730
9497111705
9497116354
9497117234
9497117917
9497119043
9497125108
9497128746
9497129543
9497130849
9497135523
9497141334
9497146645
9497146998
9497147531
9497150544
9497150796
9497151388
9497154970
9497161059
9497162489
9497165329
9497166460
9497167547
9497169227
9497175907
9497177360
9497177421
9497181901
9497182886
9497182910
9497183935
9497187060
9497188284
9497188514
9497188541
9497188596
9497188789
9497188918
9497188955
9497189049
9497189346
9497192460
9497192474
9497195420
9497197890
9497200125
9497202339
9497203813
9497204793
9497206071
9497212798
9497216008
9497216744
9497219972
9497230507
9497237176
9497237535
9497238294
9497245948
9497246322
9497247093
9497247695
9497249068
9497265990
9497267648
9497274548
9497278730
9497278741
9497279171
9497279756
9497280315
9497286185
9497287156
9497287858
9497288660
9497289137
9497289891
9497289954
9497292950
9497293059
9497295097
9497295619
9497303672
9497305655
9497315806
9497321315
9497323975
9497329120
9497329756
9497330135
9497330679
9497332022
9497339329
9497341167
9497342665
9497345077
9497347601
9497349314
9497349716
9497350746
9497353037
9497355080
9497357059
9497366187
9497369116
9497370125
9497380118
9497380806
9497384171
9497386513
9497386998
9497397458
9497410164
9497416305
9497418787
9497426959
9497427808
9497429497
9497430911
9497433209
9497433954
9497435214
9497441152
9497447684
9497448798
9497449699
9497454192
9497456002
9497459085
9497459544
9497460093
9497461221
9497461452
9497462962
9497463284
9497472756
9497474000
9497482812
9497484774
9497486993
9497490210
9497491517
9497504698
9497510223
9497511868
9497529661
9497535686
9497540479
9497549720
9497550949
9497554418
9497555359
9497556555
9497556766
9497557644
9497565642
9497567099
9497576814
9497584960
9497590804
9497592919
9497592939
9497593197
9497594204
9497595866
9497601784
9497606007
9497606062
9497616214
9497623557
9497623910
9497625097
9497625595
9497629543
9497635848
9497636947
9497637557
9497639002
9497639190
9497640381
9497640623
9497641447
9497641634
9497641978
9497643344
9497643580
9497644714
9497647863
9497649021
9497649184
9497649864
9497650942
9497653273
9497655798
9497658282
9497658546
9497658734
9497659184
9497659365
9497659870
9497660064
9497660090
9497660354
9497660406
9497661061
9497662903
9497664854
9497666046
9497667543
9497670610
9497676725
9497677004
9497677090
9497677181
9497678276
9497679489
9497680479
9497681226
9497682629
9497682702
9497683156
9497686470
9497686975
9497687194
9497687798
9497687822
9497687966
9497688458
9497688724
9497688764
9497688894
9497689637
9497691132
9497692432
9497693523
9497693931
9497694237
9497700786
9497704503
9497707964
9497712197
9497715441
9497716815
9497718667
9497723154
9497727128
9497728224
9497728820
9497731124
9497742222
9497749270
9497750594
9497753716
9497757059
9497757507
9497760193
9497760934
9497772589
9497775295
9497776103
9497776980
9497777207
9497780893
9497781740
9497781866
9497781963
9497783115
9497783203
9497783643
9497785061
9497785738
9497788717
9497789214
9497789291
9497789470
9497791398
9497793256
9497793590
9497793618
9497793740
9497793889
9497797523
9497800884
9497801275
9497801278
9497801977
9497805074
9497807269
9497807291
9497807354
9497808664
9497817544
9497818253
9497822210
9497823490
9497828461
9497833170
9497834590
9497834643
9497835020
9497837340
9497837729
9497840656
9497842203
9497843796
9497846238
9497847364
9497849420
9497849542
9497851870
9497853081
9497860226
9497860539
9497861689
9497864420
9497866959
9497867657
9497869449
9497870143
9497870922
9497871126
9497872080
9497873894
9497874920
9497874929
9497876794
9497878453
9497884337
9497889500
9497893479
9497893705
9497933050
9497933842
9497934460
9497962447
9497975485
9498080238
9498092342
9498097613
9498335206
9500000000
9500046664
9500477472
9500768381
9502146649
9502254813
9504689834
9511752860
9514457681
9515416636
9515457895
9526000710
9526001303
9526003540
9526005838
9526007162
9526008503
9526009815
9526010452
9526010540
9526012543
9526015106
9526019093
9526031135
9526032523
9526032528
9526033456
9526033595
9526034673
9526035327
9526036933
9526040888
9526062100
9526062733
9526062744
9526064427
9526064522
9526068105
9526069823
9526077788
9526078378
9526079507
9526082057
9526082655
9526083592
9526088065
9526091674
9526097430
9526113340
9526119057
9526119271
9526119810
9526126521
9526134721
9526140936
9526142432
9526143570
9526147820
9526149700
9526159593
9526170665
9526175891
9526176997
9526177484
9526183090
9526183931
9526186021
9526191801
9526199218
9526200185
9526201115
9526204384
9526222952
9526224924
9526229386
9526229995
9526236058
9526240381
9526240448
9526240748
9526250890
9526251217
9526257200
9526261222
9526264587
9526269764
9526273460
9526282285
9526295130
9526297550
9526298375
9526302237
9526304424
9526310697
9526313444
9526320563
9526324206
9526324543
9526325133
9526325296
9526333860
9526339563
9526340158
9526340934
9526341680
9526356432
9526361703
9526361781
9526364825
9526368914
9526370376
9526371980
9526385342
9526386860
9526394437
9526398184
9526403465
9526404817
9526405048
9526407577
9526413823
9526416054
9526421617
9526430016
9526437143
9526438705
9526442211
9526449470
9526452647
9526453614
9526454790
9526455645
9526455730
9526462741
9526463656
9526465996
9526466682
9526486116
9526487479
9526490250
9526491384
9526495194
9526496035
9526500336
9526503881
9526504865
9526511583
9526512183
9526512672
9526512747
9526512841
9526518440
9526528946
9526530903
9526538538
9526543133
9526550412
9526561521
9526568915
9526568932
9526576111
9526577844
9526583877
9526592537
9526596116
9526597042
9526597988
9526602820
9526611577
9526616782
9526617144
9526622683
9526633143
9526638592
9526646122
9526652739
9526654553
9526657586
9526658435
9526658548
9526661022
9526670608
9526670811
9526670956
9526682146
9526689841
9526691718
9526694969
9526697850
9526700099
9526701379
9526711106
9526711122
9526731065
9526736500
9526744087
9526749433
9526749565
9526753375
9526759195
9526765542
9526774388
9526781919
9526787989
9526796390
9526796799
9526800864
9526802837
9526805833
9526806230
9526811075
9526815483
9526818251
9526818859
9526821359
9526823462
9526823610
9526827851
9526828213
9526830848
9526831654
9526843840
9526844177
9526844281
9526851119
9526856978
9526867294
9526868111
9526868896
9526881721
9526882476
9526888577
9526889701
9526891698
9526894692
9526897880
9526904544
9526907478
9526915886
9526918142
9526920221
9526920644
9526922326
9526924893
9526925302
9526928521
9526930824
9526950254
9526950775
9526950945
9526951704
9526954029
9526954762
9526956973
9526960082
9526960190
9526962721
9526963137
9526963283
9526964109
9526966412
9526969307
9526973006
9526976445
9526978748
9526982682
9526984157
9526984312
9526984423
9526986298
9526988377
9526990985
9526992188
9526994696
9530787018
9531816617
9536287263
9536787618
9538294780
9538826888
9539000654
9539001602
9539003680
9539004588
9539004786
9539008950
9539009509
9539011354
9539011887
9539013788
9539023680
9539025281
9539025879
9539026955
9539029900
9539041484
9539045264
9539046053
9539046763
9539049732
9539050461
9539050951
9539057140
9539057557
9539063995
9539064390
9539065448
9539069530
9539075422
9539076465
9539081995
9539101396
9539102182
9539105190
9539108093
9539110848
9539111155
9539114810
9539116576
9539117036
9539120188
9539123837
9539125300
9539125834
9539130671
9539132256
9539141120
9539145243
9539147087
9539148064
9539151506
9539155212
9539159427
9539159927
9539167112
9539170277
9539174575
9539183300
9539192964
9539206267
9539212736
9539216005
9539218008
9539228040
9539239341
9539244415
9539245374
9539248041
9539253432
9539255021
9539259122
9539260123
9539264971
9539269360
9539273995
9539275362
9539277779
9539280770
9539286267
9539287729
9539290713
9539307123
9539314390
9539316752
9539324690
9539327508
9539350380
9539351337
9539353188
9539353319
9539354695
9539355384
9539376662
9539379606
9539380703
9539389020
9539398582
9539401760
9539402780
9539409870
9539410639
9539412948
9539415689
9539419191
9539420000
9539425935
9539425942
9539428208
9539428287
9539428297
9539432910
9539436269
9539436998
9539440911
9539444660
9539449166
9539463907
9539464183
9539467657
9539468484
9539468827
9539469900
9539471445
9539472207
9539475430
9539477248
9539478128
9539480505
9539480631
9539482539
9539484153
9539489690
9539491321
9539495969
9539497017
9539503617
9539507590
9539510400
9539510595
9539511300
9539513951
9539516577
9539518156
9539523889
9539532530
9539532772
9539533153
9539542526
9539548164
9539561560
9539569944
9539570978
9539572715
9539573335
9539582459
9539582704
9539584500
9539584791
9539587826
9539590619
9539606597
9539625741
9539629306
9539633094
9539644972
9539649717
9539654485
9539654635
9539656647
9539662568
9539670238
9539671145
9539689749
9539692735
9539693713
9539696498
9539697202
9539699390
9539700560
9539701538
9539702703
9539703449
9539706029
9539708247
9539712825
9539713893
9539719719
9539722688
9539725444
9539725766
9539729737
9539730465
9539732175
9539738457
9539744325
9539747957
9539749103
9539752264
9539756010
9539756680
9539757257
9539757494
9539762667
9539783370
9539787767
9539790359
9539795984
9539797963
9539805553
9539810692
9539813799
9539817571
9539818390
9539823451
9539827505
9539831210
9539844396
9539845496
9539849773
9539851241
9539855993
9539857427
9539864679
9539866332
9539868895
9539869145
9539874302
9539883348
9539883735
9539888089
9539888888
9539890457
9539891517
9539900304
9539902120
9539903076
9539904224
9539905547
9539907044
9539912301
9539914441
9539923037
9539923643
9539925740
9539934865
9539935087
9539937608
9539938242
9539942128
9539945924
9539945992
9539951451
9539960997
9539963787
9539964322
9539964489
9539965271
9539966661
9539986338
95399867487
9539987882
9539994539
9540000000
9540144685
9541377036
9542131436
9544000744
9544003276
9544003635
9544004658
9544011024
9544013692
9544013809
9544014033
9544015538
9544017480
9544022033
9544030055
9544048336
9544057777
9544058692
9544060363
9544065112
9544066669
9544071605
9544072247
9544072401
9544072495
9544076866
9544077122
9544077251
9544078911
9544080011
9544081132
9544081163
9544084035
9544086079
9544087983
9544088470
9544091245
9544091379
9544101564
9544104304
9544104556
9544111674
9544118140
9544119968
9544124240
9544125543
9544127504
9544129941
9544130691
9544132260
9544145739
9544148689
9544160317
9544161541
9544174360
9544175273
9544177013
9544177193
9544181173
9544184488
9544191751
9544193682
9544194863
9544195985
9544198199
9544198400
9544205408
9544211324
9544216664
9544218803
9544223657
9544227044
9544229493
9544230254
9544233455
9544237036
9544242221
9544246180
9544249794
9544249915
9544251547
9544251701
9544253651
9544261829
9544263700
9544267115
9544268289
9544268632
9544282286
9544288183
9544289913
9544290620
9544292049
9544292243
9544298481
9544315292
9544316094
9544323055
9544325530
9544329434
9544330200
9544341102
9544350053
9544352906
9544355107
9544360335
9544361725
9544363645
9544364896
9544369465
9544369941
9544370603
9544373587
9544379306
9544380878
9544381705
9544388361
9544390495
9544394016
9544399722
9544400785
9544407347
9544414067
9544424177
9544425036
9544426097
9544444111
9544444393
9544446658
9544447416
9544448710
9544449049
9544451636
9544451720
9544453720
9544454428
9544456513
9544472534
9544481810
9544483211
9544483275
9544483807
9544484312
9544486410
9544488893
9544496683
9544500413
9544506150
9544509060
9544511591
9544512525
9544514326
9544516130
9544519278
9544520179
9544524717
9544524935
9544533936
9544539892
9544540071
9544540564
9544541050
9544544874
9544563039
9544563694
9544567195
9544568830
9544569764
9544576154
9544581148
9544583017
9544583212
9544585800
9544591858
9544608261
9544609145
9544611710
9544621463
9544621804
9544629211
9544630189
9544633832
9544642835
9544643126
9544648633
9544652084
9544653147
95446557294
9544665830
9544665885
9544667031
9544667923
9544668362
9544670145
9544679302
9544694198
9544715624
9544717875
9544723551
9544724680
9544727781
9544731967
9544732071
9544732269
9544733698
9544740881
9544744673
9544746772
9544749291
9544753957
9544761668
9544762808
9544766883
9544772238
9544774526
9544783521
9544784226
9544784456
9544784631
9544785258
9544788206
9544789969
9544790438
9544791124
9544791212
9544792820
9544811326
9544820806
9544821411
9544833988
9544836276
9544844609
9544845316
9544846422
9544846751
9544847095
9544847629
9544850315
9544855522
9544858699
9544859811
9544860226
9544863899
9544868171
9544869144
9544869857
9544870114
9544877192
9544900414
9544905724
9544906759
9544906949
9544907137
9544907512
9544913342
9544914780
9544918811
9544926161
9544933563
9544939178
9544939978
9544940119
9544940171
9544952130
9544958105
9544958208
9544958497
9544965640
9544973579
9544977722
9544983370
9544983389
9544983897
9544984932
9544988408
9544989748
9544994368
9545114865
9547177600
9550713449
9551510782
9552541816
9557598978
9557997414
9558007596
9560000000
9561611709
9562000735
9562004743
9562005950
9562006342
9562006527
9562007547
9562009227
9562018593
9562019012
9562025732
9562026139
9562030978
9562036748
9562036981
9562038674
9562039090
9562042175
9562046423
9562051130
9562054080
9562056099
9562056298
9562057046
9562060616
9562063549
9562064575
9562065372
9562065907
9562068875
9562070644
9562072206
9562078197
9562078580
9562088868
9562094340
9562098959
9562107726
9562116887
9562117405
9562118585
9562125841
9562133400
9562134273
9562140038
9562152946
9562154329
9562161870
9562166330
9562179584
9562180330
9562184575
9562185328
9562190669
9562193768
9562197811
9562198991
9562200552
9562200940
9562201641
9562206931
9562221752
9562223141
9562231168
9562234690
9562238368
9562241927
9562251973
9562260881
9562272880
9562276952
9562278338
9562283576
9562287187
9562287970
9562291696
9562292557
9562293464
9562293558
9562295793
9562310641
9562313520
9562316791
9562318274
9562318638
9562335324
9562338807
9562354227
9562354239
9562354371
9562356830
9562361187
9562366655
9562366746
9562369110
9562375128
9562376000
9562382363
9562388106
9562392081
9562402484
9562403163
9562405640
9562406247
9562407444
9562416770
9562422699
9562423385
9562424394
9562432817
9562432959
9562438104
9562439053
9562445794
9562448194
9562450603
9562454983
9562456068
9562458289
9562472130
9562477700
9562480402
9562481587
9562493923
9562494905
9562497861
9562501209
9562502859
9562513145
9562513289
9562520034
9562521372
9562525767
9562526182
9562530078
9562534559
9562539040
9562540535
9562543217
9562546853
9562548725
9562552000
9562560585
9562563124
9562564457
9562565035
9562567197
9562568112
9562569945
9562570494
9562573391
9562574034
9562580785
9562589138
9562593520
9562609657
9562616658
9562625030
9562628129
9562631544
9562637650
9562637907
9562638309
9562639164
9562640712
9562641302
9562651901
9562651997
9562658372
9562665720
9562668882
9562673059
9562673450
9562676329
9562677454
9562677802
9562678971
9562681637
9562682282
9562689681
9562693317
9562695170
9562704958
9562723480
9562727299
9562732721
9562733068
9562751460
9562753373
9562764076
9562770698
9562788940
9562790933
9562800337
9562802105
9562802214
9562804979
9562805639
9562808135
9562815435
9562817021
9562820156
9562825950
9562827503
9562831304
9562841966
9562843379
9562845747
9562848275
9562850559
9562850841
9562851767
9562851868
9562854279
9562859178
9562859701
9562860152
9562864005
9562869787
9562872636
9562885166
9562887004
9562888728
9562895685
9562897187
9562897396
9562898511
9562899343
9562906360
9562906868
9562915048
9562922035
9562924502
9562926514
9562931235
9562946658
9562953766
9562953962
9562954096
9562960050
9562962877
9562970555
9562971563
9562973918
9562981562
9562988657
9562994224
9562999610
9563038281
9566433132
9566566797
9567000003
9567016027
9567017346
9567019112
9567019118
9567023814
9567025845
9567027087
9567028074
9567032732
9567034753
9567042519
9567046060
9567047447
9567049070
9567052309
9567055990
9567062105
9567065572
9567068144
9567068751
9567075920
9567076656
9567085151
9567086602
9567088744
9567095680
9567097068
9567099021
9567099226
9567106210
9567107000
9567107874
9567109046
9567111381
9567113461
9567116544
9567117429
9567118435
9567122544
9567124663
9567126076
9567129987
9567131626
9567135106
9567136735
9567138280
9567143988
9567161404
9567162811
9567171930
9567180660
9567187044
9567195972
9567204995
9567219044
9567220812
9567221652
9567222124
9567224295
9567226601
9567228773
9567231953
9567235951
9567241607
9567244943
9567249230
95672545704
9567260147
9567266825
9567276563
9567278292
9567286797
9567288654
9567289399
9567313060
9567318988
9567322300
9567329208
9567330771
9567331250
9567332327
9567333584
9567342369
9567347474
9567350178
9567351868
9567353621
9567362653
9567366972
9567370777
9567371606
9567375595
9567377375
9567377446
9567378292
9567378301
9567382277
9567386866
9567387369
9567395846
9567398787
9567407845
9567409017
9567417418
9567421355
9567437601
9567441195
9567451199
9567455270
9567457941
9567458327
9567462239
9567462574
9567467126
9567469899
9567470822
9567476648
9567480233
9567480460
9567490497
9567492926
9567493703
9567501377
9567503116
9567503556
9567504435
9567509792
9567510000
9567516680
9567517854
9567519396
9567519773
9567519995
9567520234
9567523277
9567528609
9567531679
9567533405
9567535370
9567541411
9567541699
9567548773
9567549182
9567557151
9567558530
9567560047
9567563600
9567564459
9567569570
9567576802
9567577181
9567579523
9567585020
9567585961
9567588028
9567590399
9567598490
9567610673
9567616027
9567623849
9567624090
9567626151
9567626204
9567629325
9567630221
9567634272
9567638384
9567639000
9567640564
9567643727
9567645136
9567654676
9567655760
9567667931
9567677982
9567679344
9567691153
9567696295
9567698239
9567699568
9567707908
9567712450
9567712731
9567722083
9567729828
9567739910
9567740297
9567740305
9567742671
9567742932
9567757304
9567759476
9567760206
9567760847
9567761292
9567761465
9567765215
9567765230
9567766021
9567768209
9567770408
9567773132
9567773329
9567774033
9567777313
9567777480
9567784257
9567787256
9567789898
9567795628
9567800133
9567800654
9567809213
9567819512
9567820000
9567820220
9567820563
9567825926
9567836872
9567840187
9567840413
9567840688
9567843944
9567849520
9567852164
9567857311
9567859880
9567870044
9567875946
9567876883
9567877222
9567878049
9567878207
9567878771
9567878910
9567883312
9567883560
9567888804
9567896443
9567896532
9567897279
9567898589
9567900103
9567909007
9567915378
9567919252
9567924207
9567927117
9567929325
9567932463
9567947855
9567956387
9567957890
9567965253
9567966882
9567968951
9567970575
9567976913
9567985405
9567989341
9567993033
9570000000
9576552180
9578291414
9581543106
9582323252
9585936375
9593853291
9595948746
9595967424
9597016857
9599617596
9600615967
9605003371
9605004285
9605004733
9605008874
9605009142
9605009408
9605010990
9605017392
9605020288
9605024592
9605027345
9605028537
9605029966
9605031494
9605033990
9605035579
9605039277
9605041805
9605043950
9605045420
9605050025
9605050359
9605054684
9605058350
9605065752
9605068533
9605074269
9605078875
9605082705
9605083221
9605083743
9605084189
9605085058
9605087026
9605087065
9605089043
9605089211
9605090650
9605091592
9605095858
9605102949
9605104980
9605105755
9605112082
9605113997
9605119920
9605120565
9605121000
9605129348
9605131527
9605149418
9605150077
9605152331
9605152493
9605153779
9605158807
9605163930
9605167437
9605169429
9605181003
9605181312
9605183481
9605185076
9605186579
9605189836
9605190728
9605196499
9605197312
9605200407
9605204876
9605205309
9605208851
9605208932
9605211286
9605216712
9605217516
9605222190
9605224546
9605230082
9605230719
9605236435
9605237729
9605246875
9605247123
9605247478
9605249148
9605249884
9605259635
9605260388
9605262106
9605262419
9605271005
9605282706
9605292512
9605295230
9605295621
9605299393
9605299754
9605302235
9605314242
9605314760
9605320093
9605323611
9605335604
9605335793
9605339125
9605339528
9605341435
9605342830
9605344556
9605345465
9605348925
9605352626
9605359033
9605363155
9605370313
9605373316
9605373893
9605381855
9605384308
9605385757
9605388458
9605390450
9605391112
9605395242
9605396119
9605400799
9605401020
9605404765
9605407568
9605411855
9605416005
9605416468
9605417731
9605418478
9605420256
9605420308
9605421093
9605428858
9605431917
9605433455
9605434969
9605436428
9605441691
9605443254
9605447438
9605448390
9605453144
9605454597
9605462459
9605467063
9605467403
9605468631
9605470067
9605470270
9605481240
9605483551
9605492550
9605493486
9605495312
9605497112
9605497229
9605501157
9605504820
9605508245
9605509082
9605509571
9605512094
9605512858
9605519620
9605520317
9605530388
9605533205
9605537230
9605537584
9605541479
9605542210
9605545231
9605559665
9605559889
9605560049
9605560905
9605564074
9605581914
9605583551
9605583972
9605588442
9605588550
9605591193
9605591328
9605594847
9605595379
9605597115
9605597859
9605608915
9605612110
9605612467
9605612478
9605614556
9605628166
9605633628
9605638417
9605638994
9605647048
9605651556
9605659415
9605660483
9605661474
9605663025
9605664694
9605667756
9605668536
9605669268
9605676780
9605677711
9605678484
9605680949
9605693378
9605694153
9605695390
9605695424
9605700703
9605702954
9605703542
9605705818
9605711348
9605713276
9605713894
9605714412
9605721473
9605723980
9605725141
9605730024
9605730220
9605733206
9605733467
9605733636
9605741802
9605751844
9605756161
9605770741
9605770970
9605772009
9605776638
9605777284
9605780735
9605782255
9605782607
9605783472
9605787048
9605788248
9605791103
9605795057
9605798721
9605801336
9605802717
9605806871
9605813613
9605818485
9605819238
9605820164
9605823517
9605824349
9605832978
9605835847
9605855979
9605858292
9605862757
9605866605
9605870084
9605877078
9605887651
9605890501
9605890565
9605895953
9605899797
9605908324
9605911201
9605912151
9605916504
9605916750
9605930038
9605932579
9605933173
9605935500
9605950297
9605950588
9605957889
9605965536
9605971784
9605972369
9605972385
9605972665
9605977275
9605980507
9605983020
9605989184
9605995175
9605995679
9605996833
9605999773
9606978726
9610000000
9611131915
9611237619
9611480351
9611897606
9615779743
9618884800
9619630263
9619974491
9620223903
9622781118
9625020202
9625040404
9628087266
9629815314
9632411535
9632719342
9633001888
9633003499
9633003780
9633004703
9633010938
9633011186
9633011336
9633012732
9633015180
9633021616
9633025196
9633028743
9633029935
9633033298
9633035071
9633035083
9633035522
9633036484
9633037865
9633038139
9633045430
9633050058
9633050168
9633050711
9633064894
9633066248
9633066802
9633066915
9633080563
9633081150
9633081198
9633082358
9633083565
9633084046
9633086270
9633088377
9633089555
9633090202
9633093451
9633094398
9633101373
9633104098
9633119643
9633120357
9633120511
9633120989
9633121889
9633127338
9633131510
9633133780
9633141875
9633145331
9633147364
9633155036
9633158440
9633160890
9633163529
9633166824
9633169253
9633172120
9633172724
9633177608
9633178756
9633178958
9633180165
9633182669
9633187038
9633188360
9633188644
9633189741
9633195744
9633197099
9633198831
9633198992
9633203424
9633203689
9633211044
9633212953
9633224915
9633227343
9633228491
9633230491
9633230777
9633232535
9633241998
9633243041
9633245147
9633251797
9633256413
9633257436
9633257584
9633258985
9633259088
9633259390
9633271977
9633276008
9633282213
9633284893
9633293672
9633294992
9633300780
9633301873
9633306063
9633306953
9633309188
9633310628
9633311920
9633317060
9633320817
9633326911
9633326930
9633330099
9633332202
9633335504
9633336167
9633339786
9633340590
9633345358
9633351002
9633354468
9633355988
9633356648
9633361883
9633361930
9633364303
9633366649
9633373866
9633377444
9633377530
9633377962
9633382686
9633391233
9633391871
9633394402
9633394421
9633396464
9633397157
9633398754
9633398882
9633406741
9633412778
9633414595
9633415856
9633415962
9633416734
9633425690
9633427324
9633429172
9633433600
9633439946
9633447467
9633456722
9633457108
9633458392
9633458435
9633458460
9633472016
9633472572
9633476649
9633477217
9633478477
9633483141
9633485168
9633488489
9633494447
9633497812
9633497908
9633498603
9633500701
9633504181
9633527421
9633530127
9633530277
9633538051
9633538482
9633548001
9633548901
9633553672
9633559096
9633564307
9633577888
9633579191
9633581877
9633586112
9633588228
9633590245
9633591725
9633596938
9633597007
9633598877
9633607317
9633609674
9633610928
9633611007
9633614260
9633619572
9633620130
9633624872
9633632024
9633636609
9633636831
9633639363
9633643069
9633651917
9633661218
9633679751
9633679776
9633685833
9633690191
9633700764
9633703605
9633706650
9633710390
9633718511
9633723434
9633726082
9633744766
9633748601
9633751754
9633764156
9633764687
9633774111
9633776083
9633789981
9633790881
9633791572
9633791650
9633795182
9633795607
9633797476
9633802145
9633808878
9633812757
9633813176
9633814123
9633819322
9633823211
9633826968
9633832658
9633833605
9633835354
9633838727
9633847236
9633858096
9633859194
9633866686
9633867369
9633867420
9633867965
9633868000
9633875239
9633875624
9633880953
9633884464
9633885338
9633886043
9633889207
9633889441
9633892849
9633894763
9633899216
9633909971
9633914615
9633915223
9633916703
9633930984
9633937613
9633938883
9633941144
9633942198
9633945691
9633950552
9633951143
9633952933
9633963523
9633968711
9633973439
9633973881
9633974022
9633974952
9633981292
9633981969
9633982181
9633992877
9633996415
9633997473
9633998293
9633998913
9633999900
9639000657
9645000790
9645002060
9645004997
9645005130
9645005315
9645006071
9645006085
9645006435
9645006605
9645010490
9645013504
9645019890
9645025968
9645030359
9645033988
9645038582
9645041224
9645043233
9645047530
9645051420
9645053893
9645060500
9645063673
9645068934
9645069496
9645070547
9645075261
9645075534
9645079779
9645082498
9645082612
9645083104
9645083674
9645084401
9645084433
9645085297
9645086484
9645088774
9645090367
9645090580
9645091921
9645092668
9645097480
9645100497
9645102359
9645107540
9645107986
9645112182
9645114190
9645118490
9645120997
9645121296
9645122782
9645124113
9645124161
9645124430
9645125441
9645126854
9645127146
9645130646
9645134979
9645136241
9645138977
9645141858
9645143704
9645148595
9645152731
9645153954
9645154369
9645158163
9645179285
9645185993
9645188286
9645195259
9645200501
9645219270
9645221918
9645221995
9645229285
9645231438
9645233633
9645244417
9645250829
9645258528
9645267484
9645269881
9645273515
9645277219
9645278962
9645279160
9645292615
9645298822
9645304445
9645313269
9645314477
9645315795
9645317091
9645318087
9645318116
9645321791
9645322201
9645327909
9645331895
9645349318
9645355350
9645356874
9645360413
9645363034
9645364071
9645366996
9645388151
9645389105
9645394498
9645403704
9645405468
9645408923
9645409745
9645414327
9645416063
9645416123
9645416578
9645416615
9645419972
9645426784
9645429868
9645429896
9645433628
9645436047
9645437550
9645440135
9645441035
9645441757
9645441869
9645442423
9645446894
9645448115
9645449683
9645449818
9645452608
9645455199
9645455350
9645455558
9645457371
9645465352
9645466868
9645467054
9645469847
9645480393
9645484915
9645485721
96454866454
9645488428
9645493264
9645496000
9645498908
9645500694
9645505605
9645506957
9645507868
9645508652
9645511538
9645513524
9645515516
9645518117
9645530444
9645533770
9645535536
9645537381
9645538084
9645541313
9645541562
9645546455
9645548052
9645561727
9645561729
9645562198
9645564167
9645569887
9645569935
9645571487
9645573655
9645575617
9645578769
9645587944
9645590511
9645607532
9645618469
9645628474
9645629223
9645631958
9645633906
9645634402
9645639616
9645644729
9645651501
9645652656
9645653536
9645655623
9645656333
9645656689
9645676026
9645677989
9645678813
9645685479
9645685715
9645690299
9645693103
9645694844
9645695761
9645697117
9645698735
9645706527
9645708090
9645708859
9645717064
9645717610
9645717841
9645717944
9645724576
9645726836
9645733836
9645739637
9645746376
9645748272
9645751678
9645752772
9645754070
9645755442
9645755680
9645756667
9645764161
9645770190
9645773153
9645778671
9645784797
9645785611
9645789985
9645795000
9645796709
9645796891
9645800247
9645801840
9645804780
9645809465
9645811445
9645811947
9645812275
9645813750
9645814964
9645817297
9645817337
9645822998
9645823020
9645825599
9645825885
9645827924
9645833035
9645841136
9645846042
9645849835
9645854243
9645854767
9645859240
9645860480
9645865092
9645868762
9645878508
9645880858
9645881849
9645886196
9645897912
9645903619
9645907000
9645913283
9645914935
9645926696
9645928888
9645935101
9645937664
9645938040
9645942107
9645942570
9645944658
9645947555
9645957021
9645958608
9645960355
9645964520
9645985100
9645987291
9645988497
9645996947
9645999199
9646118983
9646599733
9648978879
9650094224
9650603666
9653945046
9654745143
96552553265
96555848583
9656000848
9656000943
9656005899
9656006274
9656009539
9656011777
9656011976
9656013827
9656020392
9656025880
9656031582
9656031962
9656032164
9656033208
9656035701
9656040073
9656040345
9656041069
9656041149
9656041170
9656045806
9656046188
9656050099
9656050728
9656058055
9656058150
9656064351
9656066690
9656068900
9656069592
9656070716
9656071976
9656073654
9656075540
9656077524
9656077767
9656083512
9656087916
9656096018
9656096828
9656098358
9656100403
9656100619
9656100913
9656102965
9656105688
9656110278
9656114234
9656114246
9656115742
9656116022
9656117992
9656118209
9656121159
9656124682
9656128764
9656130046
9656132313
9656132320
9656133172
9656133665
9656133764
9656134839
9656135518
9656135692
9656135758
9656153018
9656155872
9656156073
9656156435
9656158721
9656159433
9656160180
9656161092
9656168074
9656169863
9656183003
9656184200
9656185388
9656185622
9656193720
9656199091
9656207212
9656208006
9656213533
9656214014
9656215090
9656216487
9656218617
9656221371
9656223922
9656224533
9656224915
9656227455
9656229340
9656231180
9656231456
9656235492
9656246056
9656251127
9656254277
9656256046
9656262995
9656263171
9656265126
9656270737
9656276410
9656281938
9656293992
9656294264
9656297558
9656298751
9656298827
9656299590
9656300024
9656300099
9656310396
9656313694
9656314002
9656320056
9656324268
9656333897
9656340817
9656349758
9656350386
9656351149
9656352737
9656353513
9656354415
9656354645
9656356086
9656356099
9656356442
9656361924
9656362655
9656366480
9656372503
9656377350
9656378216
9656380087
9656381222
9656382818
9656384813
9656385421
9656387295
9656388593
9656398517
9656399760
9656402852
9656410276
9656410300
9656413740
9656419218
9656419991
9656420968
9656422906
9656424816
9656425000
9656425005
9656425831
9656430161
9656431997
9656432542
9656433206
9656433933
9656434956
9656436936
9656438688
9656438960
9656443533
9656448985
9656456461
9656466367
9656471908
9656472550
9656476905
9656478022
9656480288
9656481698
9656484366
9656487369
9656487997
9656491004
9656491949
9656492984
9656498089
9656500224
9656500423
96565033019
9656506028
9656515060
9656531388
9656532690
9656536874
9656538685
9656541316
9656544515
9656547315
9656548887
9656550383
9656554511
96565559291
9656557283
9656561373
9656563355
9656565101
9656568456
9656569341
9656570990
96565761934
9656584512
9656586958
9656591053
9656591860
9656594895
9656598026
9656606042
9656608192
9656609595
9656614321
9656614949
9656624263
9656624372
9656624922
9656625257
9656642760
9656644992
9656648701
9656649924
9656651643
9656658666
9656659290
9656662662
9656664303
9656665935
9656666929
96566785038
96566789357
9656683381
9656686825
9656688415
9656688471
9656693050
9656696373
96566970636
9656699711
9656703814
9656710064
9656711209
9656714055
9656716236
9656716514
9656716844
9656730116
9656731566
9656731666
9656734611
9656735874
9656736652
9656737872
9656743349
9656745454
9656746883
9656755175
9656755929
9656755967
9656757858
9656757892
9656759018
9656765520
9656767712
96567685740
9656771606
9656772434
9656774893
9656789037
9656791329
9656791816
9656801863
9656802495
9656807987
9656813874
9656815953
9656823324
9656828606
9656828908
9656830065
9656830129
9656830270
9656831099
9656832308
9656834656
9656837158
9656843476
9656856081
9656860735
9656860889
9656861945
9656864316
9656868731
9656869943
9656870542
9656871696
9656878929
9656880542
9656883080
9656896430
9656897318
9656897388
9656897447
9656897570
9656899485
9656902170
9656902886
9656913863
9656917291
9656917615
9656924905
9656931433
9656933813
9656933849
9656935116
9656943115
9656947498
9656949072
9656951639
9656952782
9656962817
96569643803
9656966109
9656966947
9656967444
9656976657
9656978533
9656978565
9656982111
9656982141
9656982528
9656983047
9656984770
9656986763
9656987078
9656992222
9656992392
9656994067
9656994777
9656997355
96594980506
96597659357
96599162325
96599857228
9660000000
9662592588
9663033118
9663340541
9664736869
966502236067
966502473290
966502803642
966505675986
966506920289
96654275724
966545721435
966556045298
966557872145
966566858500
9668130904
9673860877
9674877452
9676057371
9676164588
9677027297
9679599720
9680768391
9686030300
9686139975
9686448911
9686570108
96892378147
96892586867
96893504023
96895218702
96896025345
96896349071
96898852838
9695278047
9703191978
9707564343
9711366929
971502169316
971503156961
971504265336
971504682895
971505538328
971505578671
971505876853
971505968571
971506568498
971507208993
971507534592
971508069410
971508266697
971509344869
971509967469
971522184994
97152703323
971543000725
971551046405
97155711691
971557625700
971561214816
971561295531
971562765189
971563137565
9717053478
9717705722
9717832386
9718768787
9724416104
9725036750
9729783110
9731866550
97333089323
97333111974
97333307181
97333341221
97333427017
97333449456
97333734226
97334033071
97335564578
97335962456
97336065090
97336067025
97336426426
97336564093
97338981282
97339087273
97339175704
97339206570
97339228918
97339550786
97339772600
97339894404
9737852685
9739849633
9740004631
9740754378
9742011206
9742924693
97430348500
97433230881
9743372022
9744002739
9744009977
9744012470
9744012487
9744030568
9744030590
9744030598
9744031610
9744033998
9744035339
9744040329
9744042222
9744046355
9744047740
9744051382
9744055668
9744059579
9744069330
9744070447
9744072784
9744074791
9744076106
9744077011
9744080164
9744085174
9744085509
9744088117
9744091568
9744094047
9744096038
9744098171
9744098651
9744100822
9744103953
9744106744
9744107075
9744107290
9744108404
9744111063
9744115650
9744116525
9744120812
9744121984
9744135532
9744137806
9744138975
9744142918
9744144975
9744144992
9744148333
9744149550
9744151453
9744152142
9744153116
9744154529
9744157433
9744163009
9744170169
9744173102
9744175908
9744177442
9744177922
9744183422
9744184335
9744187295
9744187509
9744188699
9744199023
9744205828
9744208330
9744209225
9744213378
9744213680
9744221364
9744221590
9744222487
9744224704
9744225210
9744228624
9744229385
9744235272
9744240512
9744255735
9744264156
9744270078
9744271404
9744273141
9744273971
9744276070
9744282300
9744288622
9744288714
9744297032
9744297702
9744303140
9744313694
9744315127
9744316333
9744316560
9744322446
9744323919
9744324218
9744330225
9744335314
9744342077
9744343447
9744351106
9744354116
9744355071
9744360143
9744363575
9744364764
9744368956
9744369839
9744382351
9744385009
9744392256
9744397875
9744398523
9744402431
9744403156
9744403406
9744403987
9744404705
9744413749
9744413840
9744414844
9744416724
9744416816
9744418878
9744420281
9744421756
9744421779
9744424114
9744424683
9744424945
9744425526
9744427085
9744427763
9744430343
9744430845
9744434892
9744440467
9744442916
9744443595
9744446019
9744448276
9744450418
9744454400
9744454612
9744457668
9744459990
9744462178
9744463729
9744475635
9744475695
9744478251
9744480604
9744485592
9744485682
9744487759
9744493958
9744495101
9744495739
9744497446
9744498110
9744506550
9744508975
9744510895
9744517299
9744517772
9744518332
9744518705
9744524548
9744529258
9744530360
9744534617
9744538478
9744538619
9744538876
9744538898
9744539368
9744540231
9744541335
9744543188
9744544340
9744546147
9744547373
9744547780
9744553830
9744554401
9744557605
9744558542
9744559305
9744559703
9744560280
9744561234
9744561774
9744562758
9744562836
9744565637
9744569335
9744572172
9744581592
9744582939
9744584567
9744589295
9744601974
9744607262
9744612819
9744616469
9744618313
9744625506
9744628009
9744630990
9744633898
9744635167
9744646687
9744649975
9744651341
9744652748
9744652763
9744653847
9744654813
9744659185
9744662030
9744669733
9744671984
9744675371
9744678890
9744686912
9744687796
9744688788
9744690899
9744693932
9744703111
9744703126
9744708600
9744709425
9744709828
9744710909
9744711160
9744714187
9744722921
9744724065
9744724088
9744731397
9744732942
9744734733
9744735177
9744745413
9744746218
9744747297
9744748517
9744749272
9744757202
9744758574
9744759211
9744763123
9744770200
9744774397
9744775637
9744777099
9744777599
9744778166
9744778388
9744778453
9744779512
9744782233
9744784993
9744785038
9744788563
9744801310
9744802659
9744803387
9744806001
9744810890
9744812745
9744817516
9744817730
9744822057
9744822142
9744823238
9744833664
9744841767
9744842147
9744842959
9744843478
9744847071
9744851127
9744855342
9744856298
9744864232
9744866202
9744866655
9744867518
9744868428
9744871921
9744872468
9744873507
9744881931
9744883101
9744883995
9744885925
9744900947
9744902278
9744904135
9744906638
9744908079
9744909231
9744909402
9744925004
9744928668
9744933461
9744933748
9744934162
9744948320
9744955622
9744955911
9744956449
9744957437
9744959471
9744960011
9744961379
9744963877
9744964199
9744970714
9744972696
9744974069
9744976175
9744983357
9744991756
9744992420
9744994145
9744995129
9744995520
9745002556
9745004502
9745004745
9745005180
9745005318
9745006337
9745006897
9745009133
9745009234
9745016045
9745017688
9745018935
9745019375
9745020628
9745020650
9745022241
9745023163
9745024681
9745025569
9745027593
97450306681
9745033977
9745034279
9745035101
9745037506
9745038717
9745042028
9745042850
9745045015
9745045984
9745046712
9745047037
9745051298
9745051567
97450521529
9745054549
9745056284
9745056490
9745062261
9745065833
9745067781
9745071045
9745073353
9745075194
9745075697
9745079556
9745083521
9745085885
9745087380
9745090172
9745091679
9745099657
9745105126
9745108018
9745108275
9745109592
9745111716
9745111972
9745119305
9745121100
9745124249
9745126804
9745128923
9745132271
9745133032
9745137387
9745140571
9745143590
9745143666
9745144554
9745145041
9745145642
9745147788
9745148443
9745148979
9745149130
9745151633
9745157178
9745157598
9745158263
9745158843
9745161274
9745164302
9745164717
9745166747
9745166930
9745167857
9745168873
9745168973
9745172742
9745172909
9745176655
9745176813
9745177247
9745180943
9745181385
9745189899
9745194332
9745199092
9745200889
9745201031
9745202734
9745203012
9745205052
9745206974
9745207434
9745207775
9745208819
9745219498
9745226442
9745226500
9745227171
9745227604
9745230904
9745232727
9745234302
9745235058
9745235842
9745237970
9745240120
9745240421
9745242048
9745244411
9745248614
9745251207
9745251326
9745255125
9745257071
9745260434
9745262060
9745262511
9745266697
9745267514
9745269909
9745270551
9745272036
9745276934
9745277324
9745281376
9745282590
9745287763
9745291843
9745293584
9745294700
9745295381
9745296401
9745298314
9745299912
9745300198
9745300448
9745300936
9745301414
9745302142
9745309382
9745312055
9745314518
9745319115
9745330078
9745330676
9745330692
9745333196
9745339368
9745339736
9745340357
9745341376
9745344325
9745344409
9745346994
9745348773
9745348893
9745351769
9745353291
9745358671
9745358815
9745361916
9745362098
9745362173
9745362425
9745364853
9745366367
9745367059
9745383250
9745393679
9745394008
9745396431
9745396433
9745405322
9745413413
9745421589
9745424089
9745425775
9745426019
9745426492
9745428878
9745430795
9745438989
9745440003
9745450374
9745451155
9745457418
9745458874
9745462053
9745462337
9745464493
9745464661
9745467199
9745468540
9745471321
9745472239
9745475940
9745476026
9745478647
9745484006
9745484548
9745486290
9745488312
9745490955
9745492680
9745498424
9745502850
97455045684
9745505733
9745507262
9745510678
9745515817
9745520516
97455243078
9745528651
9745529505
9745534386
9745539612
9745541265
9745545327
9745547241
9745547387
97455493159
9745550630
9745554224
9745569439
9745572864
9745572943
9745576777
9745579128
9745581137
9745582894
97455840863
9745585388
97455920357
9745593190
9745593405
9745593818
9745594411
9745595166
9745595522
97455967892
9745597513
9745599760
9745599882
9745603435
9745604619
9745604911
9745604985
9745608777
9745625145
9745628105
9745630025
9745639152
9745647096
9745650050
9745651234
9745652566
9745653077
9745660883
9745661140
9745664555
9745668068
9745672423
9745673186
9745675474
9745676561
9745679555
9745682366
9745684787
9745692827
9745694881
9745695653
9745696065
9745696271
9745699100
9745699695
9745700440
9745702054
9745703039
9745703318
9745709454
9745710831
9745712606
9745720571
9745732966
9745735336
9745737093
9745743136
9745746147
9745747352
9745749287
9745749923
9745751040
9745752211
9745754891
9745755599
9745755695
9745756844
9745764688
9745766252
9745768993
9745769979
9745770309
9745770989
9745771381
9745771385
9745771820
9745772411
9745776119
9745777242
9745779886
9745780111
9745782745
9745786825
9745801377
9745801749
9745802137
9745807604
9745807696
9745807829
9745807977
9745809326
9745811149
9745814485
9745814551
9745820228
9745823094
9745823619
9745824875
9745826542
9745839809
9745846319
9745846535
9745848413
9745853875
9745857080
9745858082
9745859079
9745859089
9745860365
9745869667
9745871339
9745872010
9745874000
9745875797
9745877321
9745878413
9745886317
9745886365
9745891701
9745898363
9745898910
9745901135
9745902256
9745905948
9745907690
9745910611
9745916727
9745919130
9745923311
9745924031
9745924587
9745924852
9745926771
9745927782
9745930751
9745932798
9745933370
9745933716
9745936426
9745936472
9745937748
9745941822
9745953321
9745955500
9745956143
9745961127
9745963241
9745968545
9745975899
9745976824
9745985006
9745985102
9745988897
9745989863
9745989987
9745991880
9745993826
9745995445
9745997007
9745998812
9745999206
9745999525
9745999824
9745999843
9746007779
9746008083
9746012747
9746013907
9746016351
9746021135
9746023331
9746026687
9746026984
9746029935
9746032760
9746039637
9746041145
9746042732
9746044144
9746046778
9746047602
9746048488
9746051341
9746061849
9746067410
9746072690
9746074741
9746076840
9746082055
9746086921
9746101497
9746108805
9746110963
9746111647
9746112238
9746112699
9746115448
9746119145
9746120591
9746130292
9746131593
9746137477
9746137871
9746138686
9746138783
9746142830
9746145185
9746147958
9746148737
9746149838
9746163012
9746168144
9746172626
9746174325
9746176016
9746184708
9746186537
9746188304
9746190372
9746192323
9746195057
9746198884
9746198964
9746200304
9746201585
9746202323
9746207579
9746209594
9746212795
9746217122
9746220275
9746222400
9746226278
9746229001
9746231765
9746231997
9746232210
9746237795
9746246226
9746255190
9746255625
9746260750
9746264917
9746265773
9746266637
9746268456
9746274972
9746277277
9746279949
9746280970
9746285390
9746286101
9746289279
9746290235
9746290929
9746292297
9746292505
9746296965
9746304564
9746304951
9746307773
9746307980
9746311099
9746312466
9746312696
9746319887
9746321672
9746321679
9746335994
9746337747
9746341741
9746347425
9746348199
9746350013
9746352257
9746360805
9746365425
9746375136
9746375476
9746376781
9746378882
9746384254
9746384287
9746390469
9746391313
9746397895
9746400857
9746400904
9746405741
9746412127
9746412340
9746415834
9746416411
9746420315
9746428111
9746428450
9746433153
9746447012
9746453212
9746458074
9746466092
9746467106
9746470333
9746470738
9746473550
9746473876
9746475051
9746475804
9746476336
9746476895
9746477845
9746478944
9746479717
9746481937
9746489409
9746493631
9746495230
9746496465
9746498418
9746517497
9746519999
9746523709
9746524060
9746534439
9746539721
9746544695
9746545483
9746547236
9746547290
9746555182
9746563337
9746563732
9746564436
9746565798
9746568763
9746569749
9746572764
9746574024
9746579619
9746579929
9746582021
9746588583
9746592755
9746595298
9746599459
9746605196
9746608033
9746610990
9746613432
9746613492
9746614268
9746614622
9746623409
9746632839
9746639340
9746646106
9746654062
97466542087
9746659515
9746662026
9746669160
9746674413
9746677407
9746677701
9746686285
9746688353
9746696485
9746697047
9746699338
9746701571
9746702364
9746703244
9746703600
9746705020
9746708527
9746710462
9746713853
9746719470
9746722090
9746724641
9746727488
9746727665
9746727948
9746728869
9746729175
9746731011
9746731877
9746733496
9746733611
9746737401
9746746789
9746747525
9746748169
9746764362
9746764757
9746767606
9746769512
9746770563
9746771761
9746781495
9746781662
9746782474
9746783881
9746787685
9746788351
9746797111
9746798505
9746799945
9746801915
9746810413
9746812162
9746813090
9746814755
9746814791
9746820669
9746823435
9746825037
9746825735
9746830771
9746831617
9746836819
9746849028
9746850271
9746850721
9746852231
9746852246
9746861703
9746864497
9746871072
9746871130
9746875003
9746877264
9746881197
9746887012
9746887331
9746895470
9746898670
9746898698
9746899979
9746914885
9746916814
9746917204
9746919822
9746923151
9746926067
9746927231
9746931481
9746935552
9746935560
9746937640
9746947782
9746958758
9746960283
9746967844
9746968909
9746972753
9746977407
9746979271
9746986488
9746986629
9746988631
9746988935
9746993777
9747000097
9747000170
9747000367
9747000811
9747003332
9747012153
9747012534
9747016809
9747020500
9747021314
9747024955
9747029357
9747030049
9747032303
9747033312
9747036133
9747037989
9747042432
9747049803
9747053101
9747054883
9747057155
9747059021
9747065812
9747066040
9747072432
9747072440
9747078178
9747088309
9747100552
9747102313
9747102346
9747110099
9747114518
9747125259
9747127477
9747127966
9747128320
9747129079
9747139079
9747143407
9747148803
9747149414
9747149532
9747150033
9747154322
9747158276
9747161278
9747166390
9747167976
9747170011
9747170872
9747174469
9747177299
9747180560
9747183673
9747191301
9747191365
9747193374
9747194224
9747195905
9747197393
9747198715
9747203374
9747204038
9747204849
9747205029
9747205143
9747207867
9747210502
9747211531
9747221000
9747222515
9747223085
9747233145
9747233893
9747234342
9747236146
9747236595
9747243520
9747246952
9747247001
9747249808
9747252589
9747252811
9747255226
9747258205
9747261636
9747262426
9747265741
9747266179
9747269792
9747275180
9747280047
9747284890
9747286594
9747290276
9747296536
9747304476
9747305544
9747309076
9747310303
9747314386
9747315729
9747316348
9747323265
9747330195
9747333432
9747333666
9747337008
9747343447
9747344333
9747344472
9747346882
9747347632
9747348318
9747350538
9747351680
9747352222
9747354527
9747359039
9747363079
9747364191
9747367080
9747372467
9747374749
9747377753
9747378023
9747382112
9747385181
9747388410
9747388503
9747388600
9747391013
9747397305
9747402056
9747402837
9747406055
9747407231
9747410913
9747411714
9747421767
9747422303
9747423690
9747427444
9747427561
9747427680
9747429566
9747434042
9747438726
9747439387
9747439860
9747444972
9747446767
9747455841
9747456004
9747459464
9747460277
9747463571
9747463966
9747475748
9747477372
9747485388
9747486480
9747486671
9747489028
9747500352
9747501388
9747501764
9747507352
9747513632
9747514114
9747514412
9747524121
9747538207
9747545170
9747546095
9747553642
9747554080
9747555027
9747556184
9747557261
9747558311
9747560724
9747562699
9747565186
9747570979
9747572296
9747572784
9747574285
9747575045
9747580194
9747585648
9747586902
9747587771
9747588703
9747589572
9747590427
9747592910
9747599867
9747600572
9747605256
9747606679
9747608017
9747612576
9747613808
9747614249
9747616795
9747616879
9747620792
9747622992
9747623384
9747625451
9747630400
9747631913
9747634502
9747635292
9747639173
9747642136
9747651312
9747654943
9747657685
9747663234
9747665942
9747666006
9747670270
9747676459
9747676947
9747677438
9747677722
9747678067
9747678075
9747678234
9747681959
9747686542
9747688607
9747689727
9747692552
9747699334
9747700409
9747700474
9747703877
9747705764
9747706903
9747707573
9747711985
9747713976
9747716608
9747719053
9747720489
9747720681
9747723436
9747724574
9747727114
9747732094
9747733428
9747733651
9747738601
9747741199
9747746618
9747747221
9747747926
9747750659
9747758119
9747772473
9747778660
9747788973
9747795347
9747795992
9747798863
9747800629
9747806626
9747809006
9747812448
9747815788
9747819397
9747825618
9747831523
9747836858
9747837474
9747838867
9747840031
9747841373
9747845911
9747849053
9747864716
9747870305
9747870539
9747871464
9747873282
9747873341
9747884184
9747884525
9747885327
9747890687
9747898397
9747902124
9747908382
9747911071
9747912233
9747912794
9747914741
9747927219
9747927960
9747934680
9747941888
9747945777
9747949932
9747952571
9747955161
9747959584
9747960168
9747960327
9747961122
9747969063
9747969903
9747973793
9747973943
9747974827
9747976076
9747976217
9747976940
9747977308
9747980792
9747984011
9747985617
9747985921
9747986606
9747988314
9747988980
9747990808
9747991262
9747993956
9747994116
9750000000
9751381677
9752500691
9763902361
9764989415
9769143253
9769348198
9769410835
9775407877
9776057440
9778002061
9778003852
9778006038
9778008914
9778013805
9778018382
9778021829
9778022586
9778027723
9778027893
9778028183
9778029417
9778037496
9778045806
9778046507
9778056434
9778057099
9778062997
9778066951
9778067640
9778070562
9778072948
9778081987
9778084858
9778092576
9778096482
9778097994
9778101164
9778107494
9778108766
9778111247
9778111309
9778114394
9778116321
9778123743
9778127964
9778128687
9778129007
9778131109
9778134606
9778136850
9778138311
9778142668
9778143673
9778144962
9778147177
9778150632
9778152151
9778152628
9778155526
9778159313
9778159814
9778164428
9778164758
9778169567
9778174937
9778177834
9778181955
9778182113
9778182527
9778189821
9778189954
9778190941
9778191311
9778192022
9778196299
9778197307
9778198353
9778200378
9778202471
9778203188
9778205438
9778205477
9778205638
9778206592
9778209329
9778212560
9778214295
9778220329
9778221459
9778224377
9778226160
9778226534
9778229590
9778231186
9778233983
9778236460
9778241395
9778244851
9778246750
9778247257
9778248074
9778249493
9778252294
9778256051
9778262258
9778263432
9778274179
9778292491
9778292789
9778297346
9778303382
9778306593
9778308663
9778313732
9778313741
9778317616
9778320272
9778321292
9778321667
9778321910
9778323364
9778324220
9778326330
9778327359
9778330234
9778330986
9778343425
9778345197
9778346054
9778346345
9778349117
9778351392
9778351491
9778353508
9778359160
9778360044
9778361012
9778361586
9778363331
9778367328
9778368837
9778374299
9778378419
9778378441
9778380487
9778381648
9778384910
9778385530
9778386493
9778387191
9778389227
9778389574
9778389893
9778391642
9778392174
9778398716
9778399698
9778402090
9778402435
9778405449
9778407903
9778408157
9778415972
9778436852
9778440262
9778440899
9778443395
9778443653
9778471306
9778473535
9778479008
9778483095
9778483824
9778486178
9778495067
9778499420
9778499600
9778511066
9778512931
9778515660
9778516885
9778528043
9778533490
9778536435
9778539313
9778543013
9778548048
9778548424
9778549781
9778550318
9778550351
9778550969
9778551149
9778558200
9778560602
9778561535
9778564918
9778565043
9778574299
9778577378
9778579299
9778583854
9778586181
9778588795
9778593248
9778702280
9778705441
9778706993
9778715353
9778717802
9778720719
9778722431
9778722707
9778732033
9778737003
9778738937
9778742196
9778747339
9778753831
9778755163
9778758693
9778762308
9778767810
9778772587
9778772802
9778786382
9778787037
9778790740
9778799105
9778799210
9778808613
9784780465
9787256739
9787932932
9789031768
9789234914
9790123376
9790724058
9791135588
9791137146
9791913302
9793119976
9796646281
9796893388
97970227786
9797204430
9800037007
9801872890
9805225252
9809029504
9809048069
9809088581
9809115512
9809137680
9809209972
9809236796
9809256004
9809256530
9809259161
9809273937
9809403802
9809406109
9809457354
9809474700
9809477777
9809482624
9809484478
9809515264
9809520009
9809553464
9809558008
9809609476
9809640100
9809684097
9809690858
9809728971
9809750786
9809785148
9809794054
9809800424
9809813618
9809813640
9809824775
9809828788
9809850110
9809860311
9809887398
9809898917
9809912366
9809952591
9810338671
9810498858
9810533680
9810602253
9810632614
9811844160
9812179618
9816420400
9818739952
9818966241
9818972723
9820387631
9820566259
9825129585
9825497112
9826280569
9830732212
9832208985
9833038112
9833378231
9833918098
9840041959
9840155275
9840157990
9840159439
9840225702
9840237713
9840444193
9840656232
9840777343
9840958455
9841007765
9841295009
9841633887
9843823020
9843830222
9843877700
9844661208
9844963020
9845075155
9845121296
9845653298
9845961899
9846004225
9846006186
9846008097
9846008355
9846008544
9846009233
9846009244
9846009300
9846010021
9846010040
9846010308
9846012665
9846013047
9846013366
9846014774
9846015225
9846015702
9846016370
9846016815
9846019640
9846020091
9846020263
9846020799
9846022042
9846022781
9846023373
9846023940
9846024272
9846026675
9846027232
9846029246
9846031151
9846032275
9846032413
9846033149
9846036448
9846036480
9846039317
9846039429
9846039484
9846040400
9846041366
9846041495
9846042834
9846043371
9846044497
9846044609
9846044740
9846046210
9846046446
9846050117
9846052574
9846056731
9846057578
9846057697
9846060260
9846061585
9846061909
9846062232
9846062380
9846062559
9846063259
9846063902
9846064910
9846065326
9846066937
9846070157
9846070981
9846071295
9846071719
9846073021
9846077183
9846077350
9846077786
9846079061
9846079750
9846080405
9846081162
9846081214
9846081222
9846081954
9846083683
9846086209
9846086328
9846086522
9846087200
9846087615
9846088992
9846090321
9846090770
9846091154
9846091439
9846091847
9846092524
9846093102
9846093660
9846093684
9846094686
9846094808
9846096803
9846097508
9846097762
9846102254
9846104662
9846106654
9846106990
9846112266
9846113503
9846114717
9846115035
9846115952
9846117377
9846118185
9846121577
9846122605
9846122636
9846124213
9846124813
9846125071
9846125604
9846128866
9846132910
9846134488
9846135271
9846139529
9846143463
9846144001
9846151380
9846151519
9846151715
9846151889
9846155059
9846158111
9846166095
9846166123
9846166344
9846169066
9846170637
9846173631
9846175294
9846176850
9846176933
9846180839
9846180964
9846182104
9846182824
9846183677
9846184545
9846187401
9846188348
9846189569
9846191295
9846196135
9846196642
9846196756
9846199335
9846199947
9846200639
9846200668
9846200997
9846201871
9846203071
9846205475
9846206711
9846208510
9846209475
9846214900
9846217935
9846218541
9846220232
9846221515
9846222632
9846223168
9846223842
9846224106
9846225683
9846229139
9846231974
9846238281
9846239160
9846239898
9846242421
9846242893
9846243120
9846244253
9846245119
9846245588
9846249930
9846250006
9846252449
9846254085
9846257345
9846257610
9846262195
9846262692
9846266461
9846270460
9846272399
9846272845
9846272932
9846276372
9846277171
9846278210
9846283080
9846283477
9846284304
9846287325
9846287336
9846288002
9846289528
9846290654
9846291268
9846291870
9846293125
9846294933
9846295137
9846300044
9846301292
9846301961
9846302211
9846303844
9846304967
9846305486
9846310490
9846312689
9846313848
9846314049
9846314052
9846316310
9846316566
9846320508
9846321709
9846324435
9846325842
9846328492
9846328567
9846331107
9846332259
9846333515
9846333777
9846336859
9846336925
9846338744
9846339651
9846341176
9846344104
9846344277
9846344756
9846347047
9846348664
9846349694
9846351181
9846355196
9846357901
9846362218
9846363560
9846364115
9846364867
9846365369
9846366541
9846376304
9846377131
9846381817
9846382901
9846383498
9846385262
9846385429
9846385574
9846388027
9846388254
9846388818
9846390204
9846393082
9846395555
9846397970
9846401876
9846402071
9846402366
9846404409
9846407100
9846411100
9846411734
9846416574
9846419120
9846421352
9846421513
9846423632
9846425226
9846429219
9846429428
9846429509
9846431351
9846433337
9846435466
9846437385
9846438195
9846438245
9846440228
9846441443
9846443619
9846446353
9846448827
9846450036
9846450388
9846451829
9846452780
9846454004
9846454262
9846455450
9846456887
9846457776
9846459299
9846462811
9846463481
9846464095
9846465010
9846469051
9846469975
9846477112
9846477409
9846478237
9846478373
9846481560
9846482048
9846488037
9846488871
9846493189
9846494238
9846498596
9846500507
9846503808
9846503984
9846507200
9846508853
9846510010
9846512835
9846513854
9846515347
9846516166
9846517691
9846518785
9846521175
9846523552
9846528773
9846534585
9846536260
9846540988
9846541040
9846542443
9846542943
9846542982
9846544168
9846548869
9846551000
9846553627
9846553984
9846556593
9846558149
9846562685
9846573117
9846576755
9846576932
9846578461
9846580454
9846580959
9846581402
9846581466
9846595422
9846595431
9846595615
9846596906
9846597743
9846597848
9846600112
9846600292
9846602883
9846603050
9846608463
9846612777
9846615777
9846618073
9846618413
9846618956
9846619328
9846620200
9846623946
9846625306
9846629449
9846630559
9846633366
9846636183
9846636671
9846637163
9846641515
9846642255
9846646625
9846649822
9846650146
9846650552
9846650611
9846651287
9846651836
9846655844
9846658561
9846658672
9846665007
9846666777
9846672666
9846673340
9846674787
9846675352
9846681812
9846686383
9846688636
9846691970
9846693009
9846696185
9846698785
9846700893
9846701233
9846705110
9846706703
9846711111
9846712366
9846713161
9846713605
9846714284
9846718196
9846720362
9846721393
9846722636
9846722970
9846722992
9846725286
9846728434
9846728443
9846728450
9846728756
9846731988
9846732226
9846732881
9846734390
9846737337
9846739679
9846741669
9846744313
9846744485
9846746387
9846746658
9846746882
9846748548
9846748932
9846749679
9846750585
9846751619
9846752455
9846753984
9846755380
9846762927
9846763368
9846764148
9846770429
9846771258
9846772544
9846773574
9846778085
9846778222
9846782027
9846783101
9846786978
9846787998
9846788169
9846789554
9846789750
9846803441
9846805417
9846809430
9846810000
9846812537
9846814061
9846814308
9846816337
9846816715
9846817373
9846817666
9846818704
9846819921
9846820112
9846824093
9846825969
9846827579
9846827712
9846828737
9846830104
9846833349
9846833799
9846834274
9846834372
9846834462
9846835098
9846837096
9846839151
9846839575
9846842201
9846842333
9846846929
9846850026
9846851957
9846853720
9846857099
9846860972
9846862164
9846869763
9846870513
9846874162
9846876835
9846881588
9846882614
9846885118
9846890011
9846890100
9846893000
9846896564
9846898314
9846898609
9846899043
9846899920
9846899992
9846903351
9846905670
9846906773
9846908336
9846910818
9846917229
9846922271
9846923151
9846923992
9846928807
9846929548
9846929799
9846932823
9846934601
9846937787
9846938909
9846940161
9846941121
9846943232
9846946271
9846950740
9846958223
9846960100
9846960395
9846960770
9846963220
9846963764
9846964189
9846970005
9846971705
9846974573
9846975695
9846977009
9846977472
9846977707
9846977724
9846982555
9846985777
9846986553
9846995000
9846997470
9846999883
9847000169
9847000929
9847002000
9847002497
9847003726
9847003821
9847004226
9847004997
9847006011
9847006262
9847006449
9847007298
9847007954
9847009904
9847010046
9847010144
9847010719
9847011150
9847011684
9847012373
9847015370
9847016700
9847017264
9847020500
9847020605
9847024585
9847025484
9847029350
9847030463
9847030513
9847032345
9847032422
9847033665
9847034800
9847035433
9847035692
9847036122
9847036646
9847037395
9847037413
9847039401
9847039911
9847040125
9847040482
9847041311
9847041545
9847041611
9847041841
9847042608
9847043760
9847044742
9847045354
9847047714
9847048338
9847049536
9847049850
9847050516
9847051534
9847051553
9847052666
9847052892
9847053169
9847053606
9847054363
9847055513
9847055626
9847055994
9847056091
9847057201
9847057482
9847058022
9847058070
9847058199
9847059884
9847059979
9847060367
9847060419
9847063380
9847063500
9847063942
9847065012
9847065252
9847065579
9847066271
9847067411
9847067845
9847068448
9847070933
9847071727
9847072633
9847073225
9847074932
9847080101
9847081504
9847082860
9847083097
9847083367
9847084297
9847084569
9847085515
9847085991
9847087631
9847089421
9847090365
9847092132
9847092511
9847093725
9847095150
9847095315
9847096601
9847098796
9847099089
9847099919
9847099936
9847099949
9847100639
9847101342
9847102274
9847102764
9847103011
9847104853
9847104904
9847106007
9847106511
9847106838
9847107565
9847108805
9847110753
9847111601
9847111852
9847113658
9847113713
9847114485
9847114797
9847116456
9847117050
9847117899
9847118466
9847120240
9847121119
9847122583
9847122656
9847124851
9847125381
9847126775
9847128919
9847130078
9847130836
9847134349
9847135759
9847137835
9847139227
9847140481
9847140896
9847140933
9847144204
9847148712
9847148889
9847151241
9847151997
9847152403
9847154577
9847158239
9847158469
9847159430
9847159483
9847159840
9847159922
9847166022
9847167265
9847167698
9847169318
9847170555
9847173294
9847175752
9847179095
9847180160
9847181551
9847182574
9847183296
9847186002
9847186198
9847188362
9847188813
9847190052
9847190140
9847190681
9847190727
9847193086
9847193182
9847193381
9847193972
9847194900
9847194963
9847196001
9847197077
9847197178
9847198807
9847200573
9847204178
9847207720
9847211584
9847214200
9847217138
9847219130
9847221988
9847222498
9847222704
9847223299
9847226619
9847226874
9847227425
9847227533
9847234874
9847238509
9847239034
9847241517
9847241572
9847241782
9847243095
9847245764
9847246303
9847248568
9847249225
9847249239
9847250096
9847250505
9847251269
9847253098
9847254620
9847254991
9847256487
9847256521
9847257281
9847259253
9847259988
9847261955
9847262565
9847264904
9847265863
9847265998
9847266533
9847266591
9847270660
9847271094
9847271318
9847271765
9847274088
9847274888
9847276781
9847278016
9847278132
9847278538
9847278977
9847280448
9847282561
9847288029
9847292317
9847295048
9847299887
9847300020
9847300022
9847301029
9847301054
9847301177
9847301305
9847302204
9847303965
9847308145
9847309664
9847311625
9847313486
9847315206
9847317057
9847317087
9847318888
9847319198
9847322969
9847323941
9847325478
9847327075
9847327871
9847329505
9847333262
9847333365
9847338525
9847338825
9847340707
9847343045
9847343461
9847345172
9847347326
9847350084
9847350359
9847350558
9847350749
9847353624
9847354307
9847355748
9847357259
9847357339
9847360517
9847360649
9847364676
9847365848
9847367824
9847370012
9847370235
9847372880
9847377250
9847377447
9847383334
9847386082
9847387839
9847387856
9847388115
9847388812
9847389638
9847391134
9847395502
9847397011
9847397797
9847398040
9847398084
9847398230
9847399877
9847400334
9847406193
9847407123
9847407514
9847408927
9847410630
9847411972
9847412254
9847413029
9847414222
9847415624
9847417863
9847419100
9847419236
9847420261
9847420400
9847421926
9847422084
9847422750
9847422939
9847423358
9847424345
9847429255
9847429945
9847431345
9847433202
9847434844
9847435253
9847436638
9847436999
9847437216
9847437357
9847442020
9847442873
9847443034
9847444216
9847444628
9847446112
9847448268
9847448274
9847448340
9847449051
9847449120
9847450554
9847452555
9847453739
9847453750
9847455086
9847455383
9847456103
9847456140
9847456565
9847461543
9847464109
9847464616
9847465846
9847466505
9847466542
9847466731
9847469000
9847470750
9847471083
9847473391
9847474748
9847474795
9847475610
9847476229
9847477424
9847477946
9847480592
9847489533
9847491277
9847491644
9847492830
9847494346
9847494543
9847495227
9847496754
9847497069
9847497983
9847498287
9847501521
9847501882
9847502303
9847502967
9847503244
9847505852
9847507119
9847509041
9847512163
9847513683
9847516616
9847516760
9847518098
9847521103
9847522100
9847522681
9847523383
9847524563
9847534863
9847539222
9847540233
9847540743
9847542258
9847543847
9847544175
9847544477
9847545028
9847547694
9847549231
9847551109
9847564244
9847566857
9847570013
9847573809
9847574616
9847575266
9847576057
9847576711
9847577118
9847577888
9847581953
9847582470
9847582802
9847584378
9847588933
9847593141
9847593549
9847595646
9847595753
9847598724
9847598756
9847598989
9847599177
9847600321
9847601742
9847602100
9847602477
9847604162
9847604695
9847606100
9847611222
9847614086
9847614124
9847614173
9847614580
9847616902
9847618486
9847618603
9847619073
9847622245
9847627574
9847629175
9847631393
9847631612
9847634337
9847636368
9847636634
9847638999
9847639114
9847639941
9847644818
9847645273
9847645404
9847645970
9847654192
9847654224
9847658146
9847658358
9847659289
9847660976
9847661736
9847662725
9847663680
9847666613
9847668299
9847669303
9847669426
9847672117
9847672376
9847672483
9847672984
9847675496
9847677077
9847678155
9847681227
9847685622
9847685836
9847688810
9847690819
9847691922
9847691940
9847694818
9847694891
9847696495
9847697387
9847697838
9847699425
9847701292
9847701979
9847701999
9847705074
9847706242
9847706848
9847711663
9847712789
9847712828
9847716177
9847717264
9847718864
9847720540
9847722354
9847722526
9847724187
9847725142
9847725904
9847728067
9847728073
9847729505
9847729558
9847729686
9847730014
9847730047
9847732382
9847735354
9847735707
9847736564
9847738889
9847740580
9847740729
9847741447
9847742495
9847744377
9847745185
9847748680
9847748806
9847749040
9847751802
9847752531
9847753198
9847755176
9847757406
9847758902
9847760072
9847762161
9847763602
9847764238
9847766030
9847766700
9847767413
9847768850
9847769557
9847770956
9847770959
9847771758
9847771959
9847772266
9847772838
9847773641
9847776619
9847777374
9847781474
9847783700
9847784045
9847786804
9847788211
9847788396
9847789406
9847790490
9847792093
9847792827
9847793853
9847794894
9847795786
9847797079
9847800402
9847800670
9847803358
9847809902
9847811393
9847813183
9847813244
9847816342
9847817047
9847820182
9847823793
9847830385
9847830448
9847832427
9847835987
9847837475
9847842282
9847843990
9847851057
9847851409
9847852977
9847853684
9847854487
9847854513
9847854885
9847855239
9847855835
9847855928
9847858248
9847860321
9847860560
9847861566
9847862656
9847864010
9847869807
9847870326
9847871170
9847872009
9847872689
9847873675
9847878174
9847878207
9847878821
9847881194
9847882149
9847882229
9847883269
9847887453
9847888483
9847889143
9847889222
9847895474
9847899122
9847899587
9847902813
9847908031
9847909211
9847910124
9847910362
9847910682
9847911130
9847911438
9847911494
9847912327
9847914086
9847916667
9847916820
9847917846
9847919396
9847922097
9847923314
9847923951
9847925260
9847927029
9847927597
9847930038
9847930909
9847933204
9847934264
9847934881
9847939416
9847940527
9847941080
9847946513
9847949133
9847949911
9847950609
9847951760
9847953414
9847955550
9847956752
9847958571
9847962095
9847962562
9847963580
9847963882
9847965162
9847966091
9847968090
9847968835
9847969997
9847970233
9847972774
9847973183
9847974229
9847976027
9847976523
9847977594
9847978172
9847978252
9847982591
9847984971
9847985555
9847990360
9847991803
9847993082
9847993265
9847993810
9847993909
9847994457
9847994743
9847997651
9847999743
9848886795
9850000000
9850369122
9850389328
9850949152
9859220051
9860040728
9860044424
9860148249
9861566592
9864826809
9865122862
9866100630
9867013103
9867378382
9868000888
9868023321
9868491655
9869785298
9869860150
9871256952
9871504409
9871790302
9873359492
9873444836
9874248567
9875368010
9876532819
9876543210
9884044792
9884073425
9884253350
9886123789
9886133292
9886138514
9886208361
9886510890
9886727122
9886811366
9891324070
9892519035
9893909357
9894490801
9894713777
9894764003
9895005328
9895005383
9895005577
9895006018
9895006629
9895006666
9895006824
9895009094
9895009304
9895010456
9895010550
9895011006
9895011022
9895011550
9895013071
9895015353
9895015436
9895015524
9895015533
9895015683
9895016136
9895016234
9895016766
9895017556
9895018010
9895018169
9895019884
9895022952
9895023253
9895024229
9895026943
9895028513
9895029702
9895030259
9895030820
9895030901
9895031618
9895031696
9895032020
9895033310
9895033753
9895034564
9895036684
9895037303
9895038074
9895039610
9895040017
9895040500
9895040831
9895041573
9895041583
9895046293
9895048468
9895048730
9895048895
9895052046
9895054090
9895054854
9895056414
9895056848
9895057036
9895057258
9895057659
9895058345
9895061169
9895062426
9895062504
9895064084
9895064453
9895066369
9895067197
9895071410
9895072145
9895075513
9895075541
9895075655
9895077081
9895077162
9895078317
9895079377
9895079585
9895080565
9895080812
9895081560
9895081666
9895082627
98950845319
9895087086
9895088220
9895088308
9895089151
9895089599
9895090063
9895090906
9895092292
9895094326
9895095580
9895097195
9895099366
9895102913
9895102986
9895105300
9895107690
9895108500
9895109028
9895110384
9895110622
9895118979
9895119518
9895119846
9895120110
9895123495
9895126803
9895127630
9895133146
9895133167
9895137908
9895137938
9895138679
9895140945
9895143635
9895148261
9895151069
9895158472
9895161935
9895162606
9895165609
9895166788
9895168793
9895169443
9895169660
9895171439
9895173602
9895174621
9895175000
9895175424
9895176107
9895176306
9895177137
9895177561
9895177778
9895178336
9895179390
9895180781
9895183474
9895185740
9895189440
9895189547
9895190291
9895192999
9895194483
9895195069
9895195220
9895201710
9895202381
9895205323
9895206987
9895208488
9895209504
9895210524
9895210991
9895214710
9895217464
9895217716
9895217778
9895220256
9895221451
9895222159
9895222407
9895225476
9895225735
9895226236
9895228213
9895228383
9895229495
9895231946
9895231978
9895233335
9895236009
9895237681
9895238766
9895239056
9895242399
9895242414
9895242442
9895244788
9895247016
9895247133
9895247840
9895252477
9895255551
9895256074
9895258872
9895259125
9895259420
9895260084
9895260694
9895261338
9895267343
9895268390
9895269082
9895269397
9895270013
9895270486
9895270969
9895272137
9895272569
9895275128
9895277840
9895280915
9895281315
9895281810
9895283994
9895285599
9895291698
9895292554
9895294557
9895298014
9895298841
9895299154
9895302303
9895303203
9895304629
9895305418
9895306930
9895310271
9895312201
9895315435
9895316534
9895318000
9895318464
9895324227
9895329504
9895331020
9895332320
9895340876
9895342740
9895347554
9895347593
9895348606
9895350674
9895352977
9895354318
9895356440
9895358902
9895360372
9895362759
9895364893
9895368255
9895370659
9895372268
9895374007
9895375012
9895376760
9895377519
9895377774
9895378385
9895378400
9895388137
9895388300
9895388643
9895388778
9895392058
9895394199
9895395178
9895396881
9895397888
9895399110
9895399700
9895400107
9895401344
9895402164
9895416068
9895419238
9895420909
9895427808
9895431019
9895432860
9895433239
9895433654
9895437987
9895439003
9895440041
9895440770
9895443367
9895444546
9895447809
9895449591
9895451192
9895453170
9895454337
9895455112
9895456872
9895458054
9895458097
9895460290
9895462557
9895465137
9895465965
9895470207
9895472818
9895474042
9895475243
9895475337
9895475446
9895479059
9895484101
9895486092
9895488738
9895489034
9895490222
9895492307
9895494496
9895498975
9895502583
9895503405
9895509754
9895513304
9895516365
9895518494
9895521205
9895521411
9895523970
9895524656
9895525553
9895527086
9895529773
9895531635
9895533304
9895533436
9895534223
9895534632
9895534674
9895537980
9895544415
9895547439
9895548080
9895548718
9895549553
9895552457
9895554589
9895555086
9895557177
9895559361
9895561738
9895562641
9895562752
9895562775
9895563376
9895563527
9895564936
9895567904
9895570400
9895570483
9895572922
9895573471
9895580341
9895580804
9895584320
9895585265
9895592069
9895592744
9895594826
9895595441
9895597428
9895600233
9895600264
9895604196
9895611899
9895614168
9895614598
9895614722
9895619597
9895623615
9895627157
9895627712
9895632875
9895635317
9895638070
9895638536
9895641547
9895642026
9895642979
9895644426
9895648810
9895651753
9895652071
9895652362
9895653075
9895654264
9895656772
9895657030
9895658145
9895658217
9895658457
9895658636
9895661098
9895662939
9895664094
9895665522
9895666488
9895667719
9895670480
9895676892
9895679114
9895680468
9895681670
9895685783
9895686677
9895689287
9895690131
9895691005
9895692389
9895693345
9895693781
9895699540
9895699893
9895700170
9895700853
9895701209
9895701676
9895702424
9895703077
9895705749
9895709778
9895711750
9895712008
9895713789
9895714780
9895715567
9895717480
9895718593
9895719076
9895721271
9895721732
9895723671
9895726659
9895728951
9895731309
9895732821
9895739320
9895740684
9895741382
9895744572
9895745700
9895753329
9895755909
9895757691
9895758488
9895759438
9895760623
9895760961
9895761781
9895763368
9895765438
9895765464
9895765859
9895765860
9895765897
9895765953
9895771704
9895772544
9895774178
9895780387
9895783115
9895783188
9895790538
9895791395
9895798229
9895799150
9895802797
9895804742
9895807755
9895809096
9895809353
9895812334
9895813280
9895816642
9895817738
9895819006
9895822071
9895822520
9895823429
9895824399
9895828358
9895829444
9895834303
9895838344
9895843238
9895844002
9895845342
9895846615
9895849345
9895850321
9895852255
9895852533
9895855779
9895855972
9895856685
9895858398
9895860381
9895862503
9895866845
9895867161
9895868296
9895871306
9895874216
9895875813
9895876916
9895877633
9895878689
9895879697
9895882561
9895884290
9895884711
9895885355
9895886309
9895889851
9895889895
9895890377
9895894850
9895896214
9895897800
9895898383
9895899713
9895905217
9895906120
9895907786
9895909086
9895910888
9895916703
9895918495
9895924956
9895924958
9895925630
9895927435
9895929487
9895930732
9895933044
9895933348
9895934757
9895936915
9895937439
9895937572
9895940024
9895941807
9895942488
9895943433
9895944641
9895945220
9895946360
9895946589
9895949942
9895952242
9895953872
9895957420
9895958915
9895959000
9895965367
9895966934
9895967069
9895968227
9895968981
9895970107
9895973849
9895978126
9895981241
9895981367
9895983543
9895985264
9895985345
9895985462
9895987099
9895987813
9895991315
9895991455
9895995780
9895997730
9895999444
9897983872
9899727018
9900000000
9900128447
9900735353
9900994747
9901509766
9901633256
9901730016
9901955273
9902011843
9907433712
9907673620
9910395628
9912063801
9915703023
9916515614
9920531335
9921796603
9922426122
9930059812
9930945388
9933217334
9936415435
9937159427
9937478899
9937518504
9940141659
9942496533
9943081259
9944060615
9944317022
9944460028
9944600733
9946000083
9946000262
9946000275
9946008172
9946008173
9946011582
9946014484
9946017312
9946020325
9946021999
9946024179
9946025471
9946035216
9946035416
9946035829
9946038421
9946041304
9946043665
9946052260
9946057070
9946058020
9946060269
9946060340
9946060555
9946060648
9946063060
9946064916
9946086155
9946086393
9946086430
9946091047
9946091229
9946094023
9946098652
9946100760
9946102830
9946104480
9946105133
9946105170
9946109258
9946111795
9946112460
9946120226
9946120999
9946122252
9946122591
9946125328
9946125450
9946129135
9946130404
9946132378
9946134896
9946138942
9946148677
9946163225
9946165696
9946183134
9946187299
9946189787
9946197548
9946199108
9946199575
9946200158
9946203523
9946204548
9946210066
9946210914
9946217226
9946218772
9946219395
9946220011
9946224240
9946228099
9946233075
9946233634
9946235224
9946246779
9946247626
9946250250
9946250581
9946251023
9946254874
9946256216
9946259988
9946260396
9946260612
9946261444
9946263279
9946265011
9946276409
9946276510
9946277511
9946279205
9946281488
9946285073
9946291335
9946291911
9946293560
9946300036
9946300329
9946306776
9946309401
9946309936
9946312335
9946325634
9946335464
9946338879
9946338969
9946339128
9946340691
9946341170
9946341187
9946341935
9946342930
9946346294
9946348527
9946350036
9946350056
9946350218
9946356018
9946358543
9946363526
9946363575
9946364320
9946367328
9946367373
9946374874
9946381427
9946388767
9946389328
9946392354
9946394608
9946394791
9946397140
9946401893
9946401912
9946405252
9946406937
9946410788
9946414210
9946417258
9946420069
9946420311
9946426882
9946427969
9946428474
9946430913
9946431927
9946435199
9946440585
9946441067
9946442232
9946443655
9946444680
9946445197
9946445406
9946445797
9946446342
9946447382
9946447516
9946447772
9946447859
9946447943
9946448052
9946448252
9946448499
9946448620
9946452779
9946453924
9946454179
9946460722
9946462705
9946462828
9946471551
9946475348
9946476694
9946483399
9946485807
9946486850
9946486891
9946487137
9946488901
9946490920
9946493970
9946494382
9946497017
9946499555
9946501971
9946502797
9946506442
9946511187
9946511380
9946512562
9946512730
9946513638
9946514298
9946517288
9946527791
9946529192
9946530109
9946530437
9946532390
9946532710
9946535461
9946535682
9946535686
9946537050
9946538038
9946538552
9946539988
9946543457
9946544417
9946545324
9946546038
9946553615
9946554870
9946554967
9946555312
9946556426
9946557681
9946558193
9946560014
9946560572
9946562122
9946562620
9946563382
9946563850
9946568620
9946569676
9946570926
9946571639
9946574552
9946580129
9946580896
9946581831
9946586156
9946590017
9946592854
9946597554
9946600502
9946600604
9946603336
9946605539
9946609696
9946615221
9946618124
9946619075
9946621664
9946625965
9946629072
9946632764
9946634763
9946642715
9946642784
9946643074
9946644095
9946645695
9946647396
9946647402
9946653673
9946656701
9946658650
9946661296
9946661471
9946661702
9946662209
9946662357
9946663180
9946664754
9946664933
9946665447
9946666776
9946667278
9946668101
9946668788
9946669903
9946670000
9946681549
9946685861
9946686499
9946687979
9946691926
9946692029
9946697222
9946699036
9946700059
9946704714
9946709779
9946711132
9946714842
9946716090
9946719008
9946723404
9946725233
9946727872
9946729213
9946730099
9946730309
9946731282
9946732214
9946738185
9946740445
9946744232
9946744264
9946746488
9946747665
9946749758
9946750095
9946755146
9946755729
9946758599
9946758990
9946761140
9946761856
9946764704
9946764945
9946766407
9946770391
9946771772
9946773471
9946777505
9946778045
9946778355
9946781529
9946786966
9946787680
9946790664
9946794529
9946795261
9946795723
9946797100
9946798882
9946802176
9946805030
9946807494
9946808607
9946808631
9946810802
9946813282
9946813323
9946813855
9946819724
9946820156
9946820752
9946822958
9946826219
9946830052
9946833577
9946833886
9946836209
9946836333
9946837019
9946844576
9946855137
9946855144
9946857541
9946857729
9946860177
9946860367
9946861303
9946862539
9946863307
9946869358
9946871615
9946871840
9946871860
9946873213
9946873695
9946874550
9946877665
9946882283
9946883609
9946883643
9946884987
9946885410
9946885434
9946886268
9946891430
9946892814
9946903382
9946908848
9946914836
9946916769
9946921088
9946921346
9946922158
9946928013
9946929460
9946929757
9946942788
9946943281
9946945999
9946958888
9946961836
9946962699
9946962772
9946967889
9946968650
9946972089
9946973661
9946975886
9946976041
9946976215
9946992636
9946995105
9946996723
9946997200
9946998986
9947000550
9947000702
9947004529
9947007227
9947009331
9947014504
9947016661
9947017011
9947018111
9947020830
9947021399
9947022722
9947023288
9947030461
9947032227
9947035214
9947035561
9947038314
9947041600
9947043081
9947046695
9947046754
9947048316
9947050400
9947055061
9947058346
9947061540
9947065894
9947069782
9947075285
9947082890
9947086330
9947090123
9947090548
9947090554
9947092333
9947096402
9947096928
9947098423
9947099270
9947099695
9947100227
9947102319
9947110507
9947111717
9947115243
9947116424
9947122187
9947131896
9947133493
9947136023
9947136041
9947138008
9947140621
9947141332
9947141425
9947142935
9947147698
9947147847
9947151614
9947151693
9947158054
9947160351
9947160588
9947160985
9947161503
9947164788
9947165833
9947166102
9947166542
9947166797
9947167275
9947168244
9947171565
9947172055
9947177858
9947178298
9947183750
9947186388
9947187033
9947191883
9947196774
9947200692
9947201001
9947208099
9947208332
9947208864
9947222504
9947224014
9947224024
9947231572
9947232187
9947233757
9947233853
9947236799
9947237063
9947237411
9947237996
9947239767
9947240665
9947241835
9947242977
9947243748
9947243914
9947247871
9947249090
9947250505
9947252641
9947253732
9947256210
9947256628
9947259344
9947261356
9947263462
9947263649
9947265658
9947268660
9947271170
9947271361
9947273000
9947282812
9947285846
9947293212
9947295925
9947297845
9947299618
9947299709
9947301548
9947306774
9947306838
9947311707
9947312000
9947312070
9947318024
9947318265
9947321637
9947330977
9947334495
9947338866
9947344513
9947355053
9947356354
9947360373
9947364580
9947371022
9947374497
9947378199
9947378729
9947384622
9947390108
9947395077
9947399870
9947403645
9947405566
9947405668
9947408580
9947409447
9947415379
9947416510
9947421101
9947421790
9947424111
9947425645
9947430765
9947430820
9947431522
9947433144
9947440137
9947443664
9947447567
9947449227
9947449986
9947450457
9947450473
9947451725
9947453742
9947460177
9947460716
9947464458
9947465649
9947469965
9947470470
9947471081
9947472375
9947472729
9947473054
9947473658
9947474755
9947475518
9947478179
9947481303
9947483465
9947489433
9947494994
9947497965
9947498343
9947505230
9947506549
9947506980
9947511865
9947520812
9947523529
9947527699
9947532205
9947534947
9947543418
9947547651
9947549885
9947556449
9947557557
9947562648
9947577244
9947582544
9947593670
9947595659
9947600200
9947600864
9947601127
9947603141
9947604974
9947607790
9947610597
9947614873
9947623757
9947629678
9947630259
9947633279
9947633329
9947638642
9947640296
9947642966
9947643478
9947645682
9947646252
9947646804
9947648800
9947653055
9947654485
9947655192
9947660449
9947662787
9947662988
9947663001
9947666883
9947670905
9947673876
9947674004
9947680778
9947681578
9947681681
9947683493
9947685663
9947691135
9947696876
9947698288
9947701350
9947703131
9947706313
9947713976
9947716525
9947717588
9947719931
9947720279
9947721125
9947721853
9947722204
9947722566
9947724489
9947725134
9947728509
9947734804
9947739943
9947742479
9947746302
9947747224
9947754704
9947756207
9947760528
9947761534
9947764888
9947769344
9947771099
9947772705
9947773520
9947774979
9947777281
9947780386
9947786007
9947787258
9947791867
9947792928
9947795037
9947798429
9947798682
9947799840
9947800294
9947801882
9947803328
9947806934
9947814297
9947816633
9947819569
9947821575
9947827111
9947829520
9947831372
9947832716
9947841606
9947846684
9947846913
9947847731
9947849429
9947850974
9947852333
9947854554
9947857287
9947858360
9947858592
9947865520
9947868371
9947868506
9947870031
9947870608
9947877492
9947882708
9947882871
9947883698
9947892237
9947898702
9947899257
9947899642
9947906967
9947910547
9947911605
9947913807
9947917436
9947920871
9947921761
9947921965
9947925386
9947927627
9947928247
9947928538
9947929272
9947930208
9947930855
9947932466
9947935466
9947942181
9947944791
9947946369
9947947822
9947947939
9947949206
9947950707
9947956137
9947959575
9947962615
9947964424
9947964603
9947964606
9947967031
9947968367
9947970051
9947977598
9947981669
9947983323
9947988890
9947989228
9947991088
9947991991
9947994610
9947996688
9948655144
9949258833
9950000000
9953643157
9955611655
9959609450
9959961089
9959992125
9960756773
9961000620
9961001321
9961003260
9961005360
9961006184
9961007223
9961022282
9961023591
9961033819
9961034978
9961039906
9961040896
9961042216
9961042808
9961043499
9961049017
9961050005
9961058226
9961060098
9961065537
9961066263
9961067202
9961070546
9961072397
9961072603
9961075413
9961076681
9961080610
9961080611
9961083916
9961084933
9961085800
9961086617
9961089200
9961089752
9961092375
9961095003
9961106136
99611067114
9961110448
9961124052
9961127872
9961129500
9961135781
9961140006
9961150171
9961154599
9961155012
9961155266
9961162438
9961167229
9961168866
9961169261
9961170123
9961170517
9961170909
9961184144
9961184418
9961184838
9961185642
9961185890
9961188177
9961194994
9961195862
9961196593
9961197205
9961200506
9961201983
9961203284
9961203536
9961203668
9961206674
9961206926
9961211840
9961212106
9961214791
9961214907
9961215340
9961215530
9961217200
9961219875
9961220641
9961221225
9961222038
9961227443
9961227678
9961231119
9961233562
9961234432
9961234491
9961235227
9961235879
9961242429
9961245119
9961246932
9961247469
9961248217
9961251838
9961252320
9961254479
9961254495
9961256405
9961256575
9961256714
9961258855
9961260687
9961260929
9961262610
9961266539
9961269071
9961270580
9961270848
9961277035
9961282539
9961282620
9961282792
9961284225
9961284795
9961289962
9961290253
9961295835
9961304043
9961305534
9961307999
9961313449
9961315497
9961316756
9961320523
9961322324
9961323315
9961324473
9961324611
9961328562
9961334400
9961350492
9961351186
9961366004
9961368984
9961376694
9961382125
9961385974
9961392217
9961393505
9961393908
9961394428
9961399246
9961399313
9961400867
9961400897
9961401104
9961401245
9961414572
9961414666
9961416033
9961416671
9961424164
9961430225
9961430592
9961431805
9961432071
9961433020
9961434006
9961437467
9961437788
9961440138
9961440141
9961440388
9961441371
9961441866
9961443246
9961444755
9961446765
9961447906
9961449987
9961453925
9961454076
9961454122
9961455778
9961456638
9961458750
9961460825
9961462382
9961464042
9961464764
9961466551
9961466573
9961466770
9961468159
9961468268
9961470837
9961472751
9961476110
9961480385
9961480942
9961481946
9961482533
9961483666
9961484603
9961485282
9961488298
9961488414
9961496393
9961499502
9961506556
9961507394
9961509367
9961513759
9961516251
9961524702
9961532720
9961533712
9961535886
9961540238
9961548713
9961549723
9961552267
9961555000
9961558309
9961561799
9961564488
9961567382
9961571344
9961573780
9961573911
9961573965
9961574689
9961575942
9961578136
9961589780
9961594600
9961597310
9961598888
9961599086
9961600547
9961601004
9961601250
9961603648
9961604000
9961607446
9961608379
9961614885
9961618824
9961618960
9961619010
9961621800
9961625878
9961627066
9961632314
9961635635
9961636326
9961645416
9961646855
9961655661
9961656237
9961660630
9961661714
9961663007
9961663469
9961663970
9961664439
9961664709
9961665654
9961666612
9961666769
9961667138
9961668016
9961668434
9961669180
9961669449
9961674425
9961680667
9961681752
9961682119
9961690379
9961692151
9961692911
9961695356
9961703274
9961704141
9961704487
9961706789
9961707898
9961709480
9961712775
9961713941
9961714317
9961718071
9961718512
9961721749
9961723193
9961723292
9961724808
9961725473
9961727383
9961729612
9961730495
9961730991
9961732984
9961735215
9961736593
9961737319
9961737475
9961737487
9961738905
9961739078
9961740351
9961741701
9961742678
9961748483
9961748969
9961749228
9961750841
9961752355
9961753250
9961755751
9961762684
9961764646
9961769280
9961773607
9961778404
9961780622
9961780660
9961780752
9961784217
9961789548
9961790450
9961790862
9961794443
9961795664
9961796461
9961799800
9961800342
9961802244
9961807796
9961808005
9961809016
9961813440
9961815480
9961817038
9961817076
9961817087
9961822884
9961829508
9961832882
9961838971
9961841418
9961843015
9961845154
9961845506
9961849099
9961849366
9961851172
9961852380
9961852803
9961854108
9961854386
9961855137
9961859788
9961861541
9961862288
9961863487
9961865989
9961866103
9961867080
9961871574
9961873158
9961873389
9961876490
9961877698
9961877994
9961883312
9961884840
9961888018
9961889303
9961889993
9961899457
9961900725
9961901365
9961902740
9961902807
9961906621
9961908905
9961909774
9961911867
9961916207
9961918059
9961919531
9961922333
9961923134
9961923730
9961925357
9961929929
9961932848
9961950818
9961951551
9961961613
9961962454
9961964414
9961967353
9961974078
9961982673
9961984837
9961986084
9961986190
9961986559
9961988388
9961989652
9961991130
9961991308
9961991702
9961992028
9961992304
9961993342
9961994049
9961995540
9961998242
9961999755
9962038085
9962810993
9963911140
9964382914
9965170922
9967425757
9968334980
9969580019
9969732264
9971418632
9972063120
9972495656
9972739860
9972761006
9972866656
9978862247
9980141262
9980541147
9984350999
9986112048
9986248640
9986427654
9986755635
9986993463
9987654122
9990553806
9990588243
9990824121
9993875874
9994204693
9995004326
9995006000
9995006118
9995007559
9995008462
9995009205
9995012845
9995012886
9995013091
9995013397
9995015050
9995015100
9995019629
9995019725
9995019888
9995023446
9995024881
9995026042
9995030452
9995030513
9995033869
9995034693
9995035692
9995037040
9995037907
9995044279
9995044483
9995045981
9995049437
9995051282
9995063969
9995064223
9995073905
9995075750
9995075835
9995078729
9995080110
9995080823
9995086842
9995086944
9995089202
9995089363
9995091730
9995097262
9995101329
9995102762
9995103155
9995104766
9995106224
9995107633
9995114421
9995115093
9995117478
9995119640
9995120068
9995120539
9995122757
9995123968
9995134628
9995136136
9995137351
9995137395
9995137396
9995138132
9995148837
9995149704
9995150770
9995151632
9995154444
9995159243
9995162188
9995164203
9995166391
9995166590
9995167577
9995168505
9995177601
9995177800
9995178732
9995181664
9995183524
9995185576
9995185742
9995192753
9995194554
9995194888
9995197476
9995199426
9995200748
9995201869
9995206189
9995215663
9995217215
9995218191
9995219697
9995221223
9995222119
9995224655
9995224972
9995226073
9995228406
9995228812
9995229833
9995230957
9995233085
9995233211
9995235535
9995236757
9995237000
9995239545
9995240739
9995244453
9995246091
9995247019
9995247049
9995249746
9995250503
9995250531
9995250816
9995252425
9995253458
9995254892
9995255006
9995256165
9995260811
9995261324
9995261560
9995265652
9995267896
9995272502
9995275878
9995276050
9995277537
9995279917
9995283535
9995284466
9995285076
9995286053
9995292511
9995295407
9995299820
9995302226
9995302503
9995311163
9995311232
9995312371
9995312687
9995316767
9995319468
9995322253
9995323862
9995325321
9995329387
9995330483
9995331162
9995331840
9995331913
9995336556
9995336913
9995339574
9995341696
9995350001
9995352324
9995356413
9995356927
9995358569
9995358816
9995359028
9995363709
9995367729
9995369690
9995374508
9995375130
9995377437
9995377565
9995378299
9995383709
9995385276
9995385310
9995386285
9995393026
9995393046
9995396351
9995397889
9995398860
9995399000
9995400737
9995404363
9995404482
9995413355
9995416318
9995420619
9995420681
9995422765
9995426231
9995426811
9995428323
9995428756
9995430028
9995430076
9995431219
9995431415
9995431572
9995434560
9995435502
9995436144
9995436298
9995441135
9995441958
9995442500
9995442999
9995443508
9995444485
9995445265
9995445929
9995446684
9995447288
9995447602
9995447909
9995448895
9995449117
9995455422
9995457936
9995458995
9995459504
9995463382
9995465848
9995468601
9995474906
9995475035
9995475155
9995476641
9995476705
9995480491
9995481807
9995482023
9995482542
9995482567
9995483976
9995486736
9995487208
9995491212
9995492071
9995492565
9995495227
9995498358
9995498451
9995498498
9995498533
9995499428
9995500015
9995508993
9995513126
9995513461
9995515632
9995516107
9995516638
9995518771
9995519000
9995520770
9995526466
9995526934
9995527066
9995532000
9995533788
9995535327
9995540429
9995540549
9995542798
9995548788
9995551579
9995554266
9995554835
9995555146
9995555828
9995556337
9995556546
9995557221
9995559295
9995564366
9995574777
9995585104
9995585803
9995587878
9995590200
9995592602
9995596824
9995596922
9995599905
9995601334
9995604099
9995604846
9995608470
9995610765
9995611882
9995612517
9995620503
9995624573
9995626326
9995629325
9995630126
9995631934
9995637305
9995640164
9995643704
9995647117
9995649565
9995651162
9995655321
9995660080
9995663240
9995663254
9995664918
9995666180
9995669047
9995669973
9995671536
9995673664
9995674322
9995675629
9995677122
9995677363
9995678244
9995678691
9995679120
9995679434
9995680372
9995681314
9995683495
9995685059
9995685787
9995687521
9995690744
9995692443
9995695064
9995696112
9995698302
9995699286
9995704252
9995704369
9995704719
9995709044
9995713485
9995714309
9995716487
9995717359
9995722200
9995733894
9995734860
9995738389
9995742069
9995746880
9995749164
9995749967
9995753270
9995754987
9995760400
9995761156
9995764455
9995765118
9995766077
9995767096
9995769459
9995770035
9995774535
9995774636
9995776895
9995780133
9995780810
9995781132
9995781692
9995783478
9995788269
9995788316
9995788728
9995788890
9995793659
9995797202
9995798017
9995799651
9995800775
9995800871
9995801513
9995801989
9995802489
9995805350
9995805627
9995807092
9995807181
9995809681
9995810099
9995811442
9995811668
9995818064
9995820653
9995820665
9995820686
9995821064
9995821117
9995821180
9995821882
9995823000
9995824294
9995828989
9995832302
9995832904
9995837357
9995837612
9995841628
9995844044
9995844054
9995844236
9995844899
9995846436
9995846786
9995848099
9995851700
9995851797
9995855148
9995855177
9995855191
9995858194
9995858871
9995862083
9995864828
9995864960
9995865885
9995867414
9995869582
9995869744
9995875860
9995876387
9995876559
9995876625
9995878432
9995879255
9995882587
9995884176
9995888575
9995889364
9995889548
9995891136
9995891449
9995892533
9995893326
9995894879
9995895169
9995898203
9995900294
9995901902
9995904402
9995906540
9995907487
9995908053
9995909859
9995910730
9995915495
9995917888
9995919706
9995920193
9995926727
9995927291
9995931174
9995931711
9995936278
9995940334
9995947452
9995949160
9995951857
9995953045
9995959157
9995960359
9995965686
9995966716
9995968751
9995969748
9995970949
9995979441
9995981239
9995981801
9995987544
9995988377
9995988954
9995989200
9995998545
9996212165
9996272600
9996453165
9996821703
9996951080
9997206292
9997376677
9997709604
