9846429428
9846500507
9846521175
9846629449
9846817373
9946562620
9946758599
9946771772
9961376694
9961749228
9995397889
9567076656
9605121000
9605782607
9645269881
9656020392
9656500224
9745353291
9745874000
9747315729
9778550969
9074751768
9446768030
9447725523
9495322933
9495501996
9496978320
9539116576
9539472207
9511752860
9562539040
8592874410
8593004254
8843146811
8943420725
8943746451
9048010588
9048056714
9048180334
9072434859
9072742658
7994944300
8075596195
8086957644
8086118787
8129109120
8129287854
8156801651
8281225860
8589066540
8590140078
8590858357
7025153400
7025449361
7306257203
7306316178
7558999837
7592837197
7594004669
7594933053
7736480172
7907464016
7907750791
7306414269
9633127338
9037939526
9061667707
9489707800
9562318638
9747114518
9747955161
9946511380
9946592854
9946833886
8921539301
8921145920
8848242824
8606763694
8606469075
8590737278
8590716879
8547231446
8129764421
8089536950
8075181674
7994675295
7034387495
7025932317
7025038157
6282881948
6238217482
9539026955
9744763123
9784780465
9605230082
9633598877
9737852685
8590499544
9207121385
9961843015
7560824620
8590185319
8547760158
8606528973
8132476142
9995704252
8547739275
8590209295
9895364893
8716313353
9907433712
9778313732
8547521176
8891826290
9674877452
8921932201
9567787256
9995631934
8606532591
7994530178
9995669047
6238987714
8848464330
9447037433
8237815887
7306713851
9037252476
9995250503
8547248852
8714716574
9037105914
9895809096
9605163930
7907352153
9746264917
8129806842
8089235076
9746137871
8848683924
8547987922
8229914463
7516773707
8075510676
8547380365
9207247838
9895662939
7676243366
9745878413
7561010382
9846009233
9745240120
9207883544
9447878973
9037520359
9048646060
7012266464
7306767819
9539260123
8089206678
9562827503
8129316918
8714821164
8848989128
8547521537
9645221995
9746968909
9496169620
9497063326
9400324442
8301840742
9895275128
9745168873
9746415834
9605247123
9746898670
9947706313
9946836209
9048214272
9539050951
9048021554
8089296604
9744187509
9447812457
9745132271
9847120240
9526119271
7034863622
9656541316
7034262615
9072765910
7510730730
9745901135
8547880024
9037222586
9645124161
8921684058
9995378299
9645124161
9744777599
9961859788
9061937045
8943143485
9495263034
9846364115
8593967234
9400170151
9567458327
9447442316
8547206920
8281614351
8991674886
8848243304
9847442873
9633104098
9744906638
8547378147
8138960565
8597324636
9847777374
9074657145
9446793025
9566433132
8590504742
8138969965
8547010006
9496749740
9633082358
7034257286
9061240451
8089369988
8590489754
8590684504
8590629263
8590027895
7306222606
7034007729
9051478191
9072053188
9446289284
6235159308
8230092573
9562019012
8111911164
8111911164
6282963858
7306431880
9656353513
7510385465
9747065812
9072055130
8590612073
9539817571
9847169318
9496157132
8089702796
8589901011
8078391081
9961851172
9037650806
7736734239
7902850430
9961780752
8592822541
9388921366
8086322815
9496034145
7510711628
9746669160
8943734534
9400402188
6282694613
9495404877
9526454790
9526633143
6238880719
9947405668
8943394435
9526920644
7994380245
9539507590
9947906967
9745651234
8086714802
9539123837
9446767151
9400494112
9446400427
8590518592
8113093115
9946309401
9895958915
7736243889
6282929284
8943821771
9961072603
9037973529
9400055084
9562006527
8289916791
9526240381
8086441810
8943807468
9562899343
9745176813
9747849053
9846440228
8129982255
9747681959
9846364867
8111948540
8943389133
7736760704
8089829423
8089634635
8289868451
9400645450
9846303844
9946580896
9746016351
9539654635
9946532710
9539904224
8086680916
9745267514
9037975760
9995564366
9745625145
8848427177
7558001948
9645880858
8281249824
8590565443
9961558309
7558016093
7592079180
8086007081
7510585360
9447108450
8075999437
9744199023
9447007591
9539218008
9526973006
8606646274
9995713485
7025720048
9400820049
9400820049
9074883899
7994274905
7025140105
7025911201
7907718733
9605249884
9633243041
9645518117
7012419914
9072613100
9747719053
7034816433
7559814778
7907116958
9645179285
9645416615
9947610597
9539212736
8592083557
8606419978
7025856324
7034305423
7034305423
7034762107
7034868548
7034933094
7306388445
7306398501
7306999642
7356186447
7356231435
7510141171
7510991712
7560855327
7561825788
7594027973
7736726560
7736812126
7902779977
7907358185
7907776362
7994222631
8075270104
8075599088
8086280823
8089502382
8089820822
8111800231
8111852098
8113997683
8129107259
8129299700
8136935838
8281501815
8590260524
8590397736
8606076713
8606202610
8606562290
8606807452
8606934950
8714243132
8714293802
8848243482
8848367918
8848437856
8848647903
8848661959
8891172195
8891447223
8891652890
8921927388
8943121281
8943233425
8943329533
9037360459
9037436269
9037679781
9048496048
9074291939
9074616839
9074779688
9188155101
9207072039
9207493151
9383412854
9447928518
9495124113
9539101396
9539228040
9539516577
9544520179
9544869144
9562628129
9567897279
9605197312
9605259635
9605806871
9645229285
9656361924
9656484366
9656897388
9656987078
9744080164
9744424945
9746285390
9747127477
9747170872
9747402837
9747959584
9747986606
9747994116
9778407903
9846096803
9846290654
9846293125
9847566857
9847728073
9847790490
9946265011
9946730099
9947497965
9947527699
9947685663
9947970051
9961282620
9961284225
9539518156
9551510782
9037080429
8547644830
9946664754
9961441371
9496727980
9142119972
9744322446
9812179618
9605802717
8281988377
9447866858
9495711732
8075214629
9947967031
9496165614
8558943670
9495886434
8943900216
9605345465
9400056766
9497817544
9446444730
9995508993
8089442332
9495112300
9947959575
8289927271
9446059782
9656902170
8547021008
8547648106
9567027087
9048995608
9567106210
8547624323
9400790474
9496184310
9048130883
9447183271
9961535886
9946189787
9447950018
9633700764
9746120591
9020216258
9745639152
9037628029
9497550949
9447925300
9645907000
8129421029
9497700786
9676164588
8985242730
8985242730
9846429219
8547037031
8547288810
9497074692
7602433585
9847067411
9895925630
9745067781
9495892580
9447639523
9645690299
9497693931
9496442282
9745902256
9400856679
9995150770
8547699209
9495305250
9495307875
9961437788
9429368497
9388442099
9349185238
8281635983
9846675352
9847223299
9895292554
9446646549
7907161831
8891497150
9544111674
9847781474
8157905497
9946486891
9447635857
9400431759
9605818485
9946962699
9895247016
9895110384
9496283974
9605299754
9747309076
9633035522
9400433752
7875327686
8157057604
9745294700
9496900808
9446314506
9645258528
9497833170
8714164837
8075764583
9496844546
9645733836
9745344325
9446316477
9417959909
9895604196
7034565905
9497867657
9645498908
9446669197
8304847707
9496443660
8758406717
9745941822
8606805975
9633166824
9447681218
9387411414
9847282561
9447674931
9074635394
9496726940
8281856619
9846446353
9447755402
9946260612
9446223804
9656550383
9249729221
9447844569
9895600264
8129406755
9656009539
6238651415
8281353538
9656931433
9446330646
9446515206
9446780699
9388857541
9400932267
7907143554
9895019884
9656168074
9447453061
9447950813
9495759639
9447116800
9846169066
9446773295
9447233567
9446312576
9846469975
9544104304
9544229493
9544390495
9633868000
9847551109
9946761856
9048042063
9539693713
8281178818
9496226465
9846272932
8943022844
9388252328
9961998242
9495641122
9447754246
9447100682
9562088868
9446685800
9447111515
9447171828
9207216252
9446300838
8891430430
9447950197
7034997832
9847398230
9072173248
9497216744
9539063995
9495755858
9961086617
9745147788
9961033819
9037436792
7025694679
9995630126
9048430642
6238073735
9061937916
9539471445
9947638642
9846331107
9895368255
7907925787
9895151069
9744928668
7559930882
8086700708
9061784531
9895658217
8086316430
9486875657
9020440730
9895692389
8592006361
9744669733
9447418638
9809750786
9946716090
9947242977
9387427978
9447235368
97155711691
9746498418
8078102040
7736751009
9496421644
9745749923
9447468812
9605190728
9526670956
9895783115
9562825950
7907016978
9061025167
8891869044
7907593684
9562070644
9947318265
8075707078
9847117899
9539355384
9526341680
9747149414
9383424526
7907847671
9048594510
8304098830
8111955806
8547576798
7592926211
8075284976
9961322324
9496215986
9744976175
6282685427
6235122398
9447219371
9605594847
9747072440
9809824775
9061281180
6282191033
7025853026
7034576979
7510245815
7736675047
7736715977
7994733237
8156861178
8281565576
8281644570
8593938483
8848357401
8891988370
8921915857
9061146436
9061744477
9072506054
9207615907
9495072765
9496767067
9497212798
9497349314
9497860539
9526000710
9539845496
9562432959
9562565035
9645436047
9645693103
9656161092
9656356086
9656624372
9744628009
9744731397
9745111716
9745991880
9746823435
9747284890
9747605256
9847522681
9946247626
9947231572
9947330977
9961039906
9961729612
9995177601
9744628009
9745111716
9745330676
9745823094
9778067640
9846658672
9847029350
9847672483
9947268660
9947935466
9447403944
9447882332
9447978252
9567557151
9605783472
9645493264
9656161092
9656480288
9656665935
8943527175
8943527175
8951250616
9037152848
9048898704
9048989769
9072143984
9188025031
9446667166
9446696417
9447329004
8075738486
8075910086
8078543292
8086819024
8281283715
8547820395
8590702181
8593008665
8593993371
8606164200
7034063846
7592066383
7594801046
7736108643
7736280509
7736920167
7907050956
7994163970
7994923546
6238115161
6282206916
7034000888
7034351292
7306311936
7736666202
8075275730
8086429283
8086640839
8113012763
8113078949
8136809225
8137860133
8281120257
8547092865
8589918682
8606230721
8606302864
8943110654
9048131384
9048226153
9048510190
9072113038
9074529719
9207021236
9400743858
9400760252
9446909627
9447406970
9497293059
9539844396
9539903076
9544481810
9544785258
9544791212
9562677454
9567075920
9567896443
9605823517
9567075920
9567896443
9605823517
9605999773
9633373866
9633723434
9645416578
9656614949
9656624922
9656688471
9744368956
9744498110
9745860365
9746101497
9746914885
9747750659
9846782027
9847730047
9847784045
9847795786
9946138942
9946609696
9947549885
9961392217
9961574689
9961666769
9961718512
9995820653
9947929272
9961351186
9961597310
9961873158
9961902807
9995015050
9995428323
9995463382
96654275724
9847002497
9847502303
9847690819
9847699425
9946732214
9946738185
9946860367
9946975886
9947523529
9947929272
9961351186
9605950297
9645152731
9645195259
9656356099
9744316333
9745033977
9745251207
9745362098
9745871339
9746168144
9747305544
9249868737
9249877100
9387358568
9400182792
9400399425
9447130201
9447391102
9447401846
9495377739
9496024079
9037073470
9037392806
9037535126
9037601045
9048426478
9048848189
9074100282
9074300169
9074442123
9188108129
9207119089
8301840657
8301846438
8590985748
8592963470
8593812471
8606449272
8606757564
8714560053
8848671903
8891587518
8921037560
8921140604
7560812303
7561873158
7594844633
7902450775
7902556466
8075472747
8078174571
8086247449
8086255808
8086369789
8089838728
6235127340
6235489775
6238785859
7012318359
7025487274
7034068577
7034993164
7510221123
7510374340
7510438434
7510991950
6282497540
6282591090
7012665388
7034390267
7034535610
7994577569
7994953082
8086089548
8086382165
8089508972
8089553574
8089815088
8129875971
8129907581
8547139790
8590909128
8590917650
8714454294
8848122175
8848765310
8921857882
9037068289
9037220140
9048279332
9061600382
9495374074
9495608538
9539025879
9539264971
9539523889
9544643126
9562497861
9562668882
9562946658
9656649924
9744508975
9747746618
9747985617
9778152151
9847830448
9961124052
9539864679
9539269360
9544914780
9562574034
9562574034
9562651901
9605453144
9633538482
9633609674
9645318087
9645441757
9645652656
8304975074
8590707387
8590713909
8592006970
8606608576
8893270033
8921187387
8943814289
9048313186
9048663798
9072942700
9207421585
7907135784
7994302139
8086225131
8086927808
8089728705
8137046656
8156890550
8157049224
8304975074
8590707387
8590713909
8943814289
9048313186
9048663798
9072942700
9207421585
9400466427
9446884458
9447263332
9495188612
9495210709
9539255021
6282801340
6282806915
7012233686
7034307828
7306874974
7736574049
7902509291
7907126561
7907131151
7907135784
7994302139
9809515264
9809553464
9846454004
9846649822
9847003821
9946251023
9946338969
9946350056
9946388767
7034069941
7034586243
7034825115
7356532208
7510281325
7558953380
7902727309
8086244337
8086802374
9400848703
9446403271
9495662191
9496012749
9496241540
9496267606
9496552553
9496669748
9497659365
9539818390
9539902120
8086802374
8089834167
8113018423
8113838611
8129022187
8129609236
8129879937
8281640535
8281976134
8590415626
8590539949
9562007547
9567976913
9605352626
9605541479
9605583551
9633036484
9633812757
9645047530
9645292615
9645564167
8590844594
8606089015
8606393699
8943547687
8943606989
9020787583
9037001618
9048767456
9061068125
9072089246
9072924002
9946251023
9946338969
9946350056
9946388767
9946497017
9946532390
9961185642
9961668016
9995416318
9995428756
9645569887
9645590511
9645607532
9656625257
9744059579
9745158263
9745340357
9745361916
9746304564
9746814755
9747977308
6238517979
6282451446
6282574196
6282986403
7034912482
7306315175
7306442198
7306473297
7510848270
7559978231
7592963679
7902556027
7902656619
8075102737
8075688128
8086237514
8129956722
8136897611
8136962208
8136966545
8137972555
8157855323
8281101102
8281541048
8301828549
8547346172
8547566917
8590336681
8590580562
9447353229
9447417369
9447631974
9447680016
9447783229
9495066139
9495236624
9496293722
9496520703
9497934460
9061289960
9061499410
9061726110
9074101175
9074266429
9074313870
9207488691
9349193359
9446250321
9446729274
8592062995
8592081660
8606143992
8414768569
8848190946
8891458296
8921998692
8943462312
8943688323
9061273528
9526339563
9526800864
9544496683
9544665885
9567932463
9605633628
9633332202
9645244417
9645327909
9645409745
9656554511
9656662662
9656688415
9656897318
9744430845
9745362173
9745779886
9746713853
9846788169
9847151241
9847234874
9847662725
9847763602
9895978126
9946017312
9947147847
9947607790
9961482533
9846338744
9846443619
9847350084
9847978252
9895475337
9946729213
9946764704
9947701350
9562817021
9605083743
9605537584
9605756161
9633155036
9656598026
9745396433
9746029935
9778583854
8714883850
8907908603
8943910785
9037182963
9048449848
9072400933
9072766906
9544011024
9562039090
6235276414
7034329409
7034400259
7306709326
7356315293
7736109878
7907070025
7994220691
8075706471
8089233042
8089293745
8089691211
8589070580
8592875750
8606707961
8606840025
8714282548
6235687134
6238441271
7012756953
7025014649
9605660483
9633530277
9656586958
9744255735
9745287763
9747747221
9747974827
9846477409
9847122656
9946921346
9961925357
6235687134
6238441271
7012756953
7025014649
7025014649
7034013482
7034071800
7034414599
7356170495
7397332757
7558999433
7559900496
7907819358
7994817838
8136813102
8137836931
8156874778
8606904584
8921177919
8921869421
8943492593
8943957128
9037127209
9072857425
9207811609
9496024079
9526012543
9526186021
9544394016
9562184575
9567221652
9605299393
9605501157
9605660483
9633530277
9656586958
9744255735
9745287763
6235655866
7012555602
7034410035
7034604026
7591967910
7593055091
7902250736
7902438768
7907087305
7907101559
7994990804
8075104578
8075596389
8078092760
8089180328
8089906134
8606307439
8606340320
8714473889
8848439762
8848444416
8921051859
8943680207
9048609204
9048872227
9061464211
9072145403
9072145403
9072145403
9072933006
9074590065
9074693823
9074971129
9400285539
9446130860
9446348493
9446419834
9446671644
9447260327
9447419218
9447626605
9447770666
9495139730
9495232940
9495511975
9495563536
9496979227
9526654553
9539046763
9539425935
9539851241
9539963787
9562060616
9562197811
9562223141
9567712731
9605262419
9605407568
9605877078
9605912151
9645122782
9645653536
9645942570
9656759018
9745133032
9746534439
9747203374
9747608017
9747699334
9747960327
9846377131
9846448827
9846498596
9846576932
9846714284
9847193381
9847197178
9895657030
9947167275
9961453925
9961567382
9995920193
8075629208
8086588600
8089626676
8089862743
8113012290
8113829014
8113913782
8129216645
8129427469
8138975632
8157060569
8157817669
8281100808
8281811444
8289897388
8590425157
8590585395
9048646847
9061147262
9061253599
9061500436
9061814415
9061815732
9072100447
9074716531
9074784746
9744904135
9745898910
9747000811
9747310303
9747388600
9747557261
9747586902
9747630400
9809273937
9846321709
8606008316
9061147276
9446884710
6235082935
6238370685
6238535530
6238565300
6282637944
6282702847
6282707581
7012522835
7025315223
7025315234
7025642769
7034122768
7034790816
7034925452
7306415898
7306613831
7306894624
7356015931
7356349442
7510315071
7510727077
7558935130
7559079322
7560909030
7736849142
7736849142
7736875313
7902231566
7902267295
7902638745
7902881766
7907356511
7907460190
7994325502
7994483032
8075027310
8075629208
8590425157
8590585395
8592828483
8593906950
8606008316
8606046183
8606171740
8606358825
8606596085
8606718711
8606784966
8714056593
8848023609
8848754764
8921379227
8921386124
8921961596
9037559131
9188707530
9207610950
9446884710
9447537585
9496556843
9496887206
9526064522
9526368914
9526371980
9526394437
9526577844
9544426097
9544906759
9562117405
9562276952
9562432817
9562439053
9562520034
9562530078
9562802214
9562815435
9562845747
9562860152
9567740305
9605185076
9605401020
9605448390
9605560905
9605595379
9605597115
9625040404
9633141875
9633791650
9645452608
9645618469
9645841136
9656313694
9656500423
9656801863
9744098171
9744313694
9744315127
9744402431
9744485682
9744518332
9846321709
9846713605
9847343045
9847688810
9847691940
9847720540
9847740729
9847753198
9847940527
9895685783
9946342930
9946837019
9947151614
9947791867
9947928538
9961089200
9961195862
9961270848
9961431805
9961470837
9961573965
9961669180
9961692151
9995299820
9995864960
7012959493
7025854326
7034158721
7034326659
7034749892
7356986209
7548811674
7592926488
7736568997
8075636469
8086167003
8086407423
8281035566
8547153296
8589915949
8590852626
8593958415
8593982870
8606085028
8714460552
8921857732
8943259857
9037874363
9048583822
9061607910
9072819846
9074845962
9188558619
9207947452
9447980361
9495291899
9495817170
9746608033
9747149532
9747538207
9747606679
9778738937
9846196642
9846229139
9895516365
9946338879
9946462828
9947069782
9947082890
9947261356
9961217200
9961399246
9961923730
9995218191
9995898203
9995947452
7025856324
7034305423
7034305423
7034762107
7034868548
7034933094
7306388445
7306398501
7306999642
7356186447
7356231435
7510141171
7510991712
7560855327
7561825788
7594027973
7736726560
7736812126
7902779977
7907358185
7907776362
7994222631
8075270104
8075599088
8086280823
8089502382
8089820822
8111800231
8111852098
8113997683
8129107259
8129299700
8136935838
8281501815
8590260524
8590397736
8606076713
8606202610
8606562290
8606807452
8606934950
8714243132
8714293802
8848243482
8848367918
8848437856
8848647903
8848661959
8891172195
8891447223
8891652890
8921927388
8943121281
8943233425
8943329533
9037360459
9037436269
9037679781
9048496048
9074291939
9074616839
9074779688
9188155101
9207072039
9207493151
9383412854
9447928518
9495124113
9539101396
9539228040
9539516577
9544520179
9544869144
9562628129
9567897279
9605197312
9605259635
9605806871
9645229285
9656361924
9656484366
9656897388
9656987078
9744080164
9744424945
9746285390
9747127477
9747170872
9747402837
9747959584
9747986606
9747994116
9778407903
9846096803
9846290654
9846293125
9847566857
9847728073
9847790490
9946265011
9946730099
9947497965
9947527699
9947685663
9947970051
9961282620
9961284225
9562154329
9544077122
9947506549
9745898363
7592873016
8086256240
9946501971
8606000918
9995331840
7736929055
9446993674
9747024955
9742924693
8907572969
9562897187
9061491660
9946830052
9846341176
9744463729
8086256837
6235177019
9645773153
8086420691
9995194554
9846214900
9526032523
9562548725
8086901373
7564687741
9745703039
9539011354
9207894305
9074270971
9946744232
9946744232
7356741391
9745027593
8592816345
9961215530
9633802145
9072581180
7034317363
9944060615
9633120989
9645126854
9048533372
9496480098
9061450902
9526950254
8086923313
9539216005
9946928013
8086213740
9645315795
9747446767
9544181173
7034717303
9656491004
7034617386
9539823451
8592081261
8589078237
9400151796
9946820752
9847360649
7902671394
7306833078
8592871394
7592878395
6238339606
9496837860
8086645954
8848757567
7510230331
9446156057
7902878521
7736871256
8590195181
8129981609
9605411855
9544370603
9048162408
8590770065
9946281488
9745119305
9048591102
7594945161
8281358895
9745764688
7594006714
9745768993
9188340252
9072016186
9946625965
9447274296
9048934156
7034768353
9745157598
9746923151
9846923151
9846923151
9847872009
9946008172
8606220954
9745128923
8943680882
9846106654
9946350218
9946217226
7034638204
9539248041
9497670610
9526736500
9946219395
6238961042
9446136390
8943800798
9745201031
9946486850
9495454243
8086969121
9745083521
8606630206
9846385429
9061929578
8078309320
6235935040
9048272762
7594950473
9946744264
9446729058
9645785611
9061089433
9846814061
9544081132
7025112098
9747343447
9778070562
9942496533
9446782302
9497350746
9207001784
9946109258
9072467332
9961703274
8921323911
8086815715
9746564436
8592096861
9946686499
9496467872
7510780096
9744414844
8086924721
9745302142
7356318421
9744506550
8157997643
7902490250
9544989748
9645321791
7591902784
9946462828
9495512058
8086157370
9562953962
7510719805
9874248567
7561805670
9745484006
9946813282
9072092169
9048338312
8086281461
8943371056
9207825737
7591952369
9048495093
8086214707
9745293584
9745202734
7034370634
7907718861
9061210487
7034961324
9446109753
9207603020
9645408923
7592047381
9744434892
8589025835
9744184335
7034702645
7510801836
8590165396
6238732439
9567729828
6238406629
7306413846
9946420311
7902248509
9961750841
9072365030
7025856534
9961220641
8943186594
9946642784
9605091592
9605787048
9048150794
8943884250
8593069602
8593069602
9539868895
8592079704
9567836872
7012034873
7012674357
9745923311
8943612994
9946420069
6238460870
7510921966
9037930680
9496953153
9744847071
8943155893
9645004997
9745227604
8157997825
9495101133
9495487687
9747732094
9747565186
6238522619
9656830270
8593906746
9446477552
9562295793
9846700893
9544591858
9544846751
9207241680
9446388166
9495360477
9497037205
9495609379
7034380738
7902316942
8086080289
8606026696
6235140645
9447160187
9947640296
8547586209
9946163225
9645914935
9605373893
9645124113
9497843796
9744559305
8943981793
9539428208
9495323499
9633577888
7902248214
9447927373
9745766252
8136874405
9447263907
8943619817
8592079842
9946820156
9544670145
9072056873
4904260724
4924260339
9048566369
9446280417
9446276462
9539883735
9495492136
9847534863
9539141120
9846252449
9847862656
7034174377
9526504865
9539314390
8606173308
9048640272
9495511118
9048232954
9745661140
9656456461
8943382810
9446986098
8592080091
9946445797
9188761246
9645446894
8086969842
9495913009
9745515817
9633596938
9539410639
9961674425
8943613181
9656624263
9447635015
9400832826
8592083862
9745467199
9446394219
9048509229
9605385757
8547956018
9495490081
7012088141
7558037630
8943866393
9946309936
9946204548
9446841511
8590927969
9446730230
9495531544
9946942788
9745839809
9544665830
9495740523
9846816337
8547931859
9846816715
8113870934
9446402688
8593958415
9846063259
8921957170
9645455558
9400327972
8848653579
8113900481
8089751039
9747501388
9048696697
9447927699
9567421355
7034960177
8157048409
9656856081
9447652058
9745582894
9496362766
8281711845
7034013382
9496362795
8086768304
9497664854
8281251142
9072546830
7558811712
7591902760
9895930732
8089456471
9605676780
7994773032
9846696185
9447437782
9061165960
9447979847
9946882283
9447841215
8907380449
9495623114
7025792884
8086340095
8281069599
9074625483
9747072432
9544762808
8111842981
9496467889
9495183955
6235460539
9946339128
8086798056
9844963020
9526009815
9747747926
8129981609
9745143590
8086213740
9048591102
9562567197
8301057748
9846032413
9645511538
9526032528
9207894305
7561830089
7561830089
9061708814
9846365369
9747666006
8714262482
8089456471
7558811712
8156937572
6235566811
8943596016
9946217226
8943981793
7902878815
7034728124
9847431345
9048025993
9847742495
9744817516
9744430343
9744443595
9605638994
9562056298
9562056298
7510230383
9061709802
6238816904
9656134839
7510253695
7736614081
7510253695
9947021399
9605181312
9526682146
9633610928
6238487421
9947994610
9562318274
7994337615
9562403163
9961150171
9947252641
9562448194
9446630645
9847730014
8606334019
9744030598
9847595753
9946535461
9745924031
9526452647
9847911130
9961668434
9037751495
9846435466
9544784456
9847501882
7012447165
9846401876
9526008503
9847910682
8907061483
7034039708
9048568366
8907919085
9746008083
7994051465
7510416375
9847854513
8848190946
9544194863
8848331713
9645267484
9961284795
9037073470
7510432168
9020544627
9961284795
9541377036
9074282772
9847085515
9846928807
8086669086
9947543418
7034735451
9633938883
9744612819
9526597988
8157049651
9946250581
7034464963
9961200506
7025358498
9961066263
7994357960
9946732214
7736564883
9526963283
8943933566
8590489585
6238663220
7012448892
7034377042
7306078879
7907273187
7907317024
7907628755
7994020085
8075199252
8076118154
8089669937
8089856957
8111827067
8281811862
8289959885
8301903680
8590372580
8606049375
8848766673
8921703638
9037228073
9037628686
9037973369
9048614756
9048704600
9072049375
9142435166
9188290591
9446122953
9447216296
9447217836
9447334789
9447451338
9447537452
9447720108
9495574446
9496171800
9496519901
9497386998
9497660064
9497874920
9544733698
9544784631
9544785258
9562166330
9605504820
9656265126
9656333897
9744565637
9745348773
9746280970
9747625451
9778008914
9846482048
9847480592
9847835987
9847950609
9847993810
9895561738
9946265011
9946530437
9961233562
9961260687
9961507394
9961690379
9995272502
9995895169
9400410284
9496212103
7306311936
9400743858
9961718512
6238115161
7736847670
9074529719
7306612912
8086014461
9037510659
9656614949
9562439053
9605597115
9656500423
9207217521
7736725411
9633354468
9562530078
6238895793
8075589995
9562895685
7034475547
8089641730
8086191926
8072143538
6282045107
9645409745
9946277511
9074257156
8086237514
6282701609
7736556726
9074620676
9847659289
7012230764
7025856324
7034305423
7034305423
7034762107
7034868548
7034933094
7306388445
7306398501
7306999642
7356186447
7356231435
7510141171
7510991712
7560855327
7561825788
7594027973
7736726560
7736812126
7902779977
7907358185
7907776362
7994222631
8075270104
8075599088
8086280823
8089502382
8089820822
8111800231
8111852098
8113997683
8129107259
8129299700
8136935838
8281501815
8590260524
8590397736
8606076713
8606202610
8606562290
8606807452
8606934950
8714243132
8714293802
8848243482
8848367918
8848437856
8848647903
8848661959
8891172195
8891447223
8891652890
8921927388
8943121281
8943233425
8943329533
9037360459
9037436269
9037679781
9048496048
9074291939
9074616839
9074779688
9188155101
9207072039
9207493151
9383412854
9447928518
9495124113
9539101396
9539228040
9539516577
9544520179
9544869144
9562628129
9567897279
9605197312
9605259635
9605806871
9645229285
9656361924
9656484366
9656897388
9656987078
9744080164
9744424945
9746285390
9747127477
9747170872
9747402837
9747959584
9747986606
9747994116
9778407903
9846096803
9846290654
9846293125
9847566857
9847728073
9847790490
9946265011
9946730099
9947497965
9947527699
9947685663
9947970051
9961282620
9961284225
7907242296
7561070905
9526170665
9846596906
9188609640
8547258215
6235192849
8848820568
8590493571
7510770314
8086405480
8156860440
8289971054
8547981025
8590493571
8606061472
8848820568
9048513460
9188133417
9188609640
9447766400
9495553730
9496584080
9497117917
9497353037
9539132256
9656350386
9747631913
9846596906
9995482542
8129182498
8547725310
8547906161
9495140699
9747554080
7994412492
8078417723
8086819024
8086120671
8111811902
7994488270
8848919625
8075270104
6282739936
7012505011
8606115726
9961185890
9074121134
7593893646
7559803712
8139099297
8075863058
8921712731
9961918059
9526512672
9400695073
9961809016
9846941121
9048295173
7558070269
9544330200
9778758693
8089371851
9562154329
9544077122
9947506549
9745898363
7592873016
8086256240
9946501971
8606000918
9995331840
7736929055
9446993674
9747024955
9742924693
8907572969
9562897187
9061491660
9946830052
9846341176
9744463729
8086256837
6235177019
9645773153
8086420691
9995194554
9846214900
9526032523
9562548725
8086901373
7564687741
9745703039
9539011354
9207894305
9074270971
9946744232
9946744232
7356741391
9745027593
8592816345
9961215530
9633802145
9072581180
7034317363
9944060615
9633120989
9645126854
9048533372
9496480098
9061450902
9526950254
8086923313
9539216005
9946928013
8086213740
9645315795
9747446767
9544181173
7034717303
9656491004
7034617386
9539823451
8592081261
8589078237
9400151796
9946820752
9847360649
7902671394
7306833078
8592871394
7592878395
6238339606
9496837860
8086645954
8848757567
7510230331
9446156057
7902878521
7736871256
8590195181
8129981609
9605411855
9544370603
9048162408
8590770065
9946281488
9745119305
9048591102
7594945161
8281358895
9745764688
7594006714
9745768993
9188340252
9072016186
9946625965
9447274296
9048934156
7034768353
9745157598
9746923151
9846923151
9846923151
9847872009
9946008172
8606220954
9745128923
8943680882
9846106654
9946350218
9946217226
7034638204
9539248041
9497670610
9526736500
9946219395
6238961042
9446136390
8943800798
9745201031
9946486850
9495454243
8086969121
9745083521
8606630206
9846385429
9061929578
8078309320
6235935040
9048272762
7594950473
9946744264
9446729058
9645785611
9061089433
9846814061
9544081132
7025112098
9747343447
9778070562
9942496533
9446782302
9497350746
9207001784
9946109258
9072467332
9961703274
8921323911
8086815715
9746564436
8592096861
9946686499
9496467872
7510780096
9744414844
8086924721
9745302142
7356318421
9744506550
8157997643
7902490250
9544989748
9645321791
7591902784
9946462828
9495512058
8086157370
9562953962
7510719805
9874248567
7561805670
9745484006
9946813282
9072092169
9048338312
8086281461
8943371056
9207825737
7591952369
9048495093
8086214707
9745293584
9745202734
7034370634
7907718861
9061210487
7034961324
9446109753
9207603020
9645408923
7592047381
9744434892
8589025835
9744184335
7034702645
7510801836
8590165396
6238732439
9567729828
6238406629
7306413846
9946420311
7902248509
9961750841
9072365030
7025856534
9961220641
8943186594
9946642784
9605091592
9605787048
9048150794
8943884250
8593069602
8593069602
9539868895
8592079704
9567836872
7012034873
7012674357
9745923311
8943612994
9946420069
6238460870
7510921966
9037930680
9496953153
9744847071
8943155893
9645004997
9745227604
8157997825
9495101133
9495487687
9747732094
9747565186
6238522619
9656830270
8593906746
9446477552
9562295793
9846700893
9544591858
9544846751
9207241680
9446388166
9495360477
9497037205
9495609379
7034380738
7902316942
8086080289
8606026696
6235140645
9447160187
9947640296
8547586209
9946163225
9645914935
9605373893
9645124113
9497843796
9744559305
8943981793
9539428208
9495323499
9633577888
7902248214
9447927373
9745766252
8136874405
9447263907
8943619817
8592079842
9946820156
9544670145
9072056873
4904260724
4924260339
9048566369
9446280417
9446276462
9539883735
9495492136
9847534863
9539141120
9846252449
9847862656
7034174377
9526504865
9539314390
8606173308
9048640272
9495511118
9048232954
9745661140
9656456461
8943382810
9446986098
8592080091
9946445797
9188761246
9645446894
8086969842
9495913009
9745515817
9633596938
9539410639
9961674425
8943613181
9656624263
9447635015
9400832826
8592083862
9745467199
9446394219
9048509229
9605385757
8547956018
9495490081
7012088141
7558037630
8943866393
9946309936
9946204548
9446841511
8590927969
9446730230
9495531544
9946942788
9745839809
9544665830
9495740523
9846816337
8547931859
9846816715
8113870934
9446402688
8593958415
9846063259
8921957170
9645455558
9400327972
8848653579
8113900481
8089751039
9747501388
9048696697
9447927699
9567421355
7034960177
8157048409
9656856081
9447652058
9745582894
9496362766
8281711845
7034013382
9496362795
8086768304
9497664854
8281251142
9072546830
7558811712
7591902760
9895930732
8089456471
9605676780
7994773032
9846696185
9447437782
9061165960
9447979847
9946882283
9447841215
8907380449
9495623114
7025792884
8086340095
8281069599
9074625483
9747072432
9544762808
8111842981
9496467889
9495183955
6235460539
9946339128
7907242296
7561070905
9526170665
9846596906
9188609640
8547258215
6235192849
8848820568
8590493571
7510770314
8086405480
8156860440
8289971054
8547981025
8590493571
8606061472
8848820568
9048513460
9188133417
9188609640
9447766400
9495553730
9496584080
9497117917
9497353037
9539132256
9656350386
9747631913
9846596906
9995482542
8129182498
8547725310
8547906161
9495140699
9747554080
9995673664
8281708122
7994746432
9061012411
9048362698
5547863634
9633458392
9605230719
9778127964
8606012416
8590592776
9995426231
9567480233
8714809497
9947719931
8589863383
8113096691
8281290284
9744678890
9526240448
9744228624
7306851154
8281672916
9846488037
9072514081
9747223085
9061579812
8086813741
9745919130
7559831297
9288119756
9846651287
9895547439
8593948340
7907961099
9645455199
9539449166
8089644302
8590333953
7012622619
9747600572
9778321292
8590077215
9061643146
9400668715
9847722526
9745692827
9048496104
9846620200
8078508494
9745953321
9447681218
9864826809
9048669796
9526602820
9947465649
9072840739
8713878333
9745166747
9895095580
8089537726
9539662568
7558084604
9745936426
9497649021
7012814749
9447338196
7034942411
8089763086
9447847596
9037898770
9847912327
6238339349
9567107874
9074907855
9946681549
9526984157
9447581676
9746849028
7592874238
7356332068
9447509490
9633776083
9747654943
9895570483
9846752455
6282997627
9846431351
8281253950
8281253950
7902979435
8848309334
6282713363
7736805366
8086410703
8086629610
8079176777
9074188287
7025506448
9605661474
9946535682
9544907137
9845075155
9995393046
9544414067
9744908079
9495794721
9847100639
9946063060
9847118466
9061053018
8078878323
8589936315
7025580857
9846419120
9526867294
8590424534
9446884759
8943273636
7736986136
9656135692
9947720279
9747657685
9048319296
8592877874
8921268500
7034298860
7306674626
8157964670
8921561053
7034183477
8330076484
9048238564
7510972657
9645449683
9048276250
9645364071
9562293464
9207239053
9847196001
9961899457
8086597732
9747363079
9747985921
7012449946
7012124616
9061289820
9946086430
9048415545
7306857233
9656045806
9961401245
7994967244
9048068940
9846459299
9895745700
7202427205
9946263279
9074616134
9447842917
8089889605
9526654553
9605237729
9048714405
8157066001
9847241572
8590501307
9778066951
9778147177
9539706029
9847198807
9656156073
9526856978
9656388593
9645694844
9544642835
8157961804
9656046188
9747183673
9061290094
9605183481
7012770024
9745859079
9778209329
9656736652
9495210709
9562704958
9847598756
9847629175
9847582470
9747304476
9645755680
9539649717
9747960327
7558034276
9605560049
9539255021
9562206931
8606143176
6282100531
9645569935
9633086270
9447630499
9946134896
9745572864
6238823838
7356782582
9778006038
8943278510
6238671684
9744757202
8156914694
9745056490
7034704287
8606014587
9207967151
7012269396
9645796891
9747053101
8891495135
9744970714
8848714680
9496045586
9961594600
9061432450
9605033990
8606682132
9656356442
9961712775
8606247068
9048193894
9656813874
9142444019
9074107086
7012925975
9142267255
9778057099
7736657844
6238667798
8086672918
7510299798
8089728705
7736574049
7558827802
7559927926
9656966109
7306454500
9188271640
7025718251
9544177013
9605481240
9846974573
9946810802
9339629748
9562534559
7559048700
9539864679
9539269360
9544914780
9562574034
9562651901
9605453144
9633538482
9633609674
9645318087
9645441757
9645652656
8304975074
8590707387
8590713909
8592006970
8606608576
8893270033
8921187387
8943814289
9048313186
9048663798
9072942700
9207421585
7907135784
7994302139
8086225131
8086927808
8137046656
8156890550
8157049224
9400466427
9446884458
9447263332
9495188612
6282801340
6282806915
7012233686
7034307828
7306874974
7902509291
7907126561
7907131151
8086413107
9645414327
7034161331
7025206873
7034955863
7561808164
8075228676
8086171170
8089401457
8129027446
8138870576
9037671539
9446062817
7561828164
7736214814
8089617557
9447326471
9447631185
9495174552
9495315333
9526920221
9539108093
9539960997
9562658372
9645746376
9656757892
9744012487
9744144992
9846452780
9946285073
9946795261
9947334495
9947464458
9947643478
9961780660
6282161315
6282635581
7012844610
7558090098
7591959588
7736547894
7907759299
8075681395
8086869909
8139070490
8921782554
8943456267
9496246992
9544836276
9567503116
9645515516
9744883995
9745991880
9746229001
9746646106
9846376304
9947271170
9961432071
9995884176
7356853774
7560880113
8129948308
8590599519
8606352087
8943326941
9207203076
9539582459
9497166460
9562287187
9539738457
9645455350
9744703111
9745891701
9946746488
9947645682
9947944791
9567519396
8089334495
7558060915
8157964388
8592878109
9846824093
7902343348
7034401458
7356613734
6282346466
7907920814
7736635776
9809860311
8590687648
9847431345
9048025993
9847742495
9744817516
9744430343
9744443595
9605638994
9562056298
9562056298
7510230383
9061709802
6238816904
9656134839
7510253695
7736614081
7510253695
9947021399
9605181312
9526682146
9633610928
6238487421
9947994610
9562318274
7994337615
9562403163
9961150171
9947252641
9562448194
9446630645
9847730014
8606334019
9744030598
9847595753
9946535461
9745924031
9526452647
9847911130
9961668434
9037751495
9846435466
9544784456
9847501882
7012447165
9846401876
9526008503
9847910682
8907061483
7034039708
9048568366
8907919085
9746008083
7994051465
7510416375
9847854513
8848190946
9544194863
8848331713
9645267484
9961284795
9037073470
7510432168
9020544627
9961284795
9541377036
9074282772
9847085515
9846928807
8086669086
9947543418
7034735451
9633938883
9744612819
9526597988
8157049651
9946250581
7034464963
9961200506
7025358498
9961066263
7994357960
9946732214
7736564883
9526963283
8943933566
8590489585
9847431345
9048025993
9847742495
9744817516
9744430343
9744443595
9605638994
9562056298
9562056298
7510230383
9061709802
6238816904
9656134839
7510253695
7736614081
7510253695
9947021399
9605181312
9526682146
9633610928
6238487421
9947994610
9562318274
7994337615
9562403163
9961150171
9947252641
9562448194
9446630645
9847730014
8606334019
9744030598
9847595753
9946535461
9745924031
9526452647
9847911130
9961668434
9037751495
9846435466
9544784456
9847501882
7012447165
9846401876
9526008503
9847910682
8907061483
7034039708
9048568366
8907919085
9746008083
7994051465
7510416375
9847854513
8848190946
9544194863
8848331713
9645267484
9961284795
9037073470
7510432168
9020544627
9961284795
9541377036
9074282772
9847085515
9846928807
8086669086
9947543418
7034735451
9633938883
9744612819
9526597988
8157049651
9946250581
7034464963
9961200506
7025358498
9961066263
7994357960
9946732214
7736564883
9526963283
8943933566
8590489585
9656478022
9567896443
7034240464
9447175835
7902876356
8606369039
8547529276
6235980047
9048932885
9847006011
9747949932
7012089361
9349193395
9074716379
8136966545
8075617213
8086438675
7736323485
8113078949
8891668158
9037152848
8590077999
8606654080
9778274179
8129989525
9562676329
8086419054
6282664171
7907862549
8606144388
9567462574
9809256004
9922426122
9656544515
9846805417
9544081163
9188768935
9846348664
9544611710
7306506867
9846416574
8590963577
8606266256
9947928247
9747716608
9778027893
8943516038
6282629108
9562926514
9474627598
9605454597
8547020197
8848444416
9656046188
8157961804
9562206931
9544642835
7025697025
9961862288
9562543217
9061444884
9847159922
7510694794
9778551149
6282158203
9745488312
9048790607
9846906773
9074078865
9747902124
8089106198
6238809034
9605407568
9645655623
9539264971
9947520812
9961866103
8606198493
9544263700
8848824522
9847477946
9747286594
9747193374
9747364191
9633101373
8891003989
9846672666
9846016815
9526511583
8592900589
9656757858
9744558542
9840041959
7356877437
9946363575
9744363575
9656716844
9946685861
9895693781
8943839500
8592913394
8921389433
8921389433
9526183090
9207135313
7034244800
9539730465
9061450232
7907841115
9048695731
9562197811
7510393384
9048259431
7592944687
7025713640
9539354695
9847248568
7034167373
8089812947
8943435153
9605559889
9747021314
9947236799
9895133146
9072933006
9526113340
6235655866
9539425935
9846706703
9946967889
9746701571
9747143407
9526787989
9846250006
9961865989
8907520362
9048227571
9633133780
9656978565
9526528946
9744487759
9947167275
9400904348
9846448827
9961060098
9645587944
9048794810
9562005950
8943355673
7900348831
9946197548
9745458874
8089794669
9656156073
7025024461
8086458078
9544191751
7510125836
9526490250
9048929924
8891982194
7034652826
7025182303
9747463571
7012736395
9947633329
9747642136
7510735430
7025587963
7559927926
9645571487
9207159716
9656651643
8086798056
9844963020
9526009815
9747747926
8129981609
9745143590
8086213740
9048591102
9562567197
8301057748
9846032413
9645511538
9526032528
9207894305
7561830089
7561830089
9061708814
9846365369
9747666006
8714262482
8089456471
7558811712
8156937572
6235566811
8943596016
9946217226
8943981793
7902878815
7034728124
8589936315
7025580857
9846419120
9526867294
8590424534
9446884759
8943273636
7736986136
9656135692
9947720279
9747657685
9048319296
8592877874
8921268500
7034298860
7306674626
8157964670
8921561053
7034183477
8330076484
9048238564
7510972657
9645449683
9048276250
9645364071
9562293464
9207239053
9847196001
9961899457
8086597732
9747363079
9747985921
7012449946
7012124616
9061289820
9946086430
9048415545
7306857233
9656045806
9961401245
7994967244
9048068940
9846459299
9895745700
7202427205
9946263279
9074616134
9447842917
8089889605
9526654553
9605237729
9048714405
8157066001
9847241572
8590501307
9778066951
9778147177
9539706029
9847198807
9656156073
9526856978
9656388593
9645694844
9544642835
8157961804
9656046188
9747183673
9061290094
9605183481
7012770024
9745859079
9778209329
9656736652
9495210709
9562704958
9847598756
9847629175
9847582470
9747304476
9645755680
9539649717
9747960327
7558034276
9605560049
9539255021
9562206931
8606143176
6282100531
9645569935
9633086270
9447630499
9946134896
9745572864
6238823838
7356782582
9778006038
8943278510
6238671684
9744757202
8156914694
9745056490
7034704287
8606014587
9207967151
7012269396
9645796891
9747053101
8891495135
9744970714
8848714680
9496045586
9961594600
9061432450
9605033990
8606682132
9656356442
9961712775
8606247068
9048193894
9656813874
9142444019
9074107086
7012925975
9142267255
9778057099
7736657844
6238667798
8086672918
7510299798
8089728705
7736574049
7558827802
7559927926
9656966109
7306454500
9188271640
7025718251
9544177013
9605481240
9846974573
9946810802
9339629748
9562534559
7559048700
8606739350
6235511943
6282710794
7012951748
8111957259
8156999681
8301005402
8590059422
8606894044
8606479547
8907161925
9048219515
9061371146
9072460718
9605560905
9605695424
9605730220
9605972385
9645363034
9645706527
9656231456
9747275180
9747556184
9747663234
9495913675
9497658546
9526956973
9544360335
9544859811
9544870114
9567318988
9567820563
9605560905
7012951748
7034635162
7994026082
8086408232
8086432944
8156999681
9061371146
9072460718
9074436026
9526956973
9544870114
9567820563
9605560905
9605695424
9605972385
9747275180
9847302204
9847993082
9946883609
9961006184
9747556184
9747663234
9846876835
9847302204
9847993082
9946883609
9947356354
9961006184
9961080610
7025865802
7034596254
7510343460
7994026082
8086408232
8086432944
8111957259
8156999681
9074218689
7594940654
6235894177
9633120357
6238535702
9567111381
9539902120
8075324012
7902558609
9846818704
9745351769
6238535702
8590622685
9539744325
9656420968
9539902120
9633120357
7012424177
9656420968
9846818704
7012424177
8943686191
9633120357
9048731816
9846451829
7594940654
9846451829
9074218689
6235894177
6238987588
9048270236
9048316303
9048480378
9048953096
9539938242
9544177193
9562335324
9605087026
9645717064
6235507835
6238507628
7025390353
7025459721
7736370962
7902695340
7994423191
8086726086
7902695340
7994423191
8086726086
8086983743
8129326701
8589812168
8891371010
8943279706
9048140945
9843823020
9744855342
9745144554
9745498424
9745770989
9745985006
9747205143
9846243120
9645717064
9645823020
9744855342
9745144554
9745498424
9745770989
9745985006
9747205143
9747262426
9539744325
9656420968
9745351769
6238535702
9645120997
6235894177
7012424177
9567111381
8590622685
9074789088
9539324690
9539902120
9605087026
9645717064
9846044609
8891371010
8943279706
9048953096
6238663220
6238663220
7012448892
7034377042
7306078879
7907273187
7907317024
7907628755
7994020085
8075199252
8076118154
8089669937
8089856957
8111827067
8281811862
8289959885
8301903680
8590372580
8606049375
8848766673
8921703638
9037228073
9037628686
9037973369
9048614756
9048704600
9072049375
9142435166
9188290591
9446122953
9447216296
9447216296
9447217836
9447334789
9447451338
9447537452
9447720108
9495574446
9496171800
9496519901
9497386998
9497660064
9497874920
9544733698
9544784631
9544785258
9562166330
9605504820
9656265126
9656333897
9744565637
9745348773
9746280970
9747625451
9778008914
9846482048
9847480592
9847835987
9847950609
9847993810
9895561738
9946265011
9946530437
9961233562
9961260687
9961507394
9961690379
9995272502
9995895169
7907242296
7561070905
9526170665
9846596906
9188609640
8547258215
6235192849
8848820568
8590493571
7510770314
8086405480
8156860440
8289971054
8547981025
8590493571
8606061472
8848820568
9048513460
9188133417
9188609640
9447766400
9495553730
9496584080
9497117917
9497353037
9539132256
9656350386
9747631913
9846596906
9995482542
8129182498
8547725310
8547906161
9495140699
9747554080
9961234491
9526176997
8590073672
9656608192
7560847256
7306421699
9539102182
7356633478
9745924587
7356418104
9048778269
9446767749
9048657817
8606258009
7034639218
7907849265
9526015106
8281661240
9745462337
9544717875
6238758450
7592873486
6235074527
6282769876
8078826084
9495563426
9400079543
9746547290
9746781495
9061708814
8606893446
9539428287
9846295137
7736538025
9562888728
7570776921
8086709431
6238648902
7510719699
9605723980
9072324835
9400933104
7306903996
6235245301
8589966780
9656372503
8606920159
9072218346
9544845316
9539464183
8590608163
7025880443
7012387805
9645511538
7902861306
8592807688
9656073654
9496837885
9946929460
9745926771
8943472064
9745743136
9544500413
8086910952
9446728574
8589923388
8086910918
9846438245
9447539054
9846830104
9745208819
9747246952
9446245339
9446633942
8129748815
9562154329
9544077122
9947506549
9745898363
7592873016
8086256240
9946501971
8606000918
9995331840
7736929055
9446993674
9747024955
9742924693
8907572969
9562897187
9061491660
9946830052
9846341176
9744463729
8086256837
6235177019
9645773153
8086420691
9995194554
9846214900
9526032523
9562548725
8086901373
7564687741
9745703039
9539011354
9207894305
9074270971
9946744232
9946744232
7356741391
9745027593
8592816345
9961215530
9633802145
9072581180
7034317363
9944060615
9633120989
9645126854
9048533372
9496480098
9061450902
9526950254
8086923313
9539216005
9946928013
8086213740
9645315795
9747446767
9544181173
7034717303
9656491004
7034617386
9539823451
8592081261
8589078237
9400151796
9946820752
9847360649
7902671394
7306833078
8592871394
7592878395
6238339606
9496837860
8086645954
8848757567
7510230331
9446156057
7902878521
7736871256
8590195181
8129981609
9605411855
9544370603
9048162408
8590770065
9946281488
9745119305
9048591102
7594945161
8281358895
9745764688
7594006714
9745768993
9188340252
9072016186
9946625965
9447274296
9048934156
7034768353
9745157598
9746923151
9846923151
9846923151
9847872009
9946008172
8606220954
9745128923
8943680882
9846106654
9946350218
9946217226
7034638204
9539248041
9497670610
9526736500
9946219395
6238961042
9446136390
8943800798
9745201031
9946486850
9495454243
8086969121
9745083521
8606630206
9846385429
9061929578
8078309320
6235935040
9048272762
7594950473
9946744264
9446729058
9645785611
9061089433
9846814061
9544081132
7025112098
9747343447
9778070562
9942496533
9446782302
9497350746
9207001784
9946109258
9072467332
9961703274
8921323911
8086815715
9746564436
8592096861
9946686499
9496467872
7510780096
9744414844
8086924721
9745302142
7356318421
9744506550
8157997643
7902490250
9544989748
9645321791
7591902784
9946462828
9495512058
8086157370
9562953962
7510719805
9874248567
7561805670
9745484006
9946813282
9072092169
9048338312
8086281461
8943371056
9207825737
7591952369
9048495093
8086214707
9745293584
9745202734
7034370634
7907718861
9061210487
7034961324
9446109753
9207603020
9645408923
7592047381
9744434892
8589025835
9744184335
7034702645
7510801836
8590165396
6238732439
9567729828
6238406629
7306413846
9946420311
7902248509
9961750841
9072365030
7025856534
9961220641
8943186594
9946642784
9605091592
9605787048
9048150794
8943884250
8593069602
8593069602
9539868895
8592079704
9567836872
7012034873
7012674357
9745923311
8943612994
9946420069
6238460870
7510921966
9037930680
9496953153
9744847071
8943155893
9645004997
9745227604
8157997825
9495101133
9495487687
9747732094
9747565186
6238522619
9656830270
8593906746
9446477552
9562295793
9846700893
9544591858
9544846751
9207241680
9446388166
9495360477
9497037205
9495609379
7034380738
7902316942
8086080289
8606026696
6235140645
9447160187
9947640296
8547586209
9946163225
9645914935
9605373893
9645124113
9497843796
9744559305
8943981793
9539428208
9495323499
9633577888
7902248214
9447927373
9745766252
8136874405
9447263907
8943619817
8592079842
9946820156
9544670145
9072056873
4904260724
4924260339
9048566369
9446280417
9446276462
9539883735
9495492136
9847534863
9539141120
9846252449
9847862656
7034174377
9526504865
9539314390
8606173308
9048640272
9495511118
9048232954
9745661140
9656456461
8943382810
9446986098
8592080091
9946445797
9188761246
9645446894
8086969842
9495913009
9745515817
9633596938
9539410639
9961674425
8943613181
9656624263
9447635015
9400832826
8592083862
9745467199
9446394219
9048509229
9605385757
8547956018
9495490081
7012088141
7558037630
8943866393
9946309936
9946204548
9446841511
8590927969
9446730230
9495531544
9946942788
9745839809
9544665830
9495740523
9846816337
8547931859
9846816715
8113870934
9446402688
8593958415
9846063259
8921957170
9645455558
9400327972
8848653579
8113900481
8089751039
9747501388
9048696697
9447927699
9567421355
7034960177
8157048409
9656856081
9447652058
9745582894
9496362766
8281711845
7034013382
9496362795
8086768304
9497664854
8281251142
9072546830
7558811712
7591902760
9895930732
8089456471
9605676780
7994773032
9846696185
9447437782
9061165960
9447979847
9946882283
9447841215
8907380449
9495623114
7025792884
8086340095
8281069599
9074625483
9747072432
9544762808
8111842981
9496467889
9495183955
6235460539
9946339128
8547317118
9747477372
8075036793
9495377473
9048670275
9072554020
8592900524
9497870143
9946008173
7736767005
9847927029
9995168505
9645903619
9747616879
8113057148
9048703971
9539869145
9539463907
9846381817
9846238281
6235183852
6235760035
9539428297
7034043800
7025085469
9745916727
7994951041
6235174893
8593820317
9061400179
9562094340
7902318544
9995443508
7034138555
7902844924
9544088470
9526176997
9745776119
9745126804
9074082498
7306561006
6236622866
7012555602
7591967910
7593055091
7902250736
7902438768
7907101559
7994990804
8075104578
8075596389
8078092760
8089780328
8606307439
8606340320
8848439762
8848444416
8921051859
9048609204
9048872227
9061464211
9072933006
9074693823
9074693823
9074971129
9400285539
9446130860
9446348493
9446419834
9446671644
9447260327
9447419218
9447626605
7034604026
7034410035
8089906134
9567712731
9605262419
9605407568
9605877078
9605912151
9645942570
9656759018
9745133032
9746534439
9747203374
9747608017
9747699334
9747960327
9846448827
9846498596
9846576932
9846714284
9847193381
9895657030
9947167275
9961453925
9961567382
9995920193
9074218689
7594940654
6235894177
9633120357
6238535702
9567111381
9539902120
8075324012
7902558609
9846818704
9745351769
6238535702
8590622685
9539744325
9656420968
9539902120
9633120357
7012424177
9656420968
9846818704
7012424177
8943686191
9633120357
9048731816
9846451829
7594940654
9846451829
9074218689
6235894177
6238987588
9048270236
9048316303
9048480378
9048953096
9539938242
9544177193
9562335324
9605087026
9645717064
6235507835
6238507628
7025390353
7025459721
7736370962
7902695340
7994423191
8086726086
7902695340
7994423191
8086726086
8086983743
8129326701
8589812168
8891371010
8943279706
9048140945
9843823020
9744855342
9745144554
9745498424
9745770989
9745985006
9747205143
9846243120
9645717064
9645823020
9744855342
9745144554
9745498424
9745770989
9745985006
9747205143
9747262426
9539744325
9656420968
9745351769
6238535702
9645120997
6235894177
7012424177
9567111381
8590622685
9074789088
9539324690
9539902120
9605087026
9645717064
9846044609
8891371010
8943279706
9048953096
9447242717
9605259635
8590019505
9544355107
8156840233
9846542982
9447444395
9747973793
9562628129
8075863269
9645947555
9645804780
7034339550
8113911572
8330058618
7356845060
9486100525
9656032164
9744801310
9207483750
8304094864
9562006342
9544077251
8547275953
8086341478
9995746880
9496443747
9747840031
9526078378
9605363155
8943340002
9846077350
9207454800
9544388361
9497117234
9633396464
8714145451
9961227443
8943924781
6235392872
8078351470
8075061597
9746375476
7025067816
8129519210
8086431562
9495497438
6238714790
9400411240
9539757494
9656041069
8590437480
9072113400
9656443533
8089188638
8075306404
9447978252
8590609414
9074103856
9633340590
8590466042
9744709828
9656791329
9447392895
8089833569
7034147525
6238837793
9539376662
9538294780
9497303672
6282521872
8304948551
8606702655
9072786773
9846853720
7012479919
8089085857
7034845246
9747439387
9847666613
7593002091
9961799800
8156801651
9061400912
9778353508
6282608020
9995810099
9946777505
9846151380
9539762667
9539183300
9645755442
9495318588
9744734733
8137864346
8547429433
9633690191
9526463656
8086574489
7034296666
9526891698
9526700099
9048174167
9995953045
9544541050
8304886800
9895331020
9526753375
9747988980
9947447567
9995183524
8129808809
9746217122
7592937587
7561837791
7306505071
8943076806
9961681752
9539584500
9074876676
7306838951
7306027676
7510000000
8550000000
9500000000
9540000000
8090000000
9450000000
9900000000
9070000000
8090000000
8850000000
7740000000
8090000000
9750000000
9850000000
9540000000
9750000000
9570000000
9540000000
8940000000
9950000000
7990000000
8940000000
7910000000
9750000000
7740000000
7030000000
7990000000
7030000000
6280000000
9450000000
9850000000
9610000000
7900000000
8280000000
8890000000
9500000000
8590000000
8940000000
9660000000
8160000000
8590000000
7560000000
9050000000
8610000000
9500000000
7030000000
9950000000
8080000000
9450000000
9560000000
8590000000
8610000000
9540000000
9750000000
8140000000
9900000000
8850000000
8300000000
9750000000
8110000000
9050000000
8590000000
8920000000
9190000000
9562154329
9544077122
9947506549
9745898363
7592873016
8086256240
9946501971
8606000918
9995331840
7736929055
9446993674
9747024955
9742924693
8907572969
9562897187
9061491660
9946830052
9846341176
9744463729
8086256837
6235177019
9645773153
8086420691
9995194554
9846214900
9526032523
9562548725
8086901373
7564687741
9745703039
9539011354
9207894305
9074270971
9946744232
9946744232
7356741391
9745027593
8592816345
9961215530
9633802145
9072581180
7034317363
9944060615
9633120989
9645126854
9048533372
9496480098
9061450902
9526950254
8086923313
9539216005
9946928013
8086213740
9645315795
9747446767
9544181173
7034717303
9656491004
7034617386
9539823451
8592081261
8589078237
9400151796
9946820752
9847360649
7902671394
7306833078
8592871394
7592878395
6238339606
9496837860
8086645954
8848757567
7510230331
9446156057
7902878521
7736871256
8590195181
8129981609
9605411855
9544370603
9048162408
8590770065
9946281488
9745119305
9048591102
7594945161
8281358895
9745764688
7594006714
9745768993
9188340252
9072016186
9946625965
9447274296
9048934156
7034768353
9745157598
9746923151
9846923151
9846923151
9847872009
9946008172
8606220954
9745128923
8943680882
9846106654
9946350218
9946217226
7034638204
9539248041
9497670610
9526736500
9946219395
6238961042
9446136390
8943800798
9745201031
9946486850
9495454243
8086969121
9745083521
8606630206
9846385429
9061929578
8078309320
6235935040
9048272762
7594950473
9946744264
9446729058
9645785611
9061089433
9846814061
9544081132
7025112098
9747343447
9778070562
9942496533
9446782302
9497350746
9207001784
9946109258
9072467332
9961703274
8921323911
8086815715
9746564436
8592096861
9946686499
9496467872
7510780096
9744414844
8086924721
9745302142
7356318421
9744506550
8157997643
7902490250
9544989748
9645321791
7591902784
9946462828
9495512058
8086157370
9562953962
7510719805
9874248567
7561805670
9745484006
9946813282
9072092169
9048338312
8086281461
8943371056
9207825737
7591952369
9048495093
8086214707
9745293584
9745202734
7034370634
7907718861
9061210487
7034961324
9446109753
9207603020
9645408923
7592047381
9744434892
8589025835
9744184335
7034702645
7510801836
8590165396
6238732439
9567729828
6238406629
7306413846
9946420311
7902248509
9961750841
9072365030
7025856534
9961220641
8943186594
9946642784
9605091592
9605787048
9048150794
8943884250
8593069602
8593069602
9539868895
8592079704
9567836872
7012034873
7012674357
9745923311
8943612994
9946420069
6238460870
7510921966
9037930680
9496953153
9744847071
8943155893
9645004997
9745227604
8157997825
9495101133
9495487687
9747732094
9747565186
6238522619
9656830270
8593906746
9446477552
9562295793
9846700893
9544591858
9544846751
9207241680
9446388166
9495360477
9497037205
9495609379
7034380738
7902316942
8086080289
8606026696
6235140645
9447160187
9947640296
8547586209
9946163225
9645914935
9605373893
9645124113
9497843796
9744559305
8943981793
9539428208
9495323499
9633577888
7902248214
9447927373
9745766252
8136874405
9447263907
8943619817
8592079842
9946820156
9544670145
9072056873
4904260724
4924260339
9048566369
9446280417
9446276462
9539883735
9495492136
9847534863
9539141120
9846252449
9847862656
7034174377
9526504865
9539314390
8606173308
9048640272
9495511118
9048232954
9745661140
9656456461
8943382810
9446986098
8592080091
9946445797
9188761246
9645446894
8086969842
9495913009
9745515817
9633596938
9539410639
9961674425
8943613181
9656624263
9447635015
9400832826
8592083862
9745467199
9446394219
9048509229
9605385757
8547956018
9495490081
7012088141
7558037630
8943866393
9946309936
9946204548
9446841511
8590927969
9446730230
9495531544
9946942788
9745839809
9544665830
9495740523
9846816337
8547931859
9846816715
8113870934
9446402688
8593958415
9846063259
8921957170
9645455558
9400327972
8848653579
8113900481
8089751039
9747501388
9048696697
9447927699
9567421355
7034960177
8157048409
9656856081
9447652058
9745582894
9496362766
8281711845
7034013382
9496362795
8086768304
9497664854
8281251142
9072546830
7558811712
7591902760
9895930732
8089456471
9605676780
7994773032
9846696185
9447437782
9061165960
9447979847
9946882283
9447841215
8907380449
9495623114
7025792884
8086340095
8281069599
9074625483
9747072432
9544762808
8111842981
9496467889
9495183955
6235460539
9946339128
6235687134
6238441271
7012756953
7025014649
9605660483
9633530277
9656586958
9744255735
9745287763
9747747221
9747974827
9846477409
9847122656
9946921346
9961925357
6235687134
6238441271
7012756953
7025014649
7025014649
7034013482
7034071800
7034414599
7356170495
7397332757
7558999433
7559900496
7907819358
7994817838
8136813102
8137836931
8156874778
8606904584
8921177919
8921869421
8943492593
8943957128
9037127209
9072857425
9207811609
9496024079
9526012543
9526186021
9544394016
9562184575
9567221652
9605299393
9605501157
9605660483
9633530277
9656586958
9744255735
9745287763
9645484915
8547562916
7736682607
8281928042
9446245431
8590325987
9539513951
9072884589
9745874000
9400760252
7559879234
6238605794
9539656647
7559050593
9074108759
9946041304
9496490317
8590365282
8281952973
9539170277
7034816433
8075599088
7561010338
8590420830
9946038421
9074562593
6235912300
9745467199
8086401778
9633258985
9496877069
9895790538
7306383596
7994463045
8848418886
8089888450
7592011461
9048982229
7455645697
8589936315
7025580857
9846419120
9526867294
8590424534
9446884759
8943273636
7736986136
9656135692
9947720279
9747657685
9048319296
8592877874
8921268500
7034298860
7306674626
8157964670
8921561053
7034183477
8330076484
9048238564
7510972657
9645449683
9048276250
9645364071
9562293464
9207239053
9847196001
9961899457
8086597732
9747363079
9747985921
7012449946
7012124616
9061289820
9946086430
9048415545
7306857233
9656045806
9961401245
7994967244
9048068940
9846459299
9895745700
7202427205
9946263279
9074616134
9447842917
8089889605
9526654553
9605237729
9048714405
8157066001
9847241572
8590501307
9778066951
9778147177
9539706029
9847198807
9656156073
9526856978
9656388593
9645694844
9544642835
8157961804
9656046188
9747183673
9061290094
9605183481
7012770024
9745859079
9778209329
9656736652
9495210709
9562704958
9847598756
9847629175
9847582470
9747304476
9645755680
9539649717
9747960327
7558034276
9605560049
9539255021
9562206931
8606143176
6282100531
9645569935
9633086270
9447630499
9946134896
9745572864
6238823838
7356782582
9778006038
8943278510
6238671684
9744757202
8156914694
9745056490
7034704287
8606014587
9207967151
7012269396
9645796891
9747053101
8891495135
9744970714
8848714680
9496045586
9961594600
9061432450
9605033990
8606682132
9656356442
9961712775
8606247068
9048193894
9656813874
9142444019
9074107086
7012925975
9142267255
9778057099
7736657844
6238667798
8086672918
7510299798
8089728705
7736574049
7558827802
7559927926
9656966109
7306454500
9188271640
7025718251
9544177013
9605481240
9846974573
9946810802
9339629748
9562534559
7559048700
6235906208
7034521318
8086088352
8157855651
8281048266
8592080386
8592966329
8606773009
8606873636
8943023709
8943186187
9526530903
9645389105
9745024681
9995015100
9746046778
8075734103
7909166960
9947769344
8281904783
6282497540
6282591090
7012665388
7034390267
7034535610
7994577569
7994953082
8086089548
8086382165
8089508972
8089553574
8089815088
8129875971
8129907581
8547139790
8590909128
8590917650
8714454294
8848122175
8848765310
8921857882
9037068289
9037220140
9048279332
9061600382
9495374074
9495608538
9539025879
9539264971
9539523889
9544643126
9562497861
9562668882
9562946658
9656649924
9744508975
9747746618
9747985617
9778152151
9847830448
9961124052
9562154329
9544077122
9947506549
9745898363
7592873016
8086256240
9946501971
8606000918
9995331840
7736929055
9446993674
9747024955
9742924693
8907572969
9562897187
9061491660
9946830052
9846341176
9744463729
8086256837
6235177019
9645773153
8086420691
9995194554
9846214900
9526032523
9562548725
8086901373
7564687741
9745703039
9539011354
9207894305
9074270971
9946744232
9946744232
7356741391
9745027593
8592816345
9961215530
9633802145
9072581180
7034317363
9944060615
9633120989
9645126854
9048533372
9496480098
9061450902
9526950254
8086923313
9539216005
9946928013
8086213740
9645315795
9747446767
9544181173
7034717303
9656491004
7034617386
9539823451
8592081261
8589078237
9400151796
9946820752
9847360649
7902671394
7306833078
8592871394
7592878395
6238339606
9496837860
8086645954
8848757567
7510230331
9446156057
7902878521
7736871256
8590195181
8129981609
9605411855
9544370603
9048162408
8590770065
9946281488
9745119305
9048591102
7594945161
8281358895
9745764688
7594006714
9745768993
9188340252
9072016186
9946625965
9447274296
9048934156
7034768353
9745157598
9746923151
9846923151
9846923151
9847872009
9946008172
8606220954
9745128923
8943680882
9846106654
9946350218
9946217226
7034638204
9539248041
9497670610
9526736500
9946219395
6238961042
9446136390
8943800798
9745201031
9946486850
9495454243
8086969121
9745083521
8606630206
9846385429
9061929578
8078309320
6235935040
9048272762
7594950473
9946744264
9446729058
9645785611
9061089433
9846814061
9544081132
7025112098
9747343447
9778070562
9942496533
9446782302
9497350746
9207001784
9946109258
9072467332
9961703274
8921323911
8086815715
9746564436
8592096861
9946686499
9496467872
7510780096
9744414844
8086924721
9745302142
7356318421
9744506550
8157997643
7902490250
9544989748
9645321791
7591902784
9946462828
9495512058
8086157370
9562953962
7510719805
9874248567
7561805670
9745484006
9946813282
9072092169
9048338312
8086281461
8943371056
9207825737
7591952369
9048495093
8086214707
9745293584
9745202734
7034370634
7907718861
9061210487
7034961324
9446109753
9207603020
9645408923
7592047381
9744434892
8589025835
9744184335
7034702645
7510801836
8590165396
6238732439
9567729828
6238406629
7306413846
9946420311
7902248509
9961750841
9072365030
7025856534
9961220641
8943186594
9946642784
9605091592
9605787048
9048150794
8943884250
8593069602
8593069602
9539868895
8592079704
9567836872
7012034873
7012674357
9745923311
8943612994
9946420069
6238460870
7510921966
9037930680
9496953153
9744847071
8943155893
9645004997
9745227604
8157997825
9495101133
9495487687
9747732094
9747565186
6238522619
9656830270
8593906746
9446477552
9562295793
9846700893
9544591858
9544846751
9207241680
9446388166
9495360477
9497037205
9495609379
7034380738
7902316942
8086080289
8606026696
6235140645
9447160187
9947640296
8547586209
9946163225
9645914935
9605373893
9645124113
9497843796
9744559305
8943981793
9539428208
9495323499
9633577888
7902248214
9447927373
9745766252
8136874405
9447263907
8943619817
8592079842
9946820156
9544670145
9072056873
4904260724
4924260339
9048566369
9446280417
9446276462
9539883735
9495492136
9847534863
9539141120
9846252449
9847862656
7034174377
9526504865
9539314390
8606173308
9048640272
9495511118
9048232954
9745661140
9656456461
8943382810
9446986098
8592080091
9946445797
9188761246
9645446894
8086969842
9495913009
9745515817
9633596938
9539410639
9961674425
8943613181
9656624263
9447635015
9400832826
8592083862
9745467199
9446394219
9048509229
9605385757
8547956018
9495490081
7012088141
7558037630
8943866393
9946309936
9946204548
9446841511
8590927969
9446730230
9495531544
9946942788
9745839809
9544665830
9495740523
9846816337
8547931859
9846816715
8113870934
9446402688
8593958415
9846063259
8921957170
9645455558
9400327972
8848653579
8113900481
8089751039
9747501388
9048696697
9447927699
9567421355
7034960177
8157048409
9656856081
9447652058
9745582894
9496362766
8281711845
7034013382
9496362795
8086768304
9497664854
8281251142
9072546830
7558811712
7591902760
9895930732
8089456471
9605676780
7994773032
9846696185
9447437782
9061165960
9447979847
9946882283
9447841215
8907380449
9495623114
7025792884
8086340095
8281069599
9074625483
9747072432
9544762808
8111842981
9496467889
9495183955
6235460539
9946339128
9947022722
9633004703
9895937572
8891385534
9895237681
7907403921
9995761156
8157991320
9846985777
9447577089
9656064351
9895638070
9605113997
9895559361
8089002255
9895812334
9447249046
9446297919
9446080852
9544652084
8111937700
9895173602
9747572296
9388845387
9061360466
8891030840
9447351600
9048008574
8281166679
9446073329
9846655844
9496173722
9840155275
9846433337
9995526934
7559052311
9995162188
8547922312
9633999900
9656378216
9895315435
7012159564
8078845056
8547143897
9037083407
9605693378
8089792273
9605104980
9446025406
9446013535
9446458698
9656031582
9961315497
8075758064
9495408980
9895048895
9995841628
9447989215
9496622816
9847423358
9745999525
9562238368
9846199947
9495944537
9645005315
9495714917
9446070819
9544609145
9995717359
9388857975
9495322324
9895949942
9496833434
9656703814
9446414370
9633195744
8089541154
9895860381
9947136023
9446290371
9895090906
9496361296
9497287156
9895005577
9446411315
8848249015
9947259344
9447603384
9846722992
9497189346
9847081504
9895169443
8891152503
9947233757
9846064910
9995237000
9496409329
8943948650
9446357969
6282818504
8281536651
9747000170
9061874916
9847436638
9746207579
9446446413
9995891449
9562193768
9895651753
9895492307
9847725904
9995023446
7736649626
9847227425
9388612279
6282881500
9447888954
9656731666
8301958776
7012013572
9446532898
9847000929
9495984997
9497219972
9947007227
8129200076
7010124281
9747000170
9747344333
9446164893
8848470579
9846744485
8089563348
9995375130
9446096948
9447913420
9447937539
9447282059
9207140905
9847958571
9846012665
9495315931
9947096402
9496779416
9446029694
9562078580
9645801840
9497459544
9544958208
9744225210
8943836364
9562727299
8129963630
9400645481
9495970206
9496062110
9995533788
9447811806
9846763368
9747016809
9562313520
9496257872
9947747224
9830732212
8606438141
9526512841
7025078054
9633377444
9744569335
9745811149
9747154322
9447608424
9495955694
8281579945
8606893224
9388253202
9605819238
9946250250
9846450036
9497650942
9495990053
9747402056
9497181901
9400258976
9846725286
9446217981
9447369978
9526960082
9961170909
8547643221
9947472375
9847475610
9847974229
9497687194
9544057777
9550713449
8943334901
9447319140
8848559350
9447812207
9746290235
7510220569
9947017011
9400174824
9400757462
9207184025
9400756069
9846385574
9656270737
9895570400
9496244914
9495696174
9447913613
9495157797
9496226772
9847327871
9400338308
9847496754
9207077814
9447811575
9895941807
9495466709
9846208510
9744746218
8075400829
9946348527
9496118789
9495947451
9947364580
9745712606
9447048804
9446096122
9961401104
9446058192
9388608712
9447871345
9496120415
9447294313
9446867740
9446549545
9539409870
9544983370
8943847102
9847772266
9745006337
9349717774
9895453170
9446932011
9447414589
9446927267
8943503414
9496350369
9497975485
9847221988
9846421513
9567773132
8086142887
9846020263
9447022642
9746365425
9447292262
9447767155
9846732226
9447166118
9562843379
9445213727
9446719235
9847085991
9995846436
9961951551
9961817076
9961721749
9961462382
9961254479
9961170517
9947854554
9946218772
9895718593
9895242414
9895177137
9847789406
9847770959
9847645404
9847595646
9847327075
9847068448
9846081222
9747513632
9746798505
9745877321
9744427763
9744427085
9744213378
9744177442
9656933813
9656563355
9656492984
9605468631
9539569944
9526844281
9526844177
9526815483
9496430307
9496418009
9496046438
9447933633
9447871273
9447721661
9447434276
9446742228
9446688123
9446473117
9446217165
9446173384
9400979581
9400979296
9400262765
9387575726
9142629554
9142228150
9072836126
9048844782
9048549722
8943148688
8893648366
8304937964
8281931062
8281139619
8157949843
8113033508
8086413571
9961430225
9037518295
9847602477
9446504505
9995520770
9605282706
9605010990
8281133659
9558007596
9446074244
9847766700
9495974620
8136802852
9947892237
8593977444
9443391374
9995312687
9895105300
9847333365
9037424362
9847035433
9496737090
9446868468
9037002003
9497237535
9895016136
9495990230
9495534567
9496303777
9744547780
9447048308
9846022042
9747204038
7909231272
9946104480
9249262637
9061069944
8547513246
4844045797
9567097068
8907050500
7358124477
9895006666
9446050263
9496229432
9633197099
9656431997
9847970233
9995399000
8921665189
9846077183
9048713838
9995965686
9539570978
9578291414
9895137938
9946665447
9995624573
9446981034
9447138022
9446535975
9447023076
8606736151
9946105170
9995350001
9895874216
9446535975
9895709778
9539151506
9446351134
9846016370
9633885338
8943342245
9201943652
9995893326
9447870251
9847338525
9745206974
9446931303
9539000654
9388844199
8129941144
9946064916
9037223808
9846977707
9895489034
9895011022
9995677363
9526304424
8086039174
9061571618
9656658666
9447743970
9961992304
9895518494
9446006629
9847466731
9846899992
9895174621
9495995957
9742011206
9656880542
9446308621
9847047714
9895444546
9846065326
9961476110
9447017161
9846070981
9846300044
9995491212
9961680667
9895015353
9447762460
9846036448
9846728756
9072223393
9995356413
9447329765
9847724187
9847083097
9495744111
9497718667
9847059884
9037904509
9895431019
9745366367
9961923134
9446265830
9846080405
9447334275
9946021999
9446466887
9846513854
9947111717
9446065263
9961922333
9447026648
8547522799
9633083565
9633083565
9633003780
9400568080
9847058199
9447352599
9633177608
9846042834
8547000386
9846121577
9747711985
8547972990
9745604911
4842304836
8921196112
9961564488
9142357478
9745737093
9895701676
9847262565
7034656397
9946669903
9947237996
9895118979
9847340707
7293121212
9388605986
8138901099
9447326812
9847398040
8589022484
9495714419
9961802244
9846407100
7293561336
9745005180
8129742778
9495892655
7034032139
9745319115
9846071295
9497687966
9633710390
9747333666
8891716207
9544251701
9061147237
9539244415
7012015575
9645846042
6282274385
8089121209
9744288714
9995080110
9847180160
9495024665
9447268148
9495876689
9961022282
9895479059
8129091057
9895760961
8893173438
8137033582
8129446442
7293142320
9436756644
9544118140
9249744244
9497188789
9961665654
9895433654
9496202777
9567509792
8086219823
9446318781
9539159927
7025759174
9895088220
9526711122
9744957437
9567288654
9615779743
8547661263
8281231446
9995265652
9498080238
9876532819
9446426768
9656185622
9895644426
8281845258
9946052260
9605418478
9495934763
8301826394
9495652231
9446054527
8547973544
9895957420
8089547771
9847581953
9847190052
9072792902
9400714220
8289904623
9447487900
9846128866
7718847887
9446089933
9447487906
9846023373
8547432160
9188711278
9895032020
9048025246
9526082655
9947256210
9895910888
7025339798
9447513000
9947243914
9567107000
9895312201
9847099936
9895137908
9447716309
8129699555
9037099325
9447576108
9447608863
9526576111
9848886795
9961604000
9847729686
9447184120
9037978440
9656213533
9744662030
9547177600
9947662787
8129977888
9846456887
9497775295
9387822327
8138021100
9847035692
9846151889
9446804051
7795024384
9895006018
9846097762
9847735354
9895176306
9895721732
9645403704
9995246091
9947065894
9946945999
9745801377
9447609974
9846052574
9447982030
7736775464
9744777099
9961742678
9846277171
9633011186
9447356084
9446475907
9947399870
9895765897
9895759438
9847004997
9847056091
9447368944
9446486745
9847544477
9947846684
9388823347
9446005566
7396001000
9447740634
9847843990
9400151268
9447474246
9895945220
9446501326
9446404134
9447546562
9605390450
9447184923
8281983797
9447991245
9895394199
9496040869
9895189440
9447052320
9539495969
9846658561
9447778411
9847303965
9847056091
9846132910
9633588228
8129452188
9995201869
9633021616
9446210636
9447121134
9446001806
9567883312
9847114485
9495983357
9895177778
9544193682
8129310468
9847128919
7736344626
9447213803
9446688078
9446865138
9995352324
9447731687
8129270941
8281739550
9847211584
9446589448
9447573665
9446134926
9349875575
9447233653
9497397458
9495941661
9847453750
9447022505
9447284320
9662592588
9846081214
9847052666
9846057697
9846278210
9249397051
9442291019
9446477093
9847923314
9895015436
9746831617
9895765859
9446687938
9961215340
9961661714
9387635366
9497177421
9495513125
9847977594
9946570926
9995556546
8086799220
9447170943
9495876746
9847053169
8156836802
9061341597
9447368128
9496525662
9847498287
9744459990
9447172467
9496178245
9961212106
9447207906
9447231775
8097655805
9495577522
9961713941
9946276409
9847254991
9497933050
9847465846
8078122174
9037100280
8592959729
9495945374
9847053169
9567927117
9388862768
9447291629
9847309664
9747456004
9961986084
9656256046
9400726530
8547837767
9747233145
9497347601
9288084666
8281726718
9446549890
9846027232
9447816113
8304915155
9846046446
9605003371
9447379109
9446605616
9961234432
7994172578
9497793590
9387649349
9461111008
9947055061
7907207367
9447128629
9995261324
9946555312
9947233853
9447677605
9847183296
9188100592
8547793447
9544242221
9895214710
9443149082
9946112460
9446415252
8848556898
8547347892
8281943267
9387436179
8086699988
9037770073
9847411972
9868491655
7012637922
9656025880
7306545829
8113899103
9787256739
9847925260
7.73630666790201E+019
8281281234
9605866605
9895402164
9961472751
9656878929
9633377530
9400309049
9895843238
9447053300
9633497812
9497540479
9447001457
8848498098
9526140936
9495768268
9947964603
9946667278
9605204876
8281994326
9747612576
9447579973
9847083367
9446684407
9895765438
9447225215
9074919965
9399252634
8129487395
9895078317
8943941536
9447066036
9544977722
9846071719
9840777343
9539069530
9447071985
9895033310
9995331913
8547022877
9358604849
9895092292
9847985555
9847474748
9447647161
9995228812
9495061097
9946122252
9020602010
8129096845
9037670235
9633382686
9025089206
9446069713
9447887252
7012609828
9497031254
9633813176
9249544484
8281496552
9446935748
9745004502
9349168505
9388605818
9349559563
9446428696
8547347539
9895030901
944777886
9895889895
9846206711
9539174575
9995442999
9447565685
9847124851
9447483314
9895226236
9447736683
9980541147
9847387839
9946511187
9388778490
9895465965
9388444833
9745009234
9847121119
9446477007
9388480217
9446082403
9847148712
9539004786
9562179584
9446574825
9349895952
8129236262
9895665522
9895077081
9895225476
9997376677
9446090745
9846395555
8086476148
9847048338
9387047313
9847446112
9072234910
9495808276
9446380595
9249257666
9995527066
9447817980
9446710320
9867013103
9895244788
9895015533
9746475051
9387168647
9496215988
9847813183
9847111601
9447828031
9447790486
9447162652
9995802489
9446729254
9446409733
9446140474
9847969997
9447364189
9847117050
9061939002
7012325795
9947739943
9496233433
8606979828
9895352977
9895973849
9895041583
9447030448
9847037395
9847878207
9847424345
9446072506
9447409432
9847130078
9447664572
9400335180
9895039610
9946341187
9946341187
9847728067
9447294628
9846820112
9497793256
9746192323
9745105126
9847717264
9645006605
9447476660
9645148595
9995249746
8547617906
9846633366
9447790298
9947020830
9567510000
9447152869
9447030448
9074571320
9961466551
8281269027
9447434491
9847788396
8281732352
9048585776
8281865981
8281864118
9496123907
9496098530
8301041827
9497098487
8547900457
9497677004
8007541990
8089101977
9495510054
9531816617
8089600567
9447637330
8800423484
9910395628
9320491050
7566901052
9540144685
9869785298
9763902361
8605426093
8281920312
9611237619
9846170637
9515457895
9581543106
9850949152
7676972872
9567654676
9447012992
9656005899
8129951122
8589068099
9846196756
9961323315
9875368010
9744964199
9037444060
9447361020
9496574850
9895399110
949603791
8138906650
9447581587
9493186587
9995551579
7403401090
9946358543
9895208488
8547000316
9567878207
9846091154
9447554466
9562234690
9846061909
9995989200
9447048897
9495242220
9446491343
9846040400
9447661774
8129163127
9446489983
9496177549
9846288002
8281732467
9037001122
9846244253
9895877633
9847041311
9447871878
8939932480
8089491351
9447134820
9061507979
7025111092
9961005360
9048306904
9497246322
8547843088
9846262195
8136913054
9446546932
9946094023
9895765953
9495782021
9495376524
9744270078
9447147470
9947600864
7025220470
9447097531
9947795037
9249409292
9495349119
8593053050
9446577277
9497187060
9496152628
9447768153
9847241517
9446533709
9447131949
9633029935
9447580770
9447107605
9645465352
9447380982
9447174945
9249582760
9847474795
9961440141
9446218137
7034335889
9447154642
9847522100
9846070157
9847055513
9446055537
9495361658
9847941080
9846062559
9846112266
9744100822
9048571728
9387585032
7736070036
9400259840
9895099366
9446717572
9847135759
8547593015
9846344756
9446897091
9995821117
8589988830
9847043760
8547821902
9746524060
9946995105
9846079750
8589011512
9447041352
9446856663
9048893268
9495161919
9895258872
8075062723
9447132267
9745529505
9895549553
9947681578
9447218199
9447218199
9496013096
9495764492
9656430161
8590071897
9526031135
9745550630
9447580670
9061060747
9895845342
9961499502
9895573471
9995846786
9846581402
9447522615
9539003680
9947050400
8075220247
9447474266
9447375769
7025660322
9447379257
9605085058
9744224704
9833378231
7598799911
9496249114
8129443111
9946397140
9995799651
9495632249
9447610049
9847422084
9400082313
9447874471
9447842958
9847461543
9446320519
9400852626
9446612159
9446387493
9895081560
9496277183
9447510484
9497188284
9446695397
9447465504
9446323274
9446113087
9446840700
9747427680
8281395272
9447213338
9447026536
9446740710
9447208852
9496276097
9645937664
9387412881
9744040329
9446157077
9446606897
9495472093
9495519403
9447346583
9400883957
9446687395
9497238294
9447043754
9447985138
9495948212
9446684215
9495856476
9846812537
9446494196
9497031082
9447509086
9745004745
9447465554
9961222038
9946813855
9400965984
9895031618
9895077162
9048408922
9491248514
9447232615
9446210744
9446127790
9447503200
8606162487
9447260499
9400241387
9495272820
9497130849
9562770698
9497025665
9447001189
9447019750
9447219888
9526661022
9447190096
9847869807
9645085297
8281137829
9656410300
9605702954
9847250096
9526882476
9947629678
9846580454
9961762684
9847010719
9947917436
8301979931
9526930824
9447115479
9446127180
9747100552
7558869957
9947630259
7025752621
9995498358
8848620295
9947271361
9895165609
9633427324
9745042850
7356414749
9446720784
9995649565
9656943115
9349277908
9447784154
9495716553
9995474906
9895494496
8547555090
9895816642
9847803358
9072201742
9562376000
9846010308
9847870326
9446218091
9895033753
9847697838
9746467106
9645442423
9961468159
9895175000
9656058150
9446611941
7034233633
9809477777
9744909402
9847611222
9497197890
9633538051
9633361930
9995685787
9495715431
9633795182
9020676798
8848346843
9961058226
9447200274
8281915049
9447058706
9745262060
9460330978
9946618124
8281567301
7025192942
9544844609
8086119706
9497204793
9446960228
9447291819
9947035214
9847663680
9744745413
9871790302
9656096828
9895242399
9446740445
7902359491
9947882871
9495685511
7034150808
9495353473
9446812941
9747323265
9746825735
9995495227
9447578716
9847963882
9746582021
9495989318
9961399313
8089112930
9447055064
9447050813
9947882871
9447819547
9400335472
9495665648
9633472572
8136814793
9496175438
9961741701
9605497229
9447355323
9947489433
9995797202
9496327287
9995824294
9947831372
9495194254
9746850271
9447068857
8286567301
9497386513
9946740445
9495970492
9446485233
9846597848
9995774636
9847712828
9447510144
8606273617
9495427653
9539011887
9744784993
9961709480
9447621300
9447913865
9447980436
9605462459
9447293303
9447214271
9961058226
9495656953
9446866414
9447058126
9447204500
9846209475
9447293310
9447872147
9744276070
9447251158
9605028537
9446216823
9656683381
9447058706
9447668374
9562962877
9947247871
9961740351
9388801861
9447980128
7558897192
9048676943
9744157433
9995492565
9447510112
9447435388
9447308329
9747421767
9400224296
9447212908
9495852386
9447552763
9544373587
9947703131
9447773228
9747911071
9747689727
9447039520
9846196135
9447136576
9447814445
9447164538
9745045015
9747191301
9400238614
9947023288
9447821582
9895347554
9447144947
9847654224
9447814446
9947450457
9539065448
8086070362
9446319010
9447700728
9020668560
8547804794
9447319909
9288038831
9447742927
9744077011
9605933173
7559023828
9400650189
8157884474
9447414483
9946802176
9447818151
9745576777
9447828316
9562065907
9447107630
9447252319
9447837743
9745975899
9747066040
9526658548
9447396244
9846646625
9495194674
9745576777
9447828316
9562065907
9447107630
9744440467
9446805710
9847106511
9744524548
9446717199
9496823213
9496435459
9847762161
9447506687
9497686470
9447222393
9847772838
9.89598124194474E+019
9.8959434339896E+019
9447933234
9.4473962359605E+019
9.84714646398468E+017
9995252425
9961808005
9961790862
9961485282
9961468268
9961313449
9961260929
9961258855
9947947939
9947681681
9947449227
9947312070
9946857729
9946662357
9946553615
9946530109
9946488901
9946442232
9946406937
9946187299
9946132378
9946102830
9895924956
9895676892
9895666488
9847982591
9847973183
9847916820
9847860321
9847706242
9847691922
9847593549
9847421926
9847407123
9847360517
9847250505
9847139227
9847073225
9846540988
9747778660
9747558311
9747269792
9746086921
9745999843
9745393679
9745046712
9744539368
9656419991
9656340817
9656105688
9645795000
9645533770
9633867369
9605730024
9605530388
9562864005
9562732721
9562338807
9562098959
9562018593
9544486410
9526257200
9497793740
9496976085
9496494416
9496277599
9495961773
9495841611
9495569627
9495375246
9495372589
9495193725
9495020481
9447988150
9447981743
9447963971
9447916705
9447916122
9447860804
9447822323
9447816273
9447815702
9447812861
9447762133
9447747773
9447721982
9447663200
9447605998
9447581033
9447580926
9447580387
9447526536
9447468475
9447457867
9447435210
9447384216
9447379169
9447378921
9447368665
9447331300
9447300294
9447231937
9447216754
9447200517
9447187677
9447184289
9447163593
9447107434
9447055351
9447052231
9447047974
9447002602
9446943261
9446931161
9446894723
9446889947
9446810258
9446716328
9446680080
9446611284
9446610224
9446606655
9446579202
9446578094
9446464906
9446416346
9446372902
9446315616
9446276347
9446207477
9446128166
9446000950
9446000533
9400897188
9400768802
9400093583
9388754215
9388609327
9387585023
9387585022
9387585014
9387299153
9349884657
9349232340
9072226256
9048650660
9048055633
8594065801
8547970136
8547427259
8547000191
8281618579
8281174407
8126819620
907226256
8281369875
9446536145
9995498498
9809457354
9447523195
9497676725
7907803946
9447991223
9497884337
8281246631
9037330623
9995219697
9447104933
9495577531
7025115202
8129172864
8301888977
8547713235
9446397771
8281724480
9496173796
9446966434
9447607544
9446424547
9495348814
9446409889
9446397771
9446763771
9447153041
8089870713
8547200318
9946755146
9605039277
9656433206
8921731239
9003726267
9447519060
9400924005
7994118302
8547553167
9495187792
9747678067
9946000083
9495600245
9446080021
9496245078
9447837121
9747020500
9895397888
9947742479
9496745993
9946833577
9446404328
9495506875
9744883101
9447697988
9446025547
8547556080
9656591053
9446400645
9400876716
8660981722
9446348531
9605090650
9847040125
9447039811
9995206189
9048380840
9384118787
9946445406
9746476336
8301940139
9446080803
9495252988
9846899920
9746662026
6238270959
9995199426
8281863757
9142548054
9495995353
9037385543
9349292223
8129418600
9745358671
9961988388
9562609657
7736459991
9847711663
8281500273
8943190293
9605770741
9895090063
8907010010
8129209660
9496212750
9567760206
8893804142
9946538038
9446179935
8589023286
9061025566
9847933204
9495519699
9947133493
9446666414
9656300024
9846020091
9745073353
9447718758
9447625174
9446084333
9447046182
9495384187
9846903351
7736456456
9567956387
9995774535
9946514298
9495255040
7560859594
9847618486
8907658242
9287347086
9446076423
9846558149
9847930909
9495580375
9818739952
9846217935
9495507694
9446128960
9447576702
9446813939
8089268303
9495184956
9498097613
9037375471
9446437487
9567739910
9495812822
9847159430
9061337179
9995311163
9995359028
9495600059
9387387886
9495505044
9846455450
9995448895
9526062733
9072214636
8848182450
8592854763
9747088309
8075557466
9947471081
9061507035
9037474383
9995244453
9526229386
8113014248
9447737761
8547072300
9447414433
9656982141
9048676083
9496067314
7025088167
9037522545
9446363421
9847994457
9995879255
9961305534
9061499332
8301033239
9746958758
9971418632
9995336913
8652607385
8129270924
9544132260
9411178413
8848703954
9746677407
9.9956813149747E+019
9.99518574294476E+019
9.99500611896459E+019
9.96120198394008E+019
9.96115459997473E+019
9.9471414259745E+019
9.89594248898953E+019
9.89577417897454E+019
9.89576546498951E+019
9.8953887788594E+019
9.89537838585477E+019
9.89537676088937E+019
9.89531027194005E+019
9.89508830885473E+019
9.84794651385906E+019
9.84785368496561E+019
9.8477068489496E+019
9.84758280295262E+019
9.84742925594978E+019
9.84737744795449E+019
9.84692227185939E+019
9.8463322599748E+019
9.84627637285473E+019
9.84605757889079E+019
9.80991236695261E+019
9.74786471698461E+019
9.74542408993889E+019
9.74472406594467E+019
9.74415311698478E+019
9.656666929935E+019
9.53929071390487E+019
9.4972791719497E+019
9.49536599898475E+019
9.44781945796565E+019
9.44781332097448E+019
9.44776491699472E+019
9.44760750294957E+019
9.44721147382812E+019
9.44648000086065E+019
9.44621494294968E+019
9.4461961298921E+019
9.44607903894962E+019
9.40079631796561E+019
9.40039734482816E+019
9.38885335894977E+019
9.38881398493498E+019
9.34937651198957E+019
9.34926900199464E+019
9.07245454698478E+019
9.07202121598462E+019
9.03737857299478E+019
8.94347967395446E+019
8.89333315270259E+019
8.89195022087145E+019
8.89128295090471E+019
8.54789260891424E+019
8.54789120190728E+019
8.2819626959745E+019
8.28123465494961E+019
8.13981581395392E+019
8.08600585699613E+019
9995855191
9995801989
9995770035
9995574777
9995447909
9995431415
9995185576
9961800342
9947816633
9895918495
9895772544
9895498975
9895298014
9895261338
9895229495
9895102913
9847636634
9847495227
9847226874
9847200573
9846388027
9846203071
9846166344
9846097508
9746572764
9746026984
9746026687
9745534386
9745421589
9744142918
9645433628
9645278962
9645185993
9633527421
9605612467
9544352906
9539167112
9526851119
9495179960
9474303005
9447331396
9447232609
9447158593
9446891486
9446865299
9446714400
9446227318
9400922731
9061055258
9048821877
9048270141
9020967531
9020388333
8848455749
8547732822
8547591631
8281662709
8281367056
8281309241
8156881839
8086735812
8086078716
949575231
9995596824
9.99555929598471E+019
9995400737
9995260811
9995136136
9.96124242994971E+019
9.94778600794957E+019
9947764888
9947460716
9.94743152296331E+019
9946120226
9.90195527304843E+020
9847911494
9847745185
9.84741302990724E+019
9.84705807098478E+019
9846923992
9846834462
9.84667478780864E+019
9.84660011299615E+019
9846008355
9746072690
9745989863
9.74454614796057E+019
9656992222
9.63383265895678E+019
9.60574180298473E+019
9605678484
9562573391
9.5447911249895E+019
95446557294
9.53999453980865E+019
9539489690
9526453614
9526356432
9496197726
9496156512
9.49604340082814E+019
9.49557366394968E+019
9495430808
9.49537802398951E+019
9447907303
9447573860
9447434040
9.44729540198471E+019
9447152177
9.44709773970122E+019
9447051007
9446508142
9446505328
9446451790
9446439359
9.44635272298958E+019
9444389332
9.44304540087144E+019
9400656689
9400642226
9400484831
9388610102
9.38841938890371E+019
9.28756306904843E+020
9.14204238085475E+019
9100115866
9.07274708790202E+019
9072162355
9048854255
9037214988
9037055575
8.94343615190484E+019
8888388333
8593907515
8547880226
8547875327
8.54733296598466E+019
8304867363
8129986305
8.12943112581294E+019
8129418690
8129418434
8129418434
8.08916510477361E+019
8089009089
8.0754102969496E+019
7.59190790475919E+019
7.35664447994464E+019
7.35635035298474E+019
7012735911
2625448
4.87233340095621E+019
4.8465199399496E+019
4.84325509096564E+019
4.84322960495679E+019
4.84297043999465E+019
4.84275096788918E+019
4.84263079500972E+023
4.84263053282816E+019
4.84262859399618E+019
4.8426255189448E+019
4842623150
4.8426089969447E+019
4.8426080079496E+019
4.84260664900973E+022
4.84260409697447E+019
4.84257703698471E+019
4.8425769149895E+019
4842559957
4.84255973690486E+019
4842558770
4.84255791299465E+019
4.84255750894956E+019
4.84255674298959E+019
4.84255606999476E+019
4.84255547798479E+019
4.84255020988913E+019
4.84255020797448E+019
4842543462
4.84254252198461E+019
4842542347
4.84254176997461E+019
4.84254160898959E+019
4842541125
4.84251432282898E+019
4.84251352997466E+019
4.84251307498479E+019
4.84244262598952E+019
4842430323
4.8423952569497E+019
4.84234228898477E+019
4.84234067894471E+019
4.84234018894008E+019
4.84227091993492E+019
4.8426246079657E+019
4.84255089900972E+023
4.84243268898951E+019
4.84225608298461E+019
971557625700
6598361196
9447574751
9846839151
9349006050
8547774964
7994541334
9372871865
9745472239
9618884800
9895178336
9746198884
9633188360
9995869582
9447841118
9447037023
9947141332
9072150508
7012530712
9061158091
9567777480
9447733659
9447817971
9567840187
9947061540
8111804573
9947390108
9745232727
9645928888
9447405256
9387406523
9072215088
9388604024
9746051341
9895703077
9544724680
9539756680
9846173631
9048886999
8136937114
9947433144
8281372137
8111887729
9447104933
9496745993
9447221547
9847422939
9995498498
9895397888
9447355535
9496575714
9446465262
9447748531
9895388643
9995626326
8281369875
9895563527
9447603495
9447166788
9466104484
702511522
9847032422
7907803719
9633447467
9947742479
9447991223
9446536145
94462277661
9074059564
9446404328
9495810642
9895377774
9447460708
9747678067
9495336385
9447347891
9495470725
9995949160
9847173294
9946755146
8136922144
9446310164
9497278730
9526821359
9605039277
9447709989
9645075261
9447544203
9446135133
7907803946
8547556080
9847080101
9846094686
9946670000
8547815414
9847020605
9003726267
9446485035
9446512221
9400924005
9895080565
9496245074
9847126775
9645083104
9895038074
9446061435
9961571344
9446531742
9446544480
9446512221
9495501315
9846094808
9446080021
9946453924
7559933700
9446282121
9447194898
9947827111
9447414282
9846036480
9495679555
8089045131
9037779000
9995519000
7889202001
7736139349
8281467535
8301024408
9847338825
9995900294
9847251269
8078129198
9022616061
9495425573
9847032345
9847406193
8606236011
9310524787
9745451155
9497023737
9496060726
9847159483
7907046302
9495218740
9388966104
8547099613
9895447809
8656128191
9895175424
9746478944
9037378216
9745988897
9745988897
9895855779
9495716474
9895177561
9995006000
9846755380
9037690323
9744711160
9846151519
9995915495
9447379375
9447807780
9447019750
9846224106
9961883312
9388605801
9447090377
9995137395
8547790007
9846083683
9447017570
8281884847
9846032275
9846404409
9746138686
9496339110
9747059021
9400003993
9446415881
9388602672
8589092170
9447167974
9388600235
9895712008
9801872890
9387739449
9061941234
9249472703
9847011150
9895557177
8075926134
9447819527
9846176933
9447565838
9847388812
9605677711
9544080011
9495514393
9747170011
9061146595
9446118337
9995666180
9846041495
9745997007
9400940464
8590957043
8589080773
9847106838
9847878821
9895123495
9447001877
9446312299
9895192999
9846060260
9895075655
9447325362
9388992111
9995498533
9388405757
9846438195
9895048468
7025282101
9740004631
9846090770
9388603315
9544253651
9446515146
9895189547
9747234342
9746470333
9388609103
9645038582
8157997770
9567820000
9447011738
9744115650
9020774835
9447228039
9496586104
9496496108
9447827565
9447826102
9447175999
9847167698
9947991991
9847910124
8089928019
8754421569
9176666429
8547000139
9645822998
9746237795
9947208332
9447231045
9446207572
7561018741
9447987495
9744961379
9496106130
8129900236
9037643093
9745226442
9746074741
8714356878
9388702295
9895348606
9633548001
8281528288
9447200291
9447208469
9847317087
9447703677
9495778331
9048094617
8592929232
9495383761
9446607424
8547013977
9476769245
9611897606
9446569168
9895071410
9990588243
7356156743
9947472729
8281480685
8891618175
9895595441
9447759795
94477986037
7356177487
8089176336
9847207720
9921796603
8547991060
9447900415
9497188514
9646599733
9447048703
9633998913
9495354488
8301820039
9495425596
9646118983
9495180913
82889966483
9846874162
8304041334
9847448268
9747884525
9446803693
73569896514
9496225568
9847040482
9495673631
9746771761
9495078591
9447986037
9526697850
9947593670
9481921123
9744454400
9995498451
9447733716
9446127864
8939931390
9447247984
9447601930
9747733428
9847329505
9895005328
9495897521
9447508270
9895534223
9496823751
9895595441
9846929799
9447775644
9947311707
7736447375
9633145331
9447476869
9447016961
9446103571
9446510038
9895642979
9446000701
9446102693
9746801915
9496072938
8907364387
9961049017
9847010046
9495193753
9846388818
9496258732
9986755635
7736898716
8763860091
9496063380
9747486671
9544205408
9497366187
9495425657
9633884464
9895987813
9645505605
9995487208
9745234302
8547001011
9497188596
9446479156
9388141496
9074983540
9847193182
7902357303
9847701999
9400707924
8547729251
9745999824
9633003499
9447775799
9544380878
9447784417
9400238123
9496956970
9142509148
9037529719
8547000338
9446945766
9495105606
9447129279
9495127911
9072301971
7907441769
9400055836
9947772705
7093800434
9447422378
7592018184
9446755666
9446078224
9860148249
8086697832
9847769557
9809048069
9496179424
9446945175
8547203208
9388439146
9446522461
8524802689
9995800871
9446983937
9846478373
9847547694
9995809681
9495105245
9495187779
9495581071
8547000321
9495380875
2255777
4842760861
4842525625
4842762275
4852870337
4842732334
4842685769
4842688315
4652208336
4842732290
485227309
4846468090
4842528009
4842730268
4842685723
4842689507
4842680308
4842761548
4852811586
4842680606
4842768005
4842681231
4842057433
4842688058
4842870811
4842657629
4842520368
4842761134
4842593901
4842688712
4842680634
4842760956
4842650588
4842767184
4842688364
4842763225
4872847009
4852272291
4842590658
4842317181
2832174
4852245241
4842764204
4842760431
4842527148
4852812335
4852207783
4842591394
4842762248
4842767563
4842685533
4842688419
4842681129
4842707251
4842767508
4842650661
2732809
4842731011
4842594575
4852811266
9847259988
8848412661
9847685622
9544249915
8008677225
8156880384
8593993130
9207294998
9207371084
9645800247
9840958455
9847516760
9731866550
9446134894
7356118217
9947265658
9895217778
9846977009
8086356987
9656100913
9037481529
9746703600
9495643259
9447155055
9446349123
9495813994
9995556337
9895611899
9567386866
9445045712
9544216664
9961889993
8593995299
9847007954
9847041611
9895040831
9895201710
9746727488
9995811668
9633330099
9495141414
9886208361
9847034800
9447260725
9995532000
9895270486
9895080812
9995475155
9061821718
9946600604
9495211233
9846595431
9349210130
9645854243
9946554967
9846701233
9746039637
8089327833
9846039429
9447777728
9562260881
9895185740
9497274548
9847919396
9446716051
9447326890
9846789750
9349219447
9946024179
9656837158
9447459527
9847823793
8089440007
9388623493
9847751802
9961663007
8089242595
9961663469
9633081198
9539145243
9847399877
9995286053
9495201027
9895987099
9895030259
9495431609
7575875165
9497791398
9496225731
9961645416
9048367245
8943257830
9745476026
9447095591
9495393273
9744557605
9567492926
9947384622
8086303901
9446583600
9497088697
9539749103
9895303203
9895079377
9447396098
9995239545
9061881574
8547501788
8281921230
9847618603
9495588661
9567019112
9656434956
9387160999
9947648800
9526658435
9947240665
9746850721
9961706789
9605492550
9207007627
9187286865
9847227533
8943872249
9895302303
7994241323
9633010938
9567019112
9388641629
7025233655
9544361725
9847266533
9562221752
9400915401
9446832490
9746588583
8983836599
9946405252
8805785270
9495201027
9895760623
9496330937
9847636368
9744557605
8904681461
9567852164
9446531203
9895765860
9033575893
9447368580
9496993666
9847292317
9446089805
9447369555
9039734692
9497189049
9997709604
9496278757
8606667750
9447965143
7760425031
9746350013
9496753741
9496120556
9633795607
7736012726
9446549805
9400789686
8891299010
9447715829
9447172873
9496180308
9495765894
9605065752
9745176655
9895037303
9447602793
9446514112
9847965162
9846630559
9846551000
9037331967
9895148261
9895654264
9048078383
9995660080
9847012373
9895693345
9446441359
9847137835
9447666983
9656982111
7736523160
9447145906
9388805304
9447028224
9446184348
9567875946
9895168793
9446412097
9400201984
9497459085
9895058345
9895715567
9633309188
7306955177
9446129012
8921375644
9846819921
9645138977
8075346255
9446431119
9846115035
9745696065
9946997200
9446027902
9961155266
9895999444
9633158440
9946293560
9847059979
9497188541
9037709828
9746186537
9447464946
9947196774
8086049738
9562036981
7561811906
9895719076
8086171977
9447228628
9349292036
9495466691
9995431572
8606496421
8089877293
9847222704
9847104904
9847725142
9895580341
9447068895
9447251418
9846218541
9847011684
9847175752
8089122750
9447407973
9447797454
9744495101
9744582939
9061034657
9447326283
9895031696
9447948378
8592924136
9895161935
9446357867
9846837096
9567330771
9446168202
9895985264
9496430224
9497216008
9846175294
9847025484
9847140933
9400762582
8921142484
9544939178
9562665720
9895933044
9048822950
9495971889
9539702703
9447722410
9846463481
9746290929
9846291870
9447095591
9847618603
9605950588
9789031768
9946200158
9145544868
8807617840
9633066915
9846015702
9605887651
9947096928
9796893388
9496225731
9446832490
9061881574
9567809213
7075062021
9633559096
9496555516
9744708600
9504689834
9539004588
9495989750
9846890011
8281714186
9656710064
8078494525
9846618413
9847395502
7012805200
9446463550
9446116147
9961664439
9847367824
9495629002
6238348735
9947232187
9961993342
9656982528
9961664709
9961368984
8129310646
9544198199
9400524992
9447528386
9847768850
9567820220
9895062504
9496531077
9497289954
9544124240
9495747781
9567919252
9388600506
9447378173
9747585648
9061403905
8907918185
9496060941
9747562699
9037604293
9562480402
9446054313
9544072401
9645639616
9961434006
9995089202
9847771959
9847934264
9847442020
9562116887
8593021957
9744213680
9249350307
9447698253
9349270895
9447813151
9947092333
9961817038
9446128467
9400466435
8281100862
9745269909
9544072247
9895375012
9947910547
9946261444
8289887838
7736750095
8547078829
9447663063
9496960801
9744221590
9847095150
8089566734
9495814670
9497369116
9847158239
9947032227
9495571389
9142519827
9497200125
8281807375
8848689156
9447577246
9809813640
9847222498
4842558423
9959992125
9037824798
9847249225
9961817087
4842603085
4842671989
8547506811
9447812639
9946020325
4842670115
9745572943
9567362653
4842514388
9995377565
7736124772
9605983020
8281321661
9744418878
9656714055
4842672389
9947921761
9895753329
8893815065
9961277035
9895533304
9895985345
9745507262
9747258205
9846151715
9961000620
4842671148
9633310628
8547523162
9995640164
9496160382
9995044279
9388808538
9495603285
8089085663
9544772238
9447722747
808964245
9400333948
9400333948
9400843242
9744959471
9947680778
9744842959
7558928037
9847604695
9048901845
9400820184
9846262692
9656254277
9744135532
9846355196
9847274088
9995420681
9400843242
8086666208
9947474755
9847103011
9947806934
9744709425
9249730578
9995325321
9847108805
4842672102
9895907786
9446276248
9995749967
9605083221
9961707898
9544907512
7558885063
8281467529
9446718307
9497183935
9846850026
9447602751
9656947498
9037781909
9447872008
8289937291
9249331406
9447817914
9745630025
9605638417
9495505205
9446957616
9447358698
9947161503
9496120776
9847858248
9847470750
9446356715
9847217138
9496097983
9446869207
9995374508
9747788973
9497687798
9388140112
9961618824
9946276510
9048881863
9446746287
9446665688
9961663970
9447510720
9847678155
944716811
9447510462
9946025471
9400549936
9633271977
9446139469
9446024307
9447154787
9446091770
9447250943
9446464906
9447187139
9847740580
9797204430
9961964414
9947306774
9447465373
9526282285
9526224924
9495257965
9567519995
9961807796
9847851409
9744273971
9539888089
8547905629
9447510551
9495813218
9562361187
9947102319
9744561234
9446472911
9605381855
9446610933
9847570013
9605588550
9995369690
9847593141
9605591193
9961656237
9526749433
9539436998
9947374497
8086799241
9961909774
9447921625
7025756363
9656659290
8299025875
8921360850
9744864232
8547126331
7025893023
9497687822
9744584567
9446972263
9744543188
9645573655
9846242893
9895416068
9567266825
9446228053
7736405138
9745358815
9388479540
8547350039
9495429015
9895916703
9846201871
8089444268
9847072633
9946512562
9526583877
9633639363
9946808607
9746147958
9961849099
9746265773
9895205323
9446982926
9207448776
9539696498
9495933560
9899727018
8921256381
9846134488
8089165104
8129019222
9562200940
9895272569
9349960993
6382086991
9847914086
9656384813
9388605400
9526888577
9847654192
9895838344
9846155059
7736464850
9562751460
9746947782
7736621403
9567501377
9946440585
8606746155
9072195186
9961001321
9895222407
9946506442
9526273460
9947595659
9745998812
8891111370
9947989228
9895488738
9846789554
8547231828
7293577537
8943881176
8281460604
9287927062
9526823610
9387458688
9946060555
9846512835
7025728150
9946057070
8075942048
9809728971
9567109046
9496263715
7736438182
9846441443
9744616469
9539725766
9961795664
7736612151
7510820286
7560817125
9847295048
8113804620
9605131527
9745628105
9061985593
9847182574
7994691805
9567878910
9745695653
9446716246
9567760847
9846184545
9605131527
9846184545
8921477618
9447260616
9567878910
9349005223
9654745143
9447465610
9447710050
9946130404
9961140006
9747720489
9846770429
8129151389
9884253350
9446481914
7510910952
9895133167
9895886309
9995492071
9605131527
9539076465
9747102313
9895711750
9847792827
9847051553
7.29310205672901E+019
9995476705
9495664823
9037435578
9446441535
9940141659
9447378276
9.63306680298471E+019
9447082473
9746579619
9895470207
9349223365
9497192460
9947183750
9447070158
8086610739
8157041555
9995322253
9961433020
9746013907
8943645237
9847953414
9633188644
9061862974
9895358902
9447608538
9495712639
9847837475
9226844887
9526868896
9746470738
9447379377
9633867420
9747204849
9495961280
9496266399
9447170874
8157984285
9446928326
9497295619
9656224915
9846454262
9447595127
8281322475
9388819225
8606923023
9847276781
9495675618
9400645788
9645121296
9388859654
9995590200
7012305219
7025085713
9446138196
9961154599
7558969905
9407933069
9946790664
8547341358
9995441135
9846425226
9961578136
9961614885
9400937407
8281791088
9895316534
9605112082
9961901365
9995592602
9946341170
9447482396
9496824296
8089806459
9746605196
9447305657
9847265998
8089420161
9747427444
8129100394
9656978533
9497288660
9747678075
8907336166
9847243095
9539290713
9446574734
8156941220
9496225206
9496312801
9744833664
9744183422
9346497557
9037771793
9895627157
9633012732
9745457418
7012788360
9633088377
9639000657
9847354307
9846245588
9496281144
9447755716
9447231657
98950845319
9745780111
9447206476
9497460093
9495917573
9847024585
9400581328
9961162438
9846199335
8606361925
9961256405
8281295371
9747620792
9744382351
9744722921
8086713210
8304089372
9895894850
9496227125
9496408720
9562190669
7403593091
9400389235
9496215220
9847639114
9895310271
9633875239
9895362759
8606029630
9633886043
9947777281
9847619073
9847449120
9446865299
9847811393
9961214907
9460504788
9495021852
8921159923
9946807494
8289972996
9847063380
8943928899
9895299154
9388452461
9072792903
9605667756
9447332869
8129826968
9562438104
9947344513
9495790589
9446896921
8075041615
9995637305
9744675371
9400299568
9562851767
9744843478
9446513686
9946443655
9142149032
8156960576
9495888692
8089145661
9846803441
9895048730
8086816173
9020782587
9446448620
9895281315
9847939416
7593900346
9995574777
7012305219
7025085713
9388859654
9995590200
9400645788
9845121296
9847276781
9495675618
8606923023
9846940161
8281484048
9.84601522589214E+019
9526827851
9495382447
9495382447
9961449987
9995970949
9074124848
8089344997
9633808878
8281444457
9995848099
9961627066
6282350711
9746493631
6282765802
9567136735
8137027941
9895267343
7356002659
9.84703046373064E+019
9746378882
9947048316
9497036667
9895460290
7560896627
9895562641
9747676459
9995542798
9656802495
9070912577
9847140896
8547767254
9847181551
9544127504
7025236390
6282112922
6282110535
9447740617
9567888804
7560949114
8089440283
8714977986
9846023940
9947858592
9744493958
9746195057
7736528301
7736331938
9656686825
9995233085
9847448274
9061532333
9745348893
8547832411
9846534585
7356423495
8037925739
8903569475
9048557252
9847976523
9961219875
9747434042
9746733611
7.59393978594964E+019
9447200160
9.89501100694472E+019
8606657300
8281777194
9846093102
9447991207
9562994224
9349843616
9447055630
9.84792759796056E+019
9895206987
9605388458
9495591213
9895318000
9746613432
9446363124
8.60613787894472E+019
9037070670
9.44621214022183E+016
9.63303507190379E+019
9744562836
9447596778
9.4964803599745E+019
9847794894
9446865207
9447603326
9847518098
9447790729
9447022684
9400148409
8129822333
9.38710180399615E+019
9349274902
8136848799
9846166123
9846283080
9947136041
9.94787060898475E+019
9645644729
9447764098
8891657819
9846336859
9037384807
9495506466
9895652071
9544621463
9.89501155070124E+019
9.84661807304842E+020
9895619597
9037452272
8129946772
9995233211
9946557681
9947158054
9744271404
9746677701
8.84845599880891E+019
8.89100691899547E+018
8714434448
9895744572
7907812801
9605858292
8113948890
9995431219
9746825037
9447591500
9526062744
9495950657
9746569749
9895527086
9946544417
9.89508959998956E+019
9447930459
8129353132
9447233182
9037364100
9847644818
9847491277
9388274414
9995882587
9388446881
9995610765
9846180964
9.84774437797442E+019
9.74787328298479E+019
9847241782
9.8950053839745E+019
8.71411779189213E+019
9048438437
9947469965
9847299887
9846180839
9745037506
9895885355
9605855979
9995821064
9846834274
9497141334
9496040079
9846362218
9846316310
9846722970
9847729505
9446530988
9995907487
9496313294
9496531363
9349626531
9061287762
9388813073
9447856560
9746453212
9961203668
9745694881
9048826442
9947930855
9947932466
9747255226
7012243356
9400606581
9847853684
9847464109
9496955905
9961984837
9447812424
9846548869
9496177441
9447813027
9846310490
9656696373
9288118145
9496177643
9847466542
9447465427
9947483465
9048567432
9961967353
9349109033
9846503808
9895456872
9539114810
9061950531
8086415202
9847452555
9544994368
9895658145
8281694354
9707564343
9746172626
8129861046
9544715624
9895664094
8589985401
8086144221
9809088581
9633001888
8281134000
7012789604
9946537050
9447184678
9633037865
9847770956
9846066937
9947243748
9447632989
9605700703
9447168209
9744398523
9388066010
9995555146
9447291658
9497686975
9744866202
9544933563
9495407337
9961430592
8075505665
9846450388
9446688396
8129174141
8301980225
9446611686
9447580373
9847408927
9447329716
9447140003
9847797079
9020075830
9447328509
9747976076
9895388137
9847832427
9447167538
93878875152
9947498343
9947475518
9645784797
9497026280
9567590399
8281992190
8921238585
9447666969
9446139294
9656377350
9447815540
9961636326
9946454179
9847433202
9745699695
9539075422
9497491517
9995319468
9526269764
9847729558
9048372388
9495163578
9495272734
6282250601
9847685836
9495381673
9447149377
9744812745
9495129804
9447061147
9349671820
9645006435
9745189899
9446208752
9496917334
9946125328
9495520299
9497835020
9249577839
9946539988
9946556426
9961488298
9249577839
9744138975
9605339125
8547537823
9747884184
9995675629
9446721031
8547537823
9847238509
9447078321
9847107565
9447721560
7012835728
9447056698
9847388115
9847584378
8606570798
8301968828
9947301548
9747973943
6235352163
7025941759
9495715051
9446826431
9947920871
9447144312
9061429978
9562458289
9947004529
9495762588
9446593614
9207904403
9656293992
9995981801
9249899709
9605089211
8547830889
9633476649
9847345172
9747819397
9947761534
9656699711
8289931992
9562850559
9544483807
8921024648
9847377250
9562593520
9895732821
9747599867
9633415962
8086285361
9809813618
9562563124
8606284673
9946341935
7558054705
9605798721
9744420281
9847917846
9061278002
9061658797
9562564457
9645562198
9495918894
8129572650
8086108870
9605149418
8129620059
9061547523
9744121984
9349505284
8086586424
9747054883
9645033988
9745394008
9400422205
9633406741
9048869637
9947814297
9526774388
9605391112
9048154359
9072202358
8589077380
9947670905
7025107797
9526954029
9744497446
9745752211
7560881096
9747207867
9847738889
7560956626
8129684349
9995123968
9605339528
8281476388
8594094721
9020402044
9847095315
9656807987
9605995175
9544973579
8078568442
9847113658
9846187401
9645756667
9946976041
8113032794
9847773641
7025532864
9961254495
9744173102
7592944620
8606617865
9847660976
9142101713
9497071386
9846940161
8281484048
9846015225
9526827851
9495382447
9495382447
9961449987
9995970949
9074124848
8089344997
9633808878
8281444457
9995848099
9961627066
6282350711
9746493631
6282765802
9567136735
8137027941
9895267343
7356002659
9847030463
9746378882
9947048316
9497036667
9895460290
7560896627
9895562641
9747676459
9995542798
9656802495
9070912577
9847140896
8547767254
9847181551
9544127504
7025236390
6282112922
6282110535
9447740617
9567888804
7560949114
8089440283
8714977986
9846023940
9947858592
9744493958
9746195057
7736528301
7736331938
9656686825
9995233085
9847448274
9061532333
9745348893
8547832411
9846534585
7356423495
8037925739
8903569475
9048557252
9847976523
9961219875
9747434042
4852824632
4852823404
4852862455
4842522106
4852570239
48452571421
4852843352
4852823247
2570505
4842640283
2812351
4842642142
2646484
495518449
4842526404
4842641303
4842641521
4842641999
2640572
4842641981
2640023
4842642022
2641461
2649116
4842641733
4842640589
4842593359
2521167
2529346
4842654193
4842656381
4842657015
4842812068
4842526538
4842525442
4842652258
4842657904
4842656499
4842654539
4842654232
4842653576
2654206
2592844
4842651131
4842592518
4842523182
4852827205
4842657652
4842642044
4842646148
4842591261
4842591889
2657652
2590877
2528514
4842657202
4842648686
4842644356
4842645024
4842648721
4842645714
2646479
2847306
2645967
2646236
2847455
2648546
4842645144
4842645877
2649511
4842646071
4852843089
4852826262
9.96131675698477E+019
9.94787003190486E+019
9.89594658998951E+019
9.89588429088913E+019
9.89568667798462E+019
9.84788222996452E+019
9.84752110398474E+019
9.84727176595441E+019
9.74726574197447E+019
9.74719871597479E+019
9.74595550098462E+019
9.65686994397472E+019
9.645739637954E+019
9.64527721995398E+018
9.64510754096055E+019
9.6450903679645E+019
9.63361100798958E+019
9.56285427995446E+019
9.56280497985471E+019
9.49778947094957E+019
9.49553647596056E+019
9.4476084999447E+019
9.44746036398473E+019
9.44668427085473E+019
9.34931464895622E+019
9.24932094588913E+019
9.14278056991429E+019
8.54790950994477E+019
7.55889415495447E+019
808911114666
9995858871
9995663240
9995468601
9995430028
9995393026
9995358816
9995228406
9995106224
9995034693
9995019725
9995004326
9961999755
9961991702
9961888018
9961871574
9961849366
9961815480
9961725473
9961724808
9961723292
9961723193
9961619010
9961488414
9961458750
9961394428
9961247469
9961206674
9961188177
9961188177
9961168866
9961007223
9949258833
9947962615
9947899257
9947898702
9947858360
9947850974
9947849429
9947832716
9947696876
9947660449
9947460177
9947443664
9947415379
9947405566
9947249090
9947187033
9947186388
9947166102
9947099695
9947035561
9946996723
9946661296
9946634763
9946600502
9946430913
9946291911
9946228099
9946086393
9946060269
9946058020
9895981367
9895968981
9895929487
9895819006
9895731309
9895699893
9895691005
9895638536
9895572922
9895548080
9895440770
9895190291
9895183474
9895075541
9895056848
9895030820
9895026943
9847993909
9847934881
9847878174
9847872689
9847800670
9847767413
9847760072
9847749040
9847661736
9847658358
9847622245
9847606100
9847577118
9847575266
9847437357
9847434844
9847343461
9847322969
9847278132
9847274888
9847271094
9847219130
9847053606
9846999883
9846964189
9846905670
9846835098
9846833349
9846691970
9846636671
9846636183
9846625306
9846595615
9846528773
9846507200
9846477112
9846287325
9846189569
9846182824
9846117377
9846114717
9846106990
9846073021
9846026675
9747990808
9747960168
9747870539
9747800629
9747758119
9747705764
9747677438
9747639173
9747429566
9747236146
9747166390
9747158276
9746737401
9746731877
9746686285
9746610990
9746108805
9745999206
9745963241
9745869667
9745807829
9745782745
9745486290
9745468540
9745367059
9745333196
9745075697
9744955622
9744909231
9744842147
9744822057
9744785038
9744778453
9744653847
9744649975
9744517299
9744424683
9744421779
9744421756
9744403156
9744282300
9744273141
9744151453
9744108404
9744051382
9656935116
9656861945
9656569341
9656436936
9656425005
9656380087
9656251127
9656132313
9656041149
9645988497
9645957021
9645356874
9633351002
9633294992
9605608915
9605597859
9605320093
9605217516
9605208851
9605150077
9605082705
9605017392
9605008874
9567759476
9567707908
9567691153
9567387369
9567228773
9562973918
9562848275
9562831304
9562733068
9562678971
9562638309
9562616658
9562569945
9562310641
9562272880
9562161870
9562140038
9562118585
9562068875
9552541816
9544821411
9544811326
9544667923
9544633832
9544583017
9544539892
9544524717
9544519278
9544350053
9544329434
9544227044
9544129941
9544071605
9544066669
9539757257
9539747957
9539468827
9539081995
9526978748
9526925302
9526830848
9526512183
9526297550
9526264587
9526200185
9526147820
9526143570
9497962447
9497026165
9496566389
9496564747
9496359845
9496177023
9496086674
9495994785
9495879642
9495843289
9495789201
9495632804
9495526818
9495471257
9495025169
9476525487
9447986255
9447964209
9447872362
9447871547
9447834295
9447815390
9447724695
9447666832
9447604570
9447582527
9447579117
9447321931
9447285954
9447220179
9447219494
9447217586
9447213431
9447193983
9447114219
9447078918
9447049548
9446819152
9446745715
9446742416
9446740787
9446740630
9446720613
9446719406
9446718919
9446718880
9446713442
9446611080
9446605593
9446593195
9446539437
9446468104
9446217197
9446141436
9446135188
9446079269
9446056610
9400968969
9400946578
9400901999
9400871465
9400794149
9400262700
9400261345
9400190786
9400013133
9388818380
9388805377
9388725182
9388631797
9388480205
9387650208
9387475237
9387388092
9387377586
9387317967
9349917113
9349281329
9349265917
9349252091
9198990834
9142842756
9142135062
9072948061
9072020426
9061340648
9061247978
9048488218
9048460999
9048412355
9048191673
9048097515
9048039113
9037897273
9037363170
9037221862
9037203991
9037159751
8943778787
8943370218
8943093138
8907531007
8891203563
8891113221
8606668242
8606423790
8606394878
8593088376
8590433279
8547937037
8547906041
8547815955
8547807656
8547483278
8547194995
8547180413
8547056663
8281902031
8281818897
8281489928
8281196336
8157083547
8129739965
8129437283
8129395828
8113034235
8089516564
8089225557
8089187443
8086547624
8086308565
8086252764
7558065844
7356859688
7356844706
7293497121
7025587856
2264623
1
6238327395
8907205080
9383477966
6238279546
9544863899
9846086328
8590535853
8547489838
8943650351
9747078178
8547554305
8289949846
9946259988
9447302020
7530025553
8590288748
9072807189
9074618977
9846516166
9567585961
6235168285
9349222271
9847864010
9495321198
9895798229
9947131896
9443835508
9495827850
9947968367
9495434406
7034006000
7736975280
8606187935
8590447586
9895721271
6282840664
8921381566
9446792333
9447036253
9495885562
9544087983
9895449591
9061211511
9953643157
9946306776
7902889442
9074342120
6282875014
8086338881
9539412948
9061614440
9207417111
9995695064
9544101564
8075517835
9567677982
8848922350
6282817027
6238760240
7012649322
9947532205
9497026325
9562241927
9567047447
6282340073
9495272121
9747128320
8304834058
8921315645
9400203087
9447388215
9946836333
9387919008
9562107726
9605271005
9745301414
9746871130
9947075285
9400054884
9746277277
9567086602
8459939020
9946603336
7306764009
7306881767
8129100468
7736249947
9037592960
9846893000
9778786382
9633718511
9961929929
7025444769
9447529259
7738843003
9995788728
96893504023
9207372400
9744841767
8304043164
8921213085
7736715345
9846970005
9074938281
9645075534
9447306285
9495185675
8714013438
7736459827
9846033149
7902620357
7356677203
9947754704
9718768787
7356224984
9562906868
8593070780
8089079205
9447401474
7510388407
7356612442
9645069496
8921199182
8606411393
9496393340
9895166788
8129075181
9846363560
9400820645
9947295925
7600004867
9496160297
9544846422
7356561927
96552553265
7907262658
9446622428
8848584363
9746747525
8848619503
9072132467
9132200600
8921284305
7012170885
7012153547
8281113972
9447065851
8590718886
9495231621
7025642963
8089051047
9746352257
9995783478
8921599568
7356310167
8547701612
6238419531
8547168651
9746919822
8156964464
8547416560
9745547241
9894490801
9778159313
8590565120
8281376068
8075621620
7736962565
8921455312
9961095003
9633915223
8138865221
8547986724
9448903810
9188215842
9447728018
9539402780
9745710831
9447394575
9074525462
9496026172
9633089555
8301875320
9495438926
9428174879
6238701096
8590642151
96555848583
8610799109
9789234914
9633866686
9074844930
6238084283
8078568792
7012273477
9847317057
7561064321
8848295010
8606707709
8086274857
8078732257
9846242421
9895807755
9995256165
8137088557
9846541040
9388221940
9349713731
9526984423
97335564578
9744560280
8086217050
7834836648
8547000580
9495952968
9868023321
9495664498
9633398882
8086927626
7994383828
8590775300
8281539274
8921578799
9847420261
9496608792
6282499766
9048580794
9188442718
9656354645
9400625071
9544630189
9978862247
8139030293
9778402435
8281202861
9446272917
6282854568
9961829508
8590559789
9188059534
9495320970
8075821728
9207748890
9495096921
9446705900
7736989488
9446314506
9496094399
8921449393
6282105299
9746623409
9061323111
9544740881
9605342830
8891495363
7012274413
8137897433
9539023680
9495203555
7034184263
9947877492
9188562047
9188240166
7736052325
8304876303
6238221527
8129879902
9633909971
9846465010
9400575851
9562525767
9037440023
9495907951
7510728227
9446207953
9074153422
9544379306
6282697901
6238130349
8848344013
8078860515
8547488648
8157948435
9072819010
9745502850
8113045020
9496536977
9048715788
9526486116
8921114103
8943197469
9447647001
9605344556
9961727383
9496113143
9447958071
9446578508
9747012153
9446027661
97334033071
7025200149
9961256714
9567032732
9500046664
9446191708
8139057118
6235903421
6282772979
9072590822
9995585104
9074416262
7025535227
9495947759
8848815993
9400168969
9496981558
8590771577
9447055560
8138979134
9446067097
9995166590
9995426811
7593885649
9496768248
6282478318
8330061356
9446169002
9400642679
9447996403
9895052046
9846411100
9526964109
9656532690
9744581592
9811844160
8050213307
9497430911
8075558526
7591921480
9847278977
7025530570
8921621203
6282522883
9840237713
9496267750
9072893144
9447331295
9946340691
9495456297
9747809006
9037449683
8078529126
9446040779
9778189954
9645318116
9946199108
8590676942
8891657281
9778114394
8921509182
9447436594
6265043163
8281925996
9961598888
9544544874
9847854885
9895006629
8921092636
9446425669
9847503244
7736560811
8921836906
9769348198
8921278066
8129157611
8075212740
8590660356
9048018113
9562897396
9633356648
6282548208
9400799154
9496302445
8086422873
9497146998
8078381552
8547599651
9400072227
9037415677
8974012086
9048789599
6282682778
9400361848
9995013397
9048830441
8943814609
8921745809
8547775100
7012115005
7994318947
9074299370
9847930038
8080019255
8592896766
6238165301
9497556766
9946805030
8547640705
9446339198
8088824279
9995959157
8921563754
9778536435
8606242088
6282758191
8848342105
8075743496
9048323906
9526040888
9047192780
9447776132
6238578761
8714157001
7356646095
8075237580
8078938028
9656547315
9645860480
7034358594
9446013637
9778588795
9446045488
9446041413
8590344375
9447934605
7012357251
7034895389
8590333081
8113911362
9497805074
8075530629
7736525648
8590556784
6238523816
9349868042
9400162908
8129406755
8086641278
9996453165
8547464208
8078800292
9539280770
7012534276
9497249068
9656860735
9847186002
8304929409
9947771099
9746727665
8714705297
7558975793
6282288182
8075142167
7760587468
9745809326
9447467838
9526229995
7736744947
9447695238
9020175551
8594054335
9495013391
8606861768
9847148889
6238932212
9947430820
8592886081
9495389741
9074521489
9061001357
9747871464
8089016169
6238425852
9495311127
9072715851
9400681605
9447910490
9072814729
9656214014
9539805553
9895094326
9048627201
9048534161
9961986559
6238860095
9843830222
9567523277
9495980211
8891662980
7411053393
9544184488
7736771934
9496890330
9446383441
9074814878
9995753270
8281355059
7012306183
8590889356
9745270551
7736603219
9946183134
9400573604
9544084035
9746495230
9495621625
9447309321
9446312614
9895236009
9995217215
9388403707
8129194802
9387837457
9744442916
9188629862
8590359275
7561864282
7907659276
9895936915
8089393609
9567329208
9744724088
9447732363
9446855050
9447397792
7736299720
9747553642
9061627663
7306570518
8921586746
8138082988
7025401136
8848189407
8891111205
8075153930
971504682895
9526796390
9446060699
9496968095
9539542526
8606701530
9946861303
9446828899
8301957157
8590592624
9746960283
9778028183
9778399698
9745230904
9847006262
9446829061
7907372764
9526894692
9745569439
9895740684
8281312329
8921752167
9847966091
9496829165
9446959485
7994302820
9846890100
9895356440
7994742563
9526199218
7306268049
8139019314
9846102254
7012793024
9747012534
8281497159
9446644948
7306665074
7892749665
9188240314
9995033869
9633814123
9747885327
9562800337
7558962724
8921459511
8113073098
8078862303
9400035712
9497063894
9496855155
9074999137
8547243656
8075497228
8590945474
8157098220
9072328000
9037726588
8086500369
9633094398
9961991308
9745291843
7356687355
8608001801
9847017264
9188290845
9605495312
9567113461
7306404121
8113930973
7510287543
8137039993
9446884864
8089661989
97339175704
8714432638
9496703564
8714884679
8129797977
7994084984
9188323990
9428129201
9562999610
9072965794
9061802725
8113874297
7306830924
6238629129
7994051226
8848652788
9995341696
6235676374
9995250531
9656772434
7356358459
8943006249
7034607402
8281973115
7736803032
9048627313
9446013777
9846423632
8590341015
9656135518
6235409782
9048263300
9995611882
9446817879
9387753352
7907385744
8089488172
8590613728
8921403905
9567351868
9567588028
7736090642
7558862689
9947899642
8111940214
6282601595
9496624683
7972813902
9895392058
7907201514
9746190372
6238750435
8281196345
8589918382
8281685520
6282571853
6282974781
8075870413
8281421018
97339772600
9567896532
9207815058
9746416411
9746579929
9496970636
7907605098
9207246256
7012938093
9895726659
9446582622
6238544362
8848738653
7306002338
9496279612
8073692481
9495241745
8606329526
8848240199
8289868978
8547454238
7025757724
9497793618
9947846913
9447072753
9778511066
8129676211
7696484579
8075407240
9946538552
9605467403
8459805989
9495724485
9995526466
9645985100
9497456002
9496053056
8304976778
9446278999
9846314049
9447560685
9995012845
8848271697
8714246731
9633366649
9526652739
8606208781
9526191801
9048138281
6235408872
8078373622
9847154577
9744902278
9846711111
9497801977
6235908838
9037861441
9496086237
9495589892
9495086954
8129541631
9895087086
9400343210
8921210468
7012518685
9567161404
9447827794
9496702016
9645060500
6235735829
7559985132
9961269071
8921522779
9037538562
9866100630
7356318402
9447043406
9446217979
971562765189
7034629144
9447728175
9447916376
6366043536
9544727781
9074671835
8547479965
7902803320
9526361781
7907245369
8590000439
7902568920
9745814551
9645000790
9605341435
9446958118
9446809475
9611480351
8589972152
8281893341
7012605110
7736527658
9037037172
9961169261
9778205477
9447917987
9447263274
8139881938
9447564743
7356288624
9847288029
6235320106
8136997636
9061874160
6238414692
7907785560
8884477167
9632411535
9946100760
8547214847
8590761687
7306986758
9072994796
9495093148
8078205100
9074875199
9207642624
9446552588
9847110753
9562931235
9496967398
7994469674
9746654062
9483826540
7025299424
9946476694
9495018750
9495718070
8281016647
8075330977
9446786194
7592000018
9656298751
8590509218
9744646687
7902313562
9946043665
8078584727
7736951609
8129382180
9446992916
9447111178
9656133665
8825286264
9447065976
9745961127
9995215663
8075600790
7561034493
8547369779
9946091229
9847300020
96597659357
7715093991
7012618539
9995969748
9446309752
9746563732
7736172178
8089716945
8129325530
8289971454
9895866845
8129375556
9447583625
8086435375
9072269803
9446457360
9447567196
9961320523
9961466573
8943275078
7594873220
7558925093
9633892849
9495835291
9495321226
9037099190
9447534183
6282315242
8590815967
8075766014
9446752050
9526596116
9562820156
8590961147
9539934865
7907529324
9539925740
96566970636
9859220051
8921273686
9495081496
8547387709
8848791655
7990822041
7593914521
9645942107
8547260320
9447270860
9447208988
9072144274
8075854224
9810602253
9746926067
7561085299
9074941885
8157910859
9349353936
8714803310
9562898511
9446208470
8590578505
8129053126
7012645922
9446489176
9895850321
9605074269
6282229193
9526386860
9895162606
9895898383
9447541511
7001828519
7592004860
8590978812
8610172049
8606433222
7592987083
9567640564
9495885006
6282213753
8590482422
9387222453
9447153992
8547937205
9447081887
8078777615
6238636299
9526907478
7306648809
8547817595
9495989411
9188690475
9447752740
7561070832
9746307773
8921642690
8089057239
8075707566
8590452852
7306870985
9447252677
9446953469
8714408004
7559868279
8089151886
9495942218
8075518014
9074643803
9846231974
9072735231
7025008305
9061482457
9645726836
9995844236
9188390118
9895529773
8848647101
9847422750
9447012438
9840159439
9400283121
7561827450
7059991111
9539307123
8590760575
8281194600
9961589780
9745339736
7994949892
9072546737
6282474178
7034826056
9447350096
7736977470
9447771191
9061988240
9446163989
9633941144
9497649864
9847065012
8590881883
9645405468
9072138778
9074887142
7736440900
9645677989
8547474555
8848477154
9447229997
9497055299
9846031151
9526438705
9895927435
9947171565
8075603993
8136900713
6282038546
9562369110
9074933739
6235082737
9061961869
8590449443
9645112182
9745709454
8075113431
9745807604
8086017005
6235408832
7034827322
7994496128
8304890510
9645429896
8078030167
8547621665
9961455778
9746877264
8111897391
8281810663
9539510400
9074542598
966502473290
9497876794
7909171054
9447009215
8606678899
7994155585
9400661163
6282526392
7034377607
8921053150
7736357170
9645006071
9539725444
9633823211
7736567382
9744137806
9778436852
9656071976
7592900735
8921885789
9847391134
8089094927
9496208079
7845840750
8590962963
9744152142
8943757372
8137953755
8111820998
8921038735
9567629325
9061780991
9074427528
8281906414
6282477213
9514457681
8281577231
8606664486
9656933849
6238189657
6238381459
9747127966
9746266637
9447949434
9446311566
8921293094
7994420830
8943460250
9072139526
7306765243
8547418948
8547947807
9645886196
9497074018
9447788310
7558024265
8129958741
8848086505
7736882435
8589833236
8590395506
6235303939
9847398084
9745047037
6282611909
7012082920
9497842203
9746861703
9847084569
8848957650
9539756010
9447924918
9526079507
9747125259
9778081987
9995781692
9633819322
9847414222
9074101665
9961989652
9846899043
9074026491
9497776103
8590445134
9895269397
9901509766
9400604450
9645500694
9895983543
8606237238
9746042732
7994167334
9497749270
9746702364
8590888264
8590926672
9446534809
8943430577
9895937439
6282576588
9496942868
9605824349
9495901730
9895723671
8113001800
9744205828
9895016234
8921573834
9895475446
7598133755
8129699652
8606577778
9037419850
8129971071
9074908331
9778361586
9495973872
8075820160
9946819724
9746719470
9946165696
8547956130
9891324070
9847672376
9895521205
9895158472
9446830118
9447552236
9605980507
9744963877
8547030919
9495904071
9447051292
9946220011
7594030156
9074320004
9061385474
8129426141
7592990633
7510575387
9995988954
9778262258
9645322201
7559909752
9061318206
9744529258
9562046423
7736282377
9744462178
9447248418
9447841535
9447795808
9605725141
8075460831
9497728224
7994622820
9995122757
7012590716
7736687685
7907027467
9961197205
7736179383
8921308036
8281079821
9188497388
9188847571
6282983476
9496454523
8075838020
8129323288
6282585366
6235266870
9188495516
9400742484
9995679434
9037252266
7736910425
9840157990
6235176625
6238626942
9447348039
9656153018
7025540040
7012445387
8281058553
8590183032
9656066690
9495867158
9061830487
9633586112
7025392613
9744601974
8590845213
7560984230
9946417258
9072650835
8590798079
8301017432
7012959716
6282354985
7356883432
8943750511
8714268641
9495056474
9605612478
7736544424
6282292744
9847259253
9447815417
7994888845
8547486114
9446219013
9961246932
7012255865
9645811947
8547122113
9961155012
8010479636
9645090580
9446352275
7907855476
7558864498
9986112048
9048990915
7306345091
9447414868
8078359037
7907285439
9447466360
9656199091
9567331250
7025633760
9496747965
7736380290
8547985194
7012423075
9400512136
9895259420
9605020288
96896025345
523634856
7736097021
9746212795
9037389709
9495685260
9400375378
8078469142
8089513834
7025264378
9495763173
6235740386
9400828852
9846862164
9744625506
9188023576
7594022927
7012306040
7012719730
7025157845
9496547256
9539701538
9447451773
9745260434
9072050345
7356925634
9447377146
9995909859
6282693689
8590715574
9567395846
9567019118
8921663449
9778062997
9447801009
8714362252
9400668894
9074305170
9447713902
8943456622
8590907296
9744413749
9446096903
9778443653
9446597393
9778013805
9944317022
8086884071
8078443389
6238553353
8078391627
8547914560
9947721853
9446885359
8113024842
9526487479
9446510459
8075123366
9061822530
9995685059
8714343981
9847278538
9526616782
9495982317
8113874124
8113834479
7306738273
9061146965
9747570979
7736275977
9846773574
9447467320
7736223105
9746814791
9074255725
9995229833
9656438960
9895242442
9447286170
9847387856
9946642715
9495448782
7012752364
9656828908
9544847095
9567520234
7994124119
7012783505
9656224533
9072219980
9446346673
9447293042
8921081873
9562906360
9446119845
9446434170
9495204386
7025730266
9447151551
9311825718
9207873114
7306635893
8590627725
7902390208
8891314486
7034577931
9446058789
9846712366
8714792718
7907703831
9188260423
9496379933
6235396671
9061997886
8281417661
8129582097
9747352222
8157869172
9539277779
6282543447
6282835595
9846578461
9447836944
9961524702
9495622774
9605977275
9860040728
7736868822
9810632614
9446472610
8547557937
7510645404
9446225460
9442525627
9526033456
8281027490
7306364098
8606153206
8075118132
9495646924
8129029732
8281092222
9526251217
9645656333
9495124039
9497851870
9400617913
8593979779
7559962699
8547142619
9447219799
9744690899
9633414595
9074478718
9074602151
6282562975
7012330131
9567493703
9447354336
9496545989
9400511306
9656438688
8547380127
9946661471
7511102043
8921863396
9745554224
8590921758
9496468584
6238702653
9037965019
7907928668
9995226073
9497529661
9495464599
6282285891
9656068900
9633643069
9744972696
9846257610
9847407514
9933217334
8589853366
9383419051
97433230881
7907198722
9747706903
9947403645
6282702390
7559030644
7736271870
9605359033
9061754652
9947043081
9495372607
9746852246
9446449300
9495988438
8590205618
8113051668
9895997730
8590726772
9778308663
9946035416
97455967892
9446779948
8590208534
9446394674
9446968280
8281895170
6282717020
8590460899
9868000888
7907373561
7025080052
9562631544
7592009376
9037450344
7736713009
9744403406
8301065288
9961289962
9495454847
9061277039
9744688788
9961135781
8086546164
9495880839
9446191122
9447776132
9447116640
9446111774
8592813355
9995931174
9048283310
9495706738
8590633458
9744517772
7217892227
8137807243
8330869241
7012534045
9846641515
8921565452
6282779323
7902575360
7012293026
9645006085
9745751040
9349113862
9656115742
9656300099
7356455506
9446123683
7034315774
8891835445
6235702498
8943984228
9778252294
9567957890
9074733797
9037432911
9539914441
9995820686
9895455112
9446068732
9061786448
9446784163
9744450418
9446690784
9447636800
919562611600
9947138008
7306903414
9605087065
8138856629
8921526724
8089618563
8848361245
9526142432
8281081024
9744322446
8590957395
9915703023
9605200407
9744446019
9048203508
9495367391
7306333828
9495565516
9961778404
9656962817
6282081322
9847668299
7736101581
7306634360
9562639164
9387528762
9497678276
9037868941
9526364825
9847577888
9496946293
8589877808
7994814404
7558969039
6238686318
8848475841
9745581137
7012194095
9188702868
9746519999
9746341741
9895701209
9446425541
9207670602
8891266400
9446246073
8943332131
8891657107
8593962052
9496946943
8547019618
8113005724
9946747665
9443526349
7042219609
9744116525
9567560047
8894178319
9656121159
9895658636
9074312016
8157838634
7593034050
9446012512
6282313479
9446321777
9495080973
9962810993
9496431237
9388202756
9074207070
9745237970
9747222515
9495177474
9188448242
9447540603
7034359797
7306436568
8073203943
9562841966
9447300955
9496634974
9745035101
9048145173
9633425690
6238617532
9778190941
8943325483
9656609595
9562695170
6282875740
9497161059
8330885685
9746260750
8848450357
9072688288
9539120188
7012135101
8281003522
9841633887
9400494211
9447432595
9567129987
9497237176
9172933309
9747439860
9447669488
9496306909
9383443318
7907860107
7909136460
7736360855
9656118209
9446638841
7034474398
8301961573
8848112948
8943903017
6238798062
7593090384
9645394498
8714727852
9995261560
6238587016
9446513259
9048672333
9747486480
9142011220
9778164758
9447407392
9495228607
8086716089
8129609601
9497807269
8547668512
7558057732
9495596637
9645419972
9446374929
9496205544
8156983839
8592833768
9847564244
8589019117
9400238156
8547471452
9961621800
9656731566
8078268635
7736280795
9778753831
7012753264
60112378925
9605395242
8590441771
9847114797
8304894943
9447286682
8848166128
8138802580
9947166797
8921360649
8547800035
9496694700
7012646728
8220018488
9037475283
8547285930
8301925792
9188505512
9567970575
9526324206
7306614959
8301054037
8594087171
8281493920
9895834303
9048523410
8078354578
9895041573
9495090658
9746137477
7306878832
9061758615
9447907035
9846642255
8129935421
8714575989
9495093660
7591950994
7306593281
8547961237
9961992028
9497410164
9048400758
9847800402
8089740719
7306769083
6238668458
9778516885
8547117430
9446121900
9747587771
9446645093
8921412647
9539419191
8590510863
7736713799
9447796566
6235355402
9539353188
8891023324
8593812290
9446681313
7025510300
9048267005
9497753716
9895584320
9074025123
8891339577
9496547064
8089317655
9447853914
7907973408
9562231168
9447250424
9448590353
9020816393
7025975405
8714812142
9188790320
8075356920
9847542258
9496156584
8547703498
7306875636
9645154369
7306909052
8089528747
9847786804
9895169660
9447793940
8129731781
8281653034
6235708005
9656538685
9656320056
9048941581
7034983329
9895089151
8848185411
9895082627
8590962331
7306686083
8590112550
9207120596
9496424784
8589957235
9778799105
9645513524
9526711106
9447671984
9447307970
9497731124
8921805393
9496374565
8086443699
8590315438
8848574031
9447788786
8075780186
9400749290
9072069145
6282706215
9446004406
9495529614
9496301704
9496814949
8848982052
9544292243
9847071727
9846666777
8590871964
9447895725
9745464661
7356900223
9495636861
8943400483
7994415965
9847350749
9495359278
8089859299
9446597393
9778549781
9961854386
9495968128
9645437550
8138055720
8593839621
6238550144
9961608379
8078292268
6282712018
8281008650
9539890457
9447521181
8921369640
9037484202
9447353753
9562423385
8590218442
9496459088
9961533712
6282078260
8138965489
9746023331
8139833229
9495714502
9495021240
8590326129
9446746700
8547975850
9895656772
8606259703
6238569346
8075531163
9947440137
9349747776
9446276635
9645118490
9567046060
9400532480
7012106364
8281740325
9747296536
9744457668
9418072950
9446519822
9846284304
8547944989
7994287556
9497380806
9676057371
6238977831
9648978879
8590706871
9447599782
7306968374
8606819011
9074180133
9400288518
7994209323
9440504172
8921752568
9249498721
9188501853
8075403149
9074219690
8891631943
8075379351
9446426654
9751381677
7736544893
8281541832
9656830065
9633858096
9567052309
6238494916
8921754293
9400550123
8590935091
9061479284
9495409490
9061419273
9447075836
9747514412
8289941830
8547195301
9048262082
9746728869
8281895999
8281573510
9497625595
9495254007
9388237388
9567883560
9496092159
9400880374
9729783110
8129501660
7025006788
9495736920
8848113023
9497461452
8606641988
9061863062
9743372022
8547912088
9544540071
9446246865
8590792867
9895102986
9995940334
6282521558
8089302590
9495478881
8089249248
9995398860
8136855479
9633178756
9447833117
9320210088
8590325273
7592056336
8075664527
9061655051
8078108515
8943350868
9645754070
9846344277
9037321282
9745937748
9901633256
7306392692
9447335996
9446438875
9496267879
9946389328
8281511321
9995765118
8330092132
9846225683
9446328509
8281291769
9668130904
9846087200
9747236595
7012533299
9496577333
9567469899
9243033055
9847783700
9995019629
9847266591
9447546698
9980141262
9895285599
8281912148
9447751555
6235701868
9847492830
9447474646
8137983933
9846158111
9840225702
9400917467
8289816850
9400327783
6238320383
9061563323
7907095679
6282864759
8113024842
9526201115
8714224467
8547029027
9995604846
7012274451
9142303156
9446454754
8714443387
8078405662
8075039143
8304959545
9446083317
9605564074
9446551961
9847540233
9778037496
8590703391
7907876718
9847030513
8547333551
9846014774
6282890316
9497682629
8606224711
9995120068
9633973881
9656743349
6238058163
9447191346
7012701513
8590732673
9846728434
9497801275
9495575788
6282768749
8289973902
7034625930
7591946309
9847065252
9495462494
8111981053
8078080318
9895015524
9447144393
9778367328
9961995540
8281401610
9895433239
9072251453
9846650611
9645097480
7510823364
9061918384
8547306661
7736228611
8547194538
9447870354
9447501983
8547224682
9539582704
8590754912
9447387013
9744297032
8590516141
9496158404
9846223842
8129108894
7356822453
8281354624
9387471650
9061998841
9895324227
9744518705
9497461221
7510485864
8921132458
8157068941
9497655798
7902350325
6238148982
8281728307
9495972383
8943156819
9400691145
8078057750
7907712805
9400088613
9495575035
9207856989
9074345108
9605050359
8136995921
9446331167
9961464042
7306980226
9447152685
8075525301
9846044740
8943225300
7902416468
9846061585
8547237002
8129890722
8891611619
9447517670
9447031311
6238013783
9037915628
8714756645
8547056116
7306960014
9447644937
9847000169
9895780387
9446776841
9447674659
9072576713
9497789214
9995687521
7736268792
8111918155
9048763387
7594947430
9495896923
9496245209
9446476994
9539548164
8330808156
9995051282
9497933842
9497649184
9400211414
9995769459
8281914956
9446531508
9567099226
9746032760
9656419218
7736582557
8281094660
7994933058
8304065047
9037901383
9447048999
8590384897
9496826480
9048678632
7510356831
9447962933
8943956691
9744562758
6282596611
7510152559
9496892087
9207436909
9567634272
9539239341
9447215215
9446585303
9745079556
8848646362
9447300955
9446154207
9619974491
9447113112
9310481164
8157086993
97336067025
9778249493
8089923600
8590991273
7042547264
9995255006
8129502206
9388021974
9562988657
7560917365
9539259122
9074588393
9495731667
8921119094
9447429062
9447460448
8982014418
8594079543
7907853388
8848294883
9447168903
9744779512
9495010751
8590442858
9447336715
9446970524
7559924389
8590729870
9995037907
6282536083
8281325604
9447418325
8301901654
8606534822
8714247765
9496317911
7736203639
6282743834
9495386768
9048421159
9496183870
9562546853
7034817321
8075898582
8848792496
9048266937
8089129009
8848675954
9447879116
8606052424
9037870876
9946813323
9446381504
9207048691
9995413355
9895010456
7012428416
9544030055
8078589064
7736248574
9446414018
7994609121
9496530418
8075010107
8075697061
7736492188
8547864739
9048519094
9656013827
8129101826
7592076876
9778471306
9825497112
8078167565
7356881918
9447808317
97339894404
6238989368
9447948781
9447398800
8848494251
9497013873
9747772473
9745802137
9349088490
9074966721
9495446169
8943073586
9605246875
9447085716
8129710291
9495829974
9446522088
8592095270
9544003276
9497866959
7065665566
9446314688
9446444360
8606265591
8089576463
9447529652
8003476011
96565761934
8943024966
7994449688
8943830480
9645811445
8089579294
8075133569
9745034279
9562454983
8136938937
8281838417
7907980558
9605441691
9946962772
9746390469
8330049622
9446284583
9497639002
9656035701
8078404525
9746220275
6282630991
9497435214
6235033174
9946543457
9847033665
9847816342
8138921115
9633276008
9539787767
8590410057
8590856660
8547507465
7034632709
8086984975
6238190007
9544058692
9082401264
9846351181
9847063942
8078723229
9946483399
7356509902
9447733172
8089141976
9400487644
8138870058
9645082612
9778392174
9947273000
6235449088
8139868466
9633456722
9539510595
9995498533
9074522594
8943405468
7736505483
8848855195
6235005850
8281307415
9886811366
8606832321
9495476700
97336426426
8848600768
8848183745
8921368225
7510707623
9400593525
9895592744
9400661434
9349598805
8129081253
9895652362
9207975504
9645812275
9061247994
9724416104
9400252770
9447689126
6282547406
8606673098
9497677090
9496785556
9447557499
9947160985
6282753755
9847420400
9188692425
8281665552
9947473054
9400792737
9447646810
9895374007
9995323862
9495763348
8086062055
9961129500
9037400610
9778381648
9846839575
8606909005
7511101350
9037371941
97455920357
9633963523
9747489028
7306279877
7306362959
9497780893
9388021974
9074057041
8547029953
9495041859
7510659543
8589051355
9446358852
9446349852
9846239898
9496410647
8547412705
9037248673
8848921852
8281544410
8129638698
8921326955
8943715963
8606497534
9747514114
9745608777
9495327595
9037464378
9745300448
9446412411
9497660406
9400707700
9447004808
7736982099
9447472157
8129180189
6238127004
9846118185
9846870513
7994781535
6282157287
9495188347
7042231342
9048593560
8078546765
8891339908
8281203027
8129325611
9778346345
8089696746
8590291368
8197465075
6282315692
9188474979
8848259156
9207146882
9747838867
9809520009
9447354141
9946460722
97339206570
8137045028
6363926256
9895195069
9744822142
9562316791
9633180165
8086723594
7593985701
9447812013
9846113503
9745054549
7034867704
9447793233
9497828461
9645092668
96565559291
8590370063
9744323919
9048298309
9846783101
9048632003
9995284466
9447465968
9846254085
8590541099
8547128546
9447701231
9387527510
9074977589
6238046605
7025576170
9496295426
7306845975
7909187345
8281037323
9744851127
8075542157
9099973927
9847190727
96599162325
8590274668
8943912340
9074312900
9539478128
7736605959
9037996225
8086222845
9446712094
9387505300
8281358973
9072244719
9847820182
8086866906
9037286063
8921197567
9207780265
9400846599
8547373710
8137979468
6282426930
9847042608
7510709139
6238861107
7907752610
9073250990
9447737116
7034821507
6282141683
9037407935
7506511661
6238982774
7356057241
8281311677
9895221451
6238854525
8943209799
8606241042
9495318697
8111829815
9446454278
7994323684
9037949800
8590927032
971509967469
9947534947
8129374824
9309896576
8606588664
8714151862
9446117369
7510989657
9995888575
8129750227
8714858280
8848466762
8919833254
9188017414
9847645273
9847257281
7034028000
8592008672
9072612760
9526430016
7025524322
9745886365
8089906175
9567800133
8281537613
9847301305
7559808346
9496413168
9633530127
9074630765
9778202471
9778330986
8078897098
8086457802
8281594053
8921837387
9539327508
9832208985
7306658879
9526495194
9447876528
9400565617
8289899411
919656586851
7593978839
8921052421
9633942198
7736595564
9072769463
9495861212
9745985102
8594073351
8547506825
8590809395
8667828668
9349326287
9313244307
9656114234
7306261013
9072879326
8592944453
9947800294
8547003806
9495043062
9496288987
7994144136
8848196334
7034884152
6282342680
9446700646
7025847220
9495452585
9497688764
8590522637
9605054684
6282109256
7306899706
9495110017
8086692678
9446581109
9496168196
9061909105
6282362952
8156943460
6282863133
6235700230
7902483961
7012390953
9645813750
6238494290
9400775810
6235546719
9539729737
7592954727
9447593349
8848783637
9778512931
7034620970
9567088744
9895228383
9495614076
8547197649
8590415235
8075373512
9048088248
8590459895
7736965154
8139821971
9495810458
8136962395
9446920138
8113014773
9388485378
7561078305
9496241062
9947030461
7561830977
9995987544
9497750594
7902959020
9961089752
9567761292
9072556557
9072969013
7012686085
9633241998
9495441409
7593802142
7510900476
9495335707
9847544175
9656229340
8078016714
8921573060
7594998812
9074056146
7025448104
9496101103
7593829009
9746836819
8590617077
7356664455
8921700537
7012557008
9037567825
9947253732
9884044792
9562422699
9845075155
8921089085
9497128746
9747233893
9400670227
9633472016
8139047771
9188803898
8606411912
9664736869
7561022737
9791913302
9350171580
7025822096
8304054573
9947977598
9497878453
9496414253
971551046405
8589859855
8921024612
9843877700
9746475804
9072779240
6282933361
9207569257
9447050412
9995513461
9446834455
8943732065
9048670287
9497643580
9447881025
8129018891
9072136349
6235224874
9447068800
9447712217
9946111795
7306561758
9886727122
9656299590
8281003491
9074775962
9074362611
9567503556
9745172909
7559972904
9447469915
8301048791
9074548041
9946517288
9497788717
9074066218
8943700451
8139043844
7736594010
9995396351
8078440417
9846650552
9400305039
9539810692
8304858768
8848802775
8129993435
8281393837
7025705688
6238443542
8848907506
9745219498
9820566259
9400250636
7558861274
8590964469
9995704369
9496437816
9497789291
9946105133
7994034740
9895015683
6235328668
8089246790
9605581914
9745450374
7994918132
9745145642
9388631863
9447028322
971507208993
9895868296
9747221000
9633080563
9645298822
7736909565
7594009394
8848700241
9995008462
8075168393
9895318464
8281209075
9495691325
8075631438
8502847844
9074697036
9846982555
9744364764
9515416636
9847545028
8086519303
9744070447
6282115035
7306654522
7907002205
9447540712
8078786741
9447370095
9497433209
9946770391
8714327799
9995019888
8075320288
9895119518
7909291904
9037006658
8547025077
9446258469
9037051882
9895702424
9496165614
6381343295
9497175907
9645019890
9778722707
8547429300
9447204278
9061192496
9447220940
9544424177
7012670402
9446473173
7012278703
8281220056
9746972753
9961855137
9037424737
9544076866
9496432563
9037606139
9207741881
6282148742
8139091978
8943204146
9048228642
9400740116
9526034673
8289847271
9495717175
9447266909
8943845701
8590904855
9447386514
8547094926
7306934796
9074446521
9495757974
9037492039
9037187841
7025557308
9969580019
9496425295
7510707396
8848413238
9495926710
8848352217
8921285756
8281362185
9188835388
8156847724
8921400940
9746746789
9497535686
9496443564
7034981465
8943093770
9847300022
6235685454
8281264500
9747572784
8547139188
7510151198
9446463509
8714147824
9400075828
7356441181
9645764161
8714521106
9946129135
8848981418
7994073284
9496228998
9526670811
9846294933
9496773963
6238535792
8281156911
8606324508
8606316780
7736500844
9656100403
9946203523
8281461668
7012436734
8075119165
7012224228
8590339539
9447058755
9487019381
9995910730
9188833743
9446428651
9605428858
8590972681
8943051835
8590368688
9656506028
9446877157
8129611033
9446478585
9383472918
7403470181
8075508335
9447501746
9447402351
7736670395
8075615301
9947604974
9142000830
6238271285
6238809850
9496473271
7012713575
9074514331
9567462239
9497449699
9495315728
8547011633
9747941888
9496047342
8590640861
9947090548
9946448252
9544855522
9496111748
9061527177
9544091379
9061598672
9495387390
9656466367
9495529378
8078988171
9745505733
9061923624
9400797629
8594096671
9446002104
9947090554
9061939425
9447830251
9895107690
7510589210
8078146662
9744554401
9495226749
9496867472
9446943624
6282599303
9447154797
9562526182
7012276559
6238147335
9447666392
9895544415
7736298314
8089886007
9847407514
9048539943
8111970822
8590408134
8075928310
9847855928
6238683395
9400075828
8606683882
9645441869
9447963511
9495612335
8943479665
8157943750
8281018200
8593977987
9249423755
6282539286
7593912203
9496878088
7736999039
9495530213
9656050728
9746458074
9446638926
9539572715
9847449051
9663340541
9496698390
9188584889
9446810907
8590778911
7736570944
9495483360
9188578621
9497623557
8139803133
9497202339
8113882665
9895057659
9388938850
9495339981
9446124087
96599857228
9446333371
8089989229
9400833929
97450521529
9037147357
9846523552
9495496242
9495320153
9446743026
8075200421
8075977906
9656730116
9495853979
9745770309
9745022241
9745872010
6235724919
9072019670
7902519342
9400258363
9526928521
9747614249
9645814964
6238187674
9349802424
9400120844
7559059359
7510629767
9061365642
7994518459
9778206592
9847419100
9947000702
9526823462
8590069435
8848883604
9539874302
9400965969
8108839032
9747459464
8606421251
9847102274
7736919569
502782416
9496255288
9633306953
9446009075
9895342740
9400346435
9497639190
9447659937
9497781740
8759791285
9544585800
9349262323
9656952782
9497177360
9447388474
8606166111
8590167790
8075455963
9353578293
9020689321
9961460825
9967425757
9526976445
8848500770
9895799150
9400800759
9417725301
8281175010
8075363387
9846737337
9995828989
9446692168
97455493159
9447626199
7306887048
9746993777
8281490409
9446145045
6238807521
7558058805
9388845041
8714935597
966505675986
9645561727
7902255439
7012692542
9895653075
8848972819
8547236260
8129940226
8374183100
9567138280
7593011406
7034398586
9745295381
9495867508
6282695023
9622781118
96895218702
9495373864
7909207139
9846937787
8113854809
9605323611
8848384709
9447812461
9895294557
7902837292
9495149513
9947430765
7306342209
9947713976
8075624690
9447909803
9447162203
8848271850
9048208279
9895513304
6238610145
8891016015
9495139722
9446037222
9249733371
9495041010
9567696295
8086964133
9496857988
9400707968
9847134349
8078546961
9400055556
6238117823
9447402103
8078930718
9447598136
8891268822
9061306085
9048867156
9539380703
8590300450
9746007779
9349227978
8304804871
8075049913
9048679969
9072393613
9495411519
9961050005
7012218535
8289880036
8330881488
9446783674
7902233191
97455840863
8848620661
97336564093
9567241607
8075840274
9846950740
7907752512
6238477675
9447698919
9446041235
7736263993
9074470827
9074061051
6238618131
9567870044
9847389638
9526491384
9778150632
8078166452
7902955165
9446589413
9633172724
9846390204
9447415315
8304046210
8590763958
8547347568
9744974069
6282118824
9961736593
9446011336
9947646252
9061650565
9645849835
8078017296
9961752355
9446683971
9447239760
9048784667
9544533936
9846600292
9562753373
9446256506
6238198883
9387092376
9961790450
7902977077
6238419818
9747205029
9847239034
9544511591
9188372187
9496327688
7736126511
8714375953
9747161278
6282891565
9072251034
8848720528
6235701850
9037411669
9539964489
9961042216
8590498532
9400443323
9747407231
9947653055
8289886210
7994100143
9446859300
9447283897
8139896412
9037559234
8078823837
9400538143
9746268456
9037104688
9048433361
9447217118
8590343755
8078964817
7306288590
9895432860
9388522232
9746898698
9497441152
8592892100
7012677070
9496234282
9846301292
7034424688
9037548085
8075776064
9037051170
6238584947
8714119465
9207586893
9895521411
9447496389
9496162611
9847600321
7909235843
9447095407
9526646122
9778473535
9446705166
9496774955
8075649924
9074571503
8590579509
8921299530
9947478179
9446945740
8089042848
8281353651
9539480631
9446793318
8078809083
7736029223
9778297346
9447723323
9633847236
8971389898
9495788535
9744510895
8943438925
9645100497
8943058517
9526091674
8129379975
8086680644
8547141246
9946663180
7025025879
9496857765
9497278741
9495434115
8289974331
9495789552
8078441612
9446533801
8089851880
8848528753
9447280570
8157092082
9447340428
9961307999
8086337484
6238242963
9645010490
8547521784
8606767150
7306679238
7558845290
8289891662
9061987893
9400700185
9447357875
8078997795
8714942083
9544341102
6282977344
8281618258
9778101164
9495497828
9961221225
9961328562
9446350005
9400317266
9061286039
9074728542
97333449456
9961184418
9037222961
9961961613
7907526559
8547248133
9497230507
7025662858
9061007804
6238914971
8547318791
9778200378
9074139818
9447993785
9778702280
8129734542
8089720246
9388139771
9447367093
9400638230
9995807092
9074592928
7736606853
9061582363
9207109602
7827454942
8921233472
9895966934
9526897880
9496020098
7907610945
9495030806
8304981017
9846079061
9995671536
9633050711
9400489180
7736789737
9745281376
7306401058
9566566797
8590874609
6238592434
9446552545
9490162761
8921408611
6238800714
9995540429
8806996785
9400947259
97335962456
8857918110
9744955911
8129774784
9995766077
6238012607
9349204222
8086813020
9447682948
9495291079
7736991252
7907194307
9447847177
8136833390
7730076802
8848084725
9447026490
9495974438
9400283120
7306951479
9744154529
9746279949
9746279949
8330079601
9497315806
8156981867
9495423581
9400369883
7025330269
9495930239
6282734660
9480693525
9495480045
9972866656
7907144717
9447711112
8590358470
9400043641
7012635993
9747589572
9605416005
9446179104
9744416816
6291105800
8547576740
9778246750
9387222044
9496730415
9188776664
9611131915
9947046695
9447474761
8078534579
8593823259
8113840878
9847016700
9847113713
9793119976
7034173272
8848267395
9074486521
9496443660
9447255909
8078346831
9400158845
9495091359
9846778222
8590321920
9645304445
9400521195
9447480778
9633212953
9947506980
9446193872
7994636273
9895852533
7559903387
9645043233
9400082558
9447020204
8078878279
8547210136
9207858825
7034947804
8078907315
8075600191
7902530324
9747713976
6282588543
9846006186
6238381242
9446573477
9061381824
8848388271
7042522088
8281921667
9461127565
9846827712
9645448115
8714783043
9496736205
8590132558
7561028248
8438123515
7994625283
9995878432
9188095286
9074747834
8139865068
9446851422
8281983580
9526325296
6235015726
7012088312
9895066369
9961573780
9745205052
8078580227
9645107986
9495712985
8078349184
97333427017
9744107290
8590336021
7902696298
9447617673
9446505396
9496942931
9895010550
9061043024
6238434902
9846494238
7558905279
8281469701
9961982673
8075510475
9496275699
9778330234
9495524315
9961789548
9747570979
9946446342
9447399799
6282923573
9447818627
9446285260
9846090321
9745017688
9037036176
9446075418
9446680080
9447891502
9946961836
9207574712
9495760232
9961040896
9745585388
9846746882
9400411099
9495690315
9961932848
9447753557
9446863569
9495993248
7025911382
9000441149
9400889478
9008487700
8921502845
8078176654
9447669169
9562088868
8123799362
9744177922
9446794210
9447665274
8590908727
8281348343
6282729275
9544983389
9567947855
9847444216
9447243479
9447730190
9744630990
8078569351
8848892985
8848736987
9847604162
8606577948
7510678457
7356523592
9249736669
9656124682
8113006488
9747815788
9526950775
9567740297
9746927231
9446964750
9745207434
9447119896
9037634144
9847638999
9847002000
7025688880
9745016045
9037386623
9447352885
9847601742
9074919318
7994908481
8086904799
8606796151
8590328891
9495988767
9947421101
8075605441
9846431351
9447589223
7356299201
8547212353
7907427535
8891578719
8075742550
9497864420
9495715846
8078844762
9633251797
8547811258
8075613573
9745594411
9526455730
8590333953
9567377375
9995030513
9544732269
9188576584
9847471083
9645960355
9447888720
9562054080
9495897870
8281987764
9447297529
9895378400
7356921722
7561820675
9567122544
9995749164
9847253098
9947237063
8590828639
9037157151
9995221223
9037004269
8075200070
8891192242
9446461023
9048272689
9074039975
9188242809
9778138311
9895377519
8943279400
9745675474
9846542943
8086897443
8075221035
6282826772
7902772340
9847357339
8156853695
8921962768
7558827319
7025928140
7559054327
9074182391
7902573676
7025543414
7907833992
9995200748
9446514579
8075164281
9656193720
9447103721
8089947435
9846144001
9745277324
6238935732
8590784775
8129413770
7907234399
6238524075
9037107684
9747249808
9745510678
8547288230
7907724976
9447423128
9562589138
9895210991
9497012158
8943431798
9846478237
9496001125
7907600021
8590907718
9895761781
9846741669
9846580959
9447972288
9446690999
7736559524
7594021198
8089598331
8129944083
9188221357
7034564448
8157948505
9946346294
9961748483
9544195985
7902299601
7907174470
7907986287
9562064575
9995844044
7736900989
9656000848
9061603299
8138874109
8089336361
9846608463
9633679751
9656716236
9526694969
9847370235
9895079585
9544540564
9809800424
7736261713
9895097195
6238742440
7560861693
8590776715
7902762202
8139072204
9645467054
6238564135
9745108275
6282979467
9207123227
9104552731
9633661218
7907761843
97455243078
9048861200
9747914741
7510996478
9074612218
7560909949
9995876559
8943791315
8113037703
6238206892
8157970882
9961575942
9447525464
9544381705
8943309174
8089793291
9447380997
9969732264
7306389029
7259803824
9074711510
8590741556
9895268390
9847949911
9995279917
9446260432
9447323870
8891236906
9447355870
9778320272
8590497482
8137950580
6282660089
9605651556
9447172668
8714356605
9400713312
9496726589
9645698735
9605181003
9037340463
7994196255
9746555182
9495560816
8848525261
9895354318
9495194591
9388840009
9497182886
9809640100
9778174937
7907296583
9072382373
9871256952
8137983545
6282544512
9895802797
9656491949
9745180943
9633050058
8113043334
9847598989
7012390162
7902987125
96567685740
9495826132
9526082057
8281400925
8590496980
9447161523
9446583027
9745168973
9447373222
9496157339
9745075194
7306107954
9037099272
9446655775
9747354527
9895858398
9474243011
9446441851
8891737456
9871504409
6238982349
7561877851
544202656
9745679555
9557997414
9400449924
8547000020
6304578095
6238416846
8547130416
8137013112
9562673450
9778415972
9495397163
9072767620
9074470875
9495972247
7892796798
9447569105
9497370125
9447853036
9778706993
9744495739
9446564010
8078373847
9847455383
6282996883
7012393663
9446977813
9747049803
9567289399
8075656030
9846751619
9946448620
8089622841
9446405612
8138830057
9946035216
8590082178
8129031671
9495176965
9400722621
7736641210
9495713962
8075731894
8943343441
8606792166
9349470980
8139087051
7356942562
9544629211
9447708603
9656924905
8592811879
9778351392
9447212943
9895440041
9996272600
9496587256
7907524125
8590765587
9188835621
9037519384
8590559410
8590410253
8714842590
8078120013
9446341170
9846615777
9288069500
9746311099
9446976726
8547408830
9497021544
8848909032
9747806626
8075641964
8129916052
9400730514
8129666199
7994618822
9207003218
966557872145
9995801513
9663033118
8075767377
7736682226
9567761465
7306179513
9447089466
8590815493
9633504181
9003087722
9495905749
8848638606
9745087380
9447493339
9633488489
9539719719
9496642736
9946381427
8547122151
7012969198
7012522301
7907189294
8075291127
8590567636
8289884790
8891652930
9947263649
8714115867
9847412254
9447427236
7736319456
8075388738
9037240648
6238459298
8129423215
8347937393
6282766902
8547900420
9400566362
9447830129
9947623757
9947925386
8848233785
8848965723
9188583760
7356502649
7560851620
7559075300
9447072489
8089642308
8891406885
9037146092
7736701414
6282617510
9747210502
7736665846
9745545327
8138994325
9207681104
9447384217
9497757059
8301072801
9567417418
9946444680
9961692911
8590425390
6238491069
9048004039
7306053493
8590898970
9744652763
9747546095
6282348973
9567470822
9633160890
7593950385
9443081636
9778256051
8848687209
9961443246
8848688819
9446025098
9061055290
7356073218
9447136903
9400543791
7306330069
9496890926
9961600547
9495056363
8129696504
9446389041
6282294072
8921306691
9769143253
9846946271
9447539908
9400705371
8714990844
9061423526
8111935218
9744148333
9961072397
9400059579
9447328229
9446082549
9495015931
9961043499
9489625948
8891609425
9447495778
9778351491
9400299053
8156802805
9072819896
8714319693
9447124847
8590651503
9847955550
9495067230
9562501209
9544766883
9497643344
9947721125
9947728509
9447022855
9847716177
9387178170
8129120400
9447226820
7561817573
8848619041
9072886886
8891169522
9947865520
9847054363
9074136303
9947200692
9496118037
9605930038
9946629072
9497653273
9847357259
8606733102
8281670974
8987614468
8848380073
6238690307
9487813038
9048593443
9747003332
9747397305
7736764570
8921933140
8921109029
8304845295
9388467893
9497447684
8589887578
9447925384
9847842282
9400272535
8590062692
8075759787
6282337148
8606611513
8606805975
9400613758
9633483141
8714517318
8848267064
7550172920
8075044604
9446522515
8714260146
9746174325
9387225607
9633494447
9562481587
9447210360
9995181664
9496970848
9539420000
9744478251
8281748499
7025347680
7736094784
9847645970
9488369783
9497484774
7356406555
9037690890
8089108392
9544104556
7306420852
9778705441
8086262017
9496393649
9207807451
9497289137
9947016661
9349395049
9995367729
9778398716
9061110449
8547364553
7907336390
8547312752
9447108856
9400219854
9972739860
6282513642
8921891977
9496886570
9873444836
9400144998
9447568644
9400127398
9447606625
9447182870
9847280448
9446923205
8891619007
8281447099
9447165460
9995500015
7306714370
9744009977
9447397030
8606504164
9447080293
8714279437
9605614556
7025262810
8921847621
7012213010
9747741199
9447676321
7558820243
9061352571
9995587878
7736772714
7736861435
9946571639
9847694891
9447592095
9747388503
9633439946
8113996554
8129692840
9498335206
9447676916
8281688847
9497279756
9744732942
9072553025
9496980230
9847099919
9495954916
9495954916
8129597742
9497016305
8606440257
9446732130
9447508756
9895562752
9037004566
919946511888
9037456786
9895439003
9961603648
9778360044
8943667181
9496364322
6235434969
9446552992
9447238364
9447245796
966566858500
9446506206
9846205475
9497332022
9400052227
9497636947
9947449986
8848159536
8113011739
8078980900
7736179021
6238495871
8075389191
6282263418
8089449432
7736862833
9400990233
9188587680
9048782332
9745200889
7012948375
9747501764
7994186280
7012705946
8848773300
9496164840
9496690635
8943290765
8921735612
8590206665
9847991803
9895524656
9188612533
9447481971
9443455133
9497704503
9497716815
6282440799
9446460811
8943313868
8590744781
8304007340
7994539919
9061261952
8592024610
9847052892
8078440428
9400423322
9345350561
7306424950
7510644064
6238040432
9937478899
8848979362
8086644430
9074341640
9072332071
7306844520
8590581399
9497169227
8078526482
9645748272
7736239732
9447205324
8301069190
8590190621
6235636467
9048823824
9446568611
9447276776
9895081666
9995664918
7012125765
9446991683
6238381419
9188368285
9946621664
9526990985
9744817730
8075303376
9497680479
9447053671
6282886787
9495862317
9061714410
9447503759
9539041484
9447764775
8547869876
9400636746
8078149604
7736368743
9895023253
9847152403
6282798243
9895225735
9188645150
8129545346
7994158273
9544161541
9496429183
9020446331
7382451279
9995793659
9961845154
9605196499
9995420619
8710897777
9656830129
9947395077
9446118185
9656913863
8547275062
9747831523
7558826993
8606008882
8590943733
9995917888
9778197307
8075182207
8590311274
9961753250
9846977472
9400035317
9188445810
9446708063
9496276082
8330815916
9645708859
8606595327
8156808026
9497167547
9495603512
9496043766
9061001611
8714001656
9895867161
9061428876
7510707327
9656215090
9846086522
6235310821
9567068751
9747000097
9901730016
9847755176
9961023591
9895110622
9946766407
9447452888
7560938371
9778343425
9496493496
9605186579
8714478447
8138986863
9847861566
7034672688
9567876883
9074244915
9747692552
7902921322
8590686025
9037019302
8113954055
6282464401
8304943989
8921544211
9400513848
9633498603
7511124522
8075737650
9645053893
9447227007
9446682661
8129254843
8921550183
9747427561
9496085615
9188364605
6282947531
8891728481
9495166735
9447493634
9446839920
9778742196
9497635848
7561044460
7994272631
9539942128
6238974535
8848998874
9947991088
9495078414
8606198668
9495812155
8714141486
7736581262
9496216603
8943535316
9567965253
9544939978
9847036646
9446675697
9495789326
8594040608
8594066567
9847616902
9846810000
9108754088
8304942478
6238636516
8089419216
9496214081
8075729996
7736428540
8590616093
8129964947
7025358366
9497490210
7593914505
9495207917
7994195438
9496272251
9539629306
9567564459
8848986525
7907636715
8078227180
9446316316
8075756592
9207441787
9048061550
8778528121
7306778946
9037901334
9567226601
9744485592
8089286491
7736071254
9605470067
9447275702
9645136241
9447083626
9947009331
9895462557
7034956826
7025095789
9778084858
9497822210
9447363783
7025891478
6235884869
9447801672
9539511300
9744540231
9446367593
9846044497
9605058350
9847491644
6376401968
9744475695
9995442500
8590826110
9633169253
9447782093
9495058579
6282402538
9526340158
9744076106
8943063033
8714478303
8879686820
9061668339
9947673876
9037118171
9605788248
9074230614
9446751590
9188354663
9074250952
9847871170
9074395508
9995295407
9082594604
9495344602
8590705854
8547562003
7736078330
9995851797
9061714751
8138944422
9656413740
8089911374
9447879699
9061740934
9061091630
9447704210
8075326344
9747720681
9447521892
7356369696
9495183982
9847792093
9207693451
9495860090
6235354072
8075924095
7025153543
8943957149
9446718255
8113025505
9495980904
8606901291
9496248762
9447475397
9447055105
8157005566
9747988314
7984274430
9349635109
7306137118
7012699216
6282538148
6238457429
9846960395
9745756844
6282476763
8891103296
6235803549
8086252036
9497757507
9447762608
8590018325
8590457795
7306499421
8281221584
7994550297
9446447184
9744106744
9860044424
9810338671
9061326481
9946750095
9446561966
9961601004
9567249230
9544237036
8129762257
7025686986
9037646221
7034563663
9961393505
9895006824
9446154254
9544014033
9061900872
9497801278
8078190862
9497694237
8508713556
9562456068
9526385342
7907565722
9645827924
9995167577
8304858136
6282556241
8547191787
8086002172
8590621840
9497818253
9447778843
7025157720
6238041009
9895844002
9744561774
9846869763
8078454636
8075415969
9964382914
8590893443
9497482812
8606734924
9895233335
8050893903
9447956099
9048052186
9895228213
8921317088
9497111705
8547018508
8943116753
9526325133
9447777834
7025267226
9847010144
9744188699
9447074423
6282832763
6282173598
8891619950
9995889364
6282884167
9990553806
9072249850
8606137325
9496730641
9447385370
9446093257
9446125467
9061677195
9446749966
8921372463
9496270650
8139065907
9207971196
9061592245
9544323055
9037356655
9717053478
9013042185
8714233095
9495072761
8848970266
9074064038
9539827505
8891104327
9496430035
7736772410
96892586867
8590211348
8848668497
9447128249
9947964424
8089270101
8921696653
9745251326
7907284305
8590192145
8547536429
9495641539
966502803642
9400315971
9605835847
9846481560
7025051827
9846828737
9061194111
9995678691
7907075270
9633028743
8943442392
8606490630
9995430076
9526889701
9495090280
9645530444
7306189142
9895395178
9074803346
9446760383
9526302237
7902311206
9496770980
9446078431
9496313483
9288064209
8139002298
8248001203
8129566282
8086486928
8590791904
8943029168
9567278292
7012261710
9847308145
9447766202
8547175679
6282436349
7902418044
8714187607
971506568498
9496687516
9846328567
8525082057
9645697117
9497834590
8921099398
8281475919
9567342369
7736906887
919037457569
8547041010
9562580785
9961167229
9745875797
8943588962
8590951303
9656366480
7560829727
9744553830
9497837729
9497321315
9539625741
7558876364
6235201710
8547805307
9074860825
8943091238
8921757040
8281563932
9495506005
9400400049
7306080188
9074084349
9188406151
8830158737
8086590978
8086397801
7675913848
9074605846
9995855177
8921324972
8122436922
8891392880
8921789910
7592088235
9567095680
8103797827
7561081960
7025291038
9567286797
7560812997
9544988408
9995336556
8078051793
6238491107
9847144204
9388103920
9447126638
9526622683
9818972723
7558968698
9447618567
8281948328
9747348318
9495313369
9074840491
8848887233
9895305418
9446994452
8089250305
9447140908
8547852644
9446766101
6235856857
9388553545
7902623126
9400140861
8590491116
9447465939
9188214375
7338779964
9847102764
9048999052
8848496443
8281461602
8138045556
9037195770
9496946532
9349982288
9446031760
9562851868
8590350130
9961203284
8921748258
8078006479
9447210973
7994126333
97450306681
9747455841
9567028074
7306899832
9995892533
8289854098
6282688388
7736278854
9656324268
9447271803
9496801170
8921305143
9074484335
9972495656
9846122605
97339087273
8281631936
8547810222
9526250890
9496225474
9747969903
9400100100
9961350492
9544000744
8129799286
9447209117
7012845318
9207400587
9446611155
8921524370
9061235696
9495970979
9847082860
9188093971
7902563602
9447023446
6371389082
8921089271
9495229145
9867378382
9497682702
9526437143
8590346699
9447460058
9048538099
9496362252
9074334416
532085611
8848649065
9496695692
6238614575
7356530257
9061749694
9895399700
9447347767
9446043779
8714080053
9961480385
9496089972
8075559801
9847436999
8086456126
8943485281
8590477936
9207271425
8606764624
9744175908
9847456103
9446054896
7561804391
9446548837
9995820665
9446980477
9495520221
9495045309
8156861800
8156932170
8547589847
9846748548
9207039748
8921737341
8086467658
6366181205
9650094224
9840444193
9995222119
9746477845
8281000494
971503156961
9446111830
9497554418
9847588933
7594097156
9747945777
9446955505
9447074096
8281887482
7561071457
8590309310
9809474700
7356816506
9846698785
6238222437
9846333777
9846681812
9048717795
9847045354
8547256322
8330815944
9446388758
9946998986
9961906621
8075544260
9447679452
7907753037
9447279120
9447478311
8943287289
9947964606
9846665007
9495763060
8078112601
7025593061
8289887766
9447230574
9447857650
97455045684
7736309758
9388506767
9747330195
8590087973
9539883348
8590908643
8075136249
9745091679
9656870542
8075286949
9497247695
8129418943
9496288689
8113874586
8089125520
9446362525
9495920323
9947734804
9447689598
9947725134
9496238285
8714275165
7306916007
8943952300
6282500819
7736511282
7034388822
9495026173
7092704221
8136852902
9947882708
9947799840
9447471368
6282157933
7510700472
9495961203
9847722354
7736018650
8547981500
8590562060
9993875874
9495162762
9446216688
7736617042
9497837340
9447028671
9074875232
8078379166
9400024022
8111970710
9645825885
9496216187
9567068144
9778247257
9633485168
9526950945
8310291972
9447515238
6282944063
9188567274
9446721706
9995865885
9495802706
9446058336
9747475748
7356155633
9496741968
9539584791
9388817662
8075358588
9495142937
8075280579
6238556774
9995629325
9447856817
9946568620
9447060403
9746864497
8281803385
7012336421
9847193972
9995908053
8590795498
9895259125
9846857099
9847419236
9703191978
8943447965
9645996947
8848523330
9686448911
9884073425
9544833988
8547912928
9400436119
9447215729
9746307980
9947312000
8089953585
9447334586
9446166956
8075480412
9446010567
9744714187
9605050025
9846283477
9495087013
9447620503
8891616099
8688956186
9605314242
8138802228
9188566728
8113857736
9567712450
9847469000
9744030590
9447411529
9497280315
9567437601
9961416033
9074043928
9895614598
9387847881
9496849383
7902398114
9446142347
7012239293
8921018958
8547605437
9847347326
9074915284
6282712113
9567313060
9895231946
8547155868
8281700064
8714318941
9778022586
97339228918
9656994777
9947018111
9074278267
9744107075
9846842333
9495609264
9074524083
9562887004
9037406119
6235228838
6235401737
9495722539
9946554870
8943962271
9605095858
9746937640
9645789985
8129355082
8113885491
7356779235
7994412223
7012430720
9388741481
8891168668
9495736377
8129200711
9447291876
9361557733
7306749927
7306109407
9446905904
8590032641
9446028792
9447375041
9567187044
9446948154
9048457008
8281207798
9447418595
8590329631
9847055994
9497800884
9447061340
8848338208
8590906090
8089560849
9048089060
9400340733
7593049324
8606656412
8891590146
9778313741
9446303096
8848723452
8111919302
9387385848
7510882004
9442067855
9886123789
9539316752
7909294311
7012832196
9447120653
9790724058
9447059022
9037171018
7510278026
9496064079
9562287970
9745777242
6235048798
9400455066
9605680949
9447903711
9495525123
7558858238
9995891136
9061360207
9495849660
8157820557
9447875240
7994287803
97152703323
9388091915
6235791929
9400712899
6238179954
8425964647
9846143463
971505538328
8088620259
9447608490
9496751352
6282359312
9778111247
9746255190
9037365499
6282162175
8848493357
9778772587
9408917385
9562477700
8078837980
9447928028
7025766848
9946658650
6238968682
8714816627
7356991280
6235802035
9946914836
9496591896
9447256005
7012204144
8129674186
9567698239
7012510767
8547068723
8547332990
9745824875
7907887593
9947674004
9400767013
9400343648
8157984918
9961732984
8848537632
8589978940
9074518126
8089252508
9495440583
9447790790
9447180176
9847364676
9495435367
9744072784
9400187226
9495196712
7593996513
8590475936
9447322410
8129569734
8547087804
9847193086
9847055626
6235907314
8089567457
9895210524
9567000003
9446010427
9496447051
9496704988
9447325453
9447833470
9846081954
9496432100
9446479575
7907325287
8943012839
9446536181
8547552972
9562004743
6235384250
9746988935
9496332211
6238488724
7025158018
8075584570
9495433745
9447189248
9544900414
9447823654
8547485645
9633084046
9207624075
6282489324
9567516680
9562354239
9074534681
9447064016
9746176016
9446374644
6238006358
9746145185
7907711728
9961532720
9496177204
8113037790
8075312342
8921841996
8590230408
8606112212
8592041214
9072052163
8078048832
6369646653
9816420400
8989273513
9390161149
7994237065
9072002025
9846397970
9037706051
9539440911
9633230777
7358188095
9188228299
8129138417
9841007765
8921336293
9526818859
9995436298
9495012554
7902871827
9037805791
9539532530
9447353717
7902903587
9447910459
7594825195
9447349529
9496864124
6282663201
8075605169
6282380298
8129867217
8075396213
8592920111
8156980264
8848687119
9495871440
9446402310
8137809771
7012462023
9895849345
7736823348
9947787258
9061980602
9388615200
8921778554
9446760280
8089543815
9400869811
7012943209
9895924958
9995330483
9447844192
8281460095
7994342878
9544983897
9809259161
9447149598
9562954096
9447646810
9778483824
8590794423
9037380096
9447496185
9656399760
9447583771
9446488777
8590513590
9744686912
9633651917
7012281670
9846056731
8281161604
8138975628
7994395812
8157093100
8714050016
9447011041
9446207266
8446632599
8547338056
9495486300
9961324473
9778345197
8089901697
8848463851
9446512499
9633488489
9447213016
9544679302
9894764003
9746048488
8086648560
7356805147
9446888325
6282216279
8078836325
9188032537
9633458435
9778212560
9495537658
9995013091
9072143957
7012414697
6282531423
9778196299
8547854149
8089118330
9995832904
9744823238
7561027254
7736313740
9562292557
9605129348
9544576154
8547629817
7702548420
9961509367
8848264861
9447241162
9895022952
8848137390
9633119643
9746881197
9037277518
9400960476
9605434969
9747707573
7736631848
8921648391
8903294152
7094236681
9188047360
9645317091
8330892219
9526805833
9188581613
9447057461
9744369839
9447187127
7012801930
9496445235
9048379335
9567219044
7356556087
9207042492
9400723201
8838829123
9965170922
9495627580
9074899762
8547394326
9585936375
8593036337
9497783643
9495486785
8921428114
7356210865
9846833799
9447057667
9188452586
8078088146
7736286312
9961440138
7907047218
9526518440
9500477472
7907716324
8547015265
8592945211
9846997470
8921395861
9605972369
9995267896
7025492581
9544448710
9961986190
9846324435
9744033998
9995906540
9400503730
7736261901
8921794459
9061282666
8943047640
9645506957
9446020422
9037486698
8921490952
9847809902
9392885127
9496193336
9495595174
8281436344
9074614103
8129772693
9446563201
8943397562
8921606316
9496070025
8086774849
9447337945
9544965640
9447496482
8590566564
8301898433
971504265336
8078857375
9847524563
9845961899
8714903350
9496208941
9526868111
8921324576
9188396609
9446038474
966502236067
9961083916
7907450071
9188323796
971505968571
9497667543
8590438356
9605782255
9526881721
9495429981
8547821616
9744208330
9446495923
7592939432
9995988377
9562681637
9995818064
6238720324
8301873655
8921369336
8848170134
8589809157
9633973439
8086361065
7736192047
7907732914
9495341433
9895064453
9605972665
9495428347
9846333515
9961845506
8075336063
8089050501
8078495038
9846688636
9495489849
7306394341
8086618772
8714718741
9446276859
8590819920
9645469847
9847523383
9495108277
9778586181
9495397188
9074364563
9446065994
9446010375
9744960011
9746138783
8921785806
9995007559
9146134766
8848421670
7994669320
9656834656
8089295563
8590443574
8086488923
9846898609
9446464577
8129340276
7902721373
7994202849
8921766240
9048550702
7558890837
9946427969
8056034792
9495071737
6238092493
9605733636
9946125450
9633412778
9495831376
6238156301
9995876625
9446332251
9947996688
9447824227
8590419936
9249307801
6235700924
9048847658
9947722566
9656216487
8129340276
9717705722
9037142271
8590168102
7025520645
8547931039
8078907618
7306572349
8547728195
8075754661
9497683156
9447892771
9400751760
9745109592
9447806736
7510625003
9995704719
8075829563
8590449743
8075595044
8606699627
8089553967
8606434504
9526413823
9567350178
9074529539
8921672429
9400239428
9633997473
9847634337
6238756459
9544211324
9207030228
9833918098
9778108766
8848090594
9061570873
7907124930
8943659700
9787932932
9495645466
9188056250
9447144937
8304948236
7907671649
9400444792
9497625097
7994443132
9747042432
9447216273
8590131797
6235447632
8547541407
7736493363
9744995129
8921918459
7560889879
8590917902
7558905299
9947942181
9354182503
7025294893
9446032409
9447545063
9446420641
9567124663
9744454612
9447130818
8921279455
9961334400
9495370954
8590185943
9495093236
9003224506
8304913936
9633835354
8921747167
8547663562
9496036593
6282021634
9495396010
7591900324
9567441195
9496816342
9846517691
9446454075
9447600192
9847435253
9947090123
9686030300
9447133835
7306342813
8547097679
9800037007
6238582542
9846024272
8921404431
8281169320
9745989987
8281500706
7356710147
7306656536
9656221371
9567638384
9544744673
9946325634
9995386285
7510150584
9447248964
9599617596
9526611577
8281596034
6282205266
8156855877
9633889441
9447306617
9447505948
9847058022
8589053184
9495863149
9400221344
8086405760
8075657257
9446913033
8606826843
9446078900
9443595317
9986248640
9946943281
9446256823
9562513145
7306013550
9895396881
9496816840
9446505071
9349500139
9947115243
8891336659
9447517280
9495913246
9447986412
9446504396
9446547725
9745339368
8547612535
9497093349
8547567120
8547885801
8714131922
9384897649
9847350558
564726481
8594028005
7994806944
8078580755
9946447516
9497707964
9778236460
8547416472
6238339534
9544563039
9446982320
9995889548
9633198992
9446705700
9746523709
8590667321
7994628576
9995585803
7306617779
7736995187
8289975143
9847400334
8281142256
8590899103
6282569275
8590462287
97339550786
9846581466
9496204861
9847968090
7510276390
8590980718
9746708527
9496162327
7510668556
8089514375
9847092132
9946645695
9847188813
9847658146
8891590128
9447902414
9947470470
8593975004
9745207775
9895597428
8714402091
9778499600
9747485388
8330891592
9633050168
8547047488
9400966634
7736205701
8089708504
8891200454
9847855239
7034290285
9567774033
9061551690
8086952649
9745478647
9633306063
9961393908
9605714412
7736465144
9502254813
8590087957
8714476861
7012931678
9633232535
8086911403
9916515614
9495940838
9947655192
9388020200
8157802600
9846995000
8301889465
9526500336
8075088437
7907860525
9447016924
9995119640
8075121489
8129211804
9567579523
9961555000
9778539313
8714226212
9745603435
8129212815
9400045189
9846135271
7356388079
7708007609
7994891324
8590362290
9446535552
9656536874
9496491396
8891959046
8304807066
7902387945
9947947822
7736334680
966545721435
6238957913
7306684363
8590880418
9497834643
8838942868
9188782100
8848805618
8113940876
9745652566
8848514150
9495556224
9188242161
971508266697
9895451192
563507633
9847170555
8590759636
9037602317
9846562685
8907607277
9567876883
9946714842
9567898589
6238492304
9656133764
8714349823
9895401344
8129044243
8078786230
7736705291
9847776619
7306925516
8157818257
9037306341
9745595166
9037970007
9074743936
7736835116
7736685488
7907577386
9847990360
7356219689
9895968227
9061799922
9446764205
7012772428
9645127146
8136864020
8157888297
9946972089
9037517988
9188084385
7034722222
9946958888
9946560572
8138054663
9074561936
6235836624
8304020124
9495986373
7902276910
9072922314
9778543013
9847860560
9778221459
7907736112
7356446220
9895823429
9188452232
9497024784
9778722431
9645366996
7510667700
9446655026
7907603482
9447178222
9207350021
7306669895
7559925048
7559871240
9074174861
9048762279
9633952933
9074384486
9447399536
9497433954
9895062426
9846469051
9605396119
8089814271
7559970996
9633497908
7025047689
9048626237
9526062100
7558843664
9847489533
7558803070
9745599760
9847090365
7736575584
8138832344
9947946369
8606241544
9539888888
9747150033
9744042222
8848871564
6235420085
9995767096
8943092671
7907672501
9847813244
9895109028
7736930212
8590798631
7594035148
9995901902
9895075513
6238193341
8086664000
9995037040
6238836985
8157871552
8714347275
9633187038
9746142830
8606572515
919895217072
9388118181
9496679825
971502169316
8139093669
9072789183
6238753838
7025624024
9539117036
9048681962
7356128113
9847701979
7306839957
7909102031
8848259401
97430348500
8589868562
9496073293
9526597042
7025297804
9495147517
7306093072
8590664676
9747678234
9747890687
8113073207
7510591474
7012055895
7034269134
8590689831
9496128750
7356407312
9048818882
8606383725
9656294264
9061602642
8714576644
9747837474
9744403987
9562689681
8590779999
9995548788
8089921410
8891314453
9995148837
8590959104
9745018935
7736480766
9605533205
9526568915
7012767350
9995904402
9895350674
7736329234
8138095954
9895757691
8590573793
7994957619
9544449049
9778732033
9745933370
9605068533
9400288882
9400931323
9497448798
8547731046
9778111309
9495779196
8891794879
9745664555
9400982188
6282279917
9656815953
9947086330
8281334900
6282836701
9947930208
7012134574
9207217393
7994074044
9900735353
9446889285
8281152828
6235517252
9349270333
6238363342
9895680468
9946709779
8281685083
9995936278
9400695103
9400951215
8075062648
9995535327
9747290276
8590829387
9526295130
9074717709
9747912794
7559096944
7592887426
6238081845
9961625878
7356058656
7356245501
8714438852
9947378199
9961290253
7558063787
9061491409
7736281549
9778391642
7293419491
9495275249
9645535536
6235756173
7592954735
9061288681
8157890746
7012711992
8086472907
9790123376
8157972445
7902837822
9446466570
9539110848
9074688028
9745051298
9562025732
9497666046
8078830836
8281634350
8606081442
7510113175
7356846528
9747976940
9895905217
9747346882
9495929059
9446386889
9539475430
9778021829
7025187360
8848153399
9567131626
7034668822
7356463860
9496496998
9207983838
9847497069
8089834808
6282307080
7025364327
9946761140
9400384719
8156839816
9745143666
9778116321
9048911795
7025077468
9747110099
7558866374
7025502203
9061658821
7511108384
7994650261
9495152007
9656040345
9995655321
9061055291
8281237432
9567800654
7025267853
9061358360
9895689287
6238018383
8590629282
8157930619
6235587736
8547189703
7736915939
9895523970
8086987416
9400494626
9567639000
8078045793
9037160307
9745009133
8137959858
9961184144
9645575617
9745172742
9605158807
9567766021
8590347228
9746337747
9400577947
8078176217
7034780843
6282460824
9846239160
8590656797
9745593818
9072348295
9846943232
9778131109
9995080823
8089758014
7994586695
9072387277
9446955635
9539671145
9846762927
9747252811
9400477910
9847270660
8075912604
7356472646
8590781223
9567966882
7736604748
9895138679
7356180126
7012957958
8606200115
8078597407
6238998110
9061278063
8589028000
9847509041
8590177648
8078508821
7736960390
8089793770
9746767606
9745244411
9497416305
8075234173
7994222411
9995044483
9544288183
7902985019
8086817640
8592901827
9048395892
9496902022
7592083411
8157953781
9961262610
8547469039
9645999199
8075908071
9037520359
7306469703
8943521692
9847429945
9495429931
9961424164
7591967679
9605384308
9539699390
8594083589
8714984101
7306616336
6282532086
8848925648
8095343969
7592870678
8547187493
9562808135
7558823879
9809828788
9633620130
6282580867
9539923037
7560930150
9656843476
9745298314
8075546440
9744534617
9495925810
9496292310
9061869355
7034010809
8848917133
9074260350
9745673186
8075427678
918089732815
9847627574
7909117475
9778002061
8304848511
9605703542
8590078969
9445587666
7306953230
6238548897
9447247014
9947981669
9846960770
9645480393
7902247743
7034776789
6282355710
9207555578
9947511865
7994311152
9745440003
9048900075
9497556555
9633339786
9539670238
8590071277
8089780714
9544400785
8078481179
7034945890
8129082992
8129976146
9778220329
8075028610
9963911140
9447663729
9072050724
9995798017
9746517497
8547861937
9809887398
9446246996
9645809465
9847256487
7736003200
9496755445
9567531679
9633968711
9446191724
8592037742
503165187
9539064390
9673860877
9539008950
9605152493
9526324543
9495757404
9061173688
6235934661
9495881661
8848031914
9562764076
7012212875
9562405640
9961884840
9946502797
9447646379
8547851660
7306326236
9895623615
9480740236
9387010500
6238620978
9037788992
7907136996
97333341221
9562251973
9847060419
9526449470
8281554925
8590776933
8139007160
9846817666
6282650277
9447736365
9207393748
9446590969
9497305655
9961366004
9745604985
8089874811
9497616214
8129129666
7994878141
7907392155
9447890569
8921226494
8714709100
7356246521
9072591361
9744144975
9037240971
9400051621
9995449117
9895856685
9895360372
6238972833
7994225123
8281885528
9778056434
8156893154
9846623946
9446964855
8606697227
7909294221
8848082012
9447153807
9562502859
9496250320
7994180308
8075839728
8547760039
971508069410
9544918811
7306922766
8547277593
9847092511
7306715761
7356145764
9061359149
8075198667
9188824458
7306823174
9895681670
9567624090
8078175245
9061656755
9961214791
9188381933
9846963220
9207622475
9846223168
8848622756
9895222159
9847444628
9778389893
9744085174
9846200997
9747588703
8848000659
9497289891
9495293205
9539703449
6282724739
9447766604
9744802659
8589990184
9947142935
8129423206
9496204916
7012779633
9074660117
8281942160
9447328203
9497783115
9048969850
8590833698
6267568797
9995030452
9847256521
9383469150
9656828606
9656832308
9446837236
8606781318
9656883080
8089007546
9188324899
9947424111
7907566246
9895018010
9496969237
9544567195
9809558008
8281951732
8547007553
9446317552
7560810278
7736546972
9746599459
8848235293
9562677802
9400414832
8891122311
9633364303
8590698790
8921797753
7994491481
9447367694
9562200552
9947338866
7306440050
7736295955
8547118725
9946035829
9446117816
6238604223
9526403465
9072878871
9995458995
9447419330
9037063202
9567795628
9048795887
9496103137
8111805500
9633607317
8113869118
9995089363
9745121100
6282118014
8618005119
8129298107
7012251660
9400743397
9496152442
9567765215
9400157209
9562682282
8136997584
9447038300
9778755163
6282311635
7306788989
8086896230
8590801554
9061776337
9847106007
7907566272
9496096018
9447400369
9447223442
9072827983
9947883698
9061430388
9747651312
8606004444
7592930402
7736638684
7356791231
7306867544
8139836560
9072275000
9562637650
8281285923
9447035144
8943366280
9995358569
9567224295
555774261
7994545302
8129415180
7736683002
7559922985
9496902434
7012570366
96569643803
8589864231
7558005689
9446497078
9061651085
8891976843
7994471915
9400405940
9496670621
9400150755
9961635635
8075836741
9446754770
7356112244
9947306838
9847505852
9846462811
9495751290
9895176107
9778386493
9645859240
8089183848
9447560716
9188599640
9447907765
9544003635
9400837543
9895791395
9567143988
9947798682
9447304230
9446573117
9895884711
7034767656
9900128447
9562030978
9061114751
9496175577
9061194111
7829888576
9446336491
8590267744
9562382363
9037091003
9995137396
8547225639
8943614753
9074207018
9074542379
9717832386
9846851957
6282462892
9847895474
9447006745
7306680070
9496270175
7012125874
9137575047
9446876775
9188221098
7560854090
9497606007
8943390390
8943305011
9446501230
8921866071
7559952371
9400377496
9447171496
9447445056
9567598490
9072058552
9497059419
9188300575
8089318909
6282057649
6238384530
9074398429
9633224915
9562056099
8078170754
9846344104
9645025968
8547499296
9886138514
8589941404
9166586916
8136820371
9961414572
9645314477
8590948862
96896349071
9544456513
9746347425
9446294609
7034995798
7034752696
8606547744
9447028640
9447481695
8590666923
9447514609
7902660871
9946903382
8113921898
8547350808
9496617958
9446096092
9847278016
9656899485
6282365719
9497135523
9497647863
9400750739
9567645136
9861566592
8075783135
9895474042
8078815582
9496221469
9388887780
9495302212
9447506562
9447219748
9526802837
9847516616
9544820806
9847908031
7902480325
9995192753
9496326141
9645546455
8590373670
9496402767
9895699540
9544233455
8289916595
7736471721
96898852838
8129941065
8089120642
9446465050
8129592997
9497641447
9447557768
7025421320
9895072145
9746852231
9995377437
9323848307
7012542122
9656693050
9895705749
9645084401
8921904808
9400076482
9446052189
9946148677
9947241835
6238378118
8921305090
508523024
8547296324
9633416734
9037950650
9446159900
9567643727
8943570615
6282347599
9447355605
9447327002
7034760474
9745814485
7879599801
7025211581
9495204190
9846929548
9446565331
9902011843
8606937146
9895871306
9650603666
7012916398
9495524095
8075427975
8921372123
8086677886
96566789357
9495725153
9747703877
9497295097
8156828739
9746112699
8138042561
9400512633
9495177972
9188849023
7902936776
9744872468
9061914099
9446265025
9446144231
9497349716
9446110100
9446244326
6282975722
8078963086
9447526208
8129415103
7306827029
9562078197
6235744304
9567276563
9947122187
9446894676
9072290563
6282500918
9895679114
9496710230
9400442112
8606166660
9645158163
9895054854
9446766560
9495575698
7902671470
8593872874
7012738323
9447453412
9072165611
9946448052
9207479474
9847386082
9645538084
9744424114
9446136613
9995476641
9946499555
7306791072
9495492330
9778483095
9539130671
9446347018
8921858073
8078901367
8848440891
9567451199
9895970107
8075615269
8592997315
8129412156
8590503262
9895878689
8891401700
9447103911
8848762389
7594843855
9496225198
8606275011
8590398793
7994252319
7510384318
9847093725
8075962883
9895016766
9447570871
9061723154
8089989421
7025113622
8848649387
8075155309
9496229805
8301072606
7025534815
8281824553
9074622682
8593823062
9656098358
7025345505
9778361012
7510920759
9961667138
8129600319
8714837433
9447862736
6282666915
96566785038
9446583898
9061984282
9496866158
9645634402
8891829361
9496725767
8590814057
9846731988
8089234913
9745006897
9495791729
9567655760
9496132891
9446294369
8089890523
9496283439
9446555915
8113900493
9567541699
8078544323
9496260298
9446588652
8848599519
8281713808
8943386771
7025775237
9562366655
9847098796
8921753750
7510570434
9447500486
9995312371
9847599177
8547746783
8590782925
9778593248
8301827155
9846029246
8301944057
97466542087
971507534592
9446204986
8330037977
9447138494
8590518565
7012238199
9496322647
9188360226
9446467005
9495727889
9961755751
9446592202
7907098503
9995253458
9400493153
9447457115
9447779503
7012878926
9495711917
8592847788
9495319973
8113034892
9400700160
8075683420
9048459995
9061974620
9745490955
9074884379
9539987882
9496877580
7907600121
8590304108
8589865898
9995855148
9847978172
9495113906
9995434560
9446026363
9446010943
8848420615
8714821164
9495208870
9074577843
9645360413
8891278986
7736669074
9496181314
9447246555
8590766198
9447891973
9961084933
8281501122
8590344454
7994954731
9496230109
9495951358
8590932377
8547175506
9847437216
8129050274
9895503405
9447096427
9961737319
8921155135
9567770408
9846009244
9447145317
9746614622
9567563600
9961270580
9400417100
9496740217
9746563337
8129930065
9744385009
9633163529
8136873781
7994396538
7356879888
9778440262
9074369422
9495484393
7510378020
9074870678
7902353047
9400117402
9995063969
9188421631
8089944543
8714383454
9895537980
9645219270
8089369977
8129218370
9947046754
7907883295
8921042602
9446274694
9961991130
9645079779
8590697029
8891200446
9383465970
8590622843
6282383780
7510859066
8129294906
8138054456
8075590177
8848458406
9497091133
8848992091
8590453647
7077784086
7012089191
9526904544
8547125138
9400520831
9539503617
9446222090
8139058483
9447090960
7025366321
9447883678
7994314801
7736679930
9447961015
8593918201
9447825026
9846272399
9946874550
966506920289
8800020020
8714024650
9744778388
97333111974
9946797100
8075914734
9447061840
8709364478
9632719342
9447092493
9447329444
8078050728
9895329504
7736713778
7306761456
7559814084
8590548872
7034407158
9544668362
9847194900
7405740767
7306995050
8547179217
9526951704
9544608261
9442961390
9778292491
9495467873
9961466770
9746574024
8281720386
9447912295
9656737872
8590172033
8943955260
7736128202
7560914895
971505578671
8921643912
8157073037
9447228102
9048022620
9447456778
9037144949
7558857005
9745699100
9446544889
8137023813
9495986641
7306119145
8075835128
9072071835
6235860903
9447595500
8921025539
7042304303
9497247093
9446385749
9447671508
8590900983
9745579128
8547014804
9072427900
7034126864
8281885298
9495391901
8714817919
9048551676
9447373981
7907684583
9778387191
7592069212
8590638115
9037997455
9495659493
9605262106
9567116544
9446700544
9447219979
9847254620
9072284325
8547809939
9446332079
7306247716
9895209504
8075481912
9446419578
9961548713
8606422560
8590301285
9847855835
8547159298
7907501061
9446952615
6235306817
9947263462
9037408360
9946060648
9496172768
9526781919
8590377455
9446996650
8590431395
9947421790
9074241728
9995620503
8129174899
9745853875
8921758436
7306469205
6238191155
8129386015
9645091921
9947562648
8590301548
9633211044
8304089785
9482074134
9444341972
9497511868
9447393621
8089045000
9495858545
9895217464
9446059941
7306570186
9496665943
919895213554
7736560357
8301863414
9895548718
9656398517
9400904620
8921975244
8113998039
9656831099
9447153473
9847453739
7736045024
8921123421
9496270125
9349032420
9846347047
9061760112
9446339290
7025599876
9497576814
6282146313
9961070546
9745820228
9895933348
9895889851
9995515632
9496728303
9946060340
9497085583
6238191513
9447333906
9447014222
9562723480
7558904595
8921844869
8078010864
9400179197
8848576026
9744316560
9847614173
9207841393
9526333860
9207476478
9645002060
8137039238
8848497950
8139878811
9446740834
9447659440
8304020160
9539432910
8850291467
7907689629
6235925096
7907747148
8590683185
8943422832
9846013366
7907590228
9892519035
8848664269
7902401005
8075208923
9497203813
9538826888
9249524546
9497486993
9567370777
9446260073
9188108912
971561214816
9446564819
9249873551
60126957216
6282535131
8089737325
9446271924
9447231172
9947318024
9744094047
8281294150
6369029828
9495804080
7736221632
7012058161
7306993271
8921434305
7902419902
8590963071
6282656970
9656476905
9497629543
9446596260
9656276410
9847614086
9061361248
7356539587
9447811330
9188172384
7736242294
8848077729
7559054988
8921789641
9847190140
9449730003
7025337467
9495209160
9496147375
9984350999
8848506114
9930059812
7902618564
9446435381
8921147257
9496985177
9895018169
9488540597
6282966224
6282332642
9496218081
9288603824
9745005318
9446353108
8921067073
7306465334
8943348488
8590259238
8157018202
9605024592
7428915126
9400953426
97333307181
6238837113
8891853245
9074824665
8590500611
9495722075
9947000550
7591989064
6238863987
9946647402
8086086109
8237946166
9446378473
9495951455
9061009585
9946335464
9747665942
8848584558
9207020911
7306053254
8289875642
9447966801
8547566106
9496340246
9544444111
9895828358
9995285076
8075592575
9447106685
9526986298
9074484644
6282727354
9495676733
9446361125
9847084297
7025042562
9995832302
8714742561
9745539612
9446340056
9400200307
6238316024
9446027543
6282698287
7736284463
6282699974
8075840939
9895822071
9000004173
966556045298
8590850947
9739849633
8898888550
9746781662
9495864829
7306889297
7736994496
9846437385
8848258850
9188652783
9447905223
9847333262
9496843085
9207842248
9188330397
9995979441
9544731967
9207318645
7736284463
8590799741
9495505156
9167496665
9447121122
8714546210
8590312172
8129179738
9818966241
9446093472
7306711253
8798740235
9778177834
7511100029
9677027297
9605436428
9447070702
9633121889
8606590831
9745653077
9447440523
9846124213
9947847731
9446067320
9946921088
9446430086
8848560486
8921979211
9633317060
9447538126
9961196593
7510225900
9946300329
8075830794
9930945388
7994658292
7012487528
9495660075
9072481338
9447880820
9995760400
9539057557
7012911207
8848534002
9019476620
9645005130
9072965854
9445953138
7994270109
9400163479
6238933182
9567099021
9446178414
7736759126
7356077407
9446466568
9037581718
8156940863
8848909401
7034012590
9447255987
9629815314
9496435770
6282071723
9544583212
9207793571
9447762309
8089809678
9526462741
9746674413
7012333193
8281015614
9400372387
8078701375
8129372381
9249426661
9605105755
9048033294
9072428780
9497108730
8606058722
9061046584
9567260147
9605043950
7593992860
9567244943
8590775657
9961256575
9495337022
9495994796
9037213619
9567195972
7510833896
8078848354
9846316566
8592913462
9072137373
9946668788
9188148086
8075790211
9778717802
9526236058
8547726642
6238488738
8075494376
9388857541
8590768678
8943856989
9061914965
9544451720
9744397875
6238847992
9341968535
9074065318
8129709820
8848867341
7356391927
8086223197
9447641172
8891592168
9446829174
9447871406
7025993474
9778389574
9447062720
8592948135
9207198902
8606642897
9746246226
9955611655
9061778968
8590815247
7736673255
9895567904
9447675129
9446111228
9497776980
7902965776
9400036755
9995869744
9544289913
9656860889
9847060367
9383465875
9846050117
9995894879
9745846535
7736799139
8590731206
9496713593
9446229688
8129292280
9562042175
9633591725
8075025032
8078228040
9447702701
9847188362
7306419966
8714110647
9207684136
8590398086
8714761095
6238454018
8129791660
9605467063
9400609562
9633361883
9605211286
8078375618
9447047474
9597016857
9447034970
9447968078
9497823490
9995422765
9745158843
8089433215
9072255666
8848084479
9995696112
9895648810
9747463966
8590572960
9567722083
9496518513
8921266996
9745383250
8592031725
8089007340
8921627138
9826280569
7510951379
9160217599
8330055790
8593066305
9747812448
9946447772
8891493312
8157819006
9544506150
9567126076
8978672798
7306609459
8590460325
9496278787
9745330692
9496419808
9446468291
9846013047
7559092888
8075337512
9446387925
9847669426
9544316094
8593019913
8594072453
8086912795
8078263547
9895040017
9495072413
8113905038
8590845303
8592057343
7356201269
9495507653
9496221288
8590745702
9447431994
9946778045
9446545345
8590463932
9447120397
7034633896
9746222400
9900994747
9447875271
9544369465
9846576755
8606738888
9447401633
7594852583
9446055502
8606703741
9810533680
7025075094
9544198400
9656155872
6282252062
7907146988
8281507833
9745364853
8089453303
9946490920
9895564936
7994204094
9656314002
7591900002
9447144864
8590513504
9061429045
6282441620
9447403046
9544267115
8590642274
9746274972
8593096744
8891631529
9447906458
9400472402
7012605607
9167319859
7594005037
9656548887
9846077786
8606165495
8921223031
9446521169
7025169466
9946661702
9400537044
7356057853
8089554123
8281780799
6282920853
7558800005
6238841432
9496629770
9995446684
6282344881
9497329756
7025606494
9497840656
9539951451
7510216799
7736752094
8078543680
7306076662
8714825009
9447480143
9400648230
9495230874
9495653909
9446967138
9495094035
8921055424
9847766030
9400786537
7025846697
8547311424
9562641302
7558899945
9446966529
8921198503
97333734226
9746047602
9497206071
9495688601
9605705818
9778229590
9447291449
9567455270
9744633898
8138972345
9995086944
9400514395
8075577688
9080858199
9446547727
9497641978
9968334980
9072114958
9846062380
9446194212
9061941465
9400747831
8113951615
8891135184
6282704347
7559032480
9995385310
7888300200
9745668068
7306919603
9847889222
9656207212
9562152946
8086695573
9446075965
9446701071
8848028509
9746292297
9447450912
7736189292
8590821152
7592984667
8891623323
9048500078
9526638592
9544749291
9895247133
9656158721
9778772802
9895034564
9495734676
8281707262
919562923029
6238906876
9447055540
9895347593
9744530360
9656917291
7510996649
9895400107
9995722200
9400977612
8590491508
9447362847
7012374233
9746289279
9747280047
7306006178
9778191311
8078433516
9207792228
8714363202
9947450473
9645778671
6235094324
9686570108
96892378147
9496527503
9072205561
8921296082
8606235310
8281753072
9746979271
7736644557
9946891430
8590319397
9895270013
9495405569
9895472818
9447902279
9037947115
8547854150
94766855566
9496181146
8075426142
7306142732
9544065112
9961440388
9526068105
8547579999
6238877628
9446928457
8921935782
9995045981
9495849103
9495713246
8137055025
9946091047
9946885410
9400411550
9846825969
971561295531
8078812497
9567699568
9447116541
8139843288
8590379575
8848537210
7594891805
8078497094
9846245119
7994901272
9744235272
9188491774
8921697501
9249218050
8590726463
8289869867
9349495386
6282262472
9207181104
9074483468
8328071938
9188046876
9447906458
7356468380
9497590804
7994834548
7907142416
8921973872
8547547810
7510370040
8138064910
6238044878
9446662837
9539029900
9495364667
7306455231
9048228237
9995837612
8592856666
9895054090
9539923643
8130217350
7994980756
8714392274
8590843872
9847972774
9846010021
9339245130
9497715441
9495190543
9447048307
9446221241
6238566969
9061350737
9496391255
9037007113
7356184320
9493974094
9048783649
9495068177
8078300530
7063913242
9496962310
8891685401
9961005360
9447960319
9633284893
9778327359
8281949029
8089583726
9995821180
9847099089
7902222788
9447496090
9846612777
9544621804
9447024923
7025568777
9847074932
9346009050
9446100975
7510699495
9446580767
7010420151
8547885242
9995811442
7012909602
9841295009
8281238458
6379739983
6282664882
7012511156
9446492870
7736855349
8590846788
9488201762
8547767596
6238944506
7994201845
9496020806
9496203797
8848256069
8590776367
9946619075
9400882168
9605862757
9188650978
9567528609
9387304220
9400872086
9746119145
9679599720
9567162811
9497777207
9446456985
9074123752
9746473876
9943081259
8592929748
7306682352
9496609516
8301804009
8590787835
9656069592
8547507567
9048857962
9645651501
7510919056
6282273566
9388893282
9446161100
9633377962
6282100644
9947297845
9447674175
9946224240
9446500650
9895944641
9539111155
9946563382
7012143915
9207695908
9497192474
9946863307
7012811510
9791137146
7403044143
9074685604
8921545508
9400087920
8248913584
7736476720
8547734129
9778152628
9847718864
9447281640
9349129147
6282985371
8075330500
8078543799
9747351680
9946885434
6238308605
9961601250
9778799210
8157015892
9446601548
9526313444
8111951180
8129426031
9400114797
9633015180
9745344409
8129907466
9846188348
8075298565
9061360151
8593853971
9447126380
9037687545
9778767810
7025475506
9995455422
8590865362
9895179390
9846842201
9645124430
8281336961
9846603050
9961446765
7012596273
9847397797
8590937034
9944600733
9946563850
9745111972
9442022618
9447921599
7012514891
9495643595
9846087615
9446311008
9895580804
7012319837
6282578502
9446375848
7907154004
8593019250
9495019070
8078371241
9526010540
9447022533
7025806355
6282331433
9497339329
9847315206
9778198353
8714882484
9539855993
9539689749
7736788996
9747545170
8547496938
6238254762
9995555828
6282598251
9995481807
8590519758
9746198964
8606318436
9072169565
9496176696
9656897570
9495942419
9495447784
8590308401
9567467126
9605542210
9847159840
9074451880
9496805500
8075160584
9633458460
9447303303
8281251060
8086737277
9526033595
9497661061
9061030331
9446162491
9447788150
9447355865
9496852583
9746887012
7025345428
8075536732
9562388106
9947222504
9847041841
9995302503
8589023286
9778142668
9249419142
9778368837
9400126344
8848815284
9074862296
9995138132
8078809365
7907499024
7012794463
9496864801
9656745454
7012560585
9846536260
6282862688
7736978580
8089724753
8281464975
9188685875
8078479398
8590274052
9447130373
8593993266
8156881668
8111869090
8129357167
9447762289
9778326330
6282990952
9961919531
9539206267
7510113889
8891223834
7559023319
9496077613
8891066966
9744747297
9746748169
9600615967
9656006274
8301041374
9656102965
9495755275
9496166113
9633914615
9400967793
8921901608
9961516251
7293352749
9207150815
7306593255
9447355920
7736640391
8078882323
9447411359
9562859178
9846728443
8848365457
9495242986
9778182527
9656110278
7560860867
9846091439
9990824121
9446996087
7306453579
8921573016
9847902813
9895632875
6235005123
8848156942
9495859820
7559862364
9495088709
9633981969
9400466873
9745650050
9074286695
8075230575
8086989130
9946873695
9947293212
9769410835
9446278552
9895238766
8086748801
9446051545
7306137065
7510143234
9645125441
9947746302
7902868768
9986993463
9446565557
9447428280
8848491169
7306507597
8129358708
9495468987
9962038085
9497793889
9961496393
96594980506
9447013997
9447635839
9447739225
9986427654
9605711348
9947662988
9496326535
9495025337
9747422303
97338981282
7025941294
7736967815
9605045420
9400445255
9656235492
9400406060
9544091245
9447680995
8547274678
9544648633
7510702757
9447050198
7736181024
8590728548
9656765520
8690554391
6238095823
8075349612
7012682647
7736745657
8113967757
7510170697
9074670159
8547676405
9746797111
7356846461
9778144962
9895555086
7560834316
9400521942
8547820871
9497474000
9446353473
8714128605
9384670562
9446172621
9847539222
9447695933
9447997068
9446187451
9747836858
9207338006
8129593792
8848223285
9497357059
6282355743
8075397242
6282599502
9747211531
8921221708
9207077822
8891481699
9447052204
9995311232
7736192278
8848510287
8606304889
7025320766
9495522972
9745071045
8281930485
9037368687
7736487303
9495039702
9539286267
8714107196
8590395405
9746917204
9446096676
9447981284
7591926092
9447548394
9446452183
8590791269
7025847494
7559979024
8547995884
9526222952
9400113616
8075299898
9495928551
9446616168
7736689451
9495566974
7306108686
6282684774
9746731011
8281835737
9947950707
9567235951
9446497555
8075181048
9778263432
9495828376
9061553544
8547750134
8590821083
7561033605
9895126803
8086600009
9847372880
9539491321
9747247001
9072103331
9947821575
9645629223
9495271479
7356480365
7907141109
6238751328
7559092111
7306391099
9207319604
8129868468
9895194483
9072091363
7593961298
9074830382
9744098651
9995103155
9048365042
8891675412
9745137387
9446879071
8547270067
9846257345
8891915197
9539732175
9961666612
7510251168
8893192005
9446442070
9447423979
9746931481
9526003540
6235226383
9946758990
8699000591
8075211383
9605222190
7012005385
9961248217
9495046913
8593898021
7510731649
8589882586
9447261322
6282437575
9747423690
9847494543
8129739575
8089482562
6235090992
9496969136
9497188955
9447405595
9495156455
8547821307
9447788256
9400018046
9847951760
7510729225
9387291090
9745240421
9895057258
9847574616
7907174541
9539633094
8848659771
8921015767
9539795984
8129132802
8301062844
9074119982
9886133292
9745492680
7025986700
6238288544
9037820802
7994735333
8590394506
9995445929
9847956752
9645233633
7598129968
9037174244
9747391013
8075555734
6238768352
8156998220
7736760771
9400010719
9544906949
9496141009
8089624129
9959609450
9495549902
9447167557
8590111394
9446500112
9847712789
9446766683
7025456876
9947557557
8943732035
7907546680
9946855137
8129527817
7306543406
9188583119
9895029702
8078048542
9074902569
9048495911
7736057972
9447408041
8129497143
8129676607
8592079965
8111809440
6235230411
9048495911
9895635317
7012686642
8113819773
8921168031
9448250095
8921847524
7012177975
8330086132
9446810165
9526806230
7306817895
9496388138
9995788316
8113023110
9633797476
8089098090
9447651623
8593886787
7757959897
9746286101
9995805627
9847194963
9544783521
8714060768
9995844054
8939353710
9778349117
971509344869
7907071199
9633257584
9495252033
9074691700
7994270517
9656864316
8848813190
9497287858
8281166394
9495025337
9446986411
6235538589
9447019173
6282022868
8129659009
8301029235
8590939754
9446494887
9447153823
9656058055
9846734390
9995159243
8089167354
8281981337
9746400904
8281146769
9446476777
9497151388
9446502343
9746044144
9061104442
9495008276
9497640381
9400900077
9446749926
8891874928
9447006530
8594027829
7736791955
9778515660
9744856298
9001501303
9074780066
9447592971
8157940827
8075978680
8943681222
8281071966
9444844473
8590819636
9846934601
7591998589
8078941583
8137855057
9995680372
9895260084
9895600233
8281847878
8891502820
7558956793
9496316868
9447962024
8075593395
9447470049
6238473446
9447520734
9349522919
9847301177
7096926992
9188703212
9946447859
9633867965
9446784267
7907136323
8141866793
9496180038
9946014484
6238818388
7034359071
9778128687
9746428111
9446409919
9446077393
9497104181
9446837001
9048198147
9847631612
9497147531
9847003726
9446237825
6282945311
7356026604
8126486121
7736573636
9495329535
8606359752
7034634249
9778096482
8089201760
7025543958
8921476806
9995651162
8281302559
9946644095
9447306231
7025294252
8156821547
9446737319
9497146645
9847004226
971505876853
9746376781
9446054244
9656160180
7510112110
9895370659
9619630263
9946666776
9605370313
9995115093
8590631503
8113994126
8547562617
8547130638
9497677181
7907424123
9946086155
8075178009
8089268379
7594837618
9400453736
9447856944
9447885222
9747592910
9645628474
7012628749
9074759188
8075652287
9446029691
9605813613
9447924524
9847883269
9633564307
9746397895
9562198991
9526310697
9605493486
7559814240
9497847364
8848783282
9895771704
9745807977
9895783188
7012066183
8089157405
9400493683
8943989349
7994792752
9496478459
9446219702
8075749560
7510671954
8136878119
9995690744
9744778166
9495902757
9207068341
7510327869
7034829304
7736266898
9995821882
9526550412
9995788890
8848630825
9496928889
9447817044
9446496896
9037978378
7356740289
8547581505
7907060115
8075815224
7909199021
7012149934
9495827628
9567055990
7994693665
9005518028
7012721545
9447153361
9947683493
9207874642
7306307204
9497781963
8129786643
9447416959
9895009094
9061130437
9995275878
9567773329
9744654813
8129112415
9048262135
9746568763
8075721186
9947603141
9778155526
9865122862
8281834858
9846249930
9446766035
8137840859
9744335314
9946700059
7736737164
9645578769
7306394116
9207553383
9747438726
9656050099
8157885288
9446452031
9037459619
6235293179
9447488643
9497606062
7510351022
8921497400
9074993028
9895817738
7907398748
9895277840
8547799640
9850389328
9893909357
9745907690
8921678028
9496361110
9539192964
6282416496
9446440665
9895013071
8086279906
9745471321
7907200298
9946447943
9605431917
8891976798
9747870305
9447063104
9809137680
9495783191
9778045806
9526404817
9526811075
9400786598
9895755909
7356478722
9074299679
8590828658
8848933722
9446567523
7994520115
9074984970
9946392354
9526538538
8281692349
8590471863
9072205180
9446004418
9567541411
8075505083
7559950955
9446636847
8301024110
8593013735
9605996833
9447569050
9747555027
9400142991
8086286945
9496295222
9061668835
8590815037
8590916768
7510107939
6238240160
8089432326
8590954660
9447575637
9447590244
9400941717
8848024088
9447773756
9744012470
9495674133
9061441041
9778560602
6238117709
9447691391
8943605989
9048809792
7510800557
8281150354
7994303788
9747359039
7306596687
9961737475
6238080331
9946711132
8075241394
7909162091
8590981323
7907685967
8129904377
9605404765
7406086823
9388185123
8943107120
7994813190
9387495023
9846043371
7907474714
8075181329
6282146892
9446054520
7510107939
7550249936
9645441035
9846786978
9496814901
9447654245
8590445221
9037389311
9447277974
9447877630
9072721350
8156883335
9400476129
8301905464
9496138095
9633147364
9747575045
8921741563
7907363227
8547581581
9995149704
8547347522
9745801749
7994245436
9447515277
9895952242
7306002401
9539900304
7306940459
9207463303
9947633279
8129183910
8943181158
8111834242
7736205436
9446382959
7736872522
9287961786
9778292789
7594951067
9447905585
9037705985
9446453044
9400756629
8921048846
9495791524
9497380118
8589835262
9497125108
8590971225
9567378301
7902936054
9562407444
8848332176
9496297331
8089393954
7356243608
9072429281
9447476411
9447567226
97333089323
8075929931
9495383427
8848419955
9495793629
9207844094
7736176772
9446616171
6282105096
9995596922
8590033154
9747927219
9446419773
9995699286
7025170581
9633981292
9778182113
9188313581
8714881872
9946731282
7561001174
9847125381
9539353319
8921658147
8078079119
9809898917
9372229441
6238567352
9048047637
9388355528
9645068934
9495973499
8078293608
9446751499
9847614580
9497323975
9497644714
9495453453
8590975950
9207545703
8590529470
9895120110
8848921312
9847922097
9495892876
9400716304
9961911867
9656791816
9946786966
8547429949
9961889303
9495657202
9894713777
8139040534
7902527243
8075558108
9539379606
9820387631
8157048794
9447210192
9446457111
9497025589
9656644992
8330015696
8593033652
9048070429
9833038112
8129601068
8129339207
8289938038
9895388300
8281878604
6282922956
9567765230
9633182669
7025522843
6238244935
8075681702
8138066838
8105988916
9895490222
7902771280
9447875221
9445003713
9495824087
7306482311
9961076681
9961324611
9061665136
9446363259
9947408580
9746916814
9961852803
9447278335
9544160317
9495810310
9567840688
8075601509
9495987592
8547910471
9544145739
9061441387
8089223780
8590960400
9567849520
8714229337
9539849773
9495318552
9074335866
9526731065
6282026120
9074566135
9388606706
9633500701
7591955706
9744900947
8921114158
9846746387
8089748709
9037507251
9074278138
8714138578
8547328066
9633394402
8332849963
9825129585
8129264603
9847099949
9895024229
9778241395
8590905263
9495819965
8086767663
7012653063
9061994473
9961003260
9400719320
9605512094
8138079930
9446496718
9488114181
918111882255
8590639355
9496080938
9539966661
9895270969
9400235299
7306489478
8129916383
8592051890
7736555831
9061436682
8547015043
9495417323
9846010040
9495018987
8943087699
8304907229
8590357437
7012129752
9746400857
8592086053
8590931655
8921126755
9447046233
9495308173
8086111174
7994964703
8078276353
7558869454
9995356927
8943495062
9847477424
7034265540
8105854588
8848753282
9446442001
9778317616
8281790964
9645770190
9995134628
6282394954
9447809193
9946431927
9495575604
8547319769
9037663347
8714459003
9752500691
8590541069
7306644102
9447295061
9497342665
9388033312
9497150544
9495141860
9446819821
8848271296
6282622369
7306607670
9995102762
9746420315
7034262518
7736632038
9778440899
8592813198
8531021517
9037749600
9446370135
6282932471
9656223922
8157992116
9361920382
9895067197
8086119657
9847020500
9495480028
9847036122
9995875860
7902623260
9495987658
9495934189
9447118331
9605899797
7994411155
9446475746
8547679361
7042105045
9544514326
9745314518
8921108464
8281266501
7356956035
96565033019
9778558200
9605416468
9495660394
9495356277
9562513289
9645082498
9037567301
7592009163
8129060135
8714331290
9447144121
9895195220
8590550081
9074243350
7902460295
9745936472
9447894666
9778495067
9072549312
7012506424
9446738917
9895419238
9446415893
8075128061
8943082236
8086969700
9605335604
8075064699
7510353183
9495067031
9961464764
8921516026
9446125298
7736666711
8590125754
9746733496
9446464574
9074737537
8848593326
9349108340
9946000262
6282496263
9920531335
9895280915
9567843944
9961447906
7907879156
9633937613
8075705571
8304001799
8921771021
7736980535
9961876490
7306915470
9778129007
7356084175
8547500790
8606410568
9605420256
9995475035
9497036714
6282420803
9447221050
9447494511
7034458081
9847672117
7994625664
9778384910
6282672737
7025987112
8086611182
9446501001
7012202003
9072278242
9495110145
9388799997
9747688607
9567819512
8139867176
9249488064
9778189821
9447365437
6282242552
7012735682
8078595781
9072717739
9745002556
7902259026
8113901175
8921526077
8547456527
8281738077
9961632314
9544847629
7736669010
6282396389
8075909670
7306351039
8590834951
9633619572
7736726476
9447029988
8848177400
9947857287
8714469698
9072486110
8590437352
7403121210
9947371022
9288012662
9745771381
9495702323
9496438478
9496018023
9388476396
9745541265
7902878114
7708930903
9895813280
9846753984
8075674568
9562540535
9495303920
9645488428
9048924251
9446052588
9447847752
9400362197
971522184994
9061378010
9048520369
9446178245
9656565101
9778244851
7306130091
7306728535
9072470925
9497557644
7593039040
9526922326
9895879697
9400531578
9074209157
8075614760
6282584773
9446318990
8075663248
9656011976
8248600751
9895824399
8848928166
8590311140
9048705487
7356017173
8089205831
9447969224
9745266697
8921764761
9496203309
8590689245
9497889500
8089778072
9497330679
6282450652
9446623004
9744748517
9176123788
9567222124
9495872846
9745108018
7561803101
9495333118
8281124840
7449165060
9447222246
6235661995
8301878427
6235682593
9388446904
8921627489
8086521435
7736814592
9447376054
8547124946
7012308571
8086549979
8590540048
7025390236
8136939314
9747337008
8589849877
9497005608
7510951785
9446297332
8943613304
9995742069
9778027723
7022872545
9961416671
9846814308
9744933748
9633744766
8547184426
9846932823
7561870755
7558084140
9895614722
8078484566
9746899979
8075659902
9004470216
8136816079
7356171316
7994745647
7592033482
8848285949
9048021291
9846221515
9744413840
9447382987
9656208006
9995444485
9447095919
8921675082
8089877379
7559887017
7012541567
9495787186
7356387016
9744956449
8714375034
7907385052
9020069005
8129972212
9447086229
9207560780
9947098423
8848717045
8949720532
9388822555
9778550351
9447376029
8281865318
6235219731
6235353030
7012527423
7510706613
9567377446
6282464099
8592811652
7012091461
8891044694
9778092576
9495993288
9496038226
9912063801
9895899713
9496195979
9447263069
7902853566
8547160722
8590992984
9400548557
6309395877
9895372268
8075903952
9895028513
9895486092
9778402090
9947453742
971563137565
8075940432
8714473381
9400621427
9400829424
9188132637
9495241377
9995177800
7012725354
9886510890
9400867878
9961832882
9048079582
9400441426
9745747352
9847677077
8547355256
9497781866
8078895049
9605890501
6235068150
9544148689
9446476561
8921009281
9947654485
9656040073
9526455645
9446312972
9447858732
9495163391
7510316694
9400844380
8281190179
8139048621
9446565714
9961295835
9446494242
9946300036
9387812718
9745023163
8590486375
9207324394
9495834950
6282676254
97336065090
7012117113
9446402233
8547207310
9605167437
8590309373
8113833320
7907700750
9446302643
9526828213
8075686058
9497329120
9895046293
9869860150
8089973732
8590369422
9744416724
8590959649
7560832270
9074605057
9961245119
9388918922
9447080888
9207050830
7025183991
9846637163
8921440536
9446905513
8129266717
9847166022
8086068154
7558897943
7736901763
8606299170
7012962690
9947473658
7025211140
9447173451
8891078910
971543000725
9895728951
8714460273
9497689637
7012613092
8606001347
9446430078
8593948340
9447485393
7907377090
8891799698
9447462660
8921795576
9744607262
9188041158
9447287655
7994552002
9605041805
9496343240
9995024881
9072936841
9061386114
8590991433
9446020339
7013695757
8547653806
9995276050
8078748227
9188869275
9447408682
7902762001
8086993496
9495366455
7356851084
7736271426
9745235058
9846402366
9497005608
9447539669
8075219165
9947988890
7736290445
9447529225
9847909211
9746076840
9846721393
9207279611
9778359160
7736278048
9446933699
9746131593
8075210072
9961739078
9495757352
6235535575
9447632270
9995329387
7907720275
8714808446
7510977748
9037585243
9539700560
7012701301
9037618654
9961854108
7736549643
6235365990
8111957764
9037081725
9778378441
8590368468
8590148420
8893812265
6282993238
9074751962
7907402284
7025919510
8078347346
8075507123
8089314954
7994035287
9526261222
9539063995
9447869061
9847050516
9605497112
8590529212
9207736483
9447185522
9387240075
8921040508
9746201585
9349377717
7907971038
9446150264
9447865013
9946719008
9746021135
9447857834
7025035444
9961203536
9995166391
8281320852
7559000675
8590779773
9746769512
9656997355
8547379514
7994404116
9497054996
7356212033
9961235879
9446304305
8943115929
9895217716
9946233634
7510779287
9207464481
9447361813
7907544923
7736775990
9497742222
8078280051
9497846238
9846960100
6282883249
8089607891
9656568456
8943397651
9048231213
8078370967
9072732329
6238052539
8075032018
9562552000
9495971122
7034009334
9895272137
8138890877
9656077767

9846503808
9539114810
9747620792
9407933069
9497288660
9847063380
9187286865
8129826968
9447595127
7025085713
9847619073
9961162438
8281139619
9460504788
9539569944
9847452555
9446138196
8129861046
9446448620
9349109033
9497460093
9747513632
9639000657
9446865299
9446173384
9847449120
9400979296
8281295371
9847639114
9995846436
9744183422
9048844782
8086413571
9446896921
9847227533
9447231657
8156941220
9744557605
9061287762
9961967353
9946790664
9495888692
9796893388
9562851767
9496955905
9995590200
9946443655
9495675618
9847266533
9349626531
9544361725
9847276781
9995441135
9946218772
9400645788
7558969905
8157949843
9496531363
8089806459
9048549722
9656563355
9400979581
9605887651
9846425226
9995592602
7012788360
9961214907
9446574734
9744382351
9142629554
9847265998
9744177442
9961721749
9746798505
8921159923
8547341358
9744427763
9846291870
9605667756
9142149032
9496824296
9846548869
9142228150
9947096928
9847068448
9447812424
9747678075
9847466542
8893648366
9400915401
9567809213
9446217165
8089145661
9495917573
9526844281
9633875239
9895627157
9388641629
8086816173
9745780111
9496227125
8281931062
9496046438
8943872249
8943148688
9961462382
7075062021
8983836599
9895760623
9633559096
9995637305
8156960576
9496418009
9447332869
9388859654
9400937407
9961254479
9447465427
7025233655
8606029630
9707564343
9746453212
9895299154
9895281315
9745694881
8289972996
9447856560
9388813073
9447813027
9562438104
9947483465
9744675371
9633066915
9446473117
9605468631
9072792903
9895718593
9562190669
9562221752
9447721661
8606361925
9446688123
9400262765
9020782587
9745457418
9847636368
9947930855
9846015702
9446832490
9846199335
9496330937
9387575726
9072836126
9895242414
9496312801
9895177137
9961951551
9447482396
9633010938
9496177643
9961578136
9746588583
9947932466
8086415202
9747427444
7012243356
9847770959
9895302303
8113033508
8281694354
9847327075
9961170517
9744427085
9846245588
9946341170
9745877321
8129100394
8304089372
9744213378
9847024585
9847243095
9746172626
9496177441
8805785270
9446513686
9447933633
9400581328
9495021852
9846454262
9447871273
9496215220
8907336166
9605112082
9747255226
9895310271
9847595646
9037771793
9496313294
9744833664
9400606581
9633886043
9544994368
8606923023
9961984837
9447206476
8075041615
9947854554
9961817076
7994241323
8281791088
9846310490
9847464109
9346497557
8086713210
9496408720
9539290713
9744843478
8089420161
9946200158
9526815483
9961203668
9288118145
8304937964
9961614885
9847789406
9496281144
9895048730
9447305657
9847939416
9847354307
9656696373
9496225206
9961256405
9947344513
9633088377
9400299568
9847811393
9846081222
9048567432
9746605196
7012305219
9496555516
9061950531
9995907487
9447755716
8807617840
7403593091
9446742228
9895894850
9846803441
9847645404
9496430307
9847618603
9605950588
9895316534
9744722921
9633012732
9400389235
9656978533
9961154599
9526844177
9656933813
9946807494
9847853684
9656492984
9947777281
9789031768
9447434276
9895456872
9746290929
9048826442
9495790589
9895658145
9145544868
9645121296
9845121296
7593900346
9388819225
9946405252
9961901365
8904681461
9895362759
8943928899
9388452461
8281322475
7736323485
9778027893
6282629108
7012089361
8547529276
9846805417
9847006011
9474627598
9447175835
9562926514
8606654080
8075617213
9567896443
9562676329
8086419054
8606369039
9778274179
9747716608
9074716379
8136966545
8891668158
8606144388
9544081163
9188768935
9349193395
8086438675
7907862549
9048932885
7034240464
6282664171
9656478022
9567462574
9656544515
9809256004
9605454597
8113078949
9846416574
8129989525
8590963577
9922426122
6235980047
9846348664
8606266256
9544611710
8590077999
9947928247
9037152848
7902876356
9747949932
7306506867
8943516038
8129421029
8075764583
8075707078
9400431759
9496900808
9497700786
9676164588
9446059782
8157057604
9846331107
9447754246
9745147788
8985242730
9446314506
9037080429
9447844569
8547644830
9895600264
9846429219
8129406755
8547037031
8547288810
9447100682
9895783115
9656009539
9495305250
9605818485
9497867657
9946962699
9497074692
9946664754
6238651415
7602433585
9562825950
9645258528
9447950813
9497833170
8714164837
9895151069
9895692389
8547021008
9656902170
8547648106
9961441371
9847067411
7907925787
9895925630
9496727980
9142119972
9745067781
9744322446
9495892580
9447639523
9495307875
9961437788
7907016978
9061025167
9895247016
9645498908
9895110384
9429368497
9383424526
9446669197
9567027087
9048995608
9567106210
8547624323
9812179618
9496283974
9605802717
9645690299
9495759639
9447866858
8304847707
9495711732
9809750786
9447418638
9496165614
8891869044
9387427978
8075214629
9947967031
9447171828
9497693931
9961033819
9496844546
9048594510
9447116800
9400790474
7907847671
9846169066
9496443660
9496184310
8758406717
9745941822
9562088868
8304098830
9020440730
7559930882
9847551109
9947638642
7025694679
9388442099
9995630126
9847398230
9207216252
9496442282
9645733836
8592006361
9745344325
8606805975
9446773295
9745294700
9633166824
9539355384
8086700708
9745902256
9746498418
9846469975
6238073735
9961086617
9447681218
9526341680
9400856679
8558943670
8281353538
8078102040
9995150770
9656931433
9605299754
9495886434
9387411414
8547699209
9061784531
7034997832
9847282561
9349185238
9446330646
9447233567
9447674931
8281178818
9544104304
9526670956
9446515206
9447950197
9847117899
9496226465
9446300838
9946260612
9895019884
9947318265
9037436792
9895368255
9744928668
8943900216
9061937916
8086316430
9946761856
9074635394
9747309076
9048042063
9562070644
8281635983
9633035522
9446780699
9048130883
9447111515
9446685800
9447183271
9846675352
9656168074
9847223299
9539693713
9745749923
8111955806
7736751009
9447453061
9605345465
9400433752
9961535886
9400056766
9946189787
9544229493
9388857541
9544390495
9446223804
9496421644
9446316477
9846272932
7875327686
9446312576
9497817544
8281988377
8943022844
9447950018
9446444730
9539471445
9633700764
9895292554
9746120591
8891430430
9072173248
8547576798
9020216258
9995508993
9633868000
9656550383
9745639152
9388252328
9446646549
9496726940
9037628029
7907161831
8891497150
9947242977
9447468812
9417959909
9846446353
9961998242
8281856619
9497550949
9544111674
9847781474
9895604196
8157905497
9946486891
9495641122
9447755402
9447235368
9447925300
9249729221
8089442332
9645907000
9946716090
9495112300
9497216744
9400932267
9486875657
9747149414
9447635857
7034565905
9947959575
9605190728
8289927271
7907143554
9495755858
9539063995
9895658217
7907593684
9744669733
9048430642
9495242220
9847910124
9526583877
9744964199
9061532333
9388446881
9746108805
9447017161
9567107000
7356118217
9895559361
9605065752
9895447809
9846977707
9947265658
9656433206
9496229432
9447051007
8547891201
9745999525
9895595441
9497287156
8848556898
9446803693
9846551000
9895433654
9895177778
9846052574
9961188177
9995915495
9745333196
9207448776
9846060260
9447581587
9539570978
8281231446
9446721031
9895999444
9447070158
9747344333
9446856663
9447762460
9961401104
9847114485
9400568080
8289808221
7025756363
9495573663
9447228039
9387822327
9400082313
7559933700
9809813640
9446282121
9446492258
9995246091
7396001000
9388439146
9446134894
8921477618
9846180964
9895006666
9447379375
9400190786
9946538038
9447513000
9526200185
9847636634
9847274088
9846940161
9447582527
9947415379
9400333948
9495581071
9747204038
9446515146
9961440141
9495652231
9656251127
8281480685
9496753741
9544227044
9446357867
9447041352
9846203071
9447759795
9746677407
9746733611
9847800670
9961724808
9447874471
9745358815
9447358698
8547937037
8281845258
9446494196
9567654676
9400422205
9947004529
9847869807
9946276510
9495716553
8547072300
9446128467
9497189049
9995841628
9447842958
9447208469
8089566734
9895318000
9847377250
9447465504
9446348531
9447748531
9446323274
8921142484
9447607544
9946021999
9895638536
9744582939
9747705764
9495715051
8547906041
9961430225
9544652084
8007541990
9744424683
9656434956
8281714186
9526229386
9656058150
7012159564
9446058192
7034335889
9562638309
9447154642
9947431522
9562593520
9447837121
9895080565
9544242221
9895402164
9947032227
9496833434
9895774178
9745176655
9497031082
9495218740
9388805304
8089444268
9497189346
9447577089
9895037303
9995660080
9605612467
9744547373
8281777194
9447001457
9847012373
8075608352
8086108870
9567777480
9447368944
9447964209
8547621926
9744842147
9446928326
9562848275
9846899992
7025893023
9447784154
9744777099
9446096948
9562161870
9747486671
9539489690
9048893268
9947133493
9645075261
9847436638
9400241387
9961636326
9544973579
9847072633
8086252764
9544524717
8605426093
8891343921
9656031582
8547807656
9605858292
9495778331
9388725182
9847106838
8281818897
9526264587
9544350053
9656224915
9744584567
9995431219
9349314648
9446356715
9846287325
9847226874
9847577118
8129019222
9447509086
9562458289
9895855779
9946512562
9847020605
9207904403
9400238123
8891006918
9072020426
9526978748
8606137878
9895175000
9037522545
8606438141
9847217138
9847343461
9847180160
9747572296
7093800434
9446212140
7907441769
9447775799
6282250601
8547537823
9446363421
9846977009
9142519827
9656710064
9447474266
9493186587
9847423358
9895388778
9447827565
9633021616
9961964414
8589080773
9388857975
8129310468
9446113087
9072747087
9446415881
9526512841
9037424362
9496156512
9072201742
8547513246
9895217778
9895985345
9495789201
9745472239
9846173631
9447129279
9744138975
9961488298
9895985264
9745269909
8592929232
9744288714
9633795182
9995400737
9995233085
9581543106
9447319140
9847333365
9846094808
9946000083
8129699555
9947662787
9567288654
8089101977
9847058070
9496278757
9747170011
8547000386
9447718758
9847222498
9447321931
9847058199
9961022282
8157991320
9446404328
9656382818
9074059564
9868491655
9446270086
9605770741
8921256381
8281612292
9495272820
9747562699
9446491343
9656658666
9847882229
9544072247
9562850559
9846438195
9847521103
9846184545
9847870326
9947099695
9744151453
9539994539
7560817125
9447068895
9995476705
7025078054
9388608712
9447871345
9947846684
8848559350
9745998812
9895498975
9947301548
9947183750
9497791398
9847103011
9846132910
9895105300
9847040482
9746207579
9947696876
9552541816
9526851119
9447812207
9605217516
9544193682
9446079269
9605339528
6235352163
9961748483
8157041555
9446218137
9446412097
9446027902
9567852164
9447663063
9495322324
9447764098
9048270141
9946661296
9895812334
9633427324
9496097983
9846929799
9847437357
9995430028
9744909231
9744421756
9605391112
9249899709
9847278132
9496120415
7907803946
9388647070
9961140006
9400843242
9744955622
9946086393
8281309241
9961433020
9526356432
9447375769
9847899587
8129418434
9947680778
9495105245
8547078829
9961394428
9947850974
9947451725
9846905670
9645006435
8547793447
9562068875
9745468540
9249577839
9946555312
7025088167
9745696065
9539702703
7025660322
9495129804
9846903351
9447948378
9605082705
9846630559
9048488218
9747819397
9746613432
8848498098
9947256210
9747990808
9947384622
9605320093
7356177487
9447576108
9847271094
9226844887
9447172044
9995369690
9446472911
9747758119
9747677438
9562133400
9447052320
9495393273
9446210636
9544519278
9847953414
9847059884
9567707908
9633377444
9895148261
7025282101
9847259988
9446869408
8281662709
9605702954
9446840700
9747720489
9562751460
9447666832
9447913420
9446719406
9847606100
8848455998
8547300160
9495715431
9447153041
9847126775
9847011684
9847238509
9947858360
8281884847
9947405566
8589077380
9447604570
9287563069
9447011738
9995358816
9388480205
9526888577
9961707898
9961706789
9446308621
8089877293
9847128919
9605208851
7012735911
9446135188
9495544812
9746290235
9446414370
9496225568
9747427680
9544205408
9447434491
9895703077
9947443664
8086735812
8078494525
9895206987
8281536651
9446217197
9746237795
9048412355
9847581953
9995596824
9497141334
9447329765
9495161919
9446605593
9846618413
9526147820
9847010719
9605150077
9847434844
9495336385
9495600245
9997709604
9388966104
9495762588
9846040400
9447775644
8129739965
8281467529
9847654192
9961242429
9645573655
9895470207
9446196129
9497366187
9446718307
9447937539
9895886309
9744271404
8086586424
9847522100
9495810642
9961815480
7510220569
9847803358
9544380878
7736456456
9961923134
8547099613
9567840187
9961723292
9895031696
9496409329
8086356987
9747000170
9447607502
9447982030
9497718667
8129151389
9645085297
8089176336
9446945766
9497289954
9048869637
9447213431
9847917846
9961316756
9747870539
9446684270
9947311707
9895258872
9447012992
9495714917
8281962695
9899727018
9496179424
9846674787
9995677363
8652607385
9447282059
9495425657
9744711160
9995542798
9961201983
9746677701
9995447909
9744569335
9142042380
9446718919
9656300024
7561811906
9995004326
8891618175
7736528301
9349252091
9895838344
9895239056
9947390108
9446755666
9847711663
8301033239
8281807375
9995023446
9446957616
9526273460
9895026943
7025728150
9745628105
9747429566
8547661263
9995761156
9526658435
9495187792
9539076465
8281395272
9895298014
9656213533
9539757257
9567956387
9895494496
9995848099
9447294313
9745004745
9447465554
8075062723
9995239545
9946539988
8086610739
9605995175
9895731309
9447703677
9645639616
9895075541
9447764916
9846463481
9497130849
9633447467
9447368580
7736447375
9633639363
9747599867
9895829444
9995498498
9633548001
9446415252
9496245074
9496245078
9995882587
9446867740
9526082655
9447608538
9895378385
9846189569
9447260616
9745999206
9061429978
9446611080
9656005899
9744735177
9495673631
8281196336
9388604024
9656935116
9526269764
9745811149
9744864232
9526749433
9961007223
9847051553
9446446413
9562200940
9605591193
9947399870
9446549545
9539409870
9645988497
9400968969
9495974620
9847544477
9656100913
9447219494
9995559295
8289904623
9847744377
9847843990
9497098487
9037770073
9847207720
8138901099
9995855191
9447132267
9895945220
9744153116
9495380875
9746771761
8921238585
7559052311
9497036667
9605798721
9947017011
9847658358
8907918185
9747884184
9633808878
9745529505
9447115479
9847644818
8281921230
9847175752
9605608915
7025339798
9633145331
9846070157
9895699893
9037904509
9539696498
9447194898
9447710050
8891657819
9847035692
9562036981
9388603315
9847059979
9447169507
9037481529
9847395502
9946064916
8078568442
9495365998
9447056698
9847113658
9895715567
9207140905
9895701676
9544253651
9388844199
9847262565
9895394199
9847055513
9995610765
8089187443
9656982111
8547194995
8281133659
9605017392
9400262700
9995491212
9495990230
9605083221
9400174824
9388845387
9847958571
9846789554
9447989215
9656807987
9961802244
9562770698
9037221862
9633066802
9946057070
9349270895
9847083097
9495430660
9400757462
9846012665
8754421569
9847095315
9846114717
9447743970
9745486290
9847575266
8157083547
9746731877
9847878174
9947196774
9446055537
9947917436
9048585776
8089600567
9947920871
7736344626
8943257830
9995685787
9895272569
9495950657
8547231828
9746947782
9947158054
9847295048
8281444457
9747154322
9846104662
9037364100
8089122750
9446869207
9605866605
9496120776
9447334275
9447722410
9447986037
9495078591
9847547694
9544072401
9846890011
9746186537
9567760847
9447608424
9995319468
7012805200
9446463550
9447213338
9946945999
9846064910
9447476869
9249350307
9497025665
9496086674
9959992125
9495361658
9746074741
9847685836
9895885355
9544811326
9995717359
8943479673
8086547624
9947806934
9388853358
9895348606
9447819457
9895488738
8089044006
9495514393
9995551579
9995774535
9446451790
8089870713
9495470725
9995492071
9496622816
9446607424
9895133167
9074124848
9447434040
9562802105
9995185576
9895910888
8714117791
9847738889
9526697850
9847158239
9447602751
9846057578
7356859688
9946669903
9745507262
9605008874
9446740787
9447813151
9946514298
9446530988
8921431593
9846015225
9895237681
9142106683
7012637922
9895479059
9495876689
8593021957
9895760961
9656731666
9446466887
8714356878
9995498533
9446720784
9846170637
9539004588
9496496108
9847250096
8129418690
9961795664
9447213803
9447016961
9497192460
8129620059
9946052260
9746072690
8075220247
9447596778
9947764888
9388823347
9526576111
8089541154
9846837096
9895549553
9656992222
9497183935
9446424547
9547177600
9961817038
9947827111
9847851409
9895032020
7403401090
9447579973
9947593670
9446127180
7736621403
9388863565
9745988897
9388631797
9846020091
9037824798
9400714220
8547556080
9961564488
9947870031
9447987495
9562573391
9400591261
9961849366
9846242893
9562973918
8921196112
9895168793
8129951122
9061146595
9495983357
9895651753
8547815955
9745367059
9249320945
9995325321
9656686825
9142101713
8547506811
9846180839
9446688078
9895440770
9447872362
9495315931
6282274385
9605693378
9846478373
9447037023
9476525487
9447046182
9539756680
9995809681
8089268303
9496225731
9947761534
9947460177
9847725904
9744708600
9847317087
8281100862
9995801989
8129900236
9446116147
9895030820
9847941080
9633884464
9495471257
9895987813
9349505284
9744115650
9846175294
9562480402
9497687822
9846655844
9526954029
9947469965
9497237535
9495255040
8113899103
9447026536
9495782021
9847858248
9946808607
9847872689
9947096402
9846899920
9744273971
9747100552
9447784417
9745699695
9567888804
9447722747
8129572650
9633377530
7560859594
9061499332
9747054883
9447661774
8907531007
9447414282
9495382447
9745358671
9447591500
9797204430
9895957420
9847976523
9961434006
9995663240
9847678155
9847745185
9496257872
9995675629
7012835728
9645505605
9947240665
9947795037
9947670905
9249409292
9895030259
9747585648
9447249046
9946358543
9048191673
9446089805
9847618486
9048676083
9846036480
8593977444
9387475237
9567509792
9846117377
9846528773
9446439359
9847222704
9746703600
9946020325
9961305534
9495955694
9567501377
9633476649
8129986305
9495918894
8129163127
9633611007
8281864118
8589068099
9320491050
9961664439
9037363170
8547056663
9656436936
9447001877
8129418600
9048571728
8921731239
9446485035
9447218199
9995352324
9400946578
9495505044
9388140112
9746470738
9946112460
9495105606
9447510551
8281137829
9605381855
9747960168
9495670502
9947849429
9847540743
9895161935
9446746287
8299025875
9961807796
9846106990
9605694153
7293102056
9446930338
9495679555
8606657300
7736612151
9846600112
9037203991
9400549936
9207184025
9846080405
9847570013
7025236390
9400794149
9526882476
9447379257
8907658242
9544983370
9446297919
9496737090
9895860381
9287347086
9447039811
9947681578
9946557681
8943847102
8903569475
9400756069
6282818504
9567519995
9995233211
9495506466
9446865138
9947141425
9605085058
9446868468
9446076423
9447815540
9746610990
9895527086
9562140038
9846385574
9895907786
9562361187
9526774388
9539888089
9847725142
8281476388
9656410300
8113804620
9846218541
9446025547
9447221547
8075346255
8075942048
9961871574
9846834462
9645644729
9744561234
9496480359
7293577537
9946440585
9746572764
9446050263
9846079750
7034656397
9446720613
9744778453
9995468601
9495643259
9847104904
7736775464
9249744244
9495201027
9995350001
8089045131
9895075655
9446164893
9496586104
9847772266
9946453924
9744810890
9744221590
9846835098
9037779000
9048886999
9921796603
9847107565
8606746155
8281579945
9745006337
9995858871
9447155055
9961168866
9495813218
9497200125
9496013096
9495995353
9349717774
9495378023
8893333152
9847760072
8921024648
9496180308
9061547523
9947007227
9895040500
9037690323
9446352722
8590433279
8606284673
9447731687
9496745993
9037474383
8891797020
9446103571
8547991060
9656270737
9847367824
9947747224
8714434448
9447001189
9656025880
9411178413
9447510720
9846558149
9447019750
9961922333
9447510462
9946130404
9995375130
9446431119
9446740710
9846196756
9947374497
9656659290
9447900415
9447268148
9744812745
9495989750
9495629002
9495632804
9633004703
9809728971
9446740630
9446489983
9744543188
8606893224
9947472729
9495843289
9447208852
8943436151
8129684349
7558054705
7592018184
9847729558
9895548080
8139815813
9446804051
8547815414
9446966434
8281863757
9495381673
9846433337
8281460604
9947136023
8136802852
9744420281
9539075422
9656377350
9446054313
9567109046
9495349119
9846062559
6598361196
9656185622
9447219888
9061147237
8943881176
8129270941
9947065894
9744649975
9446510038
9249331406
9497279171
9072195186
9847916667
9497188789
9744562836
9847219130
8281739550
9846850026
9562564457
9037643093
9481921123
9496276097
9846999883
9446208752
9495348814
9946600502
9947660449
9961323315
9446011783
8281920312
8304867363
9995800871
9744959471
9388253202
9946228099
9895137908
9497188514
9526297550
9747234342
9495376524
9072215088
9875368010
9895079377
9446610933
9447460363
9645928888
9747676459
7593939785
9447144312
9446349123
9895570400
9846071295
9447170874
9400261345
9544633832
9847771959
9611237619
9447048308
8137027941
9847182574
9496177549
8547900457
8907010010
9605819238
9744454400
9847930909
9847200573
9744662030
7012013572
9526661022
9446763771
9495501315
9539159927
8281992190
9895444546
9847011150
9995965686
9061507035
8547909509
9495813994
9400151268
9740004631
9526925302
8606423790
9349843616
9495580375
8089440283
9895038074
8129977888
9446426768
9447200291
9745206974
9446745715
9447187139
9633188360
9387406523
9744546147
9995821064
9895619597
9447378822
9847211584
9495600059
9895208488
9746147958
9447544203
9447302802
9747204849
9497676725
8281166679
9447474246
9847383334
9287927062
9562678971
9947600200
9846636671
9946250250
9846023373
9747738601
9605678484
9746958758
8547501788
9846404409
9496779416
9846964189
9037452272
9995312687
9526512183
9496244914
9818739952
8606394878
9995498451
9895518494
9745366367
9961476110
9895453170
9846199947
9895642979
9847602477
9037897273
9995519000
9846450036
9895968981
9846288002
7356844706
9526821359
9995556337
9633538051
9744142918
9961458750
9544539892
8301968828
9946634763
9995237000
9447579117
9744282300
9656254277
9847660976
9447986255
9048881863
9447733716
9495179960
9745572943
7558928037
9846388027
9447523195
9496575714
9947166102
9995356413
8606570798
9895686677
8547000316
7356414749
9747258205
9746026687
9526823610
8547483278
9446819152
9846151715
9995377565
9744418878
9961000620
9633294992
9645937664
9947991991
9567362653
7558065844
9847108805
9562804979
9961723193
9947035561
9633351002
9846722970
9895691005
9744135532
8547713235
9895416068
9846355196
8943645237
9745042850
8592924136
9446480000
9846217935
9947899257
9387412881
9645090367
9447078918
9949258833
9349269001
9846507200
9809477777
8547905629
9995106224
9846691970
9895884290
9446118337
9446127864
9847466731
9947237996
9003726267
9944460028
9961222038
9495764492
9446475907
9567492926
9446000701
9995949160
9961883312
9446029694
8281367056
9645138977
9895719076
9567878207
9567883312
9495571389
9446532898
9387739449
9633553672
9447285954
9496956970
9447167974
8281281234
9495257965
9847729686
9846097508
9497219972
9061360466
8547347892
9605204876
8939931390
9495163578
8848689156
9895431019
9446536145
9744991756
9995574777
8281528288
9446102693
7025759174
9526711122
9846224106
8593053050
9495431609
9495664823
9846091154
8547972990
9447247984
9633361930
9446363124
9895611899
9895375012
9497295619
9847442020
9846036448
9846112266
9605677711
9947629678
9895937572
9847411972
9744224704
9495272734
9497197890
9946454179
9656425005
9497650942
9446168202
9946261444
9744040329
9495994785
9446589448
9744100822
9446157077
9809048069
9605638417
9961627066
9895169443
9048097515
8129200076
9061025566
8281994326
8289937291
8547203208
9847040125
9446179935
9961849099
9746801915
9447871878
9947898702
9496072938
9947208332
9447740617
6238348735
8943334901
9526062733
9995487208
9995244453
9995336913
9526868896
9895173602
9495990053
9446577277
9176666429
8156881839
9048154359
9846187401
9745737093
9995749967
9961315497
8547830889
8281234654
9961619010
8089225557
9605983020
9645739637
9847584378
9633310628
9846728756
9061881574
9142780569
9947232187
9745630025
9946723404
9961680667
9562078580
9400924005
9961993342
8129431125
9895874216
9567386866
9497687966
8129452188
9497188541
9446514112
9037529719
9496960801
9745234302
9840155275
9072223393
9847470750
9995080110
9447870251
9447577246
9946813855
9846833349
9995261324
9048438437
8281269027
9447573665
9446535975
9895654264
9656947498
9745968545
9746579619
9495507694
9061034657
9495696174
8281902031
9940141659
9895533304
9747265741
9633415962
9497789470
9446742416
9633271977
9747402056
9446134926
9971418632
9446139469
9495520299
9744173102
9447121134
9446945175
9447601930
9562563124
9605104980
9020402044
9895056414
9497884337
9895377774
9400965984
9447325362
9995137395
9495252988
9746026984
9895946589
8921375644
8547001011
9605149418
9846016370
9495384187
9656132313
9061941234
9846032275
9497181901
9447826102
9495960458
9061874916
9446080852
9947742479
9895304629
9446932011
9446535974
9387458688
9847794894
9846070981
9995869582
9445045712
9763902361
9447608863
9833378231
9447913613
9446666414
9447414589
9544216664
9495157797
9446716246
9895315435
9947061540
9446927267
9496226772
9526304424
9847041311
9947306774
9846008355
8907050500
9656430161
9447487900
9447487906
9847327871
9847491277
9446128960
9895089599
9495712639
9946060555
9567097068
9847413029
9744724065
9447396098
9496993666
9745752211
9747788973
8888388333
9645801840
9447576702
7598799911
9496177023
9037384807
7591907904
9567266825
8547126331
9961889993
9446276248
9846580454
9446606897
8590071897
9446228053
9400338308
9578291414
9747800629
9744709425
9349960993
9349875575
9539081995
8157997770
9526031135
9497071386
9633885338
9544667923
9747864716
9447817914
9946060269
9446665688
9446079038
9947022722
7736750095
9656982528
9544132260
9947786007
9562193768
9605131527
7358124477
9061985593
8606617865
9400258976
8921665189
9847735354
9895118979
9961888018
9037781909
8547522799
8593995299
9846097762
9446718880
9895492307
9037002003
9846513854
9746825037
9744497446
9496263715
9447231045
9847461543
9646599733
9846512835
9605113997
9495744111
9446065263
7736124772
9400003993
9447907303
9495603808
8547922312
9372871865
9447152177
8943342245
7889202001
9400901999
9497459544
9100115866
9388600235
9847496754
9387436179
9846834274
9495714419
9446001806
7736438182
9746476336
8547432160
9387387886
9446981034
9847970233
9048078383
9495472093
8606667750
9496339110
9544958208
9847706848
9745695653
8848412661
9645033988
6282881500
8281732467
9037223808
9961219875
9846725286
9387826835
9207077814
8943503414
9846755380
9645086484
9995228406
8301979931
9446813939
9476769245
9895712008
8547332965
9744785038
9961664709
9496350369
9446217981
9846155059
9744909402
9961988388
9495604156
9447175999
8089002255
9633867420
7025115202
9895744572
9656293992
9846128866
9605388458
9447603326
9495934763
9744883101
9847080101
8129172864
6382086991
8891282950
9526143570
9895303203
9846278210
9447048703
9447028224
9497187060
9447233653
8893173438
9496430224
7010124281
9447184120
9633832658
9846407100
9446310164
9745189899
9037331967
9526062744
9447465373
7736139349
9495765894
9995185742
9947433144
9846618073
9947161503
9961909774
9847792827
9544251701
8547875327
9895214710
9947858592
9400922731
9995006000
9387585032
9995034693
9895765860
9946755146
9544860226
9847685622
8281321661
9447666969
9745348893
9562116887
9544118140
9497975485
9061337179
9400466435
9446441359
9497397458
9446089933
9847095150
9847007954
9447811575
8547013977
9847221988
7736070036
8281500273
9744842959
9746467106
9846041495
9746592755
9567019112
9656703814
6282112922
9744822057
9497088697
7356423495
9388479540
9447138022
9446084333
7012015575
9847274888
9633998913
9447554466
9744547780
9961472751
9747088309
9745963241
9495941661
9910395628
9846283080
9847322969
9562238368
9400796317
9847137835
7025587856
8547553167
9446061435
9605492550
9349281329
9447326283
9895933044
9447414433
8593907515
7561010000
9495879642
9387160999
9745604911
9446135133
9446400645
9446080021
9901955273
9447053300
9037070670
9947964603
9531816617
9388605801
9611897606
9946104480
9846134488
8547767254
9846421513
9446522461
9496917334
9446091770
9947233757
8660981722
9447166788
9946293560
8891299010
7560881096
9947832716
9061247978
8129437283
9037435578
9495737353
9447991223
9447790729
9447677605
9995374508
9562616658
9746850721
9037001122
9495897521
9387650208
9446983937
9961468159
9846336859
9495430808
9961368984
8281467535
9895941807
9446593614
9495466709
9656983047
9847453750
8129310646
9656802495
9633406741
9747678067
9847070933
9446397771
9446512221
8301024408
9544249915
9744121984
7561018741
9895460290
9846083683
9447465610
9946452779
9567773132
9745807829
9495944537
9847927597
9995219697
9947962615
9947233853
9895011550
9633035071
9747333666
9846094686
9995879255
9633011186
9895177561
9895031618
9846985777
7795024384
9961800342
9846262692
9847837475
9497188596
7558885063
8281865981
9847032422
9388419388
9745550630
9447251418
9540144685
9446481914
9746195057
9633188644
9349917113
8606668242
9562234690
9895192999
9946105170
9847994457
8086142887
9645278962
9400259840
8907364387
8547832411
9847582802
9846093660
8281246631
9447603495
9995431572
9447581679
9446441535
9544198199
9496152628
9745319115
9742011206
9446479156
8111887729
8136913054
9656591053
9656982141
9961049017
8037925739
9400789686
9388141496
9074983540
9495716474
9497677004
9605010990
9847549231
9387317967
9496359845
9847041611
9447049548
9846020263
9447082473
9847749040
7560956626
9847010046
9846208510
9447356084
9746051341
9847056091
9656714055
9847769557
9947471081
8075410296
9544821411
9349292036
9562310641
9447724695
9446207572
9746013907
9895189547
9447022642
9895040831
9846455450
9447352599
9809457354
9496249114
9447149377
9072150508
9744961379
8848703954
9895099366
9447369978
9349259241
9895397888
9446070819
9605090650
9847422939
9995681314
9745421589
6282110535
9847377447
9446024307
9961618824
9495193753
9895388643
9946833577
9446005566
9188711278
9496361296
8606736151
9446504505
8075557466
9895077162
9846636183
9447715829
9745955500
9847611222
9847338825
9400484831
9061658797
9495184956
8008677225
9544609145
9961571344
9388610102
8589011512
9645957021
9446717572
9400771515
9497681226
9946544417
9495577531
8129091057
9495354488
9447154787
9995322253
9544939178
9037159751
9895765953
9744225210
9947186388
9895580341
9745476026
8089344997
9846625306
9895201710
9946448499
9447580670
7736523160
8086171977
9745005180
9995498358
9400201984
9048408922
9020388333
9746686285
9447200160
9995136136
8301820039
9746365425
8078845056
9446320519
9447872008
9400309049
9995900294
9447768153
8656128191
9400524992
9447292262
9496173722
9961001321
9544127504
9400539627
8089792273
9846839151
9995626326
9747020500
9400055836
9747733428
8301041827
9961254495
9961817087
9495526818
9744270078
9847249225
9656380087
9447871547
9072162355
9562272880
9995420681
9847173294
9497962447
9846362218
9745424089
9961247469
9995019725
9847271765
9895816642
9895358902
9847604695
9447608499
9809813618
9895033753
9072454546
7558894154
8593088376
7025532864
8547591631
9562831304
9747198715
9544772238
9961999755
9048380840
9544071605
9495519403
9747236146
9744403156
9388818380
8089085663
7293497121
9400013133
9645756667
9037330623
7907803719
9645107540
9961645416
9745534386
9539468827
9847773641
9895229495
9846316310
9562854279
9995393026
9895929487
7025107797
9645277219
9605597859
9895572922
9895376760
8113948890
7736405138
9562118585
9446357969
9995260811
6282765802
9745801377
9946996723
9495025169
9496098530
9447574751
8156880384
9447528386
9037444060
8086666208
9526140936
9895732821
9645562198
9446411315
9447220179
9447145906
9846010308
9947474755
9567919252
9847122583
9995666180
9037099325
9847251269
9744746218
8547523162
9495425596
9646118983
8301940139
9446312299
9388602672
9847329505
9895005328
9847768850
9447716309
8089121209
9745226442
9447228628
9349671820
9495187779
9446404134
9061060747
9447508270
9847934264
9567820220
8589022484
9447022505
9895845342
9249472703
9447346583
9895006018
9446351134
9495892655
8086799241
9562569945
9895261338
9496394162
9495161629
9995970949
9061403905
9388405757
9846244253
9446025406
9895312201
9539000654
8086699988
9656861945
9142357478
9633158440
9847934881
9048821877
9526960082
9895222407
9495506875
9048822950
9048367245
9033575893
9895048895
9447190096
9447147470
9447104933
9387922443
9605282706
9446611941
9846061909
9447991207
9961155266
9961170909
9847167698
9633999900
9400852626
9847518098
9447609974
9447778411
9860148249
9746226278
9895062504
9495612611
8943190293
9747102313
8589023286
9946997200
9747207867
9400883957
9446593195
9745075697
8281369875
9349918443
9961499502
9947870608
9847299887
9495961280
9895534223
9567691153
9048632070
9895178336
9895949942
9846065326
9745394008
9447378276
8547350039
9744653847
9947259344
9995399000
8078129198
9746727488
9061340648
7356350352
9498097613
8075926134
9446583600
9446714400
9961665654
8129270924
9961206674
9072021215
9946976041
8547180413
9995640164
9745782745
9446214942
9995206189
9061571618
7306424468
9847030463
9447721560
9048557252
9495429015
9447965143
9946665447
9633197099
8547643221
9446465262
9446546932
9946667278
9895573471
9526453614
8301888977
9384118787
7558869957
9567760206
9497775295
9495180913
9746493631
9895877633
9895644426
7736649626
9447921625
9847135759
9947816633
9946120226
9847227425
8111937700
9995649565
9645005315
8547593015
9447603384
8848249015
9946670000
9895088220
9048711613
8891950220
7718847887
9447355535
9447697988
9895183474
8943836364
9947600864
9039734692
8129946772
9847429255
9447021167
9020676798
9447565838
7034032139
9495588661
7293561336
9895819006
9022616061
8281489928
9633309188
9995624573
9447078321
9946506442
9446078224
9207294998
9207007627
9447819527
9961488414
9995448895
9809912366
9895123495
7994541334
9995811668
9447817971
8129443111
9615779743
9895176306
8075400829
9443149082
9446458698
8891111370
9656666929
9830732212
9446687395
9446549805
8086697832
9656431997
9388600506
9633588228
9447602793
9633330099
9895765897
9446612159
8593993130
9496531077
9605741802
9633527421
9895090063
9946341935
9349292223
9037083407
9895005577
9446387493
9446184348
9446074244
9447737761
9495957054
9495425573
9447767155
9495747781
9400940464
9847241517
9567228773
9497540479
9895987099
9443391374
9447625174
9847099936
9447284320
9744957437
9895005383
9447637330
9746138686
9895638070
9895058345
9746378882
9446073329
9447422378
9946397140
8547000139
9846722992
9037709828
9544329434
9142509148
9020774835
9847025484
9846277171
8943370218
9349223365
9142135062
9995799651
9447090377
9847032345
9446501326
9846923992
8939932480
7907812801
9539436998
9446931303
9497238294
9895981367
9491248514
9848886795
9447097739
9895081560
9947472375
9656569341
9387101803
9447709989
9961742678
9995520770
9048713838
9662592588
9895557177
7909231272
9787256739
9946445406
9846874162
9447232615
8078556050
9605039277
8138021100
9846115035
8281724480
9446544480
9544129941
9847406193
9048094617
9633003499
7356002659
9447720489
9746737401
8086285361
9645846042
9946430913
7760425031
9498080238
8089491351
9447043754
9895765464
9995846786
9846081214
9447294554
9037385543
9249730578
9446227318
9496120556
9443045400
9037978440
9562994224
8086078716
9048008574
9846300044
9633177608
9388612279
8891716207
9447841118
9446318781
8547732822
9495141414
9447797454
9495536475
9562376000
9747873282
9495995957
9201943652
9446080803
9447965759
9447134820
7510820286
8086039174
9497216008
9446533709
9895946360
9846077183
9497459085
9562727299
9496040869
8891203563
9895016136
9645083104
9745232727
9037214988
9447464946
9895934757
8157984285
9388849253
9747973943
9400820184
8301958776
9847345172
9447888954
9446569168
9846344756
9847052666
9207371084
9447347891
9946348527
9895693345
9544621463
9846151519
9847495227
9645800247
9447193983
9895090906
9037604293
9847338525
9847788396
9840958455
9846819921
9895190291
9847475610
9654745143
8129963630
9447131949
9447985138
9447120334
9495948212
9446508142
7025220470
9846441443
8086005856
9446897091
9446464906
9061507979
9746198884
7025111092
8848470579
8606236011
9495603285
9895759438
8891030840
9746350013
9446531203
9495519699
9567909007
8547973544
9562609657
9895652071
9747059021
9886208361
8943778787
9633029935
9846176933
9995821117
9495933560
9496118789
9495518449
9895916703
9605089211
7736464850
9847516760
7592944620
9605390450
9349160031
9846388818
9567759476
9447097531
8589988830
9447379377
9061158091
9995162188
8281732352
9495947451
8281372137
9388609103
9745997007
9746478944
9847034800
9961005360
8891152503
9847340707
9495024665
9846057697
9446210744
9995089202
8089547771
9884253350
9846732226
9618884800
9020967531
9349277908
9947092333
8547000321
9747166390
8281943267
9995359028
9037375471
9447017570
9995989200
9846073021
9496160382
9947814297
9061862974
9061278002
9656699711
9447733659
8089563348
8547555090
9961656237
9895088308
9310524787
9544066669
9747639173
9746470333
8113034235
9847193182
9447812639
9847729505
9947921761
9496277183
9447698253
9446290371
9447813320
9656869943
9995044279
9072948061
9387377586
8086303901
9946058020
9544724680
9847888483
9446468104
9497026165
8289887838
9446486745
9446127790
9400645481
7736012726
9495632249
9895071410
8943093138
9846201871
9947364580
8590957043
9495768268
9847398040
9846534585
8304041334
9447232609
9745999824
9447519060
9188100592
9847767413
9447369555
9656878929
9847661736
9539244415
9400656689
9496040079
9446982926
9495970206
9633195744
8289931992
9539747957
9495984997
8848620295
9846022042
9496197726
9846121577
9846581402
9447573860
9847974229
9447580770
9447233182
8547000338
8129822333
9567330771
9447260725
9466104484
9496266399
9847140933
9447930459
9070912577
9447807780
9947243914
9447815390
9037518295
9447326812
9847085991
9447510484
9995199426
8943948650
9388808538
9995006118
9388702295
9745451155
8921360850
9847740580
7293121212
9496062110
9895205323
9496566389
9496258732
9061069944
9847047714
9447166118
9496303777
8547729251
9447114219
9446505328
9446437487
9847914086
9496123907
9847388115
8893815065
9605855979
9895753329
9895056848
9895165609
9474303005
7025941759
9388805377
9847911494
9446265830
7994691805
7566901052
9447026648
9947910547
9544080011
9846093102
9497491517
9995893326
9446684215
9847183296
9947141332
9847448268
9447361020
9895711750
8594094721
9400642226
9847946513
9645442423
9567387369
9846026675
9446826431
9495534567
7736459991
7306545829
8086049738
9846151889
9847593141
9744051382
9995533788
9447811806
9447158593
8547774964
9946094023
9633710390
9746130292
9447460708
9496173796
9447666983
9446006629
9048460999
9447522615
9495856476
9446972263
9847000929
9562843379
8089928019
9747711985
8129941144
9846770429
9846182824
9876532819
9495971889
9400148409
9562665720
9495505205
9249397051
9847035433
8524802689
9442291019
9497278730
8547200318
9744495101
9747884525
9847292317
9990588243
9946125328
9447107605
9745712606
9847724187
7356156743
9447055630
9895709778
9447048897
9744108404
9496202777
9497687194
9947892237
9544907512
9446056610
9447351600
9446139294
9847083367
9633795607
9846763368
9497188284
9846276372
9947648800
9847140896
9744517299
9745989863
9072202358
9496564747
9847043760
9496823751
9995891449
9850949152
9895298841
9496060941
9746662026
9048854255
9387388092
9645465352
9946025471
9656064351
9496574850
9895563527
9567739910
9847303965
7510910952
9447503200
9895489034
9947630259
9961725473
9544483807
9656384813
9744213680
9747612576
8136922144
9961762684
9400871465
9801872890
9744493958
9198990834
9744273141
9995770035
9447184923
9349265917
9447048804
9895721732
9656943115
9447295401
9496067314
8281983797
9961449987
9961604000
8129353132
9995123968
9447380982
8606162487
9388274414
9995431415
9072792902
9895562641
9495814670
9037378572
9544583017
9497023290
9747158276
9605339125
8137033582
9946556426
9495812822
9847190052
9447407973
9847965162
8136937114
9496212750
8848182450
9847448274
9447610049
7902357303
9400707924
9567875946
8086308565
9847004997
9895918495
9061055258
9846023940
8592854763
9645822998
9539167112
9746569749
9605418478
9388605986
9947136041
9745037506
9747016809
9526224924
9645185993
9447740634
7907403921
8547880226
9947048316
9446218091
9747266179
9895011022
9048306904
9656100619
9447260499
9645038582
9847933204
9526282285
9446477093
9847241782
9447174945
8136848799
9446409889
9567820000
9447217586
8111804573
9544057777
9846658561
9445213727
9746265773
9947271361
9986755635
9526827851
9846090770
9895015353
9388813984
9995526934
9544124240
9961277035
7676972872
9846595615
9745073353
9895174621
7736306667
9497246322
9645356874
9447095591
9447006422
9447250943
9446141436
8606496421
9847159430
9567878910
8113014248
7736331938
9447331396
9847422084
7736898716
9447378173
9497369116
9846744485
9645403704
8129395828
8089165104
7736113336
7575875165
9446865207
9495466691
9446695397
8547143897
9947111717
9847388812
9895175424
9349006050
8714977986
9847923314
9995201869
9947460716
9847766700
9731866550
9895399110
9847181551
9947050400
9895843238
9496043400
9447023076
9562313520
9656880542
9349274902
8547821902
9497023737
9388605400
9544352906
8763860091
7025752621
9447405256
9447991245
9846166344
9444389332
9846042834
9446713442
9447834295
9947989228
8129209660
9249582760
9446719235
9539151506
7012530712
9446539437
9544791124
8113032794
8547790007
9446096122
8891113221
8589092170
9048901845
9567136735
9496060726
9349376511
9526830848
9633083565
9400397344
9447022684
9496063380
9847159483
9633497812
8089009089
9995474906
7306955177
8281484048
9447546562
9388992111
7994118302
9446531742
9846812537
9495408980
9846262195
9847081504
6282350711
9895011006
9869785298
9847681227
9072301971
9847053606
9947249090
9747434042
9846332259
8891385534
9656041149
8547892608
9961992304
8800423484
9846166123
9048025246
9495510054
9847993909
9946512730
9605588550
9961663970
8129742778
9847878821
8848455749
7560896627
8086219823
9947595659
9895772544
9349005223
9746524060
9847433202
9847925260
9745869667
9895102913
9656378216
8301826394
9504689834
8547843088
7907046302
8129446442
7034233633
9995265652
9446129012
9447211473
9895267343
9539495969
9515457895
9744421779
9447061147
9895015436
9526930824
9400762582
9142842756
9895189440
9744616469
8075758064
8089516564
9847622245
9436756644
9048039113
9947772705
9072214636
9947187033
9847474795
9946995105
9539749103
9550713449
9645433628
7356644479
9995311163
9048372388
9495591213
7293142320
9562733068
9446013535
9995981801
9495127911
7560949114
9895048468
9846456887
9605591328
9895942488
9142548054
9496106130
9746831617
9656424816
9946291911
9495383761
8138906650
9995532000
9633003780
9947102319
9497835020
9847697838
9446891486
9656433933
9961991702
9846922271
9249262637
9558007596
9846477112
9048495797
9539003680
9037378216
9847701999
9895137938
9895765859
9539725766
9037055575
6238270959
8893804142
9400876716
9497687798
9447172873
9446054527
6238179990
6238374081
7012541418
7025588989
7025685213
7034770415
7510820018
7559098652
7559814778
7559842136
7560944861
7591932605
7591966313
7907116958
7909170996
8075907398
8086420591
8086559336
8113060522
8129988450
8157878013
8157997178
8281072869
8547165830
8547781183
8593820662
8593829601
8606468014
8714831625
8848805799
8921556592
8921838552
9048640951
9072157440
9147538227
9188281078
9446155195
9446692735
9447651242
9447681078
9447842879
9448959002
9496804674
9497872080
9526298375
9526994696
9539147087
9539912301
9544850315
9562493923
9567742932
9645179285
9645416615
9645695761
9645717944
9645796709
9656298827
9656487369
9656498089
9744404705
9745020628
9745020650
9745056284
9745484548
9745672423
9747033312
9778363331
9846518785
9846744313
9847501521
9847899122
9847968835
9895231978
9946098652
9946778355
9947160351
9947610597
9947691135
9961075413
9995733894
6238339349
6282713363
6282997627
7025506448
7356332068
7592874238
7736805366
7902979435
8078878323
8079176777
8086410703
8086629610
8281253950
8848309334
9037898770
9061053018
9074188287
9074907855
9447509490
9447581676
9495794721
9526984157
9544414067
9544907137
9567107874
9605661474
9633776083
9744908079
9746849028
9747654943
9845075155
9846431351
9846752455
9847100639
9847118466
9847912327
9895570483
9946063060
9946535682
9946681549
9995393046
9495353473
9446812941
8547804794
9846597848
8136814793
9497204793
9995774636
8848346843
9447319909
9847712828
9447204500
9288038831
9895242399
9447510144
9747323265
9447742927
9048676943
9744157433
8606273617
9605933173
9447814445
9447164538
9745045015
7034150808
9746825735
9995495227
9495427653
9747066040
9747191301
9539011887
7559023828
9744784993
9400238614
9526658548
9496175438
9961741701
9447396244
9605497229
9846209475
9846646625
9947023288
9447821582
9895347554
9447578716
9961709480
9460330978
9995492565
9447355323
9400650189
9847963882
9447621300
9447510112
9495194674
9746582021
9744440467
9447913865
8157884474
9947489433
9447435388
9447144947
9447293310
9447980436
9447308329
9495685511
9446805710
9447872147
9744276070
9605462459
9995797202
9847654224
9747421767
9605028537
9447251158
9447200274
9495989318
9447814446
9496327287
9995824294
9947831372
9947450457
9539065448
9847106511
9656096828
8086070362
9961399313
9446216823
9544844609
9446319010
9447414483
9946802176
9495194254
9745576777
9447818151
9946618124
9400224296
9447212908
7025192942
9495852386
9447552763
8089112930
9447055064
9447050813
9656683381
9446717199
9447058706
9447828316
9847663680
9447668374
9562065907
9744745413
9496823213
9746850271
9496435459
9447068857
9447700728
9562962877
8286567301
8281567301
9497386513
9947703131
9447773228
9947035214
9020668560
9947247871
9446221406
9947882871
9544373587
8086119706
9847762161
9961740351
7902359491
9447506687
9747911071
9946740445
9446740445
9447293303
9747689727
9447819547
9447039520
9495970492
9846196135
9447136576
9497686470
9446485233
8281915049
9447222393
9388801861
9447980128
9447107630
9447252319
9847772838
9447214271
9961058226
9871790302
9447837743
7558897192
9495656953
9495665648
9744524548
9446866414
9744077011
9446960228
9447058126
9447291819
9745262060
9400335472
9745975899
9633472572
6235159308
6238987714
7012266464
7034007729
7034257286
7034262615
7034863622
7306222606
7306713851
7306767819
7510730730
7516773707
7560824620
7561010382
7676243366
7907352153
7994530178
8075510676
8089206678
8089235076
8089296604
8089369988
8129316918
8129806842
8132476142
8138960565
8138969965
8229914463
8230092573
8237815887
8281614351
8301840742
8547010006
8547206920
8547248852
8547378147
8547380365
8547521176
8547521537
8547739275
8547760158
8547880024
8547987922
8590027895
8590185319
8590209295
8590489754
8590499544
8590504742
8590629263
8590684504
8593967234
8597324636
8606528973
8606532591
8714716574
8714821164
8716313353
8848243304
8848464330
8848683924
8848989128
8891826290
8921684058
8921932201
8943143485
8991674886
9037105914
9037222586
9037252476
9037520359
9048021554
9048214272
9048646060
9051478191
9061240451
9061937045
9072053188
9072765910
9074657145
9207121385
9207247838
9207883544
9400170151
9400324442
9446289284
9446793025
9447037433
9447442316
9447812457
9447878973
9495263034
9496169620
9496749740
9497063326
9526119271
9539026955
9539050951
9539260123
9562019012
9562827503
9566433132
9567458327
9567787256
9605163930
9605230082
9605247123
9633082358
9633104098
9633598877
9645124161
9645221995
9656541316
9674877452
9737852685
9744187509
9744763123
9744777599
9744906638
9745132271
9745168873
9745240120
9745878413
9745901135
9746137871
9746264917
9746415834
9746898670
9746968909
9778313732
9784780465
9846009233
9846364115
9847120240
9847442873
9847777374
9895275128
9895364893
9895662939
9895809096
9907433712
9946836209
9947706313
9961843015
9961859788
9995250503
9995378299
9995631934
9995669047
9995704252
6235587376
6238120619
6238255383
6238276978
6280971685
6282116579
6282355743
7012812134
7025373708
7034262518
7034894338
7306159165
7306365991
7559003143
7559951969
7576111085
7582145916
7592829841
7593806932
7730176772
7730426152
7736212720
7736298768
7736304617
7736866174
7756825194
7902859072
7994227656
7994515567
8075556948
8075929189
8081869155
8086129599
8086545287
8089941556
8113821884
8121449740
8129024856
8129194056
8137955343
8281304814
8281502217
8281861615
8289893839
8547313038
8547562808
8587070799
8587714915
8590211345
8590866541
8590871964
8590878519
8593881187
8606099314
8606570669
8606841538
8714510029
8848375361
8848701221
8848786575
8891180029
8921364573
8921915215
9020777444
9037151521
9037275900
9037390231
9048596869
9072086186
9072400221
9074343506
9074754499
9388557474
9446273509
9446462387
9446537866
9447735007
9447815417
9495241764
9495492929
9496177204
9496775593
9497384171
9497772589
9497869449
9526543133
9539533153
9544325530
9562000735
9562570494
9567017346
9567332327
9567577181
9567968951
9567985405
9605302235
9633326911
9633774111
9633790881
9645134979
9645188286
9645548052
9645561729
9645935101
9656591860
9745242048
9745299912
9745450374
9745520516
9745755599
9745755695
9746184708
9746360805
9746729175
9747037989
9747194224
9747195905
9747382112
9747961122
9846122636
9846222632
9846266461
9846493189
9846573117
9846718196
9846827579
9847039911
9847271318
9847993265
9946428474
9946513638
9946586156
9947646804
9947798429
9947913807
9972761006
9995447288
9995698302
9995788269
7306851154
7994746432
8113096691
8281290284
8281708122
8589863383
8590592776
8606012416
8714809497
9048362698
9061012411
9526240448
9567480233
9605230719
9633458392
9744228624
9744678890
9778127964
9947719931
9995426231
9995673664
7012622619
7012814749
7034942411
7558084604
7559831297
7907961099
8078508494
8086813741
8089537726
8089644302
8089763086
8281672916
8590077215
8590333953
8593948340
8713878333
9048496104
9048669796
9061579812
9061643146
9072514081
9072840739
9288119756
9400668715
9447338196
9447847596
9497649021
9526602820
9539449166
9539662568
9645455199
9745166747
9745692827
9745919130
9745936426
9745953321
9747223085
9747600572
9778321292
9846488037
9846620200
9846651287
9847722526
9864826809
9895095580
9895547439
9947465649
7994158683
9846289528
9188609640
8136979653
8550000000
9447927699
8590000000
9526170665
9074189010
6238961042
8086080289
9847009904
9656624263
9544081132
9747732094
9745208819
9447242717
9746319887
7561070905
8078351470
9744709828
7907242296
9950000000
8610000000
9447979847
9446767749
8848766673
9946350218
8156801651
9074107086
7592926211
8280000000
8907380449
7030000000
9496241540
9605259635
9048276250
9747183673
9495623114
9447392895
9526015106
7012404453
6238837793
8590019505
9446136390
9207454800
9495377473
9847788211
7025112098
6282769876
8592081261
9048054995
9539757494
9539706029
9645315795
7025792884
9946420069
9645126854
8129519210
8086340095
6238460870
7025718251
9142444019
8110000000
8086939985
9048703971
9846093684
8590493571
9048657817
9747960327
9526856978
9447635015
9539428208
9605676780
8075284976
8850000000
9645773153
9544355107
8156840233
9946462828
9846542982
9809553464
9744030568
9961322324
8281711845
9847629175
6282608020
9074620676
9747246952
9447444395
8086420691
8281069599
8089833569
7025924890
7994773032
9747973793
9495490081
9633086270
9562628129
8075863269
7012088141
9048509229
9847360649
7012449946
7740000000
7902671394
9645947555
7034845246
7994951041
8075728258
7558827802
9495512058
9562534559
6235074527
9645804780
9495101133
8592809890
9605483551
9605583551
7025185906
7558037630
8848714680
7306833078
7034339550
8592871394
9048162408
7306903996
9744434892
9847534863
8589025835
9744184335
9605385757
9744970714
9496215986
7034702645
9946339128
9450000000
9850000000
6238714790
9746217122
9750000000
9037360459
9539102182
7559927926
9605481240
9495487687
9961227443
6235174893
7510921966
9846295137
8943686191
9539869145
8113911572
9400832826
8547429433
8590844594
9900000000
9778209329
9946532390
9539428297
9995194554
8590770065
9846816337
9745572864
9633120357
9778353508
9074625483
9495323499
9645449683
7510801836
9072786773
9656045806
9744059579
8129981609
9745056490
9037267339
9496045586
8848820568
8547258215
9745027593
8086910952
8606258009
8157961804
9744463729
7306505071
9745361916
9605560049
8590437480
8943866393
9539141120
9946281488
8547956018
9747565186
9497117234
9048595992
9745351769
6235245301
7736538025
8890000000
9846214900
8589966780
9526032523
9539376662
6282100531
8547931859
6282701609
9846252449
9539649717
9946309936
9846381817
9544388361
8086157370
6238535702
9961681752
9560000000
7012536669
9567421355
7902727309
9656041069
9048670275
9747174469
9544846751
9074876676
9744976175
7034013382
9562293464
9339629748
8590415626
9495511118
9562953962
9497870143
9207967151
9562548725
9846816715
9846419120
7034183477
9747053101
9847241572
9645569935
9048232954
9656456461
8086768304
9496362795
7012479919
9050000000
9846238281
9447842917
9061289820
8304886800
7034043800
7025880443
8089188638
7510719805
9072554020
9645796891
9207241680
8714145451
8129808809
8547275953
7202427205
9605411855
9745661140
8589936315
8590424534
8606014587
8593820317
9544370603
8592900524
7902248509
8113870934
9961799800
9946625965
9497664854
9446388166
7012387805
8921561053
9447274296
9846853720
7994967244
9645511538
9447978252
8157066001
9539255021
8281251142
8086901373
8943278510
9048068940
9874248567
9495360477
9747304476
9074616134
8330076484
8086574489
7564687741
9540000000
8157964670
9747985921
9048934156
9946008173
8590466042
7736986136
7034768353
9744757202
9645455558
9946263279
9061400179
9562094340
6238406629
7034380738
7902861306
9497037205
7902318544
9961234491
8592807688
9656073654
9526867294
7306413846
9847582470
9946420311
9745703039
9745157598
7561805670
9496837885
9446728574
9495609379
8589923388
7025085469
9072546830
9946929460
9496669748
6238522619
9745484006
9746923151
9526950254
9961899457
9048731816
7902316942
9400079543
9539011354
8086910918
9061450902
9946813282
9946204548
7034638204
9539248041
7593055091
8592816345
9074218689
9446402688
7012230764
9072089246
9656813874
7990000000
9745340357
9048319296
8592080091
9946882283
8606843387
7907891680
9946445797
7736767005
8891495135
9747657685
9747980792
9037930680
9961215530
9605183481
6282685427
6235122398
8891204817
7012269396
9946086430
9746547290
9567836872
9744801310
9946501971
9745859079
9746781495
9446782302
9526176997
9544077251
7012034873
8300000000
9544177013
9656791329
9074103856
9567976913
9486100525
9446245339
9778006038
8086923313
9048174167
9037390242
9567789898
9847196001
9496953153
8086191926
9526700099
9656372503
9562888728
8593958415
9846451829
8590622685
8943924781
9072145403
9995746880
8606920159
9946642784
9847450554
9747446767
9778070562
7356633478
9544181173
7570776921
8086709431
9567111381
6235192849
7012674357
9745119305
7561837791
9745924587
6238648902
9048591102
9847666613
9747072432
9946277511
9645364071
6238987588
8089834167
8138048317
9207907281
8304948551
9946777505
8113965645
9846596906
9496661773
9400327972
9645590511
9946134896
9747363079
9645854767
9061432450
9645694844
7306454500
9961594600
9605033990
9656356442
7012925975
9961712775
7510299798
9142267255
7736657844
8606247068
9048193894
7736574049
8086672918
6238667798
8089728705
9778057099
9188761246
9539744325
9072218346
9446841511
9656830270
7510719699
7558034276
9497670610
7594945161
9746375476
9847927029
8592083862
7034704287
9747343447
8590539949
9846454004
9605723980
9048441751
7034960177
9037001618
9645446894
8943800798
8943076806
9496552553
9500000000
8547586209
8090000000
9745776119
9074082498
9745467199
8592963470
9048566369
9847122656
9605787048
7034475547
9048150794
7034639218
7356845060
9745201031
9946486850
7356418104
8921323911
9074257156
8606026696
9778066951
9961902740
9446280417
8157048409
9562895685
9446109753
9072324835
9656443533
9544088470
9447841215
9048533372
7034717303
8589078237
9496480098
8590501307
7900000000
9207603020
9605091592
8943884250
8590925043
9744414844
9447652058
9061491660
6282521872
8943382810
8086969842
9495913009
9946109258
9995443508
8086431562
9747840031
9497350746
9947506549
9072467332
9207001784
8086237514
9961703274
7551873158
9495454243
9946820752
9400151796
9645408923
8080000000
9400933104
7592047381
9061929578
9605363155
6282045107
9446276462
7025067816
6235140645
9745582894
9995331840
8593069602
9447160187
9526736500
9526078378
7736929055
8089641730
8078826084
7034138555
9544077122
9446993674
9539868895
9778147177
8086969121
8086815715
9633577888
9947640296
9746564436
9745083521
8592096861
8075589995
8943371056
8072143538
9745898363
9539883735
9495492136
8078309320
9747024955
7034147525
6235935040
7510847339
7592873016
9946686499
9742924693
9745126804
7510780096
9061089433
9496467872
9656491004
9847198807
9048272762
7034617386
8907572969
9496362766
7907849265
8920000000
7902844924
9846958223
9562154329
9846923151
7559048700
9526753375
9895331020
9961784217
9946163225
8113838611
8590073672
9072092169
9446986098
9645914935
7306857233
9656420968
8943273636
9846459299
9497303672
8848653579
9526654553
9744847071
9846063259
7592878395
8590927969
9447630499
9656156073
9656135692
9447927373
9995168505
9061400912
9562007547
8086341478
8086802374
9048338312
9847872009
9846438245
7306838951
9656608192
9895525553
8943547687
9562897187
9037448238
9846341176
9744734733
9645903619
9605373893
8943340002
7034296666
9946219395
6238339606
9744506550
9633396464
9660000000
9847862656
8921957170
9745926771
7594950473
9495497438
9190000000
8593906746
9633802145
8943472064
7510972657
9995183524
9745743136
8281358895
7594940654
7034174377
9048855461
9446884759
9656736652
9538294780
8330058618
9020787583
7593002091
9446633942
9544762808
9446730230
8547317118
9539762667
9745764688
9447539054
9207825737
7594006714
9745768993
7034377523
7560857580
9188108129
8111842981
9544845316
9747616879
9562006342
9496024079
9539464183
6235183852
9188340252
9539902120
9048714405
8113057148
7510559089
9048496048
9633259390
9947447567
8157997643
8075061597
9961750841
7736680529
9074003722
9745923311
8113900481
9526891698
9645124113
9570000000
7593035889
9539216005
8089751039
9048415545
9656046188
9809515264
9072924002
8281976134
7510000000
8086924721
9946744264
9946008172
9447219371
9074270971
9070000000
7012124616
9400411240
7510281325
9745766252
9539584500
8281661240
7560847256
6280000000
9846696185
9446729058
9072581180
7306674626
7034298860
7025580857
8940000000
9961401245
8606393699
9946260396
8086597732
9495318588
9188271640
9745515817
9895745700
8606893446
8129748815
8086256240
8075107150
9846974573
8136874405
8590165396
9656032164
9633596938
7558953380
9847598756
9048736801
9656966109
8606220954
9633340590
9846818704
7902558609
9496467889
9846830104
9895247840
8304094864
9745462337
9495531544
7034317363
9544717875
9447263907
8590608163
7902490250
6238732439
9526504865
6238758450
7591952369
9447437782
8606630206
8606702655
9072365030
9946744232
9747988980
9745916727
8606682132
8089085857
8606262972
9995810099
9539818390
8075306404
9747501388
9207239053
9946830052
9048696697
9605537230
9497843796
7025856534
9446477552
9610000000
7902248214
9072113400
9846077350
9605594847
9846385429
8590609414
9745924852
9746814755
8086281461
8089889605
9946497017
9946810802
9495563426
9539497017
9745302142
9562704958
9048238564
9744559305
9961220641
8943186594
8606000918
9645292615
7025754415
7910000000
9539410639
8111827687
7907167428
6235392872
7591925114
9048495093
8921268500
9747439387
7034586243
6235047593
9539428287
9605237729
7591902760
7306561006
9745128923
9526463656
9961674425
9645120997
8943613181
8943612994
7306421699
8156914694
8943680882
9809824775
9747072440
9946928013
9048778269
8075324012
7592937587
9446394219
8086214707
9061281180
9539183300
9446403271
7593095240
8137864346
8086256837
9846814061
9895930732
9539314390
9995953045
9846106654
9562295793
6238823838
9544989748
9745293584
9745202734
7306027676
9961549723
7034370634
7907718861
9539823451
9061210487
8943619817
9495183955
6235177019
9496837860
9645321791
9846151380
9747477372
9645755680
8160000000
8592079842
9567729828
9544500413
6235460539
8943381988
9946942788
9188276929
9947720279
9846700893
7356782582
8086645954
9745839809
9544665830
8606143176
6235894177
8943155893
9633875624
7034961324
9061290094
9944060615
8848757567
8113018423
7592873486
8592877874
9544541050
9995428756
9495210709
7012424177
7510230331
8606173308
6238671684
9645004997
9567784257
6238154209
9207483750
8089456471
8592079704
9645785611
9496443747
6235760035
7356741391
7356318421
8086213740
8140000000
9544591858
9446156057
7012770024
9495740523
7902878521
9946820156
9656388593
9544670145
9942496533
9048640272
9072016186
8075036793
8921492597
9645755442
9633690191
9633120989
7036128867
8590195181
7736871256
7591902784
9072056873
9745227604
8157997825
9645409745
9947773520
6282497540
6282591090
7012665388
7025449361
7034390267
7034535610
7306257203
7306316178
7558999837
7592837197
7594004669
7594933053
7736480172
7907464016
7907750791
7994577569
7994944300
7994953082
8086089548
8086118787
8086382165
8086957644
8089508972
8089553574
8089815088
8129109120
8129287854
8129875971
8129907581
8281225860
8547139790
8590140078
8590858357
8590909128
8590917650
8592874410
8593004254
8714454294
8843146811
8848122175
8848765310
8921857882
8943420725
8943746451
9037068289
9037220140
9048010588
9048056714
9048180334
9048279332
9061600382
9072434859
9072742658
9074751768
9446768030
9447725523
9495322933
9495374074
9495501996
9495608538
9496978320
9511752860
9539025879
9539472207
9539523889
9544643126
9562497861
9562539040
9562668882
9562946658
9567076656
9605121000
9605782607
9656020392
9656500224
9656649924
9744508975
9745353291
9747315729
9747746618
9747985617
9778152151
9778550969
9846429428
9846500507
9846521175
9846817373
9847830448
9946562620
9946758599
9946771772
9961124052
9961376694
9961749228
9995397889
7306550438
7560888740
7592847960
7736568300
8075312246
8086120636
8086507190
8086981756
8086984746
8129883121
8138856028
8281504556
8281863460
8289814260
8301093305
8589039096
8589923926
8590215365
8714295400
8848494925
8907255872
9048444148
9048524871
9074030072
9249272970
9446770249
9446881857
9446951961
9447305140
9447332542
9447406410
9447537567
9447845647
9495740162
9496137242
9496583288
9497658734
9526831654
9539389020
9539477248
9544877192
9562494905
9562872636
9645508652
9656755929
9656992392
9745151633
9745235842
9745956143
9746428450
9846503984
9846728450
9946199575
9946435199
9946973661
9947582544
9995114421
9995683495
6235082935
6238370685
6238535530
6238565300
6282637944
6282702847
6282707581
7012522835
7025315223
7025315234
7025642769
7034122768
7034790816
7034925452
7306415898
7306613831
7306894624
7356015931
7356349442
7510315071
7510727077
7558935130
7559079322
7560909030
7736849142
7736875313
7902231566
7902267295
7902638745
7902881766
7907356511
7907460190
7994325502
7994483032
8075027310
8075629208
8086588600
8089626676
8089862743
8113012290
8113829014
8113913782
8129216645
8129427469
8138975632
8157060569
8157817669
8281100808
8281811444
8289897388
8590425157
8590585395
8592828483
8593906950
8606008316
8606046183
8606171740
8606358825
8606596085
8606718711
8606784966
8714056593
8848023609
8848754764
8921379227
8921386124
8921961596
9037559131
9048646847
9061147262
9061147276
9061253599
9061500436
9061814415
9061815732
9072100447
9074716531
9074784746
9188707530
9207610950
9446884710
9447537585
9496556843
9496887206
9526064522
9526368914
9526371980
9526394437
9526577844
9544426097
9544906759
9562117405
9562276952
9562432817
9562520034
9562802214
9562815435
9562845747
9562860152
9567740305
9605185076
9605401020
9605448390
9605595379
9625040404
9633141875
9633791650
9645452608
9645618469
9645841136
9656313694
9656801863
9744098171
9744313694
9744315127
9744402431
9744485682
9744518332
9744904135
9745898910
9747000811
9747310303
9747388600
9747557261
9747586902
9747630400
9809273937
9846321709
9846713605
9847343045
9847688810
9847691940
9847720540
9847740729
9847753198
9847940527
9895685783
9946342930
9946837019
9947151614
9947791867
9947928538
9961089200
9961195862
9961270848
9961431805
9961470837
9961573965
9961669180
9961692151
9995299820
9995864960
6235306823
6235345980
6238506518
6238895793
6282485358
6282839353
7012068683
7012131273
7012145673
7012158371
7012696409
7025138447
7025182235
7034040406
7034069368
7306277310
7306314773
7306700874
7356082213
7510319290
7558985132
7559017823
7559017833
7592828347
7593028079
7736012736
7736240991
7736709030
7736725411
7907438191
8075172969
8075193321
8075196679
8075238467
8086292396
8086623356
8086644436
8089475438
8089516446
8089543821
8111804468
8113047525
8138093266
8547209022
8590183614
8592060875
8606639167
8606753761
8714404300
8714465876
8714843090
8848274787
8848569919
8848887627
8907535312
8921395137
8921853564
8943695620
8943811981
9037207819
9037235785
9037518250
9037544179
9072594015
9074368253
9074525864
9074730761
9142188889
9207217521
9207220157
9207552161
9446824935
9526036933
9526924893
9539049732
9539790359
9544048336
9544251547
9544364896
9544516130
9544761668
9562201641
9562354371
9562439053
9562445794
9562530078
9562560585
9562651997
9562673059
9562805639
9605004733
9605216712
9605545231
9605597115
9605695390
9605995679
9625020202
9633354468
9633894763
9656297558
9656500423
9656664303
9656897447
9744085509
9744618313
9745045984
9745807696
9747252589
9747723436
9747952571
9778303382
9846366541
9846383498
9847006449
9847301029
9847355748
9847735707
9847949133
9946529192
9947505230
9961080611
9961282792
9961669449
9961748969
9961773607
9961962454
7012959493
7025854326
7034158721
7034326659
7034749892
7356986209
7548811674
7592926488
7736568997
8075636469
8086167003
8086407423
8281035566
8547153296
8589915949
8590852626
8593982870
8606085028
8714460552
8921857732
8943259857
9037874363
9048583822
9061607910
9072819846
9074845962
9188558619
9207947452
9447980361
9495291899
9495817170
9746608033
9747149532
9747538207
9747606679
9778738937
9846196642
9846229139
9895516365
9946338879
9947069782
9947082890
9947261356
9961217200
9961399246
9961923730
9995218191
9995898203
9995947452
7907087305
8089180328
8714473889
8943680207
9074590065
9447770666
9495139730
9495232940
9495511975
9495563536
9496979227
9539046763
9539851241
9539963787
9562060616
9562223141
9645122782
9645653536
9846377131
9847197178
6235687134
6238441271
7012756953
7025014649
7034013482
7034071800
7034414599
7356170495
7397332757
7558999433
7559900496
7907819358
7994817838
8136813102
8137836931
8156874778
8606904584
8921177919
8921869421
8943492593
8943957128
9037127209
9072857425
9207811609
9526012543
9526186021
9544394016
9562184575
9567221652
9605299393
9605501157
9605660483
9633530277
9656586958
9744255735
9745287763
9747747221
9747974827
9846477409
9946921346
9961925357
6235511943
6282710794
7012951748
7025865802
7034596254
7034635162
7510343460
7994026082
8086408232
8086432944
8111957259
8156999681
8301005402
8590059422
8606479547
8606739350
8606894044
8907161925
9048219515
9061371146
9072460718
9074436026
9495913675
9497658546
9526956973
9544360335
9544859811
9544870114
9567318988
9567820563
9605560905
9605695424
9605730220
9605972385
9645363034
9645706527
9656231456
9747275180
9747556184
9747663234
9846876835
9847302204
9847993082
9946883609
9947356354
9961006184
9961080610
6235096646
6238761566
7012272754
7012419914
7025960133
7034111793
7034251215
7510604014
7510637173
7907281700
8089350405
8136923154
8138889403
8138952228
9072613100
9400760944
9400840193
9446729614
9495283244
9526005838
9544940171
9567626204
9605249884
9605908324
9633243041
9633636609
9645518117
9645865092
9656746883
9745597513
9746112238
9747000367
9747333432
9747719053
9846182104
9847116456
9847758902
9946367328
9946462705
9946632764
6238263151
6238788273
6282448410
6282739936
7012505011
7012734752
7034183459
7034196502
7034248887
7034254502
7306868810
7356962653
7558070269
7558999866
7559803712
7593893646
7736529764
7736870854
7994488270
8075270104
8075863058
8075873805
8089371851
8111811902
8139099297
8590180782
8590437567
8606115726
8606534640
8714397357
8848919625
8921712731
9048123056
9048295173
9072551070
9074121134
9074791383
9400285257
9400695073
9526512672
9544330200
9544483211
9544868171
9544869857
9605335793
9633624872
9778758693
9846941121
9847037413
9961185890
9961809016
9961863487
9961918059
6235276414
7034329109
7034329409
7034400259
7306709326
7356315293
7736109878
7736113829
7907070025
7994220691
8075706471
8089200547
8089233042
8089293745
8089691211
8111801249
8111978252
8589070580
8592875750
8606707961
8606840025
8714282548
8714883850
8907908603
8943910785
9037182963
9048449848
9072400933
9072766906
9544011024
9562039090
9562817021
9605083743
9605537584
9605756161
9633155036
9656598026
9745300198
9745396433
9746029935
9747444972
9778583854
9846338744
9846443619
9847350084
9847978252
9895475337
9946729213
9946764704
9947701350
7034069941
7034825115
7356532208
8086244337
8129022187
8129609236
8129879937
8281640535
8606089015
8943606989
9048767456
9061068125
9400848703
9495662191
9496012749
9496267606
9497659365
9605352626
9605541479
9633036484
9633812757
9645047530
9645564167
9645569887
9645607532
9656625257
9745158263
9746304564
9747977308
9846649822
9847003821
9946251023
9946338969
9946350056
9946388767
9961185642
9961668016
9995416318
9074967668
6235507835
6238507628
7025390353
7025459721
7736370962
7902695340
7994423191
8086726086
8086983743
8129326701
8589812168
8891371010
8943279706
9048140945
9048270236
9048316303
9048480378
9048953096
9074789088
9539324690
9539938242
9544177193
9562335324
9605087026
9645717064
9645823020
9744855342
9745144554
9745498424
9745770989
9745985006
9747205143
9747262426
9843823020
9846044609
9846243120
6282801340
6282806915
7012233686
7034307828
7306874974
7902509291
7907126561
7907131151
7907135784
7994302139
8086225131
8086927808
8137046656
8156890550
8157049224
8304975074
8590707387
8590713909
8592006970
8606608576
8893270033
8921187387
8943814289
9048313186
9048663798
9072942700
9207421585
9400466427
9446884458
9447263332
9495188612
9539269360
9539864679
9544914780
9562574034
9562651901
9605453144
9633538482
9633609674
9645318087
9645441757
9645652656
7034892646
7356571509
7558980509
7593929507
7907076083
8086913005
8113805897
8547375021
8589831128
8590574328
8592083557
8594087940
8943232915
8943267964
9048380200
9048458831
9048777969
9074117371
9074128050
9207140324
9207323398
9400671151
9400932284
9446025472
9446510720
9446881140
9447627718
9447631431
9495139227
9495224516
9495360683
9496173430
9526320563
9526954762
9539159427
9539212736
9544013692
9544667031
9544905724
9544952130
9562072206
9562366746
9567085151
9567626151
9605433455
9605509082
9656606042
9744120812
9744693932
9744885925
9744948320
9745149130
9745262511
9745426492
9747029357
9747378023
9778565043
9809609476
9846898314
9846938909
6238115161
7306311936
7306612912
7736847670
7907566672
7907705834
7994172132
8086014461
8086882884
8089242089
8089280997
8129980145
8281226797
8590409841
8590462189
8590985538
8667282527
8714836670
8891266593
8921381505
8921563149
9037087206
9037319539
9037510659
9074529719
9400743858
9447260133
9526992188
9562953766
9645537381
9656481698
9656570990
9656614949
9744538619
9745065833
9745161274
9746115448
9747724574
9778306593
9778405449
9778533490
9846764148
9847873675
9946647396
9961695356
9961718512
6282206916
7034000888
7034351292
7736666202
8075275730
8086429283
8086640839
8113012763
8136809225
8137860133
8281120257
8547092865
8589918682
8606230721
8606302864
8943110654
9048131384
9048226153
9048510190
9072113038
9207021236
9446909627
9447406970
9497293059
9539844396
9539903076
9544481810
9544791212
9562677454
9567075920
9605823517
9605999773
9633373866
9633723434
9645416578
9656624922
9656688471
9744368956
9744498110
9745860365
9746101497
9746914885
9747750659
9846782027
9847730047
9847784045
9847795786
9946138942
9946609696
9947549885
9961392217
9961574689
9961666769
9995820653
6238663220
7012448892
7034377042
7306078879
7907273187
7907317024
7907628755
7994020085
8075199252
8076118154
8089669937
8089856957
8111827067
8281811862
8289959885
8301903680
8590372580
8606049375
8921703638
9037228073
9037628686
9037973369
9048614756
9048704600
9072049375
9142435166
9188290591
9446122953
9447216296
9447217836
9447334789
9447451338
9447537452
9447720108
9495574446
9496171800
9496519901
9497386998
9497660064
9497874920
9544733698
9544784631
9544785258
9562166330
9605504820
9656265126
9656333897
9744565637
9745348773
9746280970
9747625451
9778008914
9846482048
9847480592
9847835987
9847950609
9847993810
9895561738
9946265011
9946530437
9961233562
9961260687
9961507394
9961690379
9995272502
9995895169
7510770314
8086405480
8129182498
8156860440
8289971054
8547725310
8547906161
8547981025
8606061472
9048513460
9188133417
9447766400
9495140699
9495553730
9496584080
9497117917
9497353037
9539132256
9656350386
9747554080
9747631913
9995482542
6238217482
6282881948
7025038157
7025932317
7034387495
7994675295
8075181674
8089536950
8129764421
8547231446
8590716879
8590737278
8606469075
8606763694
8848242824
8921145920
8921539301
9037939526
9061667707
9489707800
9562318638
9747114518
9747955161
9946511380
9946592854
9946833886
6282191033
7025853026
7034576979
7510245815
7736675047
7736715977
7994733237
8156861178
8281565576
8281644570
8593938483
8848357401
8891988370
8921915857
9061146436
9061744477
9072506054
9207615907
9495072765
9496767067
9497212798
9497349314
9497860539
9526000710
9539845496
9562432959
9562565035
9645436047
9645693103
9656161092
9656356086
9656624372
9744628009
9744731397
9745111716
9746823435
9747284890
9747605256
9847522681
9946247626
9947231572
9947330977
9961039906
9961729612
9995177601
7025856324
7034305423
7034762107
7034868548
7034933094
7306388445
7306398501
7306999642
7356186447
7356231435
7510141171
7510991712
7560855327
7561825788
7594027973
7736726560
7736812126
7902779977
7907358185
7907776362
7994222631
8086280823
8089502382
8089820822
8111800231
8111852098
8113997683
8129107259
8129299700
8136935838
8281501815
8590260524
8590397736
8606076713
8606202610
8606562290
8606807452
8606934950
8714243132
8714293802
8848243482
8848367918
8848437856
8848647903
8848661959
8891172195
8891447223
8891652890
8921927388
8943121281
8943233425
8943329533
9037436269
9037679781
9074291939
9074616839
9074779688
9188155101
9207072039
9207493151
9383412854
9447928518
9495124113
9539101396
9539228040
9539516577
9544520179
9544869144
9567897279
9605197312
9605806871
9645229285
9656361924
9656484366
9656897388
9656987078
9744080164
9744424945
9746285390
9747127477
9747170872
9747402837
9747959584
9747986606
9747994116
9778407903
9846096803
9846290654
9846293125
9847566857
9847728073
9847790490
9946730099
9947497965
9947527699
9947685663
9947970051
9961282620
9961284225
6236622866
7012555602
7034410035
7034604026
7591967910
7902250736
7902438768
7907101559
7994990804
8075104578
8075596389
8078092760
8089780328
8089906134
8606307439
8606340320
8848439762
8921051859
9048609204
9048872227
9061464211
9074693823
9074971129
9400285539
9446130860
9446348493
9446419834
9446671644
9447260327
9447419218
9447626605
9567712731
9605262419
9605877078
9605912151
9645942570
9656759018
9745133032
9746534439
9747203374
9747608017
9747699334
9846498596
9846576932
9846714284
9847193381
9895657030
9961453925
9961567382
9995920193
9061165960
9656856081
6235127340
6235489775
6238785859
7012318359
7025487274
7034068577
7034993164
7510221123
7510374340
7510438434
7510991950
7560812303
7561873158
7594844633
7902450775
7902556466
8075472747
8078174571
8086247449
8086255808
8086369789
8089838728
8301840657
8301846438
8590985748
8593812471
8606449272
8606757564
8714560053
8848671903
8891587518
8921037560
8921140604
9037392806
9037535126
9037601045
9048426478
9048848189
9074100282
9074300169
9074442123
9207119089
9249868737
9249877100
9387358568
9400182792
9400399425
9447130201
9447391102
9447401846
9495377739
9605950297
9645152731
9645195259
9656356099
9744316333
9745033977
9745251207
9745362098
9745871339
9746168144
9747305544
9847002497
9847502303
9847690819
9847699425
9946738185
9946860367
9946975886
9947523529
9947929272
9961351186
9961597310
9961873158
9961902807
9995015050
9995428323
9995463382
9539463907
6282754083
7012886355
7034870175
7304728124
7306414269
7306883078
7510815745
7558808646
7559865789
7559928301
7593005147
7594836254
7594953843
7736528425
7736599364
7736729047
7902572760
7907410075
7907583549
8086429234
8086471322
8086564879
8086711485
8111813003
8129178293
8157874167
8289845067
8330898238
8547734782
8589985946
8590459828
8590482036
8593975879
8921199082
8921965613
8921968659
9037759700
9048223930
9048690302
9074956086
9446920718
9446993055
9495139133
9495228226
9496254709
9539590619
9539964322
9544484312
9562291696
9562859701
9633127338
9645817297
9645926696
9745703318
9746375136
9747670270
9846091847
9946545324
9946781529
9946860177
9946922158
7034063846
7592066383
7594801046
7736108643
7736280509
7736920167
7994163970
7994923546
8075738486
8075910086
8078543292
8281283715
8547820395
8590702181
8593008665
8593993371
8606164200
8943527175
8951250616
9048898704
9048989769
9072143984
9188025031
9446667166
9446696417
9447329004
9447403944
9447882332
9567557151
9605783472
9645493264
9656480288
9656665935
9745330676
9745823094
9778067640
9846658672
9847029350
9847672483
9947268660
9947935466
6282744596
6282861759
7012037321
7025187370
7025855159
7356987648
7902406536
7902882249
7907050956
7994412492
8078002197
8078417723
8086120671
8086819024
8089930937
8281563471
8289973149
8547090414
8891151021
8891157940
8943184256
8943197412
9048470574
9446290621
9447272846
9496716743
9539986338
9544174360
9567062105
9567989341
9633597007
9656648701
9744229385
9746447012
9895119846
9995235535
6238517979
6282451446
6282574196
6282986403
7034912482
7306315175
7306442198
7306473297
7510848270
7559978231
7592963679
7902556027
7902656619
8075102737
8075688128
8129956722
8136897611
8136962208
8137972555
8157855323
8281101102
8281541048
8301828549
8414768569
8547346172
8547566917
8590336681
8590580562
8592062995
8592081660
8606143992
8891458296
8921998692
8943462312
8943688323
9061273528
9061289960
9061499410
9061726110
9074101175
9074266429
9074313870
9207488691
9349193359
9446250321
9446729274
9447353229
9447417369
9447631974
9447680016
9447783229
9495066139
9495236624
9496293722
9496520703
9497934460
9526339563
9526800864
9544496683
9544665885
9567932463
9605633628
9633332202
9645244417
9645327909
9656554511
9656662662
9656688415
9656897318
9744430845
9745362173
9745779886
9746713853
9846788169
9847151241
9847234874
9847662725
9847763602
9895978126
9946017312
9947147847
9947607790
9961482533
6235891335
7025911201
7510505734
7510995929
7558832306
7558964991
7736708627
7907718733
7909255014
7994704678
8086242985
8086742856
8086873661
8281248921
8590629998
8590840625
8714566548
8848931788
8943152006
9037304598
9048445201
9072395135
9074830933
9400935610
9496649241
9539484153
9544249794
9562402484
9605911201
9633636831
9745167857
9745769979
9745927782
9747367080
9747908382
9747993956
9778136850
9846328492
9846908336
9846917229
9847764238
9946590017
9947014504
8714145345
8111948540
9539654635
9947201001
9048822075
9778072948
9605084189
8129982255
6282694613
9446635160
9946764945
9526759195
6238470499
9847752531
9048495747
8138828170
7510385465
9645833035
7306431880
6238880719
8606267193
9539273995
9446400427
9656353513
9605519620
6282326119
8086007081
9846303844
9400494112
7907844353
8590797744
9037167465
7034801324
8943700666
8078391081
9074435431
9746041145
8281963361
9846302211
8086969292
9074883899
8590813497
9539817571
6238453326
6235539187
9846166095
9745267514
7594010728
9961735215
8089352035
9745019375
9961851172
8086489232
9645041224
7592082074
9074743445
9037084818
7034389413
8606686938
8281249824
9495404877
8086410030
7592079180
9562899343
9281921560
9526973006
8089702796
9846339651
9747681959
8590612073
9562006527
9387602007
9961282539
8848330820
9072416333
9539123837
9895658457
9526920644
9539904224
8943807468
8589072223
9544292049
9074561803
9539218008
8891194534
9656133172
9544958105
9539905547
8589901011
9995564366
9747065812
7025140105
9656381222
8129885376
7025863725
8589800200
9744163009
9947983323
8111822583
8943821771
8606755665
7592904962
9846325842
9747798863
7559874368
9947405668
9061537449
9400482400
9746200304
8943734534
7907783068
8289868451
9946309401
8086680916
7994648674
7510711628
9207260532
7025720048
9746669160
8089141731
9526454790
9496157132
7306711267
7510585360
9446805076
8547920343
7902850430
9895985462
7510157187
9061012070
7994380245
9037188633
9747057155
8605611176
8590385185
8943389133
9446767151
8289916791
6282418525
9745625145
9656448985
8075362484
7034328148
9995194888
9746188304
9778029417
8592860588
9745396431
9995713485
9605443254
9895958915
9744199023
9645880858
9072055130
9846272845
9496726890
9747102346
9947906967
8113093115
8606239332
8086322815
9400055084
9745732966
9745164302
7736727715
7034595596
8848273962
7994578962
7736186763
8089829423
9845653298
7591958527
8590889552
8561821240
9048593872
9895143635
8547505473
7736760704
9526240381
9447007591
7736243889
9037973529
9745051567
9074633452
9400820049
9447108450
8590518592
8075999437
8089634635
9605373316
8921563243
7306440050
8943522100
6282963858
9526159593
7592967941
8086134621
9847694818
9745651234
9539507590
9995339574
7736473645
8590715561
6282127076
9544958497
8907272260
9072488872
9656130046
8086086109
8089809030
9778380487
7902600862
9400645450
7994463966
9961737487
9037975760
9605721473
9961660630
7306317812
9946532710
9746202323
9846349694
7907561524
8943955030
8593894757
8086714802
8714199606
9539937608
8943394435
9539697202
9778486178
7994274905
6282868855
8656889163
9745464493
9061782125
9747849053
7736734239
9745145041
9388921366
9847696495
9400713427
9037650806
8714236459
9961558309
8590565443
7736772179
8943321617
9605664694
9847169318
6282929284
9526633143
8113862079
9605559665
7558016093
9400402188
9961780752
7558001948
9846440228
9946580896
9495845512
8075289704
9387615556
9061602243
8592822541
9895427808
9544984932
8606646274
9745176813
8301812662
8606539003
9946643074
8729123676
8089072311
9746016351
9496034145
7510349200
9961072603
9074856246
7994013851
8086441810
9747261636
9037703939
9746614268
7560832900
9072675900
9961211840
7034572898
9846364867
9746067410
8848427177
9207500898
9037603409
7356338619
7561830089
9745143590
8156937572
8943596016
9526009815
6235566811
9747747926
9946217226
9526032528
7034728124
7558811712
9844963020
9207894305
8086798056
8301057748
9562567197
8714262482
9846032413
9747666006
9061708814
8943981793
7902878815
9846365369
9605801336
7592918253
9645913283
8157932880
9745296401
9995499428
9747350538
8943245258
9207973451
9526370376
7736671985
9605509571
9656402852
7012279038
9447431869
9446246689
8606451797
9746871072
9747524121
9495138291
8921257475
9495295234
8086791372
9446635074
9745248614
8848825532
9496764482
9048787077
9496216089
9961561799
9495844142
9544175273
8301990943
8086706155
8590777932
8129499498
8075092028
9495914879
9567366972
8590464977
9562869787
7594808549
8921100358
9995254892
9446215926
9387527802
9846287336
9539561560
6282802071
9446635307
9496282248
9497462962
8281241537
9847397011
6282379348
8592021982
8086678018
9746061849
8139895510
9497660090
7306995629
7025739441
9605236435
7034864519
8281493731
9446410531
8281076244
9048933122
9946884987
9645507868
9946394791
7025882100
6238795208
9447054318
9946826219
9497871126
9961704141
9846301961
9403986599
7907150035
9946730309
9447630787
9744925004
8572024720
7084684719
9447631692
9846385262
9188067828
7559839884
8891881471
9446947377
8848008121
6238207624
9061828806
9846488871
9961730991
9037487916
9746539721
9961552267
6235273424
9745099657
9539025281
9539813799
9037445925
9048716165
9645200501
9496167413
9567023814
9048627914
9745547387
9048154894
9747733651
8138998115
7034062592
9061214823
8139027654
8943459531
9048792006
7994728040
9447624739
9447430918
9446248598
9497808664
9544298481
8606028123
8086140982
9495342963
9074145101
8281326615
9495248164
8075693415
9539708247
9539654485
8589920034
8606542914
9562057046
9961266539
9539482539
9447947102
9048797369
7946049815
9947801882
7356247538
9446950481
9495296954
6282706330
9446893408
9745255125
9567535370
9497119043
9048967417
7902696847
7907606272
7591956987
9447335379
8590358675
7736469210
9447536248
9447882846
9937159427
9895281810
9497807354
9446243255
8907598649
9446403809
9496844270
8590487500
8921155309
7306105413
9961714317
9074572486
7510846368
8086045561
9400220573
7012677648
9074626401
9846115952
9447681590
9747984011
9447781700
7034914647
9633282213
9746496465
9539644972
7012217150
9400153959
9656994067
8943319069
8714492387
9847976027
8086244290
7591930157
9526918142
9207442251
9895171439
9645030359
9961780622
9539125834
9846046210
8590216006
9447103028
8848264174
6238660481
9747825618
9656031962
7510719588
8606023232
9497873894
8547570331
9496250510
9544581148
7510108822
8086244293
8086048116
8301020461
9544369941
9526512747
8589070668
9446251700
9446230220
9446158472
9446635036
9846650146
9946692029
9061940438
9946871840
8136952651
8606374581
7099167433
9946755729
9526657586
8848013002
9447178183
8848198385
9645273515
8086968487
8943980265
8157939173
8075285209
9745749287
7559001428
8129328342
9656515060
9775407877
9846291268
9846977724
8136860033
9400696265
9946857541
9446474657
7034129608
9645083674
9495489802
9447385810
9695278047
9744480604
9846041366
9645130646
6935221003
9539866332
9645717841
9496363548
8086898433
9567610673
8157044310
8086712400
9446949593
8606419978
9447833140
7510206584
8086217825
7946573911
9645449818
7034814165
7902201490
8086173938
9947166542
9847830385
9605820164
7902839353
9645958608
9846746658
8089811564
8129587088
9446993754
8606855341
9497874929
9544060363
9744710909
9526701379
8075751220
8590111380
8113003314
9744448276
9497660354
9446490012
9656087916
6282419830
7594986695
9656227455
9446236568
8593934028
7034383967
9778192022
9495607824
8086041273
9947642966
7907262049
9747635292
9846553627
9447631695
9947425645
8547776788
9447271288
8086128837
6238432552
9061718718
9745042028
9048030830
9061584066
9995482023
9447417399
9745282590
9645416123
9846457776
8075544720
9048717356
8086052965
9605916750
8606833324
9446800924
9605119920
7902435601
9074866676
9946350036
9744425526
8590781927
8921095990
8590316253
9747507352
9544774526
9037916285
9544078911
9645717610
7558000621
8848948670
9072044650
8606096529
9947614873
8113949908
9496196834
8086804601
9946581831
8086286571
9995851700
9847672984
9544290620
9539587826
8281196420
9495377760
9745309382
9497150796
9745702054
9048545882
9747191365
8086783281
8594060074
9946871615
9946597554
9745177247
8086364803
9447678278
7025983861
9048082030
8547821920
8848595155
8590378558
9495489134
9997206292
9895627712
9946445197
9446925200
9207577170
8129106992
9567929325
9747460277
6235538089
9846357901
9747177299
9074621295
9946691926
9446692687
7510190361
9447927885
9061814655
9495262314
8570822393
9745166930
8301918608
9074720213
9645153954
8129907382
9061498660
9447295774
9744538478
9495190088
8156092905
9539444660
9645485721
9605647048
9656902886
9495092935
9745771820
8547304305
7306008567
9946246779
9947116424
8590418006
9744635167
9744002739
7306631692
9778226160
7558001640
9605932579
6282658882
8547860564
9447785720
8086757989
9595948746
9744774397
7356736098
9946494382
8606648377
9567878771
7559806743
9497345077
8086695420
9048879300
9947416510
8593896383
9645987291
9072025235
9645466868
9446173873
8590772667
9446243423
9605120565
9539401760
9048200614
9745858082
9946871860
9946653673
9605965536
9747500352
8606829566
9495944324
9567533405
9946410788
9495357331
8281471405
9745593405
6282867706
8593006434
9745599882
9645457371
6235674005
9497565642
8593981845
8281929307
9544569764
7034817104
9946886268
9656246056
9446990158
9605663025
8590579965
8086510256
6235612100
9645426784
8606719489
9497658282
9645881849
9946487137
7907644124
9539125300
9495250510
9495161321
9495001489
8086778608
8129202090
9446251718
9249852708
8089542146
9593853291
9562981562
9961067202
9897983872
9495315601
8606875487
8589915033
9495444488
7902948462
9526689841
9946605539
9895255551
9745226500
9605791103
9037874639
8943824585
9778224377
9048470765
9188589405
9447681699
9495490421
8301039037
9497182910
8086750961
9048226495
9605520317
9497504698
8590185599
7559957642
9495762102
6282920080
9188183020
9645751678
9744187295
8291965838
9539692735
9778248074
8943882139
8086357474
9495488307
9446656034
9447477426
9048313446
8301922051
8943036256
7510347073
8086562475
9497555359
6282765107
9846019640
9562406247
9745425775
7593968712
9400541408
9037312747
9846086209
8089912949
9526134721
8943859802
9745886317
9188703431
7034318716
9745976824
7306265834
9539965271
9447678457
9745660883
7034779740
8921850163
8943067031
8129931932
8590109368
7736433183
7012714859
9446675271
9447845386
8943027760
7907199118
9645678813
9745786825
9496380297
9605314760
9496307568
9037214060
7594808491
8304981073
9653945046
8086783849
8593983971
9446840307
9400946864
9996212165
8086114812
7034795421
9946546038
8078729681
7592855408
9526749565
9995981239
9745148443
9526744087
7356972587
8304950591
9074981320
9645429868
8848272917
9446397757
9847415624
9847771758
9048960001
9961194994
9633590245
9946574552
6235549080
9656132320
9645496000
9496406652
9846304967
7592045794
9946727872
8606129712
9048544717
9061600220
9074710790
9809952591
8589829043
9072133179
9447423204
9447385226
9747623384
6235211337
8921460218
9207889235
8590645672
9946414210
9188198615
9656976657
9847151997
9539046053
8592890927
9946873213
9605035579
9995604099
9744803387
8848977109
9061499151
9633345358
8086665416
9745148979
9447764313
9562051130
9544282286
7902508240
6282058282
9747934680
9072142926
9846544168
7025143452
7034172146
7994533409
9496878909
9846619328
9846081162
8086721220
9446175309
9446164457
9497893705
6235312289
9961655661
7560911424
9539253432
9400600901
9526019093
9497662903
8590180436
9188285981
9526069823
9446389781
7510351676
7560908425
9400272498
9446110899
9747676947
7025634335
9745595522
9526010452
9746722090
9539415689
9961618960
9400524078
9446159183
9400577857
9847497983
9745025569
9446391730
7356944508
9744788563
9605295621
8943804969
7736789686
7306542064
9446777774
9497893479
9539831210
8089366760
8157827015
9567915378
9744782233
9495324876
7994879648
9846673340
9562026139
8943036234
9048775503
9074404665
8281033485
9496762117
7012691493
9539050461
9846595422
9744770200
9441265859
9846787998
6238818048
9497623910
9446958409
6238827375
7025425760
9539350380
9497870922
7736318596
7034865017
7558935125
7012303109
8592027726
9645685715
9072315767
9846176850
9207436290
7012030144
7560925937
8086249989
9744392256
9778499420
9846713161
9446291071
9048511052
9048740626
9526126521
8594088401
8848828988
9074866969
9605668536
9846039484
9074487187
9744360143
8943187729
9544694198
6282689462
8086064489
7907626407
9048205323
9056978394
9447477607
9447650228
9495149270
8156859630
9747991262
9562915048
9745346994
9544483275
8848675210
8606267226
7561893661
9037250161
8086237392
7994652641
8547117419
9061673057
9645656689
9037314005
9744934162
8590945817
8594017199
9048356251
8157853542
9745859089
9497021505
9946493970
8086142800
9809029504
9745312055
8157857820
9645685479
9562036748
9846183677
9539155212
9048201211
9645070547
8078655321
9778324220
9946569676
9447767027
9446283255
9361982570
9995385276
9946374874
8075172526
9656362655
9496467879
9447275485
7025240928
8943073882
9447714839
9497601784
8086639259
9495808549
9061990582
9846125604
9446666944
9946485807
9907673620
9400981040
9495330485
8606395305
8590450017
9846402071
9747410913
7356638192
9539467657
9074849728
7994198064
9846975695
9645868762
9633916703
9496844306
9447278198
9846597743
9633227343
9496039480
9576552180
8078766328
9747622992
7025881198
7561857531
7306174079
9747873341
8848110139
8075850028
9745735336
8943465679
9846749679
9074880342
8580834310
9074040834
9745930751
9645143704
9048462922
8943891670
7034887644
9496242846
8086182756
9895967069
6238487764
8907217057
9539752264
9746699338
9747316348
9946929757
7561858115
9447678548
9539275362
6238252944
9496614592
9947191883
9048779825
9645416063
9048806565
8590605406
9746545483
9562354227
9400666900
8078076663
9947911605
9645752772
9846382901
7306894446
9048225523
8590054537
8086981011
9946869358
9495100702
7012854598
9400912192
6282940299
9447102891
9746412340
9961704487
9495488391
9446995694
7594989163
9447630737
9497659870
8075337291
9605989184
9746391313
9048350012
8547916362
6238060217
9074485853
8129362460
9142200777
7736704788
9946704714
7306577022
9494317534
7736357559
9847323941
9446670692
9539573335
9846881588
9645484915
9037149788
8547562916
7736682607
8281928042
9495575046
8606629680
9207900914
9446245431
7034161331
7591959588
8590325987
9539513951
9037056807
9946877665
9846556593
9072884589
9539468484
8089334495
9745874000
7012880217
8139070490
8590689959
9400760252
7025498031
7559879234
6238605794
7025183791
8111813981
9539656647
7593077706
7356878005
7559050593
7558060915
9745991880
9048248945
6282635581
9544836276
8157964388
9074108759
9946041304
8592878109
8943259029
9496490317
8590365282
7025318959
8848087933
8281952973
7902343348
9037840058
9539170277
7034816433
8075599088
9037430879
8848394509
7561010338
8590420830
9072585602
9746231997
9946038421
7907010947
7012844610
8943456267
7306626615
7034401458
7356613734
7025686473
9744096038
9847494346
9074562593
7736635776
9446150788
8129090601
9809860311
6235912300
9188596694
9567180660
9745430795
8075681395
8086401778
9567519396
9656711209
9188561185
9633258985
9074783168
9496877069
9895790538
7306383596
9446811387
9947271170
8848261956
9495174552
7994463045
6282161315
8714440937
9496246992
8848418886
8089888450
7592011461
7736857665
9048982229
9995643704
9037345274
7034519353
9048568734
8921679991
9656823324
9048301294
6282409993
9446247916
9947698288
9074673997
7025809128
7455645697
6252346466
6282346466
7025206873
7034955863
7356853774
7558090098
7560880113
7561808164
7561828164
7736214814
7736547894
7907759299
7907920814
8075228676
8086171170
8086413107
8086869909
8089401457
8089617557
8129027446
8129948308
8138870576
8589967561
8590599519
8590687648
8606352087
8921782554
8943326941
9037671539
9061816666
9207203076
9446062817
9447326471
9447631185
9495315333
9497166460
9526920221
9539108093
9539582459
9539738457
9539960997
9562287187
9562658372
9567503116
9645355350
9645414327
9645455350
9645515516
9645746376
9656757892
9744012487
9744144992
9744703111
9744883995
9745891701
9746229001
9746646106
9846376304
9846452780
9846824093
9946285073
9946746488
9946795261
9947334495
9947464458
9947643478
9947645682
9947944791
9961432071
9961780660
9995884176
6238096913
7025153400
7034279446
7594916189
8075596195
8089463915
8111911164
8589066540
8590327948
9048907635
9188728773
9539116576
9562063549
9645269881
9656642760
9846629449
9847977594
9387649349
9496590712
9446090745
9846633366
9645148595
9349884657
9847887453

9447605998
9895388137
8156836802
9447368665
8589985401
9446000950
9995527066
9656419991
9847053169
8281726718
9497933050
9037670235
9495808276
9446729254
9562732721
9847360517
9847121119
9388066010
9995286053
8129487395
9895765438
9947020830
9895041583
9645854243
9249257666
9946000275
9562179584
9446710320
9961215340
8606979828
8592959729
9947739943
9746192323
9846395555
9497347601
9605003371
9447762133
9846595431
9847982591
9447030448
9447816273
9061341597
9446611284
9496181691
9995802489
9447736683
9847250505
9447300294
9447216754
9447379169
9446372902
8943293310
9567510000
8086144221
9745046712
9447815665
7994172578
9446894723
9747976076
9847465846
9744517772
9388480217
9447828031
9544933563
9388862768
9656256046
9847249239
9846206711
9645006605
9846020799
9947055061
9495961773
9947243748
8086476148
9895270486
9946024179
8089327833
9997376677
9495968165
9447718724
9961430592
9447580926
8097655805
9847751802
9961663469
8547000191
9946122252
9895015533
9846039429
9847691922
9847407123
9847408927
9567927117
9847387839
9946406937
9446606655
9447168209
7034088088
9387585023
9387585022
9847832427
9895039610
9847593549
8547617906
9447709749
9447152869
9447326890
9447916122
9847878207
9567590399
9400335180
9447790298
9447162652
8547375024
9947475518
9495569627
9349219447
9747233145
9497177421
9497793590
9895665522
9446082403
9447565685
9447963971
9645784797
9539145243
9961663007
9061939002
9461111008
9605530388
9747269792
9446929901
9495372589
9744539368
9495337217
9946442232
9446716328
9446716051
9447580387
8281174407
9447163593
9745009234
9895352977
8129236262
9746475051
9495513125
9446746309
9446718764
9846789750
9895225476
8547022877
9446428696
9867013103
9447435210
9961808005
9947498343
9847797079
9447632989
9447464970
9846071719
9847728067
9544977722
9847969997
9446128166
7012325795
9447291629
9496215988
9447483314
9447664572
9495211233
9745462053
9446605616
9947312070
9846540988
9446000533
9946615221
9446610224
9447916187
9446680080
9497355080
8594065801
9400994575
9745720571
9447071985
9895924956
9562960050
9447140003
9947947939
9745999843
9497793740
9847823793
9656105688
9995442999
9895080812
7012789604
9961212106
9645795000
9447037233
9961485282
9656837158
9947449227
9387635366
9562864005
9446579202
8089440007
9847048338
9946511187
8304915155
9847130078
9349168505
9947601127
9895077081
9447002602
9747456004
9446549890
9895664094
9447663200
9447988150
9847748680
9847148712
9846450388
9025089206
9495876746
9847973183
9846820112
9847424345
9388444833
9633382686
9447409432
9447066036
9847421926
9447916705
9496494416
9447721982
9847916820
9744459990
9744866202
9447331300
8281134000
9847474748
9605700703
9497188918
9846039317
9847717264
9497274548
9605089043
9496277599
9486277599
8281618579
9447184678
9495375246
9847706242
9387299153
9447368128
9358604849
8078122174
9633001888
9388623493
9544858699
9946553615
9349210130
9497793256
9447128629
9400897188
9447431194
9495220097
9388754215
9497026280
9656340817
9544486410
9947829520
9447047974
9961260929
9745105126
9446380595
9633867369
8075505665
9446925781
9544119968
9946187299
9447813471
9526257200
9497686975
9495194762
9747558311
9746086921
9447457867
9946570926
9447860804
9446578094
9447231775
9539004786
8547837767
9946530109
9846027232
9446140474
9847124851
9496233433
9447070547
9349559563
9446889947
9961234432
9446207477
9847037395
9847117050
9447468475
9947172055
9447107434
9048650660
9847254991
9447933234
7012609828
9446801291
9562338807
8089242595
8129096845
9447172467
9746565798
8547347539
9995228812
9847985555
9961444755
9744398523
9447580373
9447812861
9847399877
9895943433
9961974078
9946276409
9400093583
9388605818
9995475155
9447777728
9447225215
9447476660
9447396235
9447581033
9605730024
9447055351
9387585014
9961313449
9447822323
9447378921
9447170943
9605027345
9447200517
9387168647
9946488901
9446810258
9447364189
9447167538
9947681681
9895889895
9633813176
9446276347
9846701233
8126819620
9061821718
9747778660
9349232340
8086799220
9544715624
9446315616
9946600604
9020602010
9995331913
9388778490
9349895952
9447207906
9446416346
9387357831
9847770956
9447609931
9745004502
9446416349
9074919965
9447817980
9400726530
9980541147
9446677389
9447815762
9400089507
9388609327
9809088581
8547427259
9746039637
9048363163
9495945374
9633037865
9447981743
9995555146
9446943261
9745393679
9895676892
9447200773
9447815702
9526001303
9895465965
9495577522
9895078317
9895185740
9895244788
9446688396
9495676863
9447184289
9495841611
9961661714
9446574825
9947355053
9562260881
9495193725
9495020481
8547970136
9447526536
9895030901
9447291658
9946537050
9961258855
9497031254
9995249746
9446684407
9946341187
9447379109
9447816113
9961468268
9496976085
9447329716
9400768802
9656011777
9847919396
9447459527
9946132378
9020075830
9447747773
9447058765
9446935748
9847073225
9446409733
9539174575
9847309664
9847446112
9447647161
9496525662
9072234910
9846046446
9895666488
9446931161
9446611686
9895973849
9562098959
8301980225
9249544484
9447363895
9562018593
9447187677
7907207367
9446477007
8891025625
9072226256
9895092292
9447328509
9847860321
9495407337
9895033310
9288084666
9847111601
9387047313
9447231937
9946857729
9847498287
9495061097
9447384216
9847044742
9961713941
9446069713
9496178245
9995252425
9399252634
9037100280
9447790486
9074571320
9539069530
9447294628
9946102830
9847813183
9961790862
9895226236
9447052231
9447050876
9633081198
9840777343
8129174141
9400580368
9447887252
9946554967
9846066937
9446072506
8281496552
8943941536
9995556546
9446608778
9048055633
9961466551
9847139227
9946662357
9446687938
9645533770
9961986084
8547076638
9895981241
8921796227
9207387622
9526915886
9539518156
9544013809
9551510782
9562788940
9562850841
9567840413
9605169429
9605772009
9605916504
9747372467
9747374749
9747841373
9778134606
9809850110
9961730495
9946197548
9946250581
9946535461
8848444416
9961865989
7012447165
9847431345
9048568366
8848331713
8089812947
7510125836
8592913394
9744612819
9847730014
9747902124
8943355673
9526682146
9526528946
9526008503
7510735430
9526113340
9562197811
7510694794
8943435153
9048929924
9846016815
9847501882
9846706703
9562005950
9961150171
9778551149
7994051465
9645267484
9645571487
8921389433
9656978565
9846401876
8086669086
9645587944
9539354695
9747021314
7025697025
9744817516
9048025993
9946967889
9526787989
9895133146
9562448194
9539425935
8907520362
9846448827
9605559889
7025713640
7592944687
9744443595
9961066263
9847742495
9947236799
9526511583
9744030598
9446630645
8089794669
9656134839
9048259431
9656651643
7994357960
9061709802
9947167275
9207159716
9048790607
9947252641
7510416375
9747143407
7510230383
9562318274
9061444884
9544642835
9840041959
9074078865
7034167373
9744558542
8943933566
9605638994
9048794810
8592900589
7012736395
9526963283
7034039708
8848824522
9847159922
7736614081
9847085515
9846250006
8590489585
9562056298
9947021399
9947994610
9544194863
9746008083
9605407568
9037073470
9539264971
9961284795
9541377036
7025358498
7510432168
7034244800
8848190946
9744487759
7736564883
9947520812
9526183090
9961862288
9633101373
9744430343
9847477946
9072933006
8891982194
9747364191
9207135313
8907061483
9745458874
9946363575
9645655623
9744363575
9526452647
9562206931
7900348831
9745924031
7034735451
9961060098
9947633329
9846435466
8606198493
9961866103
9847595753
8891003989
9847910682
9745488312
7510253695
6235655866
9633610928
9061450232
9539730465
9633938883
9544784456
9544191751
9605181312
7034464963
7994337615
9048695731
6238487421
7025182303
9747193374
9633133780
9946685861
9562543217
9846672666
9526597988
8907919085
8606334019
9961200506
9946732214
9746701571
6238816904
9846928807
9747286594
9846906773
8089106198
9747463571
8547020197
8943839500
9544263700
7907841115
9656757858
7034652826
7025587963
9747642136
7510393384
7356877437
7025024461
9020544627
9895693781
8157049651
9961668434
9400904348
9847854513
9037751495
9562403163
9947543418
9048227571
9526490250
9847248568
9656716844
8086458078
6238809034
6282158203
9074282772
9847911130
7356311077
6235906208
7034521318
7909166960
8075734103
8086088352
8157855651
8281048266
8281904783
8592080386
8592966329
8606773009
8606873636
8943023709
8943186187
9526530903
9645389105
9745024681
9746046778
9947769344
9995015100
9946976215
9846750585
9446530722

9846503808
9539114810
9747620792
9407933069
9497288660
9847063380
9187286865
8129826968
9447595127
7025085713
9847619073
9961162438
8281139619
9460504788
9539569944
9847452555
9446138196
8129861046
9446448620
9349109033
9497460093
9747513632
9639000657
9446865299
9446173384
9847449120
9400979296
8281295371
9847639114
9995846436
9744183422
9048844782
8086413571
9446896921
9847227533
9447231657
8156941220
9744557605
9061287762
9961967353
9946790664
9495888692
9796893388
9562851767
9496955905
9995590200
9946443655
9495675618
9847266533
9349626531
9544361725
9847276781
9995441135
9946218772
9400645788
7558969905
8157949843
9496531363
8089806459
9048549722
9656563355
9400979581
9605887651
9846425226
9995592602
7012788360
9961214907
9446574734
9744382351
9142629554
9847265998
9744177442
9961721749
9746798505
8921159923
8547341358
9744427763
9846291870
9605667756
9142149032
9496824296
9846548869
9142228150
9947096928
9847068448
9447812424
9747678075
9847466542
8893648366
9400915401
9567809213
9446217165
8089145661
9495917573
9526844281
9633875239
9895627157
9388641629
8086816173
9745780111
9496227125
8281931062
9496046438
8943872249
8943148688
9961462382
7075062021
8983836599
9895760623
9633559096
9995637305
8156960576
9496418009
9447332869
9388859654
9400937407
9961254479
9447465427
7025233655
8606029630
9707564343
9746453212
9895299154
9895281315
9745694881
8289972996
9447856560
9388813073
9447813027
9562438104
9947483465
9744675371
9633066915
9446473117
9605468631
9072792903
9895718593
9562190669
9562221752
9447721661
8606361925
9446688123
9400262765
9020782587
9745457418
9847636368
9947930855
9846015702
9446832490
9846199335
9496330937
9387575726
9072836126
9895242414
9496312801
9895177137
9961951551
9447482396
9633010938
9496177643
9961578136
9746588583
9947932466
8086415202
9747427444
7012243356
9847770959
9895302303
8113033508
8281694354
9847327075
9961170517
9744427085
9846245588
9946341170
9745877321
8129100394
8304089372
9744213378
9847024585
9847243095
9746172626
9496177441
8805785270
9446513686
9447933633
9400581328
9495021852
9846454262
9447871273
9496215220
8907336166
9605112082
9747255226
9895310271
9847595646
9037771793
9496313294
9744833664
9400606581
9633886043
9544994368
8606923023
9961984837
9447206476
8075041615
9947854554
9961817076
7994241323
8281791088
9846310490
9847464109
9346497557
8086713210
9496408720
9539290713
9744843478
8089420161
9946200158
9526815483
9961203668
9288118145
8304937964
9961614885
9847789406
9496281144
9895048730
9447305657
9847939416
9847354307
9656696373
9496225206
9961256405
9947344513
9633088377
9400299568
9847811393
9846081222
9048567432
9746605196
7012305219
9496555516
9061950531
9995907487
9447755716
8807617840
7403593091
9446742228
9895894850
9846803441
9847645404
9496430307
9847618603
9605950588
9895316534
9744722921
9633012732
9400389235
9656978533
9961154599
9526844177
9656933813
9946807494
9847853684
9656492984
9947777281
9789031768
9447434276
9895456872
9746290929
9048826442
9495790589
9895658145
9145544868
9645121296
9845121296
7593900346
9388819225
9946405252
9961901365
8904681461
9895362759
8943928899
9388452461
8281322475
7736323485
9778027893
6282629108
7012089361
8547529276
9846805417
9847006011
9474627598
9447175835
9562926514
8606654080
8075617213
9567896443
9562676329
8086419054
8606369039
9778274179
9747716608
9074716379
8136966545
8891668158
8606144388
9544081163
9188768935
9349193395
8086438675
7907862549
9048932885
7034240464
6282664171
9656478022
9567462574
9656544515
9809256004
9605454597
8113078949
9846416574
8129989525
8590963577
9922426122
6235980047
9846348664
8606266256
9544611710
8590077999
9947928247
9037152848
7902876356
9747949932
7306506867
8943516038
8129421029
8075764583
8075707078
9400431759
9496900808
9497700786
9676164588
9446059782
8157057604
9846331107
9447754246
9745147788
8985242730
9446314506
9037080429
9447844569
8547644830
9895600264
9846429219
8129406755
8547037031
8547288810
9447100682
9895783115
9656009539
9495305250
9605818485
9497867657
9946962699
9497074692
9946664754
6238651415
7602433585
9562825950
9645258528
9447950813
9497833170
8714164837
9895151069
9895692389
8547021008
9656902170
8547648106
9961441371
9847067411
7907925787
9895925630
9496727980
9142119972
9745067781
9744322446
9495892580
9447639523
9495307875
9961437788
7907016978
9061025167
9895247016
9645498908
9895110384
9429368497
9383424526
9446669197
9567027087
9048995608
9567106210
8547624323
9812179618
9496283974
9605802717
9645690299
9495759639
9447866858
8304847707
9495711732
9809750786
9447418638
9496165614
8891869044
9387427978
8075214629
9947967031
9447171828
9497693931
9961033819
9496844546
9048594510
9447116800
9400790474
7907847671
9846169066
9496443660
9496184310
8758406717
9745941822
9562088868
8304098830
9020440730
7559930882
9847551109
9947638642
7025694679
9388442099
9995630126
9847398230
9207216252
9496442282
9645733836
8592006361
9745344325
8606805975
9446773295
9745294700
9633166824
9539355384
8086700708
9745902256
9746498418
9846469975
6238073735
9961086617
9447681218
9526341680
9400856679
8558943670
8281353538
8078102040
9995150770
9656931433
9605299754
9495886434
9387411414
8547699209
9061784531
7034997832
9847282561
9349185238
9446330646
9447233567
9447674931
8281178818
9544104304
9526670956
9446515206
9447950197
9847117899
9496226465
9446300838
9946260612
9895019884
9947318265
9037436792
9895368255
9744928668
8943900216
9061937916
8086316430
9946761856
9074635394
9747309076
9048042063
9562070644
8281635983
9633035522
9446780699
9048130883
9447111515
9446685800
9447183271
9846675352
9656168074
9847223299
9539693713
9745749923
8111955806
7736751009
9447453061
9605345465
9400433752
9961535886
9400056766
9946189787
9544229493
9388857541
9544390495
9446223804
9496421644
9446316477
9846272932
7875327686
9446312576
9497817544
8281988377
8943022844
9447950018
9446444730
9539471445
9633700764
9895292554
9746120591
8891430430
9072173248
8547576798
9020216258
9995508993
9633868000
9656550383
9745639152
9388252328
9446646549
9496726940
9037628029
7907161831
8891497150
9947242977
9447468812
9417959909
9846446353
9961998242
8281856619
9497550949
9544111674
9847781474
9895604196
8157905497
9946486891
9495641122
9447755402
9447235368
9447925300
9249729221
8089442332
9645907000
9946716090
9495112300
9497216744
9400932267
9486875657
9747149414
9447635857
7034565905
9947959575
9605190728
8289927271
7907143554
9495755858
9539063995
9895658217
7907593684
9744669733
9048430642
9495242220
9847910124
9526583877
9744964199
9061532333
9388446881
9746108805
9447017161
9567107000
7356118217
9895559361
9605065752
9895447809
9846977707
9947265658
9656433206
9496229432
9447051007
8547891201
9745999525
9895595441
9497287156
8848556898
9446803693
9846551000
9895433654
9895177778
9846052574
9961188177
9995915495
9745333196
9207448776
9846060260
9447581587
9539570978
8281231446
9446721031
9895999444
9447070158
9747344333
9446856663
9447762460
9961401104
9847114485
9400568080
8289808221
7025756363
9495573663
9447228039
9387822327
9400082313
7559933700
9809813640
9446282121
9446492258
9995246091
7396001000
9388439146
9446134894
8921477618
9846180964
9895006666
9447379375
9400190786
9946538038
9447513000
9526200185
9847636634
9847274088
9846940161
9447582527
9947415379
9400333948
9495581071
9747204038
9446515146
9961440141
9495652231
9656251127
8281480685
9496753741
9544227044
9446357867
9447041352
9846203071
9447759795
9746677407
9746733611
9847800670
9961724808
9447874471
9745358815
9447358698
8547937037
8281845258
9446494196
9567654676
9400422205
9947004529
9847869807
9946276510
9495716553
8547072300
9446128467
9497189049
9995841628
9447842958
9447208469
8089566734
9895318000
9847377250
9447465504
9446348531
9447748531
9446323274
8921142484
9447607544
9946021999
9895638536
9744582939
9747705764
9495715051
8547906041
9961430225
9544652084
8007541990
9744424683
9656434956
8281714186
9526229386
9656058150
7012159564
9446058192
7034335889
9562638309
9447154642
9947431522
9562593520
9447837121
9895080565
9544242221
9895402164
9947032227
9496833434
9895774178
9745176655
9497031082
9495218740
9388805304
8089444268
9497189346
9447577089
9895037303
9995660080
9605612467
9744547373
8281777194
9447001457
9847012373
8075608352
8086108870
9567777480
9447368944
9447964209
8547621926
9744842147
9446928326
9562848275
9846899992
7025893023
9447784154
9744777099
9446096948
9562161870
9747486671
9539489690
9048893268
9947133493
9645075261
9847436638
9400241387
9961636326
9544973579
9847072633
8086252764
9544524717
8605426093
8891343921
9656031582
8547807656
9605858292
9495778331
9388725182
9847106838
8281818897
9526264587
9544350053
9656224915
9744584567
9995431219
9349314648
9446356715
9846287325
9847226874
9847577118
8129019222
9447509086
9562458289
9895855779
9946512562
9847020605
9207904403
9400238123
8891006918
9072020426
9526978748
8606137878
9895175000
9037522545
8606438141
9847217138
9847343461
9847180160
9747572296
7093800434
9446212140
7907441769
9447775799
6282250601
8547537823
9446363421
9846977009
9142519827
9656710064
9447474266
9493186587
9847423358
9895388778
9447827565
9633021616
9961964414
8589080773
9388857975
8129310468
9446113087
9072747087
9446415881
9526512841
9037424362
9496156512
9072201742
8547513246
9895217778
9895985345
9495789201
9745472239
9846173631
9447129279
9744138975
9961488298
9895985264
9745269909
8592929232
9744288714
9633795182
9995400737
9995233085
9581543106
9447319140
9847333365
9846094808
9946000083
8129699555
9947662787
9567288654
8089101977
9847058070
9496278757
9747170011
8547000386
9447718758
9847222498
9447321931
9847058199
9961022282
8157991320
9446404328
9656382818
9074059564
9868491655
9446270086
9605770741
8921256381
8281612292
9495272820
9747562699
9446491343
9656658666
9847882229
9544072247
9562850559
9846438195
9847521103
9846184545
9847870326
9947099695
9744151453
9539994539
7560817125
9447068895
9995476705
7025078054
9388608712
9447871345
9947846684
8848559350
9745998812
9895498975
9947301548
9947183750
9497791398
9847103011
9846132910
9895105300
9847040482
9746207579
9947696876
9552541816
9526851119
9447812207
9605217516
9544193682
9446079269
9605339528
6235352163
9961748483
8157041555
9446218137
9446412097
9446027902
9567852164
9447663063
9495322324
9447764098
9048270141
9946661296
9895812334
9633427324
9496097983
9846929799
9847437357
9995430028
9744909231
9744421756
9605391112
9249899709
9847278132
9496120415
7907803946
9388647070
9961140006
9400843242
9744955622
9946086393
8281309241
9961433020
9526356432
9447375769
9847899587
8129418434
9947680778
9495105245
8547078829
9961394428
9947850974
9947451725
9846905670
9645006435
8547793447
9562068875
9745468540
9249577839
9946555312
7025088167
9745696065
9539702703
7025660322
9495129804
9846903351
9447948378
9605082705
9846630559
9048488218
9747819397
9746613432
8848498098
9947256210
9747990808
9947384622
9605320093
7356177487
9447576108
9847271094
9226844887
9447172044
9995369690
9446472911
9747758119
9747677438
9562133400
9447052320
9495393273
9446210636
9544519278
9847953414
9847059884
9567707908
9633377444
9895148261
7025282101
9847259988
9446869408
8281662709
9605702954
9446840700
9747720489
9562751460
9447666832
9447913420
9446719406
9847606100
8848455998
8547300160
9495715431
9447153041
9847126775
9847011684
9847238509
9947858360
8281884847
9947405566
8589077380
9447604570
9287563069
9447011738
9995358816
9388480205
9526888577
9961707898
9961706789
9446308621
8089877293
9847128919
9605208851
7012735911
9446135188
9495544812
9746290235
9446414370
9496225568
9747427680
9544205408
9447434491
9895703077
9947443664
8086735812
8078494525
9895206987
8281536651
9446217197
9746237795
9048412355
9847581953
9995596824
9497141334
9447329765
9495161919
9446605593
9846618413
9526147820
9847010719
9605150077
9847434844
9495336385
9495600245
9997709604
9388966104
9495762588
9846040400
9447775644
8129739965
8281467529
9847654192
9961242429
9645573655
9895470207
9446196129
9497366187
9446718307
9447937539
9895886309
9744271404
8086586424
9847522100
9495810642
9961815480
7510220569
9847803358
9544380878
7736456456
9961923134
8547099613
9567840187
9961723292
9895031696
9496409329
8086356987
9747000170
9447607502
9447982030
9497718667
8129151389
9645085297
8089176336
9446945766
9497289954
9048869637
9447213431
9847917846
9961316756
9747870539
9446684270
9947311707
9895258872
9447012992
9495714917
8281962695
9899727018
9496179424
9846674787
9995677363
8652607385
9447282059
9495425657
9744711160
9995542798
9961201983
9746677701
9995447909
9744569335
9142042380
9446718919
9656300024
7561811906
9995004326
8891618175
7736528301
9349252091
9895838344
9895239056
9947390108
9446755666
9847711663
8301033239
8281807375
9995023446
9446957616
9526273460
9895026943
7025728150
9745628105
9747429566
8547661263
9995761156
9526658435
9495187792
9539076465
8281395272
9895298014
9656213533
9539757257
9567956387
9895494496
9995848099
9447294313
9745004745
9447465554
8075062723
9995239545
9946539988
8086610739
9605995175
9895731309
9447703677
9645639616
9895075541
9447764916
9846463481
9497130849
9633447467
9447368580
7736447375
9633639363
9747599867
9895829444
9995498498
9633548001
9446415252
9496245074
9496245078
9995882587
9446867740
9526082655
9447608538
9895378385
9846189569
9447260616
9745999206
9061429978
9446611080
9656005899
9744735177
9495673631
8281196336
9388604024
9656935116
9526269764
9745811149
9744864232
9526749433
9961007223
9847051553
9446446413
9562200940
9605591193
9947399870
9446549545
9539409870
9645988497
9400968969
9495974620
9847544477
9656100913
9447219494
9995559295
8289904623
9847744377
9847843990
9497098487
9037770073
9847207720
8138901099
9995855191
9447132267
9895945220
9744153116
9495380875
9746771761
8921238585
7559052311
9497036667
9605798721
9947017011
9847658358
8907918185
9747884184
9633808878
9745529505
9447115479
9847644818
8281921230
9847175752
9605608915
7025339798
9633145331
9846070157
9895699893
9037904509
9539696498
9447194898
9447710050
8891657819
9847035692
9562036981
9388603315
9847059979
9447169507
9037481529
9847395502
9946064916
8078568442
9495365998
9447056698
9847113658
9895715567
9207140905
9895701676
9544253651
9388844199
9847262565
9895394199
9847055513
9995610765
8089187443
9656982111
8547194995
8281133659
9605017392
9400262700
9995491212
9495990230
9605083221
9400174824
9388845387
9847958571
9846789554
9447989215
9656807987
9961802244
9562770698
9037221862
9633066802
9946057070
9349270895
9847083097
9495430660
9400757462
9846012665
8754421569
9847095315
9846114717
9447743970
9745486290
9847575266
8157083547
9746731877
9847878174
9947196774
9446055537
9947917436
9048585776
8089600567
9947920871
7736344626
8943257830
9995685787
9895272569
9495950657
8547231828
9746947782
9947158054
9847295048
8281444457
9747154322
9846104662
9037364100
8089122750
9446869207
9605866605
9496120776
9447334275
9447722410
9447986037
9495078591
9847547694
9544072401
9846890011
9746186537
9567760847
9447608424
9995319468
7012805200
9446463550
9447213338
9946945999
9846064910
9447476869
9249350307
9497025665
9496086674
9959992125
9495361658
9746074741
9847685836
9895885355
9544811326
9995717359
8943479673
8086547624
9947806934
9388853358
9895348606
9447819457
9895488738
8089044006
9495514393
9995551579
9995774535
9446451790
8089870713
9495470725
9995492071
9496622816
9446607424
9895133167
9074124848
9447434040
9562802105
9995185576
9895910888
8714117791
9847738889
9526697850
9847158239
9447602751
9846057578
7356859688
9946669903
9745507262
9605008874
9446740787
9447813151
9946514298
9446530988
8921431593
9846015225
9895237681
9142106683
7012637922
9895479059
9495876689
8593021957
9895760961
9656731666
9446466887
8714356878
9995498533
9446720784
9846170637
9539004588
9496496108
9847250096
8129418690
9961795664
9447213803
9447016961
9497192460
8129620059
9946052260
9746072690
8075220247
9447596778
9947764888
9388823347
9526576111
8089541154
9846837096
9895549553
9656992222
9497183935
9446424547
9547177600
9961817038
9947827111
9847851409
9895032020
7403401090
9447579973
9947593670
9446127180
7736621403
9388863565
9745988897
9388631797
9846020091
9037824798
9400714220
8547556080
9961564488
9947870031
9447987495
9562573391
9400591261
9961849366
9846242893
9562973918
8921196112
9895168793
8129951122
9061146595
9495983357
9895651753
8547815955
9745367059
9249320945
9995325321
9656686825
9142101713
8547506811
9846180839
9446688078
9895440770
9447872362
9495315931
6282274385
9605693378
9846478373
9447037023
9476525487
9447046182
9539756680
9995809681
8089268303
9496225731
9947761534
9947460177
9847725904
9744708600
9847317087
8281100862
9995801989
8129900236
9446116147
9895030820
9847941080
9633884464
9495471257
9895987813
9349505284
9744115650
9846175294
9562480402
9497687822
9846655844
9526954029
9947469965
9497237535
9495255040
8113899103
9447026536
9495782021
9847858248
9946808607
9847872689
9947096402
9846899920
9744273971
9747100552
9447784417
9745699695
9567888804
9447722747
8129572650
9633377530
7560859594
9061499332
9747054883
9447661774
8907531007
9447414282
9495382447
9745358671
9447591500
9797204430
9895957420
9847976523
9961434006
9995663240
9847678155
9847745185
9496257872
9995675629
7012835728
9645505605
9947240665
9947795037
9947670905
9249409292
9895030259
9747585648
9447249046
9946358543
9048191673
9446089805
9847618486
9048676083
9846036480
8593977444
9387475237
9567509792
9846117377
9846528773
9446439359
9847222704
9746703600
9946020325
9961305534
9495955694
9567501377
9633476649
8129986305
9495918894
8129163127
9633611007
8281864118
8589068099
9320491050
9961664439
9037363170
8547056663
9656436936
9447001877
8129418600
9048571728
8921731239
9446485035
9447218199
9995352324
9400946578
9495505044
9388140112
9746470738
9946112460
9495105606
9447510551
8281137829
9605381855
9747960168
9495670502
9947849429
9847540743
9895161935
9446746287
8299025875
9961807796
9846106990
9605694153
7293102056
9446930338
9495679555
8606657300
7736612151
9846600112
9037203991
9400549936
9207184025
9846080405
9847570013
7025236390
9400794149
9526882476
9447379257
8907658242
9544983370
9446297919
9496737090
9895860381
9287347086
9447039811
9947681578
9946557681
8943847102
8903569475
9400756069
6282818504
9567519995
9995233211
9495506466
9446865138
9947141425
9605085058
9446868468
9446076423
9447815540
9746610990
9895527086
9562140038
9846385574
9895907786
9562361187
9526774388
9539888089
9847725142
8281476388
9656410300
8113804620
9846218541
9446025547
9447221547
8075346255
8075942048
9961871574
9846834462
9645644729
9744561234
9496480359
7293577537
9946440585
9746572764
9446050263
9846079750
7034656397
9446720613
9744778453
9995468601
9495643259
9847104904
7736775464
9249744244
9495201027
9995350001
8089045131
9895075655
9446164893
9496586104
9847772266
9946453924
9744810890
9744221590
9846835098
9037779000
9048886999
9921796603
9847107565
8606746155
8281579945
9745006337
9995858871
9447155055
9961168866
9495813218
9497200125
9496013096
9495995353
9349717774
9495378023
8893333152
9847760072
8921024648
9496180308
9061547523
9947007227
9895040500
9037690323
9446352722
8590433279
8606284673
9447731687
9496745993
9037474383
8891797020
9446103571
8547991060
9656270737
9847367824
9947747224
8714434448
9447001189
9656025880
9411178413
9447510720
9846558149
9447019750
9961922333
9447510462
9946130404
9995375130
9446431119
9446740710
9846196756
9947374497
9656659290
9447900415
9447268148
9744812745
9495989750
9495629002
9495632804
9633004703
9809728971
9446740630
9446489983
9744543188
8606893224
9947472729
9495843289
9447208852
8943436151
8129684349
7558054705
7592018184
9847729558
9895548080
8139815813
9446804051
8547815414
9446966434
8281863757
9495381673
9846433337
8281460604
9947136023
8136802852
9744420281
9539075422
9656377350
9446054313
9567109046
9495349119
9846062559
6598361196
9656185622
9447219888
9061147237
8943881176
8129270941
9947065894
9744649975
9446510038
9249331406
9497279171
9072195186
9847916667
9497188789
9744562836
9847219130
8281739550
9846850026
9562564457
9037643093
9481921123
9496276097
9846999883
9446208752
9495348814
9946600502
9947660449
9961323315
9446011783
8281920312
8304867363
9995800871
9744959471
9388253202
9946228099
9895137908
9497188514
9526297550
9747234342
9495376524
9072215088
9875368010
9895079377
9446610933
9447460363
9645928888
9747676459
7593939785
9447144312
9446349123
9895570400
9846071295
9447170874
9400261345
9544633832
9847771959
9611237619
9447048308
8137027941
9847182574
9496177549
8547900457
8907010010
9605819238
9744454400
9847930909
9847200573
9744662030
7012013572
9526661022
9446763771
9495501315
9539159927
8281992190
9895444546
9847011150
9995965686
9061507035
8547909509
9495813994
9400151268
9740004631
9526925302
8606423790
9349843616
9495580375
8089440283
9895038074
8129977888
9446426768
9447200291
9745206974
9446745715
9447187139
9633188360
9387406523
9744546147
9995821064
9895619597
9447378822
9847211584
9495600059
9895208488
9746147958
9447544203
9447302802
9747204849
9497676725
8281166679
9447474246
9847383334
9287927062
9562678971
9947600200
9846636671
9946250250
9846023373
9747738601
9605678484
9746958758
8547501788
9846404409
9496779416
9846964189
9037452272
9995312687
9526512183
9496244914
9818739952
8606394878
9995498451
9895518494
9745366367
9961476110
9895453170
9846199947
9895642979
9847602477
9037897273
9995519000
9846450036
9895968981
9846288002
7356844706
9526821359
9995556337
9633538051
9744142918
9961458750
9544539892
8301968828
9946634763
9995237000
9447579117
9744282300
9656254277
9847660976
9447986255
9048881863
9447733716
9495179960
9745572943
7558928037
9846388027
9447523195
9496575714
9947166102
9995356413
8606570798
9895686677
8547000316
7356414749
9747258205
9746026687
9526823610
8547483278
9446819152
9846151715
9995377565
9744418878
9961000620
9633294992
9645937664
9947991991
9567362653
7558065844
9847108805
9562804979
9961723193
9947035561
9633351002
9846722970
9895691005
9744135532
8547713235
9895416068
9846355196
8943645237
9745042850
8592924136
9446480000
9846217935
9947899257
9387412881
9645090367
9447078918
9949258833
9349269001
9846507200
9809477777
8547905629
9995106224
9846691970
9895884290
9446118337
9446127864
9847466731
9947237996
9003726267
9944460028
9961222038
9495764492
9446475907
9567492926
9446000701
9995949160
9961883312
9446029694
8281367056
9645138977
9895719076
9567878207
9567883312
9495571389
9446532898
9387739449
9633553672
9447285954
9496956970
9447167974
8281281234
9495257965
9847729686
9846097508
9497219972
9061360466
8547347892
9605204876
8939931390
9495163578
8848689156
9895431019
9446536145
9744991756
9995574777
8281528288
9446102693
7025759174
9526711122
9846224106
8593053050
9495431609
9495664823
9846091154
8547972990
9447247984
9633361930
9446363124
9895611899
9895375012
9497295619
9847442020
9846036448
9846112266
9605677711
9947629678
9895937572
9847411972
9744224704
9495272734
9497197890
9946454179
9656425005
9497650942
9446168202
9946261444
9744040329
9495994785
9446589448
9744100822
9446157077
9809048069
9605638417
9961627066
9895169443
9048097515
8129200076
9061025566
8281994326
8289937291
8547203208
9847040125
9446179935
9961849099
9746801915
9447871878
9947898702
9496072938
9947208332
9447740617
6238348735
8943334901
9526062733
9995487208
9995244453
9995336913
9526868896
9895173602
9495990053
9446577277
9176666429
8156881839
9048154359
9846187401
9745737093
9995749967
9961315497
8547830889
8281234654
9961619010
8089225557
9605983020
9645739637
9847584378
9633310628
9846728756
9061881574
9142780569
9947232187
9745630025
9946723404
9961680667
9562078580
9400924005
9961993342
8129431125
9895874216
9567386866
9497687966
8129452188
9497188541
9446514112
9037529719
9496960801
9745234302
9840155275
9072223393
9847470750
9995080110
9447870251
9447577246
9946813855
9846833349
9995261324
9048438437
8281269027
9447573665
9446535975
9895654264
9656947498
9745968545
9746579619
9495507694
9061034657
9495696174
8281902031
9940141659
9895533304
9747265741
9633415962
9497789470
9446742416
9633271977
9747402056
9446134926
9971418632
9446139469
9495520299
9744173102
9447121134
9446945175
9447601930
9562563124
9605104980
9020402044
9895056414
9497884337
9895377774
9400965984
9447325362
9995137395
9495252988
9746026984
9895946589
8921375644
8547001011
9605149418
9846016370
9495384187
9656132313
9061941234
9846032275
9497181901
9447826102
9495960458
9061874916
9446080852
9947742479
9895304629
9446932011
9446535974
9387458688
9847794894
9846070981
9995869582
9445045712
9763902361
9447608863
9833378231
9447913613
9446666414
9447414589
9544216664
9495157797
9446716246
9895315435
9947061540
9446927267
9496226772
9526304424
9847041311
9947306774
9846008355
8907050500
9656430161
9447487900
9447487906
9847327871
9847491277
9446128960
9895089599
9495712639
9946060555
9567097068
9847413029
9744724065
9447396098
9496993666
9745752211
9747788973
8888388333
9645801840
9447576702
7598799911
9496177023
9037384807
7591907904
9567266825
8547126331
9961889993
9446276248
9846580454
9446606897
8590071897
9446228053
9400338308
9578291414
9747800629
9744709425
9349960993
9349875575
9539081995
8157997770
9526031135
9497071386
9633885338
9544667923
9747864716
9447817914
9946060269
9446665688
9446079038
9947022722
7736750095
9656982528
9544132260
9947786007
9562193768
9605131527
7358124477
9061985593
8606617865
9400258976
8921665189
9847735354
9895118979
9961888018
9037781909
8547522799
8593995299
9846097762
9446718880
9895492307
9037002003
9846513854
9746825037
9744497446
9496263715
9447231045
9847461543
9646599733
9846512835
9605113997
9495744111
9446065263
7736124772
9400003993
9447907303
9495603808
8547922312
9372871865
9447152177
8943342245
7889202001
9400901999
9497459544
9100115866
9388600235
9847496754
9387436179
9846834274
9495714419
9446001806
7736438182
9746476336
8547432160
9387387886
9446981034
9847970233
9048078383
9495472093
8606667750
9496339110
9544958208
9847706848
9745695653
8848412661
9645033988
6282881500
8281732467
9037223808
9961219875
9846725286
9387826835
9207077814
8943503414
9846755380
9645086484
9995228406
8301979931
9446813939
9476769245
9895712008
8547332965
9744785038
9961664709
9496350369
9446217981
9846155059
9744909402
9961988388
9495604156
9447175999
8089002255
9633867420
7025115202
9895744572
9656293992
9846128866
9605388458
9447603326
9495934763
9744883101
9847080101
8129172864
6382086991
8891282950
9526143570
9895303203
9846278210
9447048703
9447028224
9497187060
9447233653
8893173438
9496430224
7010124281
9447184120
9633832658
9846407100
9446310164
9745189899
9037331967
9526062744
9447465373
7736139349
9495765894
9995185742
9947433144
9846618073
9947161503
9961909774
9847792827
9544251701
8547875327
9895214710
9947858592
9400922731
9995006000
9387585032
9995034693
9895765860
9946755146
9544860226
9847685622
8281321661
9447666969
9745348893
9562116887
9544118140
9497975485
9061337179
9400466435
9446441359
9497397458
9446089933
9847095150
9847007954
9447811575
8547013977
9847221988
7736070036
8281500273
9744842959
9746467106
9846041495
9746592755
9567019112
9656703814
6282112922
9744822057
9497088697
7356423495
9388479540
9447138022
9446084333
7012015575
9847274888
9633998913
9447554466
9744547780
9961472751
9747088309
9745963241
9495941661
9910395628
9846283080
9847322969
9562238368
9400796317
9847137835
7025587856
8547553167
9446061435
9605492550
9349281329
9447326283
9895933044
9447414433
8593907515
7561010000
9495879642
9387160999
9745604911
9446135133
9446400645
9446080021
9901955273
9447053300
9037070670
9947964603
9531816617
9388605801
9611897606
9946104480
9846134488
8547767254
9846421513
9446522461
9496917334
9446091770
9947233757
8660981722
9447166788
9946293560
8891299010
7560881096
9947832716
9061247978
8129437283
9037435578
9495737353
9447991223
9447790729
9447677605
9995374508
9562616658
9746850721
9037001122
9495897521
9387650208
9446983937
9961468159
9846336859
9495430808
9961368984
8281467535
9895941807
9446593614
9495466709
9656983047
9847453750
8129310646
9656802495
9633406741
9747678067
9847070933
9446397771
9446512221
8301024408
9544249915
9744121984
7561018741
9895460290
9846083683
9447465610
9946452779
9567773132
9745807829
9495944537
9847927597
9995219697
9947962615
9947233853
9895011550
9633035071
9747333666
9846094686
9995879255
9633011186
9895177561
9895031618
9846985777
7795024384
9961800342
9846262692
9847837475
9497188596
7558885063
8281865981
9847032422
9388419388
9745550630
9447251418
9540144685
9446481914
9746195057
9633188644
9349917113
8606668242
9562234690
9895192999
9946105170
9847994457
8086142887
9645278962
9400259840
8907364387
8547832411
9847582802
9846093660
8281246631
9447603495
9995431572
9447581679
9446441535
9544198199
9496152628
9745319115
9742011206
9446479156
8111887729
8136913054
9656591053
9656982141
9961049017
8037925739
9400789686
9388141496
9074983540
9495716474
9497677004
9605010990
9847549231
9387317967
9496359845
9847041611
9447049548
9846020263
9447082473
9847749040
7560956626
9847010046
9846208510
9447356084
9746051341
9847056091
9656714055
9847769557
9947471081
8075410296
9544821411
9349292036
9562310641
9447724695
9446207572
9746013907
9895189547
9447022642
9895040831
9846455450
9447352599
9809457354
9496249114
9447149377
9072150508
9744961379
8848703954
9895099366
9447369978
9349259241
9895397888
9446070819
9605090650
9847422939
9995681314
9745421589
6282110535
9847377447
9446024307
9961618824
9495193753
9895388643
9946833577
9446005566
9188711278
9496361296
8606736151
9446504505
8075557466
9895077162
9846636183
9447715829
9745955500
9847611222
9847338825
9400484831
9061658797
9495184956
8008677225
9544609145
9961571344
9388610102
8589011512
9645957021
9446717572
9400771515
9497681226
9946544417
9495577531
8129091057
9495354488
9447154787
9995322253
9544939178
9037159751
9895765953
9744225210
9947186388
9895580341
9745476026
8089344997
9846625306
9895201710
9946448499
9447580670
7736523160
8086171977
9745005180
9995498358
9400201984
9048408922
9020388333
9746686285
9447200160
9995136136
8301820039
9746365425
8078845056
9446320519
9447872008
9400309049
9995900294
9447768153
8656128191
9400524992
9447292262
9496173722
9961001321
9544127504
9400539627
8089792273
9846839151
9995626326
9747020500
9400055836
9747733428
8301041827
9961254495
9961817087
9495526818
9744270078
9847249225
9656380087
9447871547
9072162355
9562272880
9995420681
9847173294
9497962447
9846362218
9745424089
9961247469
9995019725
9847271765
9895816642
9895358902
9847604695
9447608499
9809813618
9895033753
9072454546
7558894154
8593088376
7025532864
8547591631
9562831304
9747198715
9544772238
9961999755
9048380840
9544071605
9495519403
9747236146
9744403156
9388818380
8089085663
7293497121
9400013133
9645756667
9037330623
7907803719
9645107540
9961645416
9745534386
9539468827
9847773641
9895229495
9846316310
9562854279
9995393026
9895929487
7025107797
9645277219
9605597859
9895572922
9895376760
8113948890
7736405138
9562118585
9446357969
9995260811
6282765802
9745801377
9946996723
9495025169
9496098530
9447574751
8156880384
9447528386
9037444060
8086666208
9526140936
9895732821
9645562198
9446411315
9447220179
9447145906
9846010308
9947474755
9567919252
9847122583
9995666180
9037099325
9847251269
9744746218
8547523162
9495425596
9646118983
8301940139
9446312299
9388602672
9847329505
9895005328
9847768850
9447716309
8089121209
9745226442
9447228628
9349671820
9495187779
9446404134
9061060747
9447508270
9847934264
9567820220
8589022484
9447022505
9895845342
9249472703
9447346583
9895006018
9446351134
9495892655
8086799241
9562569945
9895261338
9496394162
9495161629
9995970949
9061403905
9388405757
9846244253
9446025406
9895312201
9539000654
8086699988
9656861945
9142357478
9633158440
9847934881
9048821877
9526960082
9895222407
9495506875
9048822950
9048367245
9033575893
9895048895
9447190096
9447147470
9447104933
9387922443
9605282706
9446611941
9846061909
9447991207
9961155266
9961170909
9847167698
9633999900
9400852626
9847518098
9447609974
9447778411
9860148249
9746226278
9895062504
9495612611
8943190293
9747102313
8589023286
9946997200
9747207867
9400883957
9446593195
9745075697
8281369875
9349918443
9961499502
9947870608
9847299887
9495961280
9895534223
9567691153
9048632070
9895178336
9895949942
9846065326
9745394008
9447378276
8547350039
9744653847
9947259344
9995399000
8078129198
9746727488
9061340648
7356350352
9498097613
8075926134
9446583600
9446714400
9961665654
8129270924
9961206674
9072021215
9946976041
8547180413
9995640164
9745782745
9446214942
9995206189
9061571618
7306424468
9847030463
9447721560
9048557252
9495429015
9447965143
9946665447
9633197099
8547643221
9446465262
9446546932
9946667278
9895573471
9526453614
8301888977
9384118787
7558869957
9567760206
9497775295
9495180913
9746493631
9895877633
9895644426
7736649626
9447921625
9847135759
9947816633
9946120226
9847227425
8111937700
9995649565
9645005315
8547593015
9447603384
8848249015
9946670000
9895088220
9048711613
8891950220
7718847887
9447355535
9447697988
9895183474
8943836364
9947600864
9039734692
8129946772
9847429255
9447021167
9020676798
9447565838
7034032139
9495588661
7293561336
9895819006
9022616061
8281489928
9633309188
9995624573
9447078321
9946506442
9446078224
9207294998
9207007627
9447819527
9961488414
9995448895
9809912366
9895123495
7994541334
9995811668
9447817971
8129443111
9615779743
9895176306
8075400829
9443149082
9446458698
8891111370
9656666929
9830732212
9446687395
9446549805
8086697832
9656431997
9388600506
9633588228
9447602793
9633330099
9895765897
9446612159
8593993130
9496531077
9605741802
9633527421
9895090063
9946341935
9349292223
9037083407
9895005577
9446387493
9446184348
9446074244
9447737761
9495957054
9495425573
9447767155
9495747781
9400940464
9847241517
9567228773
9497540479
9895987099
9443391374
9447625174
9847099936
9447284320
9744957437
9895005383
9447637330
9746138686
9895638070
9895058345
9746378882
9446073329
9447422378
9946397140
8547000139
9846722992
9037709828
9544329434
9142509148
9020774835
9847025484
9846277171
8943370218
9349223365
9142135062
9995799651
9447090377
9847032345
9446501326
9846923992
8939932480
7907812801
9539436998
9446931303
9497238294
9895981367
9491248514
9848886795
9447097739
9895081560
9947472375
9656569341
9387101803
9447709989
9961742678
9995520770
9048713838
9662592588
9895557177
7909231272
9787256739
9946445406
9846874162
9447232615
8078556050
9605039277
8138021100
9846115035
8281724480
9446544480
9544129941
9847406193
9048094617
9633003499
7356002659
9447720489
9746737401
8086285361
9645846042
9946430913
7760425031
9498080238
8089491351
9447043754
9895765464
9995846786
9846081214
9447294554
9037385543
9249730578
9446227318
9496120556
9443045400
9037978440
9562994224
8086078716
9048008574
9846300044
9633177608
9388612279
8891716207
9447841118
9446318781
8547732822
9495141414
9447797454
9495536475
9562376000
9747873282
9495995957
9201943652
9446080803
9447965759
9447134820
7510820286
8086039174
9497216008
9446533709
9895946360
9846077183
9497459085
9562727299
9496040869
8891203563
9895016136
9645083104
9745232727
9037214988
9447464946
9895934757
8157984285
9388849253
9747973943
9400820184
8301958776
9847345172
9447888954
9446569168
9846344756
9847052666
9207371084
9447347891
9946348527
9895693345
9544621463
9846151519
9847495227
9645800247
9447193983
9895090906
9037604293
9847338525
9847788396
9840958455
9846819921
9895190291
9847475610
9654745143
8129963630
9447131949
9447985138
9447120334
9495948212
9446508142
7025220470
9846441443
8086005856
9446897091
9446464906
9061507979
9746198884
7025111092
8848470579
8606236011
9495603285
9895759438
8891030840
9746350013
9446531203
9495519699
9567909007
8547973544
9562609657
9895652071
9747059021
9886208361
8943778787
9633029935
9846176933
9995821117
9495933560
9496118789
9495518449
9895916703
9605089211
7736464850
9847516760
7592944620
9605390450
9349160031
9846388818
9567759476
9447097531
8589988830
9447379377
9061158091
9995162188
8281732352
9495947451
8281372137
9388609103
9745997007
9746478944
9847034800
9961005360
8891152503
9847340707
9495024665
9846057697
9446210744
9995089202
8089547771
9884253350
9846732226
9618884800
9020967531
9349277908
9947092333
8547000321
9747166390
8281943267
9995359028
9037375471
9447017570
9995989200
9846073021
9496160382
9947814297
9061862974
9061278002
9656699711
9447733659
8089563348
8547555090
9961656237
9895088308
9310524787
9544066669
9747639173
9746470333
8113034235
9847193182
9447812639
9847729505
9947921761
9496277183
9447698253
9446290371
9447813320
9656869943
9995044279
9072948061
9387377586
8086303901
9946058020
9544724680
9847888483
9446468104
9497026165
8289887838
9446486745
9446127790
9400645481
7736012726
9495632249
9895071410
8943093138
9846201871
9947364580
8590957043
9495768268
9847398040
9846534585
8304041334
9447232609
9745999824
9447519060
9188100592
9847767413
9447369555
9656878929
9847661736
9539244415
9400656689
9496040079
9446982926
9495970206
9633195744
8289931992
9539747957
9495984997
8848620295
9846022042
9496197726
9846121577
9846581402
9447573860
9847974229
9447580770
9447233182
8547000338
8129822333
9567330771
9447260725
9466104484
9496266399
9847140933
9447930459
9070912577
9447807780
9947243914
9447815390
9037518295
9447326812
9847085991
9447510484
9995199426
8943948650
9388808538
9995006118
9388702295
9745451155
8921360850
9847740580
7293121212
9496062110
9895205323
9496566389
9496258732
9061069944
9847047714
9447166118
9496303777
8547729251
9447114219
9446505328
9446437487
9847914086
9496123907
9847388115
8893815065
9605855979
9895753329
9895056848
9895165609
9474303005
7025941759
9388805377
9847911494
9446265830
7994691805
7566901052
9447026648
9947910547
9544080011
9846093102
9497491517
9995893326
9446684215
9847183296
9947141332
9847448268
9447361020
9895711750
8594094721
9400642226
9847946513
9645442423
9567387369
9846026675
9446826431
9495534567
7736459991
7306545829
8086049738
9846151889
9847593141
9744051382
9995533788
9447811806
9447158593
8547774964
9946094023
9633710390
9746130292
9447460708
9496173796
9447666983
9446006629
9048460999
9447522615
9495856476
9446972263
9847000929
9562843379
8089928019
9747711985
8129941144
9846770429
9846182824
9876532819
9495971889
9400148409
9562665720
9495505205
9249397051
9847035433
8524802689
9442291019
9497278730
8547200318
9744495101
9747884525
9847292317
9990588243
9946125328
9447107605
9745712606
9847724187
7356156743
9447055630
9895709778
9447048897
9744108404
9496202777
9497687194
9947892237
9544907512
9446056610
9447351600
9446139294
9847083367
9633795607
9846763368
9497188284
9846276372
9947648800
9847140896
9744517299
9745989863
9072202358
9496564747
9847043760
9496823751
9995891449
9850949152
9895298841
9496060941
9746662026
9048854255
9387388092
9645465352
9946025471
9656064351
9496574850
9895563527
9567739910
9847303965
7510910952
9447503200
9895489034
9947630259
9961725473
9544483807
9656384813
9744213680
9747612576
8136922144
9961762684
9400871465
9801872890
9744493958
9198990834
9744273141
9995770035
9447184923
9349265917
9447048804
9895721732
9656943115
9447295401
9496067314
8281983797
9961449987
9961604000
8129353132
9995123968
9447380982
8606162487
9388274414
9995431415
9072792902
9895562641
9495814670
9037378572
9544583017
9497023290
9747158276
9605339125
8137033582
9946556426
9495812822
9847190052
9447407973
9847965162
8136937114
9496212750
8848182450
9847448274
9447610049
7902357303
9400707924
9567875946
8086308565
9847004997
9895918495
9061055258
9846023940
8592854763
9645822998
9539167112
9746569749
9605418478
9388605986
9947136041
9745037506
9747016809
9526224924
9645185993
9447740634
7907403921
8547880226
9947048316
9446218091
9747266179
9895011022
9048306904
9656100619
9447260499
9645038582
9847933204
9526282285
9446477093
9847241782
9447174945
8136848799
9446409889
9567820000
9447217586
8111804573
9544057777
9846658561
9445213727
9746265773
9947271361
9986755635
9526827851
9846090770
9895015353
9388813984
9995526934
9544124240
9961277035
7676972872
9846595615
9745073353
9895174621
7736306667
9497246322
9645356874
9447095591
9447006422
9447250943
9446141436
8606496421
9847159430
9567878910
8113014248
7736331938
9447331396
9847422084
7736898716
9447378173
9497369116
9846744485
9645403704
8129395828
8089165104
7736113336
7575875165
9446865207
9495466691
9446695397
8547143897
9947111717
9847388812
9895175424
9349006050
8714977986
9847923314
9995201869
9947460716
9847766700
9731866550
9895399110
9847181551
9947050400
9895843238
9496043400
9447023076
9562313520
9656880542
9349274902
8547821902
9497023737
9388605400
9544352906
8763860091
7025752621
9447405256
9447991245
9846166344
9444389332
9846042834
9446713442
9447834295
9947989228
8129209660
9249582760
9446719235
9539151506
7012530712
9446539437
9544791124
8113032794
8547790007
9446096122
8891113221
8589092170
9048901845
9567136735
9496060726
9349376511
9526830848
9633083565
9400397344
9447022684
9496063380
9847159483
9633497812
8089009089
9995474906
7306955177
8281484048
9447546562
9388992111
7994118302
9446531742
9846812537
9495408980
9846262195
9847081504
6282350711
9895011006
9869785298
9847681227
9072301971
9847053606
9947249090
9747434042
9846332259
8891385534
9656041149
8547892608
9961992304
8800423484
9846166123
9048025246
9495510054
9847993909
9946512730
9605588550
9961663970
8129742778
9847878821
8848455749
7560896627
8086219823
9947595659
9895772544
9349005223
9746524060
9847433202
9847925260
9745869667
9895102913
9656378216
8301826394
9504689834
8547843088
7907046302
8129446442
7034233633
9995265652
9446129012
9447211473
9895267343
9539495969
9515457895
9744421779
9447061147
9895015436
9526930824
9400762582
9142842756
9895189440
9744616469
8075758064
8089516564
9847622245
9436756644
9048039113
9947772705
9072214636
9947187033
9847474795
9946995105
9539749103
9550713449
9645433628
7356644479
9995311163
9048372388
9495591213
7293142320
9562733068
9446013535
9995981801
9495127911
7560949114
9895048468
9846456887
9605591328
9895942488
9142548054
9496106130
9746831617
9656424816
9946291911
9495383761
8138906650
9995532000
9633003780
9947102319
9497835020
9847697838
9446891486
9656433933
9961991702
9846922271
9249262637
9558007596
9846477112
9048495797
9539003680
9037378216
9847701999
9895137938
9895765859
9539725766
9037055575
6238270959
8893804142
9400876716
9497687798
9447172873
9446054527
6238179990
6238374081
7012541418
7025588989
7025685213
7034770415
7510820018
7559098652
7559814778
7559842136
7560944861
7591932605
7591966313
7907116958
7909170996
8075907398
8086420591
8086559336
8113060522
8129988450
8157878013
8157997178
8281072869
8547165830
8547781183
8593820662
8593829601
8606468014
8714831625
8848805799
8921556592
8921838552
9048640951
9072157440
9147538227
9188281078
9446155195
9446692735
9447651242
9447681078
9447842879
9448959002
9496804674
9497872080
9526298375
9526994696
9539147087
9539912301
9544850315
9562493923
9567742932
9645179285
9645416615
9645695761
9645717944
9645796709
9656298827
9656487369
9656498089
9744404705
9745020628
9745020650
9745056284
9745484548
9745672423
9747033312
9778363331
9846518785
9846744313
9847501521
9847899122
9847968835
9895231978
9946098652
9946778355
9947160351
9947610597
9947691135
9961075413
9995733894
6238339349
6282713363
6282997627
7025506448
7356332068
7592874238
7736805366
7902979435
8078878323
8079176777
8086410703
8086629610
8281253950
8848309334
9037898770
9061053018
9074188287
9074907855
9447509490
9447581676
9495794721
9526984157
9544414067
9544907137
9567107874
9605661474
9633776083
9744908079
9746849028
9747654943
9845075155
9846431351
9846752455
9847100639
9847118466
9847912327
9895570483
9946063060
9946535682
9946681549
9995393046
9495353473
9446812941
8547804794
9846597848
8136814793
9497204793
9995774636
8848346843
9447319909
9847712828
9447204500
9288038831
9895242399
9447510144
9747323265
9447742927
9048676943
9744157433
8606273617
9605933173
9447814445
9447164538
9745045015
7034150808
9746825735
9995495227
9495427653
9747066040
9747191301
9539011887
7559023828
9744784993
9400238614
9526658548
9496175438
9961741701
9447396244
9605497229
9846209475
9846646625
9947023288
9447821582
9895347554
9447578716
9961709480
9460330978
9995492565
9447355323
9400650189
9847963882
9447621300
9447510112
9495194674
9746582021
9744440467
9447913865
8157884474
9947489433
9447435388
9447144947
9447293310
9447980436
9447308329
9495685511
9446805710
9447872147
9744276070
9605462459
9995797202
9847654224
9747421767
9605028537
9447251158
9447200274
9495989318
9447814446
9496327287
9995824294
9947831372
9947450457
9539065448
9847106511
9656096828
8086070362
9961399313
9446216823
9544844609
9446319010
9447414483
9946802176
9495194254
9745576777
9447818151
9946618124
9400224296
9447212908
7025192942
9495852386
9447552763
8089112930
9447055064
9447050813
9656683381
9446717199
9447058706
9447828316
9847663680
9447668374
9562065907
9744745413
9496823213
9746850271
9496435459
9447068857
9447700728
9562962877
8286567301
8281567301
9497386513
9947703131
9447773228
9947035214
9020668560
9947247871
9446221406
9947882871
9544373587
8086119706
9847762161
9961740351
7902359491
9447506687
9747911071
9946740445
9446740445
9447293303
9747689727
9447819547
9447039520
9495970492
9846196135
9447136576
9497686470
9446485233
8281915049
9447222393
9388801861
9447980128
9447107630
9447252319
9847772838
9447214271
9961058226
9871790302
9447837743
7558897192
9495656953
9495665648
9744524548
9446866414
9744077011
9446960228
9447058126
9447291819
9745262060
9400335472
9745975899
9633472572
6235159308
6238987714
7012266464
7034007729
7034257286
7034262615
7034863622
7306222606
7306713851
7306767819
7510730730
7516773707
7560824620
7561010382
7676243366
7907352153
7994530178
8075510676
8089206678
8089235076
8089296604
8089369988
8129316918
8129806842
8132476142
8138960565
8138969965
8229914463
8230092573
8237815887
8281614351
8301840742
8547010006
8547206920
8547248852
8547378147
8547380365
8547521176
8547521537
8547739275
8547760158
8547880024
8547987922
8590027895
8590185319
8590209295
8590489754
8590499544
8590504742
8590629263
8590684504
8593967234
8597324636
8606528973
8606532591
8714716574
8714821164
8716313353
8848243304
8848464330
8848683924
8848989128
8891826290
8921684058
8921932201
8943143485
8991674886
9037105914
9037222586
9037252476
9037520359
9048021554
9048214272
9048646060
9051478191
9061240451
9061937045
9072053188
9072765910
9074657145
9207121385
9207247838
9207883544
9400170151
9400324442
9446289284
9446793025
9447037433
9447442316
9447812457
9447878973
9495263034
9496169620
9496749740
9497063326
9526119271
9539026955
9539050951
9539260123
9562019012
9562827503
9566433132
9567458327
9567787256
9605163930
9605230082
9605247123
9633082358
9633104098
9633598877
9645124161
9645221995
9656541316
9674877452
9737852685
9744187509
9744763123
9744777599
9744906638
9745132271
9745168873
9745240120
9745878413
9745901135
9746137871
9746264917
9746415834
9746898670
9746968909
9778313732
9784780465
9846009233
9846364115
9847120240
9847442873
9847777374
9895275128
9895364893
9895662939
9895809096
9907433712
9946836209
9947706313
9961843015
9961859788
9995250503
9995378299
9995631934
9995669047
9995704252
6235587376
6238120619
6238255383
6238276978
6280971685
6282116579
6282355743
7012812134
7025373708
7034262518
7034894338
7306159165
7306365991
7559003143
7559951969
7576111085
7582145916
7592829841
7593806932
7730176772
7730426152
7736212720
7736298768
7736304617
7736866174
7756825194
7902859072
7994227656
7994515567
8075556948
8075929189
8081869155
8086129599
8086545287
8089941556
8113821884
8121449740
8129024856
8129194056
8137955343
8281304814
8281502217
8281861615
8289893839
8547313038
8547562808
8587070799
8587714915
8590211345
8590866541
8590871964
8590878519
8593881187
8606099314
8606570669
8606841538
8714510029
8848375361
8848701221
8848786575
8891180029
8921364573
8921915215
9020777444
9037151521
9037275900
9037390231
9048596869
9072086186
9072400221
9074343506
9074754499
9388557474
9446273509
9446462387
9446537866
9447735007
9447815417
9495241764
9495492929
9496177204
9496775593
9497384171
9497772589
9497869449
9526543133
9539533153
9544325530
9562000735
9562570494
9567017346
9567332327
9567577181
9567968951
9567985405
9605302235
9633326911
9633774111
9633790881
9645134979
9645188286
9645548052
9645561729
9645935101
9656591860
9745242048
9745299912
9745450374
9745520516
9745755599
9745755695
9746184708
9746360805
9746729175
9747037989
9747194224
9747195905
9747382112
9747961122
9846122636
9846222632
9846266461
9846493189
9846573117
9846718196
9846827579
9847039911
9847271318
9847993265
9946428474
9946513638
9946586156
9947646804
9947798429
9947913807
9972761006
9995447288
9995698302
9995788269
7306851154
7994746432
8113096691
8281290284
8281708122
8589863383
8590592776
8606012416
8714809497
9048362698
9061012411
9526240448
9567480233
9605230719
9633458392
9744228624
9744678890
9778127964
9947719931
9995426231
9995673664
7012622619
7012814749
7034942411
7558084604
7559831297
7907961099
8078508494
8086813741
8089537726
8089644302
8089763086
8281672916
8590077215
8590333953
8593948340
8713878333
9048496104
9048669796
9061579812
9061643146
9072514081
9072840739
9288119756
9400668715
9447338196
9447847596
9497649021
9526602820
9539449166
9539662568
9645455199
9745166747
9745692827
9745919130
9745936426
9745953321
9747223085
9747600572
9778321292
9846488037
9846620200
9846651287
9847722526
9864826809
9895095580
9895547439
9947465649
7994158683
9846289528
9188609640
8136979653
8550000000
9447927699
8590000000
9526170665
9074189010
6238961042
8086080289
9847009904
9656624263
9544081132
9747732094
9745208819
9447242717
9746319887
7561070905
8078351470
9744709828
7907242296
9950000000
8610000000
9447979847
9446767749
8848766673
9946350218
8156801651
9074107086
7592926211
8280000000
8907380449
7030000000
9496241540
9605259635
9048276250
9747183673
9495623114
9447392895
9526015106
7012404453
6238837793
8590019505
9446136390
9207454800
9495377473
9847788211
7025112098
6282769876
8592081261
9048054995
9539757494
9539706029
9645315795
7025792884
9946420069
9645126854
8129519210
8086340095
6238460870
7025718251
9142444019
8110000000
8086939985
9048703971
9846093684
8590493571
9048657817
9747960327
9526856978
9447635015
9539428208
9605676780
8075284976
8850000000
9645773153
9544355107
8156840233
9946462828
9846542982
9809553464
9744030568
9961322324
8281711845
9847629175
6282608020
9074620676
9747246952
9447444395
8086420691
8281069599
8089833569
7025924890
7994773032
9747973793
9495490081
9633086270
9562628129
8075863269
7012088141
9048509229
9847360649
7012449946
7740000000
7902671394
9645947555
7034845246
7994951041
8075728258
7558827802
9495512058
9562534559
6235074527
9645804780
9495101133
8592809890
9605483551
9605583551
7025185906
7558037630
8848714680
7306833078
7034339550
8592871394
9048162408
7306903996
9744434892
9847534863
8589025835
9744184335
9605385757
9744970714
9496215986
7034702645
9946339128
9450000000
9850000000
6238714790
9746217122
9750000000
9037360459
9539102182
7559927926
9605481240
9495487687
9961227443
6235174893
7510921966
9846295137
8943686191
9539869145
8113911572
9400832826
8547429433
8590844594
9900000000
9778209329
9946532390
9539428297
9995194554
8590770065
9846816337
9745572864
9633120357
9778353508
9074625483
9495323499
9645449683
7510801836
9072786773
9656045806
9744059579
8129981609
9745056490
9037267339
9496045586
8848820568
8547258215
9745027593
8086910952
8606258009
8157961804
9744463729
7306505071
9745361916
9605560049
8590437480
8943866393
9539141120
9946281488
8547956018
9747565186
9497117234
9048595992
9745351769
6235245301
7736538025
8890000000
9846214900
8589966780
9526032523
9539376662
6282100531
8547931859
6282701609
9846252449
9539649717
9946309936
9846381817
9544388361
8086157370
6238535702
9961681752
9560000000
7012536669
9567421355
7902727309
9656041069
9048670275
9747174469
9544846751
9074876676
9744976175
7034013382
9562293464
9339629748
8590415626
9495511118
9562953962
9497870143
9207967151
9562548725
9846816715
9846419120
7034183477
9747053101
9847241572
9645569935
9048232954
9656456461
8086768304
9496362795
7012479919
9050000000
9846238281
9447842917
9061289820
8304886800
7034043800
7025880443
8089188638
7510719805
9072554020
9645796891
9207241680
8714145451
8129808809
8547275953
7202427205
9605411855
9745661140
8589936315
8590424534
8606014587
8593820317
9544370603
8592900524
7902248509
8113870934
9961799800
9946625965
9497664854
9446388166
7012387805
8921561053
9447274296
9846853720
7994967244
9645511538
9447978252
8157066001
9539255021
8281251142
8086901373
8943278510
9048068940
9874248567
9495360477
9747304476
9074616134
8330076484
8086574489
7564687741
9540000000
8157964670
9747985921
9048934156
9946008173
8590466042
7736986136
7034768353
9744757202
9645455558
9946263279
9061400179
9562094340
6238406629
7034380738
7902861306
9497037205
7902318544
9961234491
8592807688
9656073654
9526867294
7306413846
9847582470
9946420311
9745703039
9745157598
7561805670
9496837885
9446728574
9495609379
8589923388
7025085469
9072546830
9946929460
9496669748
6238522619
9745484006
9746923151
9526950254
9961899457
9048731816
7902316942
9400079543
9539011354
8086910918
9061450902
9946813282
9946204548
7034638204
9539248041
7593055091
8592816345
9074218689
9446402688
7012230764
9072089246
9656813874
7990000000
9745340357
9048319296
8592080091
9946882283
8606843387
7907891680
9946445797
7736767005
8891495135
9747657685
9747980792
9037930680
9961215530
9605183481
6282685427
6235122398
8891204817
7012269396
9946086430
9746547290
9567836872
9744801310
9946501971
9745859079
9746781495
9446782302
9526176997
9544077251
7012034873
8300000000
9544177013
9656791329
9074103856
9567976913
9486100525
9446245339
9778006038
8086923313
9048174167
9037390242
9567789898
9847196001
9496953153
8086191926
9526700099
9656372503
9562888728
8593958415
9846451829
8590622685
8943924781
9072145403
9995746880
8606920159
9946642784
9847450554
9747446767
9778070562
7356633478
9544181173
7570776921
8086709431
9567111381
6235192849
7012674357
9745119305
7561837791
9745924587
6238648902
9048591102
9847666613
9747072432
9946277511
9645364071
6238987588
8089834167
8138048317
9207907281
8304948551
9946777505
8113965645
9846596906
9496661773
9400327972
9645590511
9946134896
9747363079
9645854767
9061432450
9645694844
7306454500
9961594600
9605033990
9656356442
7012925975
9961712775
7510299798
9142267255
7736657844
8606247068
9048193894
7736574049
8086672918
6238667798
8089728705
9778057099
9188761246
9539744325
9072218346
9446841511
9656830270
7510719699
7558034276
9497670610
7594945161
9746375476
9847927029
8592083862
7034704287
9747343447
8590539949
9846454004
9605723980
9048441751
7034960177
9037001618
9645446894
8943800798
8943076806
9496552553
9500000000
8547586209
8090000000
9745776119
9074082498
9745467199
8592963470
9048566369
9847122656
9605787048
7034475547
9048150794
7034639218
7356845060
9745201031
9946486850
7356418104
8921323911
9074257156
8606026696
9778066951
9961902740
9446280417
8157048409
9562895685
9446109753
9072324835
9656443533
9544088470
9447841215
9048533372
7034717303
8589078237
9496480098
8590501307
7900000000
9207603020
9605091592
8943884250
8590925043
9744414844
9447652058
9061491660
6282521872
8943382810
8086969842
9495913009
9946109258
9995443508
8086431562
9747840031
9497350746
9947506549
9072467332
9207001784
8086237514
9961703274
7551873158
9495454243
9946820752
9400151796
9645408923
8080000000
9400933104
7592047381
9061929578
9605363155
6282045107
9446276462
7025067816
6235140645
9745582894
9995331840
8593069602
9447160187
9526736500
9526078378
7736929055
8089641730
8078826084
7034138555
9544077122
9446993674
9539868895
9778147177
8086969121
8086815715
9633577888
9947640296
9746564436
9745083521
8592096861
8075589995
8943371056
8072143538
9745898363
9539883735
9495492136
8078309320
9747024955
7034147525
6235935040
7510847339
7592873016
9946686499
9742924693
9745126804
7510780096
9061089433
9496467872
9656491004
9847198807
9048272762
7034617386
8907572969
9496362766
7907849265
8920000000
7902844924
9846958223
9562154329
9846923151
7559048700
9526753375
9895331020
9961784217
9946163225
8113838611
8590073672
9072092169
9446986098
9645914935
7306857233
9656420968
8943273636
9846459299
9497303672
8848653579
9526654553
9744847071
9846063259
7592878395
8590927969
9447630499
9656156073
9656135692
9447927373
9995168505
9061400912
9562007547
8086341478
8086802374
9048338312
9847872009
9846438245
7306838951
9656608192
9895525553
8943547687
9562897187
9037448238
9846341176
9744734733
9645903619
9605373893
8943340002
7034296666
9946219395
6238339606
9744506550
9633396464
9660000000
9847862656
8921957170
9745926771
7594950473
9495497438
9190000000
8593906746
9633802145
8943472064
7510972657
9995183524
9745743136
8281358895
7594940654
7034174377
9048855461
9446884759
9656736652
9538294780
8330058618
9020787583
7593002091
9446633942
9544762808
9446730230
8547317118
9539762667
9745764688
9447539054
9207825737
7594006714
9745768993
7034377523
7560857580
9188108129
8111842981
9544845316
9747616879
9562006342
9496024079
9539464183
6235183852
9188340252
9539902120
9048714405
8113057148
7510559089
9048496048
9633259390
9947447567
8157997643
8075061597
9961750841
7736680529
9074003722
9745923311
8113900481
9526891698
9645124113
9570000000
7593035889
9539216005
8089751039
9048415545
9656046188
9809515264
9072924002
8281976134
7510000000
8086924721
9946744264
9946008172
9447219371
9074270971
9070000000
7012124616
9400411240
7510281325
9745766252
9539584500
8281661240
7560847256
6280000000
9846696185
9446729058
9072581180
7306674626
7034298860
7025580857
8940000000
9961401245
8606393699
9946260396
8086597732
9495318588
9188271640
9745515817
9895745700
8606893446
8129748815
8086256240
8075107150
9846974573
8136874405
8590165396
9656032164
9633596938
7558953380
9847598756
9048736801
9656966109
8606220954
9633340590
9846818704
7902558609
9496467889
9846830104
9895247840
8304094864
9745462337
9495531544
7034317363
9544717875
9447263907
8590608163
7902490250
6238732439
9526504865
6238758450
7591952369
9447437782
8606630206
8606702655
9072365030
9946744232
9747988980
9745916727
8606682132
8089085857
8606262972
9995810099
9539818390
8075306404
9747501388
9207239053
9946830052
9048696697
9605537230
9497843796
7025856534
9446477552
9610000000
7902248214
9072113400
9846077350
9605594847
9846385429
8590609414
9745924852
9746814755
8086281461
8089889605
9946497017
9946810802
9495563426
9539497017
9745302142
9562704958
9048238564
9744559305
9961220641
8943186594
8606000918
9645292615
7025754415
7910000000
9539410639
8111827687
7907167428
6235392872
7591925114
9048495093
8921268500
9747439387
7034586243
6235047593
9539428287
9605237729
7591902760
7306561006
9745128923
9526463656
9961674425
9645120997
8943613181
8943612994
7306421699
8156914694
8943680882
9809824775
9747072440
9946928013
9048778269
8075324012
7592937587
9446394219
8086214707
9061281180
9539183300
9446403271
7593095240
8137864346
8086256837
9846814061
9895930732
9539314390
9995953045
9846106654
9562295793
6238823838
9544989748
9745293584
9745202734
7306027676
9961549723
7034370634
7907718861
9539823451
9061210487
8943619817
9495183955
6235177019
9496837860
9645321791
9846151380
9747477372
9645755680
8160000000
8592079842
9567729828
9544500413
6235460539
8943381988
9946942788
9188276929
9947720279
9846700893
7356782582
8086645954
9745839809
9544665830
8606143176
6235894177
8943155893
9633875624
7034961324
9061290094
9944060615
8848757567
8113018423
7592873486
8592877874
9544541050
9995428756
9495210709
7012424177
7510230331
8606173308
6238671684
9645004997
9567784257
6238154209
9207483750
8089456471
8592079704
9645785611
9496443747
6235760035
7356741391
7356318421
8086213740
8140000000
9544591858
9446156057
7012770024
9495740523
7902878521
9946820156
9656388593
9544670145
9942496533
9048640272
9072016186
8075036793
8921492597
9645755442
9633690191
9633120989
7036128867
8590195181
7736871256
7591902784
9072056873
9745227604
8157997825
9645409745
9947773520
6282497540
6282591090
7012665388
7025449361
7034390267
7034535610
7306257203
7306316178
7558999837
7592837197
7594004669
7594933053
7736480172
7907464016
7907750791
7994577569
7994944300
7994953082
8086089548
8086118787
8086382165
8086957644
8089508972
8089553574
8089815088
8129109120
8129287854
8129875971
8129907581
8281225860
8547139790
8590140078
8590858357
8590909128
8590917650
8592874410
8593004254
8714454294
8843146811
8848122175
8848765310
8921857882
8943420725
8943746451
9037068289
9037220140
9048010588
9048056714
9048180334
9048279332
9061600382
9072434859
9072742658
9074751768
9446768030
9447725523
9495322933
9495374074
9495501996
9495608538
9496978320
9511752860
9539025879
9539472207
9539523889
9544643126
9562497861
9562539040
9562668882
9562946658
9567076656
9605121000
9605782607
9656020392
9656500224
9656649924
9744508975
9745353291
9747315729
9747746618
9747985617
9778152151
9778550969
9846429428
9846500507
9846521175
9846817373
9847830448
9946562620
9946758599
9946771772
9961124052
9961376694
9961749228
9995397889
7306550438
7560888740
7592847960
7736568300
8075312246
8086120636
8086507190
8086981756
8086984746
8129883121
8138856028
8281504556
8281863460
8289814260
8301093305
8589039096
8589923926
8590215365
8714295400
8848494925
8907255872
9048444148
9048524871
9074030072
9249272970
9446770249
9446881857
9446951961
9447305140
9447332542
9447406410
9447537567
9447845647
9495740162
9496137242
9496583288
9497658734
9526831654
9539389020
9539477248
9544877192
9562494905
9562872636
9645508652
9656755929
9656992392
9745151633
9745235842
9745956143
9746428450
9846503984
9846728450
9946199575
9946435199
9946973661
9947582544
9995114421
9995683495
6235082935
6238370685
6238535530
6238565300
6282637944
6282702847
6282707581
7012522835
7025315223
7025315234
7025642769
7034122768
7034790816
7034925452
7306415898
7306613831
7306894624
7356015931
7356349442
7510315071
7510727077
7558935130
7559079322
7560909030
7736849142
7736875313
7902231566
7902267295
7902638745
7902881766
7907356511
7907460190
7994325502
7994483032
8075027310
8075629208
8086588600
8089626676
8089862743
8113012290
8113829014
8113913782
8129216645
8129427469
8138975632
8157060569
8157817669
8281100808
8281811444
8289897388
8590425157
8590585395
8592828483
8593906950
8606008316
8606046183
8606171740
8606358825
8606596085
8606718711
8606784966
8714056593
8848023609
8848754764
8921379227
8921386124
8921961596
9037559131
9048646847
9061147262
9061147276
9061253599
9061500436
9061814415
9061815732
9072100447
9074716531
9074784746
9188707530
9207610950
9446884710
9447537585
9496556843
9496887206
9526064522
9526368914
9526371980
9526394437
9526577844
9544426097
9544906759
9562117405
9562276952
9562432817
9562520034
9562802214
9562815435
9562845747
9562860152
9567740305
9605185076
9605401020
9605448390
9605595379
9625040404
9633141875
9633791650
9645452608
9645618469
9645841136
9656313694
9656801863
9744098171
9744313694
9744315127
9744402431
9744485682
9744518332
9744904135
9745898910
9747000811
9747310303
9747388600
9747557261
9747586902
9747630400
9809273937
9846321709
9846713605
9847343045
9847688810
9847691940
9847720540
9847740729
9847753198
9847940527
9895685783
9946342930
9946837019
9947151614
9947791867
9947928538
9961089200
9961195862
9961270848
9961431805
9961470837
9961573965
9961669180
9961692151
9995299820
9995864960
6235306823
6235345980
6238506518
6238895793
6282485358
6282839353
7012068683
7012131273
7012145673
7012158371
7012696409
7025138447
7025182235
7034040406
7034069368
7306277310
7306314773
7306700874
7356082213
7510319290
7558985132
7559017823
7559017833
7592828347
7593028079
7736012736
7736240991
7736709030
7736725411
7907438191
8075172969
8075193321
8075196679
8075238467
8086292396
8086623356
8086644436
8089475438
8089516446
8089543821
8111804468
8113047525
8138093266
8547209022
8590183614
8592060875
8606639167
8606753761
8714404300
8714465876
8714843090
8848274787
8848569919
8848887627
8907535312
8921395137
8921853564
8943695620
8943811981
9037207819
9037235785
9037518250
9037544179
9072594015
9074368253
9074525864
9074730761
9142188889
9207217521
9207220157
9207552161
9446824935
9526036933
9526924893
9539049732
9539790359
9544048336
9544251547
9544364896
9544516130
9544761668
9562201641
9562354371
9562439053
9562445794
9562530078
9562560585
9562651997
9562673059
9562805639
9605004733
9605216712
9605545231
9605597115
9605695390
9605995679
9625020202
9633354468
9633894763
9656297558
9656500423
9656664303
9656897447
9744085509
9744618313
9745045984
9745807696
9747252589
9747723436
9747952571
9778303382
9846366541
9846383498
9847006449
9847301029
9847355748
9847735707
9847949133
9946529192
9947505230
9961080611
9961282792
9961669449
9961748969
9961773607
9961962454
7012959493
7025854326
7034158721
7034326659
7034749892
7356986209
7548811674
7592926488
7736568997
8075636469
8086167003
8086407423
8281035566
8547153296
8589915949
8590852626
8593982870
8606085028
8714460552
8921857732
8943259857
9037874363
9048583822
9061607910
9072819846
9074845962
9188558619
9207947452
9447980361
9495291899
9495817170
9746608033
9747149532
9747538207
9747606679
9778738937
9846196642
9846229139
9895516365
9946338879
9947069782
9947082890
9947261356
9961217200
9961399246
9961923730
9995218191
9995898203
9995947452
7907087305
8089180328
8714473889
8943680207
9074590065
9447770666
9495139730
9495232940
9495511975
9495563536
9496979227
9539046763
9539851241
9539963787
9562060616
9562223141
9645122782
9645653536
9846377131
9847197178
6235687134
6238441271
7012756953
7025014649
7034013482
7034071800
7034414599
7356170495
7397332757
7558999433
7559900496
7907819358
7994817838
8136813102
8137836931
8156874778
8606904584
8921177919
8921869421
8943492593
8943957128
9037127209
9072857425
9207811609
9526012543
9526186021
9544394016
9562184575
9567221652
9605299393
9605501157
9605660483
9633530277
9656586958
9744255735
9745287763
9747747221
9747974827
9846477409
9946921346
9961925357
6235511943
6282710794
7012951748
7025865802
7034596254
7034635162
7510343460
7994026082
8086408232
8086432944
8111957259
8156999681
8301005402
8590059422
8606479547
8606739350
8606894044
8907161925
9048219515
9061371146
9072460718
9074436026
9495913675
9497658546
9526956973
9544360335
9544859811
9544870114
9567318988
9567820563
9605560905
9605695424
9605730220
9605972385
9645363034
9645706527
9656231456
9747275180
9747556184
9747663234
9846876835
9847302204
9847993082
9946883609
9947356354
9961006184
9961080610
6235096646
6238761566
7012272754
7012419914
7025960133
7034111793
7034251215
7510604014
7510637173
7907281700
8089350405
8136923154
8138889403
8138952228
9072613100
9400760944
9400840193
9446729614
9495283244
9526005838
9544940171
9567626204
9605249884
9605908324
9633243041
9633636609
9645518117
9645865092
9656746883
9745597513
9746112238
9747000367
9747333432
9747719053
9846182104
9847116456
9847758902
9946367328
9946462705
9946632764
6238263151
6238788273
6282448410
6282739936
7012505011
7012734752
7034183459
7034196502
7034248887
7034254502
7306868810
7356962653
7558070269
7558999866
7559803712
7593893646
7736529764
7736870854
7994488270
8075270104
8075863058
8075873805
8089371851
8111811902
8139099297
8590180782
8590437567
8606115726
8606534640
8714397357
8848919625
8921712731
9048123056
9048295173
9072551070
9074121134
9074791383
9400285257
9400695073
9526512672
9544330200
9544483211
9544868171
9544869857
9605335793
9633624872
9778758693
9846941121
9847037413
9961185890
9961809016
9961863487
9961918059
6235276414
7034329109
7034329409
7034400259
7306709326
7356315293
7736109878
7736113829
7907070025
7994220691
8075706471
8089200547
8089233042
8089293745
8089691211
8111801249
8111978252
8589070580
8592875750
8606707961
8606840025
8714282548
8714883850
8907908603
8943910785
9037182963
9048449848
9072400933
9072766906
9544011024
9562039090
9562817021
9605083743
9605537584
9605756161
9633155036
9656598026
9745300198
9745396433
9746029935
9747444972
9778583854
9846338744
9846443619
9847350084
9847978252
9895475337
9946729213
9946764704
9947701350
7034069941
7034825115
7356532208
8086244337
8129022187
8129609236
8129879937
8281640535
8606089015
8943606989
9048767456
9061068125
9400848703
9495662191
9496012749
9496267606
9497659365
9605352626
9605541479
9633036484
9633812757
9645047530
9645564167
9645569887
9645607532
9656625257
9745158263
9746304564
9747977308
9846649822
9847003821
9946251023
9946338969
9946350056
9946388767
9961185642
9961668016
9995416318
9074967668
6235507835
6238507628
7025390353
7025459721
7736370962
7902695340
7994423191
8086726086
8086983743
8129326701
8589812168
8891371010
8943279706
9048140945
9048270236
9048316303
9048480378
9048953096
9074789088
9539324690
9539938242
9544177193
9562335324
9605087026
9645717064
9645823020
9744855342
9745144554
9745498424
9745770989
9745985006
9747205143
9747262426
9843823020
9846044609
9846243120
6282801340
6282806915
7012233686
7034307828
7306874974
7902509291
7907126561
7907131151
7907135784
7994302139
8086225131
8086927808
8137046656
8156890550
8157049224
8304975074
8590707387
8590713909
8592006970
8606608576
8893270033
8921187387
8943814289
9048313186
9048663798
9072942700
9207421585
9400466427
9446884458
9447263332
9495188612
9539269360
9539864679
9544914780
9562574034
9562651901
9605453144
9633538482
9633609674
9645318087
9645441757
9645652656
7034892646
7356571509
7558980509
7593929507
7907076083
8086913005
8113805897
8547375021
8589831128
8590574328
8592083557
8594087940
8943232915
8943267964
9048380200
9048458831
9048777969
9074117371
9074128050
9207140324
9207323398
9400671151
9400932284
9446025472
9446510720
9446881140
9447627718
9447631431
9495139227
9495224516
9495360683
9496173430
9526320563
9526954762
9539159427
9539212736
9544013692
9544667031
9544905724
9544952130
9562072206
9562366746
9567085151
9567626151
9605433455
9605509082
9656606042
9744120812
9744693932
9744885925
9744948320
9745149130
9745262511
9745426492
9747029357
9747378023
9778565043
9809609476
9846898314
9846938909
6238115161
7306311936
7306612912
7736847670
7907566672
7907705834
7994172132
8086014461
8086882884
8089242089
8089280997
8129980145
8281226797
8590409841
8590462189
8590985538
8667282527
8714836670
8891266593
8921381505
8921563149
9037087206
9037319539
9037510659
9074529719
9400743858
9447260133
9526992188
9562953766
9645537381
9656481698
9656570990
9656614949
9744538619
9745065833
9745161274
9746115448
9747724574
9778306593
9778405449
9778533490
9846764148
9847873675
9946647396
9961695356
9961718512
6282206916
7034000888
7034351292
7736666202
8075275730
8086429283
8086640839
8113012763
8136809225
8137860133
8281120257
8547092865
8589918682
8606230721
8606302864
8943110654
9048131384
9048226153
9048510190
9072113038
9207021236
9446909627
9447406970
9497293059
9539844396
9539903076
9544481810
9544791212
9562677454
9567075920
9605823517
9605999773
9633373866
9633723434
9645416578
9656624922
9656688471
9744368956
9744498110
9745860365
9746101497
9746914885
9747750659
9846782027
9847730047
9847784045
9847795786
9946138942
9946609696
9947549885
9961392217
9961574689
9961666769
9995820653
6238663220
7012448892
7034377042
7306078879
7907273187
7907317024
7907628755
7994020085
8075199252
8076118154
8089669937
8089856957
8111827067
8281811862
8289959885
8301903680
8590372580
8606049375
8921703638
9037228073
9037628686
9037973369
9048614756
9048704600
9072049375
9142435166
9188290591
9446122953
9447216296
9447217836
9447334789
9447451338
9447537452
9447720108
9495574446
9496171800
9496519901
9497386998
9497660064
9497874920
9544733698
9544784631
9544785258
9562166330
9605504820
9656265126
9656333897
9744565637
9745348773
9746280970
9747625451
9778008914
9846482048
9847480592
9847835987
9847950609
9847993810
9895561738
9946265011
9946530437
9961233562
9961260687
9961507394
9961690379
9995272502
9995895169
7510770314
8086405480
8129182498
8156860440
8289971054
8547725310
8547906161
8547981025
8606061472
9048513460
9188133417
9447766400
9495140699
9495553730
9496584080
9497117917
9497353037
9539132256
9656350386
9747554080
9747631913
9995482542
6238217482
6282881948
7025038157
7025932317
7034387495
7994675295
8075181674
8089536950
8129764421
8547231446
8590716879
8590737278
8606469075
8606763694
8848242824
8921145920
8921539301
9037939526
9061667707
9489707800
9562318638
9747114518
9747955161
9946511380
9946592854
9946833886
6282191033
7025853026
7034576979
7510245815
7736675047
7736715977
7994733237
8156861178
8281565576
8281644570
8593938483
8848357401
8891988370
8921915857
9061146436
9061744477
9072506054
9207615907
9495072765
9496767067
9497212798
9497349314
9497860539
9526000710
9539845496
9562432959
9562565035
9645436047
9645693103
9656161092
9656356086
9656624372
9744628009
9744731397
9745111716
9746823435
9747284890
9747605256
9847522681
9946247626
9947231572
9947330977
9961039906
9961729612
9995177601
7025856324
7034305423
7034762107
7034868548
7034933094
7306388445
7306398501
7306999642
7356186447
7356231435
7510141171
7510991712
7560855327
7561825788
7594027973
7736726560
7736812126
7902779977
7907358185
7907776362
7994222631
8086280823
8089502382
8089820822
8111800231
8111852098
8113997683
8129107259
8129299700
8136935838
8281501815
8590260524
8590397736
8606076713
8606202610
8606562290
8606807452
8606934950
8714243132
8714293802
8848243482
8848367918
8848437856
8848647903
8848661959
8891172195
8891447223
8891652890
8921927388
8943121281
8943233425
8943329533
9037436269
9037679781
9074291939
9074616839
9074779688
9188155101
9207072039
9207493151
9383412854
9447928518
9495124113
9539101396
9539228040
9539516577
9544520179
9544869144
9567897279
9605197312
9605806871
9645229285
9656361924
9656484366
9656897388
9656987078
9744080164
9744424945
9746285390
9747127477
9747170872
9747402837
9747959584
9747986606
9747994116
9778407903
9846096803
9846290654
9846293125
9847566857
9847728073
9847790490
9946730099
9947497965
9947527699
9947685663
9947970051
9961282620
9961284225
6236622866
7012555602
7034410035
7034604026
7591967910
7902250736
7902438768
7907101559
7994990804
8075104578
8075596389
8078092760
8089780328
8089906134
8606307439
8606340320
8848439762
8921051859
9048609204
9048872227
9061464211
9074693823
9074971129
9400285539
9446130860
9446348493
9446419834
9446671644
9447260327
9447419218
9447626605
9567712731
9605262419
9605877078
9605912151
9645942570
9656759018
9745133032
9746534439
9747203374
9747608017
9747699334
9846498596
9846576932
9846714284
9847193381
9895657030
9961453925
9961567382
9995920193
9061165960
9656856081
6235127340
6235489775
6238785859
7012318359
7025487274
7034068577
7034993164
7510221123
7510374340
7510438434
7510991950
7560812303
7561873158
7594844633
7902450775
7902556466
8075472747
8078174571
8086247449
8086255808
8086369789
8089838728
8301840657
8301846438
8590985748
8593812471
8606449272
8606757564
8714560053
8848671903
8891587518
8921037560
8921140604
9037392806
9037535126
9037601045
9048426478
9048848189
9074100282
9074300169
9074442123
9207119089
9249868737
9249877100
9387358568
9400182792
9400399425
9447130201
9447391102
9447401846
9495377739
9605950297
9645152731
9645195259
9656356099
9744316333
9745033977
9745251207
9745362098
9745871339
9746168144
9747305544
9847002497
9847502303
9847690819
9847699425
9946738185
9946860367
9946975886
9947523529
9947929272
9961351186
9961597310
9961873158
9961902807
9995015050
9995428323
9995463382
9539463907
6282754083
7012886355
7034870175
7304728124
7306414269
7306883078
7510815745
7558808646
7559865789
7559928301
7593005147
7594836254
7594953843
7736528425
7736599364
7736729047
7902572760
7907410075
7907583549
8086429234
8086471322
8086564879
8086711485
8111813003
8129178293
8157874167
8289845067
8330898238
8547734782
8589985946
8590459828
8590482036
8593975879
8921199082
8921965613
8921968659
9037759700
9048223930
9048690302
9074956086
9446920718
9446993055
9495139133
9495228226
9496254709
9539590619
9539964322
9544484312
9562291696
9562859701
9633127338
9645817297
9645926696
9745703318
9746375136
9747670270
9846091847
9946545324
9946781529
9946860177
9946922158
7034063846
7592066383
7594801046
7736108643
7736280509
7736920167
7994163970
7994923546
8075738486
8075910086
8078543292
8281283715
8547820395
8590702181
8593008665
8593993371
8606164200
8943527175
8951250616
9048898704
9048989769
9072143984
9188025031
9446667166
9446696417
9447329004
9447403944
9447882332
9567557151
9605783472
9645493264
9656480288
9656665935
9745330676
9745823094
9778067640
9846658672
9847029350
9847672483
9947268660
9947935466
6282744596
6282861759
7012037321
7025187370
7025855159
7356987648
7902406536
7902882249
7907050956
7994412492
8078002197
8078417723
8086120671
8086819024
8089930937
8281563471
8289973149
8547090414
8891151021
8891157940
8943184256
8943197412
9048470574
9446290621
9447272846
9496716743
9539986338
9544174360
9567062105
9567989341
9633597007
9656648701
9744229385
9746447012
9895119846
9995235535
6238517979
6282451446
6282574196
6282986403
7034912482
7306315175
7306442198
7306473297
7510848270
7559978231
7592963679
7902556027
7902656619
8075102737
8075688128
8129956722
8136897611
8136962208
8137972555
8157855323
8281101102
8281541048
8301828549
8414768569
8547346172
8547566917
8590336681
8590580562
8592062995
8592081660
8606143992
8891458296
8921998692
8943462312
8943688323
9061273528
9061289960
9061499410
9061726110
9074101175
9074266429
9074313870
9207488691
9349193359
9446250321
9446729274
9447353229
9447417369
9447631974
9447680016
9447783229
9495066139
9495236624
9496293722
9496520703
9497934460
9526339563
9526800864
9544496683
9544665885
9567932463
9605633628
9633332202
9645244417
9645327909
9656554511
9656662662
9656688415
9656897318
9744430845
9745362173
9745779886
9746713853
9846788169
9847151241
9847234874
9847662725
9847763602
9895978126
9946017312
9947147847
9947607790
9961482533
6235891335
7025911201
7510505734
7510995929
7558832306
7558964991
7736708627
7907718733
7909255014
7994704678
8086242985
8086742856
8086873661
8281248921
8590629998
8590840625
8714566548
8848931788
8943152006
9037304598
9048445201
9072395135
9074830933
9400935610
9496649241
9539484153
9544249794
9562402484
9605911201
9633636831
9745167857
9745769979
9745927782
9747367080
9747908382
9747993956
9778136850
9846328492
9846908336
9846917229
9847764238
9946590017
9947014504
8714145345
8111948540
9539654635
9947201001
9048822075
9778072948
9605084189
8129982255
6282694613
9446635160
9946764945
9526759195
6238470499
9847752531
9048495747
8138828170
7510385465
9645833035
7306431880
6238880719
8606267193
9539273995
9446400427
9656353513
9605519620
6282326119
8086007081
9846303844
9400494112
7907844353
8590797744
9037167465
7034801324
8943700666
8078391081
9074435431
9746041145
8281963361
9846302211
8086969292
9074883899
8590813497
9539817571
6238453326
6235539187
9846166095
9745267514
7594010728
9961735215
8089352035
9745019375
9961851172
8086489232
9645041224
7592082074
9074743445
9037084818
7034389413
8606686938
8281249824
9495404877
8086410030
7592079180
9562899343
9281921560
9526973006
8089702796
9846339651
9747681959
8590612073
9562006527
9387602007
9961282539
8848330820
9072416333
9539123837
9895658457
9526920644
9539904224
8943807468
8589072223
9544292049
9074561803
9539218008
8891194534
9656133172
9544958105
9539905547
8589901011
9995564366
9747065812
7025140105
9656381222
8129885376
7025863725
8589800200
9744163009
9947983323
8111822583
8943821771
8606755665
7592904962
9846325842
9747798863
7559874368
9947405668
9061537449
9400482400
9746200304
8943734534
7907783068
8289868451
9946309401
8086680916
7994648674
7510711628
9207260532
7025720048
9746669160
8089141731
9526454790
9496157132
7306711267
7510585360
9446805076
8547920343
7902850430
9895985462
7510157187
9061012070
7994380245
9037188633
9747057155
8605611176
8590385185
8943389133
9446767151
8289916791
6282418525
9745625145
9656448985
8075362484
7034328148
9995194888
9746188304
9778029417
8592860588
9745396431
9995713485
9605443254
9895958915
9744199023
9645880858
9072055130
9846272845
9496726890
9747102346
9947906967
8113093115
8606239332
8086322815
9400055084
9745732966
9745164302
7736727715
7034595596
8848273962
7994578962
7736186763
8089829423
9845653298
7591958527
8590889552
8561821240
9048593872
9895143635
8547505473
7736760704
9526240381
9447007591
7736243889
9037973529
9745051567
9074633452
9400820049
9447108450
8590518592
8075999437
8089634635
9605373316
8921563243
7306440050
8943522100
6282963858
9526159593
7592967941
8086134621
9847694818
9745651234
9539507590
9995339574
7736473645
8590715561
6282127076
9544958497
8907272260
9072488872
9656130046
8086086109
8089809030
9778380487
7902600862
9400645450
7994463966
9961737487
9037975760
9605721473
9961660630
7306317812
9946532710
9746202323
9846349694
7907561524
8943955030
8593894757
8086714802
8714199606
9539937608
8943394435
9539697202
9778486178
7994274905
6282868855
8656889163
9745464493
9061782125
9747849053
7736734239
9745145041
9388921366
9847696495
9400713427
9037650806
8714236459
9961558309
8590565443
7736772179
8943321617
9605664694
9847169318
6282929284
9526633143
8113862079
9605559665
7558016093
9400402188
9961780752
7558001948
9846440228
9946580896
9495845512
8075289704
9387615556
9061602243
8592822541
9895427808
9544984932
8606646274
9745176813
8301812662
8606539003
9946643074
8729123676
8089072311
9746016351
9496034145
7510349200
9961072603
9074856246
7994013851
8086441810
9747261636
9037703939
9746614268
7560832900
9072675900
9961211840
7034572898
9846364867
9746067410
8848427177
9207500898
9037603409
7356338619
7561830089
9745143590
8156937572
8943596016
9526009815
6235566811
9747747926
9946217226
9526032528
7034728124
7558811712
9844963020
9207894305
8086798056
8301057748
9562567197
8714262482
9846032413
9747666006
9061708814
8943981793
7902878815
9846365369
9605801336
7592918253
9645913283
8157932880
9745296401
9995499428
9747350538
8943245258
9207973451
9526370376
7736671985
9605509571
9656402852
7012279038
9447431869
9446246689
8606451797
9746871072
9747524121
9495138291
8921257475
9495295234
8086791372
9446635074
9745248614
8848825532
9496764482
9048787077
9496216089
9961561799
9495844142
9544175273
8301990943
8086706155
8590777932
8129499498
8075092028
9495914879
9567366972
8590464977
9562869787
7594808549
8921100358
9995254892
9446215926
9387527802
9846287336
9539561560
6282802071
9446635307
9496282248
9497462962
8281241537
9847397011
6282379348
8592021982
8086678018
9746061849
8139895510
9497660090
7306995629
7025739441
9605236435
7034864519
8281493731
9446410531
8281076244
9048933122
9946884987
9645507868
9946394791
7025882100
6238795208
9447054318
9946826219
9497871126
9961704141
9846301961
9403986599
7907150035
9946730309
9447630787
9744925004
8572024720
7084684719
9447631692
9846385262
9188067828
7559839884
8891881471
9446947377
8848008121
6238207624
9061828806
9846488871
9961730991
9037487916
9746539721
9961552267
6235273424
9745099657
9539025281
9539813799
9037445925
9048716165
9645200501
9496167413
9567023814
9048627914
9745547387
9048154894
9747733651
8138998115
7034062592
9061214823
8139027654
8943459531
9048792006
7994728040
9447624739
9447430918
9446248598
9497808664
9544298481
8606028123
8086140982
9495342963
9074145101
8281326615
9495248164
8075693415
9539708247
9539654485
8589920034
8606542914
9562057046
9961266539
9539482539
9447947102
9048797369
7946049815
9947801882
7356247538
9446950481
9495296954
6282706330
9446893408
9745255125
9567535370
9497119043
9048967417
7902696847
7907606272
7591956987
9447335379
8590358675
7736469210
9447536248
9447882846
9937159427
9895281810
9497807354
9446243255
8907598649
9446403809
9496844270
8590487500
8921155309
7306105413
9961714317
9074572486
7510846368
8086045561
9400220573
7012677648
9074626401
9846115952
9447681590
9747984011
9447781700
7034914647
9633282213
9746496465
9539644972
7012217150
9400153959
9656994067
8943319069
8714492387
9847976027
8086244290
7591930157
9526918142
9207442251
9895171439
9645030359
9961780622
9539125834
9846046210
8590216006
9447103028
8848264174
6238660481
9747825618
9656031962
7510719588
8606023232
9497873894
8547570331
9496250510
9544581148
7510108822
8086244293
8086048116
8301020461
9544369941
9526512747
8589070668
9446251700
9446230220
9446158472
9446635036
9846650146
9946692029
9061940438
9946871840
8136952651
8606374581
7099167433
9946755729
9526657586
8848013002
9447178183
8848198385
9645273515
8086968487
8943980265
8157939173
8075285209
9745749287
7559001428
8129328342
9656515060
9775407877
9846291268
9846977724
8136860033
9400696265
9946857541
9446474657
7034129608
9645083674
9495489802
9447385810
9695278047
9744480604
9846041366
9645130646
6935221003
9539866332
9645717841
9496363548
8086898433
9567610673
8157044310
8086712400
9446949593
8606419978
9447833140
7510206584
8086217825
7946573911
9645449818
7034814165
7902201490
8086173938
9947166542
9847830385
9605820164
7902839353
9645958608
9846746658
8089811564
8129587088
9446993754
8606855341
9497874929
9544060363
9744710909
9526701379
8075751220
8590111380
8113003314
9744448276
9497660354
9446490012
9656087916
6282419830
7594986695
9656227455
9446236568
8593934028
7034383967
9778192022
9495607824
8086041273
9947642966
7907262049
9747635292
9846553627
9447631695
9947425645
8547776788
9447271288
8086128837
6238432552
9061718718
9745042028
9048030830
9061584066
9995482023
9447417399
9745282590
9645416123
9846457776
8075544720
9048717356
8086052965
9605916750
8606833324
9446800924
9605119920
7902435601
9074866676
9946350036
9744425526
8590781927
8921095990
8590316253
9747507352
9544774526
9037916285
9544078911
9645717610
7558000621
8848948670
9072044650
8606096529
9947614873
8113949908
9496196834
8086804601
9946581831
8086286571
9995851700
9847672984
9544290620
9539587826
8281196420
9495377760
9745309382
9497150796
9745702054
9048545882
9747191365
8086783281
8594060074
9946871615
9946597554
9745177247
8086364803
9447678278
7025983861
9048082030
8547821920
8848595155
8590378558
9495489134
9997206292
9895627712
9946445197
9446925200
9207577170
8129106992
9567929325
9747460277
6235538089
9846357901
9747177299
9074621295
9946691926
9446692687
7510190361
9447927885
9061814655
9495262314
8570822393
9745166930
8301918608
9074720213
9645153954
8129907382
9061498660
9447295774
9744538478
9495190088
8156092905
9539444660
9645485721
9605647048
9656902886
9495092935
9745771820
8547304305
7306008567
9946246779
9947116424
8590418006
9744635167
9744002739
7306631692
9778226160
7558001640
9605932579
6282658882
8547860564
9447785720
8086757989
9595948746
9744774397
7356736098
9946494382
8606648377
9567878771
7559806743
9497345077
8086695420
9048879300
9947416510
8593896383
9645987291
9072025235
9645466868
9446173873
8590772667
9446243423
9605120565
9539401760
9048200614
9745858082
9946871860
9946653673
9605965536
9747500352
8606829566
9495944324
9567533405
9946410788
9495357331
8281471405
9745593405
6282867706
8593006434
9745599882
9645457371
6235674005
9497565642
8593981845
8281929307
9544569764
7034817104
9946886268
9656246056
9446990158
9605663025
8590579965
8086510256
6235612100
9645426784
8606719489
9497658282
9645881849
9946487137
7907644124
9539125300
9495250510
9495161321
9495001489
8086778608
8129202090
9446251718
9249852708
8089542146
9593853291
9562981562
9961067202
9897983872
9495315601
8606875487
8589915033
9495444488
7902948462
9526689841
9946605539
9895255551
9745226500
9605791103
9037874639
8943824585
9778224377
9048470765
9188589405
9447681699
9495490421
8301039037
9497182910
8086750961
9048226495
9605520317
9497504698
8590185599
7559957642
9495762102
6282920080
9188183020
9645751678
9744187295
8291965838
9539692735
9778248074
8943882139
8086357474
9495488307
9446656034
9447477426
9048313446
8301922051
8943036256
7510347073
8086562475
9497555359
6282765107
9846019640
9562406247
9745425775
7593968712
9400541408
9037312747
9846086209
8089912949
9526134721
8943859802
9745886317
9188703431
7034318716
9745976824
7306265834
9539965271
9447678457
9745660883
7034779740
8921850163
8943067031
8129931932
8590109368
7736433183
7012714859
9446675271
9447845386
8943027760
7907199118
9645678813
9745786825
9496380297
9605314760
9496307568
9037214060
7594808491
8304981073
9653945046
8086783849
8593983971
9446840307
9400946864
9996212165
8086114812
7034795421
9946546038
8078729681
7592855408
9526749565
9995981239
9745148443
9526744087
7356972587
8304950591
9074981320
9645429868
8848272917
9446397757
9847415624
9847771758
9048960001
9961194994
9633590245
9946574552
6235549080
9656132320
9645496000
9496406652
9846304967
7592045794
9946727872
8606129712
9048544717
9061600220
9074710790
9809952591
8589829043
9072133179
9447423204
9447385226
9747623384
6235211337
8921460218
9207889235
8590645672
9946414210
9188198615
9656976657
9847151997
9539046053
8592890927
9946873213
9605035579
9995604099
9744803387
8848977109
9061499151
9633345358
8086665416
9745148979
9447764313
9562051130
9544282286
7902508240
6282058282
9747934680
9072142926
9846544168
7025143452
7034172146
7994533409
9496878909
9846619328
9846081162
8086721220
9446175309
9446164457
9497893705
6235312289
9961655661
7560911424
9539253432
9400600901
9526019093
9497662903
8590180436
9188285981
9526069823
9446389781
7510351676
7560908425
9400272498
9446110899
9747676947
7025634335
9745595522
9526010452
9746722090
9539415689
9961618960
9400524078
9446159183
9400577857
9847497983
9745025569
9446391730
7356944508
9744788563
9605295621
8943804969
7736789686
7306542064
9446777774
9497893479
9539831210
8089366760
8157827015
9567915378
9744782233
9495324876
7994879648
9846673340
9562026139
8943036234
9048775503
9074404665
8281033485
9496762117
7012691493
9539050461
9846595422
9744770200
9441265859
9846787998
6238818048
9497623910
9446958409
6238827375
7025425760
9539350380
9497870922
7736318596
7034865017
7558935125
7012303109
8592027726
9645685715
9072315767
9846176850
9207436290
7012030144
7560925937
8086249989
9744392256
9778499420
9846713161
9446291071
9048511052
9048740626
9526126521
8594088401
8848828988
9074866969
9605668536
9846039484
9074487187
9744360143
8943187729
9544694198
6282689462
8086064489
7907626407
9048205323
9056978394
9447477607
9447650228
9495149270
8156859630
9747991262
9562915048
9745346994
9544483275
8848675210
8606267226
7561893661
9037250161
8086237392
7994652641
8547117419
9061673057
9645656689
9037314005
9744934162
8590945817
8594017199
9048356251
8157853542
9745859089
9497021505
9946493970
8086142800
9809029504
9745312055
8157857820
9645685479
9562036748
9846183677
9539155212
9048201211
9645070547
8078655321
9778324220
9946569676
9447767027
9446283255
9361982570
9995385276
9946374874
8075172526
9656362655
9496467879
9447275485
7025240928
8943073882
9447714839
9497601784
8086639259
9495808549
9061990582
9846125604
9446666944
9946485807
9907673620
9400981040
9495330485
8606395305
8590450017
9846402071
9747410913
7356638192
9539467657
9074849728
7994198064
9846975695
9645868762
9633916703
9496844306
9447278198
9846597743
9633227343
9496039480
9576552180
8078766328
9747622992
7025881198
7561857531
7306174079
9747873341
8848110139
8075850028
9745735336
8943465679
9846749679
9074880342
8580834310
9074040834
9745930751
9645143704
9048462922
8943891670
7034887644
9496242846
8086182756
9895967069
6238487764
8907217057
9539752264
9746699338
9747316348
9946929757
7561858115
9447678548
9539275362
6238252944
9496614592
9947191883
9048779825
9645416063
9048806565
8590605406
9746545483
9562354227
9400666900
8078076663
9947911605
9645752772
9846382901
7306894446
9048225523
8590054537
8086981011
9946869358
9495100702
7012854598
9400912192
6282940299
9447102891
9746412340
9961704487
9495488391
9446995694
7594989163
9447630737
9497659870
8075337291
9605989184
9746391313
9048350012
8547916362
6238060217
9074485853
8129362460
9142200777
7736704788
9946704714
7306577022
9494317534
7736357559
9847323941
9446670692
9539573335
9846881588
9645484915
9037149788
8547562916
7736682607
8281928042
9495575046
8606629680
9207900914
9446245431
7034161331
7591959588
8590325987
9539513951
9037056807
9946877665
9846556593
9072884589
9539468484
8089334495
9745874000
7012880217
8139070490
8590689959
9400760252
7025498031
7559879234
6238605794
7025183791
8111813981
9539656647
7593077706
7356878005
7559050593
7558060915
9745991880
9048248945
6282635581
9544836276
8157964388
9074108759
9946041304
8592878109
8943259029
9496490317
8590365282
7025318959
8848087933
8281952973
7902343348
9037840058
9539170277
7034816433
8075599088
9037430879
8848394509
7561010338
8590420830
9072585602
9746231997
9946038421
7907010947
7012844610
8943456267
7306626615
7034401458
7356613734
7025686473
9744096038
9847494346
9074562593
7736635776
9446150788
8129090601
9809860311
6235912300
9188596694
9567180660
9745430795
8075681395
8086401778
9567519396
9656711209
9188561185
9633258985
9074783168
9496877069
9895790538
7306383596
9446811387
9947271170
8848261956
9495174552
7994463045
6282161315
8714440937
9496246992
8848418886
8089888450
7592011461
7736857665
9048982229
9995643704
9037345274
7034519353
9048568734
8921679991
9656823324
9048301294
6282409993
9446247916
9947698288
9074673997
7025809128
7455645697
6252346466
6282346466
7025206873
7034955863
7356853774
7558090098
7560880113
7561808164
7561828164
7736214814
7736547894
7907759299
7907920814
8075228676
8086171170
8086413107
8086869909
8089401457
8089617557
8129027446
8129948308
8138870576
8589967561
8590599519
8590687648
8606352087
8921782554
8943326941
9037671539
9061816666
9207203076
9446062817
9447326471
9447631185
9495315333
9497166460
9526920221
9539108093
9539582459
9539738457
9539960997
9562287187
9562658372
9567503116
9645355350
9645414327
9645455350
9645515516
9645746376
9656757892
9744012487
9744144992
9744703111
9744883995
9745891701
9746229001
9746646106
9846376304
9846452780
9846824093
9946285073
9946746488
9946795261
9947334495
9947464458
9947643478
9947645682
9947944791
9961432071
9961780660
9995884176
6238096913
7025153400
7034279446
7594916189
8075596195
8089463915
8111911164
8589066540
8590327948
9048907635
9188728773
9539116576
9562063549
9645269881
9656642760
9846629449
9847977594
9387649349
9496590712
9446090745
9846633366
9645148595
9349884657
9847887453

9447605998
9895388137
8156836802
9447368665
8589985401
9446000950
9995527066
9656419991
9847053169
8281726718
9497933050
9037670235
9495808276
9446729254
9562732721
9847360517
9847121119
9388066010
9995286053
8129487395
9895765438
9947020830
9895041583
9645854243
9249257666
9946000275
9562179584
9446710320
9961215340
8606979828
8592959729
9947739943
9746192323
9846395555
9497347601
9605003371
9447762133
9846595431
9847982591
9447030448
9447816273
9061341597
9446611284
9496181691
9995802489
9447736683
9847250505
9447300294
9447216754
9447379169
9446372902
8943293310
9567510000
8086144221
9745046712
9447815665
7994172578
9446894723
9747976076
9847465846
9744517772
9388480217
9447828031
9544933563
9388862768
9656256046
9847249239
9846206711
9645006605
9846020799
9947055061
9495961773
9947243748
8086476148
9895270486
9946024179
8089327833
9997376677
9495968165
9447718724
9961430592
9447580926
8097655805
9847751802
9961663469
8547000191
9946122252
9895015533
9846039429
9847691922
9847407123
9847408927
9567927117
9847387839
9946406937
9446606655
9447168209
7034088088
9387585023
9387585022
9847832427
9895039610
9847593549
8547617906
9447709749
9447152869
9447326890
9447916122
9847878207
9567590399
9400335180
9447790298
9447162652
8547375024
9947475518
9495569627
9349219447
9747233145
9497177421
9497793590
9895665522
9446082403
9447565685
9447963971
9645784797
9539145243
9961663007
9061939002
9461111008
9605530388
9747269792
9446929901
9495372589
9744539368
9495337217
9946442232
9446716328
9446716051
9447580387
8281174407
9447163593
9745009234
9895352977
8129236262
9746475051
9495513125
9446746309
9446718764
9846789750
9895225476
8547022877
9446428696
9867013103
9447435210
9961808005
9947498343
9847797079
9447632989
9447464970
9846071719
9847728067
9544977722
9847969997
9446128166
7012325795
9447291629
9496215988
9447483314
9447664572
9495211233
9745462053
9446605616
9947312070
9846540988
9446000533
9946615221
9446610224
9447916187
9446680080
9497355080
8594065801
9400994575
9745720571
9447071985
9895924956
9562960050
9447140003
9947947939
9745999843
9497793740
9847823793
9656105688
9995442999
9895080812
7012789604
9961212106
9645795000
9447037233
9961485282
9656837158
9947449227
9387635366
9562864005
9446579202
8089440007
9847048338
9946511187
8304915155
9847130078
9349168505
9947601127
9895077081
9447002602
9747456004
9446549890
9895664094
9447663200
9447988150
9847748680
9847148712
9846450388
9025089206
9495876746
9847973183
9846820112
9847424345
9388444833
9633382686
9447409432
9447066036
9847421926
9447916705
9496494416
9447721982
9847916820
9744459990
9744866202
9447331300
8281134000
9847474748
9605700703
9497188918
9846039317
9847717264
9497274548
9605089043
9496277599
9486277599
8281618579
9447184678
9495375246
9847706242
9387299153
9447368128
9358604849
8078122174
9633001888
9388623493
9544858699
9946553615
9349210130
9497793256
9447128629
9400897188
9447431194
9495220097
9388754215
9497026280
9656340817
9544486410
9947829520
9447047974
9961260929
9745105126
9446380595
9633867369
8075505665
9446925781
9544119968
9946187299
9447813471
9526257200
9497686975
9495194762
9747558311
9746086921
9447457867
9946570926
9447860804
9446578094
9447231775
9539004786
8547837767
9946530109
9846027232
9446140474
9847124851
9496233433
9447070547
9349559563
9446889947
9961234432
9446207477
9847037395
9847117050
9447468475
9947172055
9447107434
9048650660
9847254991
9447933234
7012609828
9446801291
9562338807
8089242595
8129096845
9447172467
9746565798
8547347539
9995228812
9847985555
9961444755
9744398523
9447580373
9447812861
9847399877
9895943433
9961974078
9946276409
9400093583
9388605818
9995475155
9447777728
9447225215
9447476660
9447396235
9447581033
9605730024
9447055351
9387585014
9961313449
9447822323
9447378921
9447170943
9605027345
9447200517
9387168647
9946488901
9446810258
9447364189
9447167538
9947681681
9895889895
9633813176
9446276347
9846701233
8126819620
9061821718
9747778660
9349232340
8086799220
9544715624
9446315616
9946600604
9020602010
9995331913
9388778490
9349895952
9447207906
9446416346
9387357831
9847770956
9447609931
9745004502
9446416349
9074919965
9447817980
9400726530
9980541147
9446677389
9447815762
9400089507
9388609327
9809088581
8547427259
9746039637
9048363163
9495945374
9633037865
9447981743
9995555146
9446943261
9745393679
9895676892
9447200773
9447815702
9526001303
9895465965
9495577522
9895078317
9895185740
9895244788
9446688396
9495676863
9447184289
9495841611
9961661714
9446574825
9947355053
9562260881
9495193725
9495020481
8547970136
9447526536
9895030901
9447291658
9946537050
9961258855
9497031254
9995249746
9446684407
9946341187
9447379109
9447816113
9961468268
9496976085
9447329716
9400768802
9656011777
9847919396
9447459527
9946132378
9020075830
9447747773
9447058765
9446935748
9847073225
9446409733
9539174575
9847309664
9847446112
9447647161
9496525662
9072234910
9846046446
9895666488
9446931161
9446611686
9895973849
9562098959
8301980225
9249544484
9447363895
9562018593
9447187677
7907207367
9446477007
8891025625
9072226256
9895092292
9447328509
9847860321
9495407337
9895033310
9288084666
9847111601
9387047313
9447231937
9946857729
9847498287
9495061097
9447384216
9847044742
9961713941
9446069713
9496178245
9995252425
9399252634
9037100280
9447790486
9074571320
9539069530
9447294628
9946102830
9847813183
9961790862
9895226236
9447052231
9447050876
9633081198
9840777343
8129174141
9400580368
9447887252
9946554967
9846066937
9446072506
8281496552
8943941536
9995556546
9446608778
9048055633
9961466551
9847139227
9946662357
9446687938
9645533770
9961986084
8547076638
9895981241
8921796227
9207387622
9526915886
9539518156
9544013809
9551510782
9562788940
9562850841
9567840413
9605169429
9605772009
9605916504
9747372467
9747374749
9747841373
9778134606
9809850110
9961730495
9946197548
9946250581
9946535461
8848444416
9961865989
7012447165
9847431345
9048568366
8848331713
8089812947
7510125836
8592913394
9744612819
9847730014
9747902124
8943355673
9526682146
9526528946
9526008503
7510735430
9526113340
9562197811
7510694794
8943435153
9048929924
9846016815
9847501882
9846706703
9562005950
9961150171
9778551149
7994051465
9645267484
9645571487
8921389433
9656978565
9846401876
8086669086
9645587944
9539354695
9747021314
7025697025
9744817516
9048025993
9946967889
9526787989
9895133146
9562448194
9539425935
8907520362
9846448827
9605559889
7025713640
7592944687
9744443595
9961066263
9847742495
9947236799
9526511583
9744030598
9446630645
8089794669
9656134839
9048259431
9656651643
7994357960
9061709802
9947167275
9207159716
9048790607
9947252641
7510416375
9747143407
7510230383
9562318274
9061444884
9544642835
9840041959
9074078865
7034167373
9744558542
8943933566
9605638994
9048794810
8592900589
7012736395
9526963283
7034039708
8848824522
9847159922
7736614081
9847085515
9846250006
8590489585
9562056298
9947021399
9947994610
9544194863
9746008083
9605407568
9037073470
9539264971
9961284795
9541377036
7025358498
7510432168
7034244800
8848190946
9744487759
7736564883
9947520812
9526183090
9961862288
9633101373
9744430343
9847477946
9072933006
8891982194
9747364191
9207135313
8907061483
9745458874
9946363575
9645655623
9744363575
9526452647
9562206931
7900348831
9745924031
7034735451
9961060098
9947633329
9846435466
8606198493
9961866103
9847595753
8891003989
9847910682
9745488312
7510253695
6235655866
9633610928
9061450232
9539730465
9633938883
9544784456
9544191751
9605181312
7034464963
7994337615
9048695731
6238487421
7025182303
9747193374
9633133780
9946685861
9562543217
9846672666
9526597988
8907919085
8606334019
9961200506
9946732214
9746701571
6238816904
9846928807
9747286594
9846906773
8089106198
9747463571
8547020197
8943839500
9544263700
7907841115
9656757858
7034652826
7025587963
9747642136
7510393384
7356877437
7025024461
9020544627
9895693781
8157049651
9961668434
9400904348
9847854513
9037751495
9562403163
9947543418
9048227571
9526490250
9847248568
9656716844
8086458078
6238809034
6282158203
9074282772
9847911130
7356311077
6235906208
7034521318
7909166960
8075734103
8086088352
8157855651
8281048266
8281904783
8592080386
8592966329
8606773009
8606873636
8943023709
8943186187
9526530903
9645389105
9745024681
9746046778
9947769344
9995015100
9946976215
9846750585
9446530722

7034816424
9037338150
9061393277
7356345276
7012728835
7356361525
9497245948
7736716038
6282253586
9037536400
7025410624
8891653753
7907236310
8111890131
9656422906
8590259261
9207049582
6282934198
7736262125
8078272195
9037331165
9745593190
7902759762
7994319690
9778548048
9142053705
9567825926
9764989415
7025667515
9764989415
8089940724
7306195143
9946787680
9936415435
6235087733
7034603065
6238449687
8281398067
9446952752
8129549769
8129549769
7736923305
6235769268
8078158841
7736596286
8129994209
9072975053
7736680790
7356965636
8078158841
9048248442
7306870109
9446722578
9188797970
8848991025
8547861026
8129654252
9495966241
9400266949
7736342113
8606706664
8848390744
7736783841
9656949072
6482968179
8129717281
960559305
8547393828
9207584185
9188731024
7511144626
7034416242
9188393733
9633035083
9778577378
9249968620
7306713103
8593099995
8086805520
7025790801
9539009509
6238252347
8590606449
9747700474
8891949947
8921289232
9645141858
7306307034
7025732952
8139014592
8606674616
8127183820
7036955737
8921327506
9072951415
9656410276
7994545580
9497286185
702597737
9961065537
9539105190
9746321679
9072490315
9746321672
6282770288
9539105190
9539105190
7356876650
9037643667
9061563127
7034054216
9188473231
892289232
9544261829
9846739679
7560869177
77369203305
7306006899
7558863132
7306006299
9747574285
9544425036
7736752730
9188473231
8301909767
7592925252
8075529022
9633992877
859079245
9656472550
8075582704
7736262079
6238423441
9037661787
9778389227
9497595866
9074585417
8075737293
9847741447
9188146134
910657929
8281371819
9656755967
6238749184
8891401068
8089277614
9447265593
9400622043
6235292173
8137011308
9400445342
9961646855
7902503835
9037923090
9037523571
9207749720
8606407352
7510437723
9074488064
9037836451
7034283237
9544568830
8078955077
8606181341
7034283237
6282393782
9207062933
7909187716
9495440133
9400967250
9497195420
8289929448
9496976468
9847261955
7356863263
9605713894
9778169567
8848684432
6238877246
9633581877
9895009304
9048310189
9778097994
7902799017
9400964651
7356710279
8089326863
9746412127
8606918643
8586958115
8086335852
7356930330
7736960669
9074447955
9847455086
8281566168
9961385974
7034609151
7736503342
6238936951
9961484603
9656135758
9744091568
8590734742
9037888586
7902266167
9539057140
7034256105
9656083512
9778046507
7306782696
9207593091
8281089323
7593043246
8848252490
9477200354
9605224546
6235708776
9207349085
8590852970
8943603061
7025354544
9400888772
7736995056
8075881272
7736995056
9567042519
7510820646
8089064330
9656967444
6282763349
7034609151
9633429172
7025317166
8086318939
9796646281
8590331291
9847598724
9747795347
94954555771
7034780566
6238915502
9711366929
9047374298
8921002740
7306084322
6238546912
7994714322
7025657216
8943331373
8157074232
8590593981
8606942361
9747700409
6282441771
8590380640
6376951206
9744170169
9526691718
8075050856
9079311585
7593069367
7593069367
8848041406
8113983977
9447822423
9400266359
7025081077
8590593981
7736500540
7510971065
6376951206
9746697047
9947285846
9947058346
8075600445
9061743823
9447523032
9947224024
8590489282
8590608556
8590903371
8075372259
9744046355
8848905733
9048646788
7306566092
6238060165
7558926541
7025858391
8078467844
7558828636
9061632880
8590621138
6385555785
9544315292
8590673387
9446845152
9747129079
628303583
7306549866
7594074309
9447483509
9895283994
954123625
9847353624
8590666969
7994615189
9567025845
94461345
701298628
9605421093
7306433419
9061392419
7510268505
7907925155
9447204927
7510408284
8590944185
6238821726
9061251365
8590461372
9995363709
8078504482
8289911482
9778181955
9557598978
9188317224
7012679814
9961822884
9207689825
8590371436
9778205438
8590264458
9747898397
9946233075
8157832874
9844661208
9746012747
7510380161
9207091421
9496045259
8137018473
7510903880
9061221517
9567548773
4822255234
9961513759
7306427829
9526407577
6235390488
9746476895
6238927458
9207648002
96454866454
9633245147
9496690839
8075159956
9746148737
8089044352
9544004658
9061205970
7902416990
8136940098
6282689576
9605029966
6238496907
9656868731
7552078012
9778378419
7510509217
7559829217
9072329971
8547323562
9495445962
8921581576
9633457108
8606924542
9447489735
9207398488
8590492534
9004136090
9037146299
8660558607
7736540441
6238090866
6282633775
9778715353
9207647513
9562971563
9633899216
7560986403
8590593293
7025650258
8590707424
7593071190
9895340876
9526361703
6282966899
918828583
892156424
9072442110
6282711785
9961873389
9656096018
9847089421
79942655362
9024931091
9995178732
9745746147
960077065
9074996636
8590499462
9778443395
6235860537
9074931091
8547554805
99611067114
8281207153
9061534697
9778231186
7902640255
6235631028
8129276430
9061231517
9996951080
9048989127
9778321667
9061143872
9746384254
8590867172
7907546519
9946535686
9207609664
9745746147
8590767677
8848091952
9072542327
9567407845
9496903232
8281389709
9544218803
8078483139
8281309462
80893471032
9075041352
8078449814
9744758574
9633614260
9605031494
9747686542
8138060118
9656117992
9778790740
7025359722
7561093219
813683186
7506586166
9048920755
9447043259
8078342648
9074534890
8590317071
8590713586
7907647273
9595967424
9778164428
8943206288
9645724576
8606936774
9960756773
8089005516
7510309814
8138837628
8301040722
7025937858
9567877222
9895852255
8590365496
9778233983
7736299386
9388223307
9846860972
8281645185
7736803074
8281331811
9188767540
7736606406
9567409017
9947177858
8129852268
9778214295
9746813090
9061635608
7736060356
8547554107
8281497413
9495372761
8281574707
7736803074
9995677122
8590751159
9400387112
7736975997
7356256466
7025254989
7306336585
8590874157
7736320590
9633311920
9544788206
94953727
8139845843
9778226534
7736320590
7306848895
9656075540
9633751754
8089757485
9745676561
8138837628
8921018360
9846778085
9747727114
7510823633
7561857930
8113034980
9846421352
8891365321
7736988947
790247413
7025331018
9446167019
9544746772
9745272036
9544723551
8590751159
6238992397
9544940119
9061510713
9188920850
9747634502
7736589432
8921748891
7306210727
9495242425
9745300936
9074708391
8301012599
6282211627
7736704369
9895594826
9074720349
7025612368
9074044598
8590899714
7975333680
8547095943
7558003429
8139003974
7902471543
9202471545
9645013504
8921438173
8590597856
9633326930
7902477247
8848878839
8281469847
8139874520
9744687796
9961900725
8594064150
9400360674
7736381943
6282314324
9072028455
8921583819
9567667931
7736306052
7356749905
8921998151
9074148933
9372806530
9349936089
9746764362
7994599207
7907999235
9387645304
8138959646
8848779974
9400668557
9567900103
8590874098
9496673532
9847140481
7306318687
7736717597
9249415100
9778408157
8547499165
8078058427
8921190092
8089959586
9746764757
9778737003
8075677988
6282517374
6282203686
8089662315
7559997752
9526119810
8086239211
9746727948
8547229328
7736378993
9048560820
759400889
8921491339
6282075940
8921284002
7812925361
6235688018
8129205583
7558967114
8589903391
6282057080
7559077701
9746466092
9037110119
9207569739
7994784770
7592975238
7510201309
8590473452
9961480942
9605957889
9747167976
8547898238
9747036133
7561822197
9633764156
9446935519
7592861873
8943790347
9072232750
8606191102
7994128068
9656281938
8921057396
7356630447
7902725982
9846411734
7994229849
7306169158
9061257432
8590679269
8086702706
9778720719
9995480491
8590679269
8547062424
8921650896
9633859194
9633703605
7306257977
7306978420
8714456623
7356877389
9895502583
9526465996
7736346987
6238098682
9074530993
9496086640
9850369122
8590524591
7994333839
7025868486
9744873507
9567398787
7592843062
8289863969
7994178968
9072989576
9072206458
8075403496
8129835095
8289831244
8113018856
9526960190
7902923094
8138041302
7306089182
8590539919
9539907044
9447510223
8086777702
7907744760
7994545696
9633789981
7907172978
8891624785
8281233459
6282476128
9961235227
8590136072
9778762308
8137846584
7356550874
8129596229
9048888909
8921627587
9633859194
7736457188
7592843062
9074537993
8304033718
9447132583
7592861873
8898767282
9744873507
8078147899
7730245845
8848320032
9497861689
9061246848
8547646001
9947852333
7012286904
9539245374
8138878547
9072206458
9740754378
8137846584
7335630873
7306347625
8075403496
8590539919
9539907044
9539148064
7012255859
9496649611
7994471544
9497510223
8590196905
9895995780
8129596229
7907744760
9605733467
9846429509
8086468073
8137976178
9778574299
7736551181
8943116941
9778385530
9188862677
8943041064
9446728269
9645878508
9496938711
7736487523
9995104766
9074510761
9961994049
9037491161
9778374299
7736800445
8933393221
6238249739
79943026935
9188862677
9072354406
8281645475
8943116941
8714499670
9502146649
9846139529
8590848823
8281645475
7012379183
7074125654
7510549522
9895458097
7994702004
8589063216
9567549182
7994089464

7994204101
9567757304
6238089306
8075054237
9562356830
9846191295
9995951857
8590393146
7593802242
6238577732
8925298402
8132085569
9995107633
9656425000
8848955347
9497584960
907740118
9497567099
7510549522
7907075921
9846320508
9987654122
7495525955
7994272672
8301991992
9526442211
9847576057
974653751
9778579299
9495638801
9747032303
7736781548
8592023161
8590583299
9946855144
8848985386
8848985386
9567616027
8129668876
8593817915
9686139975
7012241191
8891717423
9074462051
9778550318
7736951630
8590914822
8943983727
9995404482
7306908193
9400991639
8304012743
7593934807
9746255625
7025880185
9074266531
8848265020
7994201288
9539469900
8129076512
6238607575
7592032567
9207107456
9995247049
8547401353
9947172055
7356042996
8138818939
8891309093
9207668233
8078378815
6282747169
8921455318
9562134273
8086849062
9778808613
8304012743
8848439543
9567742671
7558882059
907266531
7025880185
7902727106
8136841230
9061549633
8921455318
9567135106
8590945144
9778787037
9496630371
9995867414
7306044342
9746384287
8281145013
7019832905
8590734328
8138884713
9745227171
9562970555
9544022033
9447640004
7593934807
8547932598
8891106333
9072183856
8891309093
8089363122
7558852059
9207668223
9605508245
8086764953
7902688152
8156887953
9847464616
9778205638
9606978726
9961838971
8078389415
9745754891
7306246202
7012030373
8590351003
9946011582
8137075727
7736306409
7592850235
7306591273
7736509599
9656387295
9656231180
7012841476
8078532432
7306873916
9400598549
7558871140
8113919004
9446757489
7907967375
9074208781
9447472561
7902395144
8589880294
9745124249
8993376080
8714306212
9778107494
8129594029
9447605644
8590798864
9846062232
8590727161
9388670115
9188220959
9744881931
9446112849
9562472130
8848109884
9995599905
9778548424
6282830384
7356001048
6282068864
8156994534
8589951604
9645944658
9846305486
9061985155
8220848772
9188596318
8590455994
8301087556
7012317360
9633293672
7736857132
7356247089
7510394467
9188693603
8089157906
9207163090
8590448310
8078115058
8137918826
8590186832
7012827704
6282049564
8590336873
7025599134
9744651341
7907313796
9948655144
6238438504
9946367373
8590914822
9946862539
8848985386
9108954845
7356077808
8078385414
8943832271
8606883626
7736951630
9645676026
9744775637
9567016027
8589059540
9946798882
7306513977
8714272190
9995800775
8714598845
8907824799
6238930137
7356960808
7306856468
9778550318
8848752235
7012241191
8891334223
7012963302
9446106501
9526097430
6238387056
7306102949
7561014450
8304801016
6238387036
8590304581
9447230488
7909169421
7736865058
9562416770
8714205621
6282120780
9048409955
8113900476
9633064894
9562424394
9074659449
9072351355
7736997098
6235138989
8078043469
8848494718
9847265863
8907840089
7306952876
9544563694
7736871090
9072170223
8848940866
9496642883
8590306151
8220848472
8129658710
8921404857
9495764354
8330064355
8089404443
6282625757
9946363526
7025758836
9079151607
7510524861
8848961730
7561884039
8921764593
9567519773
8281896062
9446196062
7994126062
9496686870
8891155252
97970227786
9400046851
8921533252
9526962721
9946475348
9482841859
9605751844
9778528043
8848175779
9745995445
9895953872
7559064390
7034759368
9207331126
7362199327
7592017291
7994186302
9744659185
8848686461
9895061169
7034413872
8606206434
9446127019
9048849984
8281446026
7605933869
9495896135
9048939532
7994557461
8129908378
7994208445
9387797218
8281123328
8943713313
9061804599
8138021246
9544130691
8281538418
9778123743
8281860758
8157038781
7994421698
9037254090
8714800317
7037375229
9249825108
8156899479
8590384773
7025345168
7907565464
7510911767
9947299709
9746613492
8714922909
9496214055
7633655594
9744303140
9544315292
9074140907
8590888189
9061743823
9495668237
8590729332
9447487910
8111956920
7034622093
9656041170
8075600445
9946580129
8589905032
9947224014
9207305129
8590489232
8590608556
8590903371
8078175101
8075372259
9744046355
8848905733
9048646788
7558926541
6238060165
7306566097
7025858391
8078467844
9061632880
7558828636
8590621138
9446845152
8590673387
6282303583
9747139079
7306549866
9895283994
9447483509
7594074309
7559924711
8590666969
7994615189
9447425962
9847353624
7012986280
9446134599
9605421093
7306433419
9061392419
7510268505
7907925155
9447204927
7510408284
8590944185
6238821726
8590461372
9061253525
7025727594
8590675058
8891800304
9544732071
9074994141
7356720167
8590569699
638557855
9995557221
7510404780
9747388410
7025837540
7025292388
6238491526
9207503508
7025813864
9995383709
9544315292
9074140907
8590888189
9061743823
9495668237
8590729332
9447487910
8111956920
7034622093
9656041170
8075600445
9946580129
8589905032
9947224014
9207305129
8590489232
8590608556
8590903371
8078175101
8075372259
9744046355
8848905733
9048646788
7558926541
6238060165
7306566097
7025858391
8078467844
9061632880
7558828636
8590621138
9446845152
8590673387
6282303583
9747139079
7306549866
9895283994
9447483509
7594074309
7559924711
8590666969
7994615189
9447425962
9847353624
7012986280
9446134599
9605421093
7306433419
9061392419
7510268505
7907925155
9447204927
7510408284
8590944185
6238821726
8590461372
9061253525
7025727594
8590675058
8891800304
9544732071
9074994141
7356720167
8590569699
638557855
9995557221
7510404780
9747388410
7025837540
7025292388
6238491526
9207503508
7025813864
9995383709
9567171930
7356809624
9633090202
8592952591
7306408429
9846748932
7012312521
7510351071
79028
7592922654
9846553984
9946656701
9188625837
8156945780
7034353908
9188747221
7356735496
9567457941
9037881957
9996821703
8086028965
9061942053
9061298210
8075536116
8086908418
9744749272
8301836993
8943037276
7559884749
7994981893
9746770563
9995876387
9048940213
9544268632
8075021695
9037242114
7593951020
9633172120
7306381286
7034386622
8591408675
9074309774
6238945221
9746724641
9656896430
7909211737
8592870190
9072485720
9495925235
7034264618
9995709044
8921796944
9048407599
9947666883
70834375028
9207216601
7306891042
9526183931
7558078954
9447628619
9745823619
8086639458
8589049698
7559968892
7902849271
9072134038
8943472533
9947666883
8089262977
9526503881
8129221249
9207161027
9562283576
9526183931
7592801040
7510295261
8301981309
9037107963
8848799448
8891444351
7907770818
7560802398
7034264398
7736390873
7012796143
6282173985
7994949787
7736390873
9605777284
9778203188
7907588118
9539013788
8590454598
9656896430
7736977288
9048682175
6238577987
9778018382
8289987875
9744222487
9746710462
7994654304
7561890537
9846771258
7510351071
8891637280
6282491899
9447415514
8714508778
9207877410
9072904034
8137008715
8891149009
6238003720
8129868316
7994876586
7736880823
9946120999
9037502736
8129175793
9947165833
7907770121
8086438820
9961738905
8943569426
8086827637
9846464095
9778321910
9072023275
8921843553
9544512525
8590543397
8921750872
8593031262
7594897911
8590645395
8606320090
6235828338
9400729937
9037957539
6238159119
9074360488
7736464368
7025783855
8590411921
9563038281
9072074370
9061967041
9745362425
8129940198
8590364669
9037917080
9744933461
7594848338
9846686383
9746887331
9500768381
8848266044
9048823475
7510927899
9961877698
9188743050
9400971145
9500768381
7909116797
8848266044
9496484568
7034511938
8590645592
8590913292
9048823475
8089473858
9961877698
9847350359
7306903693
9746703244
7306227136
7736905692
7560895392
9048722973
7994954609
6282198195
9746481937
9746895470
7034797570
7592007800
9946471551
9778346054
9745199092
8281876155
9744330225
7510716721
88931112715
9207322699
8606923733
8921489407
6235613907
9048545147
8089184885
6238881713
9544072495
9495352239
9567857311
8921710117
9037531451
978803547
9037288270
8590969781
8590867487
95399867487
9539891517
7907262744
8111820178
9946725233
9496434229
9539287729
9846388254
9747180560
8592974370
8129370930
8943330365
8086909889
8139808136
8921572857
7012944630
7592093192
9545114865
7025323196
7356903181
8129056984
8089703052
9539425942
6282664882
9446580143
7560907579
9633548901
9074358838
8129061278
7907882892
7736254336
8129245707
8606168212
9447857375
8129158801
9495375562
7012523280
9778564918
9633066248
8281912491
8138998777
999515515
9847573809
6238632620
6235366996
9645051420
9074539091
9074859796
7907554564
8618573479
8590322037
6282222631
6282987538
8354880318
8136812661
9539935087
8095864897
7736174213
7012507575
8281297167
7560895370
6282023744
8137040843
8048303874
9207103558
9495148731
8547158731
7736230887
8590590003
7356635577
9496154374
7356922900
9947481303
95672545704
9778003852
7034324753
9995436144
7736703515
8075077213
8891056577
9895876916
8089656853
9747845911
9778143673
9846008544
9895763368
8590560216
9895332320
9946364320
9995919706
799453414
9567585020
9061462808
7736214641
9539398582
8921363298
8075800678
7012567713
8590905625
8943258653
8075800678
9048868142
9072378852
7736926679
9656951639
8589015405
9012376269
7356077610
7316514632
6238536813
8301952240
7025496536
9188242341
8590842486
8891641318
8547926467
9074431761
7012468986
9072121741
9645331895
9356981685
7025573879
8136869631
7902604201
8157098812
9778479008
9446451935
9633011336
7306620803
9074926791
9188146045
9745932798
9633256413
9400370438
7994750290
9306413085
9188738388
7356091847
9544789969
9037144066
9745647096
9106765500
9526966412
9388350590
7592876949
7736714433
8129916104
8593908572
9450652090
9946822958
8137813936
7306104176
8891442325
9496818679
9562625030
8891351400
7356796223
831835883
8547218801
7025708527
9074635022
7994671161
8921499642
7736557433
8086487311
8075688138
9074326270
7994688061
8137869214
9544230254
8148859281
8075046892
8589914788
9496303965
8848313063
9995608470
7306486511
9526119057
9994204693
8138048988
9847994743
7510572638
9074326270
9562885166
9544399722
9847999743
7025166936
9947756207
8089538037
9037257905
8943945256
9495481999
8078303159
7356116933
7356116933
7356367974
9847214200
7994781563
6238213080
9447725778
7559822518
9400628497
8129417159
8593009583
8593016765
9656128764
9656128764
7034820425
8075959993
8943014692
9447185740
7994176998
9048304443
8156951804
8606941221
7736451336
9188266073
8075422373
9745933716
8547948871
7593937671
7510836823
8121186703
9207360169
8086032789
7034491331
8589051970
9497693523
7510730231
9605417731
8129116603
8129871480
9656594895
7736304093
8592070397
8921537112
9895959000
6238597388
6235314987
8086137123
8137948921
8129061702
8111897374
9539713893
6282891758
9446388644
8594072728
9562125841
8590532673
7136952633
9947927627
9656917615
9188726845
9995764455
7034949327
7559928458
8848217094
7994807890
6238697616
9633826968
9645221918
9778747339
8590713489
8129789595
9847130836
7593804835
6238410917
8111915634
8590365700
7012234411
9645897912
7356357960
9633203689
9446229073
9495358116
6238193961
8281585956
8281262488
9495014917
9074531995
9961042808
9961908905
9400430336
9746231765
9037026126
9562521372
9567371606
7907868295
9961454122
7560829041
9048667721
9400997280
9778159814
8891540311
9048666081
7736784501
8157825112
9037373491
9188736083
8287862572
8848025861
8890325920
7511115311
8129016771
8129614991
9400430336
9746405741
6282743641
8129016771
9172002884
9778561535
9526818251
9605004285
9725036750
9446610411
8129847262
8137937007
9846720362
7025147392
9745771385
9746209594
9847882149
9605420308
9048003070
7356933266
7736382195
9447693514
9447156116
8075045130
7559989363
7012304827
8078978474
9495346564
6238240340
9400264317
8078991037
9207057497
9946749758
9047014208
9605795057
9946883643
7994421319
7510193605
8590661854
8590981540
8921676852
8086677290
9037830402
8606077284
8606950318
9895465137
9497797523
8593078974
7356742522
6238280361
8943398724
8089934631
7306929385
7994068407
7510781267
9539606597
9747560724
7012138597
6282398443
8714180149
6238816978
9061295646
8086760719
9447688377
8086256151
9895690131
7902625378
9847179095
9207767819
7025304841
9744703126
7034893699
7025803293
8590719319
9961718071
8714247734
7591903832
89435495
9562278338
9539436269
9526592537
9947038314
9037252430
9744868428
9645279160
6235730886
9446618870
9656774893
9188508544
7902724106
8136963334
8086695814
7902819320
9061733975
9495042206
7034680465
9188047004
9633579191
8137822077
8943565598
8590814396
8129422789
7012804305
7558869455
6385135139
9778323364
8714310395
9633945691
8921458505
8113918900
9746304951
8078082423
8891908594
9037673374
8943207699
9061889727
9400384239
9947956137
7012728459
9447520536
8921060817
8714260955
7736355379
7736902932
8541497221
7994579626
9061236183
9497723154
8547727282
9745905948
7558819322
8548857544
8606860937
8078267501
9207898445
8921728559
7736698660
9744354116
7012009591
9656734611
7907088228
7736271468
9447453474
7034066210
9207898445
9633945691
8086398334
9539532772
8301803216
9567768209
7558891448
7994494413
9567333584
984679933
811803801
7025894348
9846200668
9656734611
9526765542
7736902532
9207478536
8281740902
7591986010
9446976741
9846515347
9846809430
9400305779
9747347632
9605189836
8129146363
9400382923
9447695812
9446404906
9847264904
7559060202
9746312466
9495901096
8281212005
9446319931
9496816212
9446391009
9645084433
9633198831
9447975141
9744983357
9946210066
9048368101
9447502161
9633336167
9745826542
7510926297
8606629402
9496784354
8171877626
9526083592
9495031914
8075523387
8257998134
9207928222
7902507340
9628087266
7558025015
8008248700
8089842597
9497341167
9495321789
9526035327
7407155581
9446555815
7025225206
9497116354


























9495043019
9946401893
9847473391
9446559976
9288117378
9620223903
9061202244
9387433891
9497679489
9446041515
9961227678
9495727727
9539722688
9447256180
9447801801
9645063673
9847057201
9847543847
9846651836
9809236796
9846882614
73064212185
9745330078
9995086842
9605009408
8086805488
9809236796
9995250816
9745438989
9497003957
8547701866
9244930701
9937518504
9744538876
8075634676
9995404363
7025590730
7593838030
9847063500
9846393082
7025990730
8129639567
9061046466
9995457936
9446585406
9567049070
8304904788
7592895894
9447271492
9947577244
9995049437
9633045430
9895846615
8547574216
8089809789
9496773808
9387215291
9447021861
9446209096
9495583069
9895484101
9495730273
9744297702
9744994145
9995968751
8943321117
9895458054
8547753899
9037662423
9633120511
8281890237
9447110960
8907221379
8089871559
8903456168
9995151632
9745413413
9656262995
9497712197
9995078729
9497004740
9544488893
9895554589
9497860226
9388374682
9946773471
9895940024
9061165003
9605348925
9847701292
9847007298
8075828723
9446992383
9633477217
9249713746
9744806001
8594029717
9633950552
9995483976
8606388812
9288058579
9846986553
9220110813
9809684097
9995482567
9895534674
9645088774
9995302226
9633685833
8086443825
9847096601
9745257071
9061526779
9400559177
9400066789
9446177415
8547136606
9495966625
8547444078
9567878049
9496258927
9497162489
9846722636
9447154274
9995026042
9446055845
8136937185
9846910818
9447181819
9746696485
9995447602
9446570763
9400855139
9497003510
9947100227
9961916207
9495186424
9539783370
8086072435
9497849542
9895534632
9497017095
9995236757
9497292950
9895260694
8592090696
9495409383
7561077277
9447002761

9447817089
8590833311
9447957534
9746688353
9633391871
8848761908
9847984971
8129443636
9349315871
9567204995
9633880953
9995224972
9387802070
9495171905
9447600550
9447024223
9387731129
9995823000
8136804413
9995554266
8136916518
9539001602
9995459504
8111836628
8086011497
8086840379
9388063155
9895641547
9947140621
9447798252
9995091730
9995154444
9995197476
9567220812
9495303094
9496185442
9446179291
9446176944
9605713276
8089889036
9747030049
8129522500
9495550333
8547421644
8547009193
9847065579
9496550408
9745181385
9746967844
9495271733
9847502967
9349157194
9447655928
9947409447
9446311314
9745475940
9746489409
9495833123
9400498397
9020685050
9746292505
9496117280
8547818955
9744871921
9446752815
9605295230
9605612110
9995513126
9497593197
9656557283
9747795992
9946235224
9446173501
9400694755
9633301873
8281700315
8943737377
9447016453
8086260125
9895661098
9947360373
8129280434
9746659515
9847793853
9746479717
8281563676
9656432542
9447006346
9447258089
9446705029
9447125345
9605776638
9495812127
9496306599
9605588442
9633228491
9447552994
9495122043
9497640623
9562375128
9447003173
9387835387
9495243930
9746348199
9561611709
9048827610
9497267648
9526405048
9496100167
9645250829
9496589373
9496589373
8086823720
9746935560
8129085433
9446968050
9605078875
9656871696
9946394608
9544015538
9400792638
9995137351
9995776895
8606502127
9656000943
9495037785
9744572172
8129192578
9449201589
7356826231
9847748806
9995669973
9633974022
9495037482
9388242526
8943347480
9895420909
9995224655
9656218617
9400775504
9567576802
9249215690
9446813040
9895592069
8129783876
8129138701
9895667719
7736186021
7558006182
9656354415
9747243520
9746232210
9895890377
9539045264
9746433153
8848172336
9539045264
9526982682
9961400867
9037585993
9037163593
9895064084
9388939177
9447066407
9946664933
9495550114
8086005311
8089846771
9526064427
9497003468
9961206926
9446388958
9447903417
9447413085
8086705235
9447391046
9497454192
9447427528
9497265990
9447754782
9074316566
9400872675
9633259088
9447203363
9947099270
9446196379
9400466706
7034419421
8281696692
8606057688
7012125307
9387686550
9995754987
9746473550
8606055479
9447006881
9961441866
8089991312
7034376060
9446795558
9605260388
9961841418
9633996415
8113906600
8943427478
6203631745
8606221348
9656614321
9847923951
8606397840
9747976217
9400558690
9048681265
9446742792
9947237411
9446749682
9495689033
9633632024
9961437467
9656033208
9745857080
9544790438
9995516638
8129636732
9447585546
9645541562
9582323252
9497549720
9947378729
8281286386
9446903566
9446172413
9946795723
9946122591
9447247173
7736609227
9995807181
9656183003
9446090513
9496103005
9447311005
9447893290
9745684787
9645541313
9446490258
9946527791
9048713915
9539351337
9946968650
9946562122
9447307000
8086241401
8714136766
7025335817
9645114190
9895739320
8891002955
9539945924
7907708737
9745772411
9497100119
8075759809
9946697222
9633833605
9447800706
9846618956
9495829677
9497006508
9746812162
9447697717
7560992004
9846772544
9349771747
9496530876
9495479948
9495982377
9495629964
9447584973
9447439665
9633748601
9895804742
9995247019
9947110507
9745428878
9961607446
8086359655
9446176483
9495720019
9746787685
9633081150
9497014106
9447557998
9747406055
9447411762
9946560014
8547480279
9446113534
9446197278
8086239148
9446720500
8547254689
9562185328
8289990957
9744240512
9446048320
9544913342
9895991315
9447855880
9946254874
9746705020
9745090172
9497463284
9567924207
7902977205
9495479948
9946892814
8281286386


































6238068686
6238200543
6282953295
7005597574
7012505124
7034128801
7293128144
7356113328
7356286980
7356494403
7356515101
7511132027
7558059755
7907165346
7907578496
7907650600
7907732727
7984276494
8086945721
8129202779
8129260377
8136856295
8216974861
8281292206
8281456656
8289980273
8396843901
8527250284
8547283821
8547302899
8547825701
8606677839
8714262694
8907112195
8921089397
8921462471
8941138779
8943567780
8943635549
8985042269
9037974533
9048901120
9050853782
9074084822
9074705044
9142033261
9215314468
9400470601
9400502230
9400599136
9400841156
9435467694
9443221104
9446023189
9446102863
9446580713
9446608751
9446614177
9447144538
9447437758
9447581884
9447582342
9447633391
9447798123
9482623782
9495838745
9496155795
9496365869
9496545361
9496598878
9497165329
9497783203
9526561521
9530787018
9536287263
9536787618
9542131436
9544509060
9567034753
9567630221
9605447438
9633093451
9633791572
9645102359
9645631958
9656114246
9656735874
9680768391
9744031610
9744103953
9744111063
9745203012
9746986629
9747969063
9791135588
9805225252
9840656232
9846092524
9846314052
9847732382
9876543210
9895017556
9946312335
9946992636
9947151693
9947547651
9961852380
9972063120
9995073905
9995445265
9995734860
6238068686
6238200543
6282953295
7005597574
7012505124
7034128801
7293128144
7356113328
7356286980
7356494403
7356515101
7511132027
7558059755
7907165346
7907578496
7907650600
7907732727
7984276494
8086945721
8129202779
8129260377
8136856295
8216974861
8281292206
8281456656
8289980273
8396843901
8527250284
8547283821
8547302899
8547825701
8606677839
8714262694
8907112195
8921089397
8921462471
8941138779
8943567780
8943635549
8985042269
9037974533
9048901120
9050853782
9074084822
9074705044
9142033261
9215314468
9400470601
9400502230
9400599136
9400841156
9435467694
9443221104
9446023189
9446102863
9446580713
9446608751
9446614177
9447144538
9447437758
9447581884
9447582342
9447633391
9447798123
9482623782
9495838745
9496155795
9496365869
9496545361
9496598878
9497165329
9497783203
9526561521
9530787018
9536287263
9536787618
9542131436
9544509060
9567034753
9567630221
9605447438
9633093451
9633791572
9645102359
9645631958
9656114246
9656735874
9680768391
9744031610
9744103953
9744111063
9745203012
9746986629
9747969063
9791135588
9805225252
9840656232
9846092524
9846314052
9847732382
9876543210
9895017556
9946312335
9946992636
9947151693
9947547651
9961852380
9972063120
9995073905
9995445265
9995734860
9946916769
9447368939
8089615112
7510655405
9495829770
9446710295
9495201638
9995805350
9847167265
9495043735
9048738452
9495827823
9544926161
9447002155
9447108563
9447766605
9847041545
9446497212
9495832220
9495631610
9497760193
9447088122
8547874152
9447451374
9447057001
9497429497
9497592939
9495688685
9495151603
9447562891
9446553069
9447028046
9446504322
9495969712
9400660162
8086011045
9847614124
9446303328
9496023456
9633889207
9495688640
9846004225
9446555865
9895713789
9846846929
9495920405
9447385123
9847631393
9846008097
9447587203
9567859880
9447006961
9447195827
9495121199
9895057036
9447342873
9446303777
9895714780
9447342175
9847910362
9447271131
9446066196
8281194979
9495121869
9447761250
8137896087
9061583394
9447866355
9846846929
9847066271
9847204178
9447022012
9387821280
9846022781
8848680017
9496370007
9447103860
9388750217
9447342699
9446849275
9961794443
9447400702
9447957391
9497000260
9349136510
9446407090
9446795639
9447082852
9447009447
9895562775
8089781083
9846063902
9895965367
9495074144
9961414666
8547496273
9995540549
9446316251
9847602100
9447657274
9447360004
9447072337
9446449356
9946662209
9446052785
9447451702
9961506556
8547092352
9846510010
9847067845
9447052726
9495301607
9961251838
9744221364
9400464364
9447439744
9847456140
9447891846
9847226619
9447108786
9847705074
9349401661
9447212582
9446981141
9526149700
7907084106
9847311625
9961454076
9895180781
9895202381
9495718612
8281687661
9074274446
9400254223
9074087219
8921056252
9349115708
9947803328
7593000423
9447903168
9633033298
9744264156
9995064223
8547582576
9446175748
9847051534
9446705572
8547115445
9539797963
9446705574
9947841606
9447188229
8483232068
9447055554
9633764687
9446020169
9947819569
9496100607
9847104853
9847911438
9567480460
9961481946
9895140945
9947250505
9495994484

8
8
8
8
8
8
8
8
8
8
8
8
8
8
8
8
8
8
8
8
8
8
8
8
8
8
8
8
8
8
8
8
8
8
8
8
8
8
8
8
8
8
8
8
8594078385
9633025196
9497000028
9400033160
9895822520
9544223657
9961867080
9847466505
9947208099
8137822193
9544017480
9544792820
9447206932
9497042681
9847190681
9744343447
9447710006
9846971705
9961110448
9446748385
8547604777
9495521173
9446830071
9846312689
9447335962
9446309994
9947208864
9656070716
9497012522
9446705958
9495239569
9447492557
9846270460
8606624913
9072961178
8606222471
9495676996
9846009300
9605208932
9400489000
9495976522
944794254
8547150283
8547475826
9847854487
8606542242
9495302194
9995117478

8086462763
8089318673
8281456111
9446901084
9656471908
9349269209
9495564206
9447236270
8547342406
9447964849
9447654697
9495871890
9446550412
9947208864
9446101351
9447232629
9496377319
9447340607
8113913057
8547623931
9048605644
9995101329
9447725810
9605009142
9447745373
9400776948
8089748902
8281406039
9446101848
9447210914
9387976181
9447968157
9446242771
9400994974
9526670608
8089671676
7561040877
8281692939
8281437371
6282237192
9995864828
9745085885
9633203424
9744475635
9567382277
8547858544
9487007224
9745038717
9387074462
9776057440
8086515635
8921413591
8089287572
9895443367
8606620324
9947760528
9995277537
9349741077
9446704582
9961382125
9747411714
9539712825
9447205932
8129918975
9746110963
9746935552
9961483666
9496258066
9947949206
9020462090
9495403371
9544125543
7736272717
9526398184
9447184430
7559839187
9037141234
9995240739
9447502213
9387803203
9745194332
8156851264
9020234766
9633951143
9995486736
7560987103
9995035692
9995465848
9495203837
9633257436
9633706650
9526496035
9847158469
8281807091
9959961089
9995781132
7736343454
9446896133
9387803203
9447724525
9745846319
9645633906
9497688894

9605659415
9400793406
9020773717
9497594204
9446444174
9496100622
9746312696
9388530273
9447781866
9744074791
9446196997
9496924678
8943692102
8301003450
9995966716
9446255955
9446701707
7306074841
9400773390
9496365812
9895862503
9961034978
9809406109
9656767712
7561048503
9048665034
9544753957
9946558193
9847576711
9495631856
9446750782
9946447382
9747927960
9447029486
8547858486
9947041600
9446172385
9847448340
7994312442
9847962562
9656487997
9400577137
9048315737
9072247310
9946441067
8078500354
8113902008
8281625015
9744544340
9847669303
8129716500
9995738389
9947321637
9387833365
9495270747
9387804330
9400406931
9847697387
9809785148
9539945992
9142319814
9497853081
9895220256
9961085800
9633433600
9495303178
9895700853
9387203925
9061796043
9995012886
8590769627
9895991455
9633433600
9496776037
9495556574
9446703785
9847889143
9895306930
9.94684338495268E+019
9447104465
8078097804
9995009205
8547092535
8281642164
9847757406
9656184200
9447013951
9037311413
9995862083
9605470270
9562640712
8943347480
9809115512
9645938040
9207109653
9497849420
8921492056
9947780386
9400775814
9495406496
9400288606
9656986763
9400276529
9249492224
8547828154
9562293558
9447552432
8129140459
9847513683
9847881194
9497807291
9388539706
9400793603
9895670480
9846200639
9847512163
9562392081
9562450603

9495373170
9656584512
9656077524
9895909086
9400931502
9946356018
9747580194
9961127872
9645349318
8086484843
9633335504
9567322300
9847197077
8606704242
8289942611
9388937472
9562065372
9349416020
8089416321
9745848413
9447246511
7356079442
9961877994
7736590678
9061687457
9995674322
9605870084
8848908940
9656169863
9947494994
9995120539
9947774979
9847049850
9526969307
8089941741
9497760934
9037764828
8606541291
8606715325
9562924502
9946699036
9846963764
9633974952
9846693009
9847507119
9496902606
9744589295
9495945692
9446390040
9633478477
9400093365
9744088117
9656185388
9633397157
8129407443
9947239767
9605780735
9633398754
9995097262
9895563376
9061608370
9497688458
9605400799
9745910611
8921229695
8606678421
9446100869
9995647117
9605292512
9567231953
9048324385
8289964371
9847015370
8129396638
7034393685
9497785738
8281464687
9446133357
9496949773
7994417181
8606016494
8921355359
7012277073
9020984308
9847675496
9048624548
8891474195
9995230957
9745682366
9633178958
9061918695
9656263171
9400929131
8129756006
9633838727
9745700440
9400581171
9446178628
9544447416
9995663254
9656385421
9446100623
9605890565
9745164717
7736696631
9562637907
8129475319
9061813128
9447750424
9946279205
9995075835
9961540238
9037508038
9400839315
9567993033
9895509754
9048460599
9895108500
9847736564
9349321401
9995678244
8593831338
8606232453
9567353621
9567569570
9048919168

9495230411
9526617144
9745157178
8594032618
9744047740
9995780133
9895700170
9544444393
9745528651
9446174867
9946908848
9495124434
9388282461
9526988377
9605971784
9562009227
9746875003
9847410630
9526077788
9746335994
9567679344
9746163012
9400410854
9846732881
989571846
8891416254
9744541335
9495275626
9605832978
9567504435
9446307249
9497592919
9539857427
9387128683
9809209972
9633415856
8281728599
7592028382
9497427808
9497129543
9037159990
9745341376
9656352737
9447450598
9495300384
9037814173
9847443034
8129354993
8129179291
8606482772
9895642026
9496746167
9633300780
9497330135
9895855972
8606523943
9447324804
9567065572
9496103894
9349852220
9446018149
7736569172
9446847356
9895127630
9847639941
9895437987
9961092375
9961769280
9846220232
9061516780
9495832491
9847301054
9633189741
9446340267
9048468300
9656425831
9544451636
9633394421
9895717480
9744671984
9446705290
9388015689
9846088992
8086558171
8547873454
8547074921
9656351149
8547595266
963373873
9496411302
9895897800
9633391233
9746988631
9567476648
8606585691
9747616795
9562180330
9746296965
9497418787
9496196943
7356389122
9947868371
9496196447
9562693317
9567517854
9447651086
8606458672
9961231119
8089986139
9447342602
9567375595
9048331844
9061812860
9656531388
9446159443
9895906120
9496170779
8157959667
9400230166
9605205309
9746977407
8089973644
8891952079
7034450183
9947722204
9747613808
9446533993
9747314386
9497728820
9847318888
9633679776
9961813440
8943871619
8589880105
9400771240
9746799945
9947724489
8304962265
7510764475
9496806160
7594026088
9744652748
9544653147
9744866655
9895531635
9605935500
9809482624
9544363645
8289947033
9744324218
9847962095
9544268289
9207306241
9656755175
8592810918
9496196086
9048267980
9744995520
9847325478
9745426019
9633131510
9895552457
9809256530
9495203235
9947299618
828173427
9946794529
8086218590
9633320817
8943701165
9809484478
9605102949
9847365848
7025323467
9061609283
9497692432
9656116022
9995714309
9447552612
8281943938
8281697964
9995554835
9497641634
9809794054
8157959973
9995844899
9633355988
9847417863
9995931711
9447023011
8921976550
9895758488
9961170123
9895896214
8156841484
9447912547
9447791520
9961950818
9995435502
9744992420
9746082055
9446589746
9895614168
9895875813
9526240748
9605512858
7551842196
9645964520
9496241263
9809690858
9446173982
9496190981
9995612517
9745993826
9496651790
7558005272
9947282812
9567558530
8281529039
8129454403
9995960359
9496293486
7034181521
9747344472
9995441958
9048102819
9446102269
9495628045
9495043757
9947792928
9744759211
9810498858
9496656310
9447903328
7510803989
8848992247
8606370392
9495407164
9072112102
8129915268
9947147698
9496180179
9447241462
9995692443
9497659184
8086146308
9746820669
9544453720
9526088065
9567347474
9446150031
8714513393
9562922035
9656156435
9400772754
9745604619
9495416223
8891962716
9447264607
9446380601
9946210914
9645825599
7012370478
8129356846
9995164203
9037424267
8714187100
9605895953
9946808631
9961764646
9847087631
8590108100
9387772437
7736897260
9605153779
8547354340
984755382
8606541447
9633982181
9400907282
9847852977
9061524719
9447555454
9846125071
9497727128
9544086079
8606485041
9048822340
9895533436
9873359492
9745276934
811183967
9846542443
9567117429
9746782474
9895882561
8606159115
9562790933
9446971283
8547333903
9495392166
7907218486
9895454337
9847963580
7025158027
9961304043
8547288607
8606022318
9495382791
9946844576
9526421617
9745696271
8289897958
9495630362
9497426959
9495550279
9847851057
9846508853
9400185386
9447220135
9387802175
8547685252
9400040506
9995679120
9447133761
9496878909
8157849961
8129096920
9656310396
9400070452
9526175891
9387916496
9562568112
9526007162
9847456565
9847313486
9746810413
9847245764
934941080
9895741382
9746547236
9388188234
9744035339
9495826749
9947168244
9605669268
8086495687
81579467
7356848605
9544407347
9526340934
9846602883
9809403802
9946256216
9947921965
9895291698
9539480505
9745062261
9946668101
8547494312
9995927291
8281755567
9446604443
9995316767
9633230491
9526177484
9847111852
9495445984
9645388151
9746830771
8893560775
9847319198
9447263661
9961456638
9446174968
9447400736
8893618940
9995716487
9995998545
9961573911
9447244020
9446586423
9400954969
9744055668
9605583972
9746639340
9567490497
9946256216
9497004217
9746788351
9746783881
9995837357
9496141638
9846313848
8089516884
9744288622
8943044041
9526963137
8089922330
9947868506
9447697998
9745140571
9947256628
9656966947
9400173237
9847057482
9947160588
9847039401
8113904064
7561884756
9645313269
9605247478
9645231438
9349321103
9847476229
9961682119
9633726082
9847476229
9947717588
8301987452
9656561373
9846705110
8547621032
9847817047
9846834372
9496773545
9747197393
8891474195
9387171965
8086676933
9526568932
9207536892
9544246180
9567777313
9744355071
9961400897
9037409930
9495408637
9895809353
9387128683
8547350794
9961106136
9745528651
9447324680
9645440135
8086003770
9995780810
8606159651
9496102217
9388760198
9746149838
9496457192
9544784226
9947556449
9744559703
7510699262
9495755513
9947164788
82816585
8891309442
9496258755
9656349758
8891399669
8129200823
9656984770
9947663001
9995858194
9037070734
9562038674
8129323627
9947716525
9946401912
9544472534
7025215928
9605152331
9744351106
9495406497
8129390054
9400997621
9633038139
7510804547
9746111647
9895256074
9048901696
8089515772
9747912233
9747590427
9895036684
9446354116
9895252477
9847246303
9744209225
9387951052
9847049536
9497688724
9947663001
9847186198
9744538898
9946291335
9072458572
9747677722
9744867518
9747385181
9447501735
9446193941
9995292511
8547618051
8893498004
7356320010
9946426882
9946687979
9961796461
9746986488
8086485363
9447245481
9605628166
7558841574
9995926727
8593932107
9526843840
9544524935
9447245481
9847101342
9747377753
9995518771
9846336925
9498092342
9495950330
7025801850
8129985600
9895475243
9447237604
9567118435
9495696961
9387974537
9605249148
9744149550
9447479333
9400275347
9496459219
9656771606
9544446658
9496547082
9747148803
8129324775
8078260834
7558014839
9947178298
8137072389
9961861541
9446182922
9497691132
9349926742
9995601334
9995283535
9961599086
9846885118
7012325234
8281066693
9633998293
9746595298
9447698503
9605770970
9995516107
9846896564
9961252320
9447155457
8086269772
9447884008
9645708090
9072209678
9496101554
9846124813
9446968944
9037502719
9526984312
9526204384
8281327789
9526796799
9526466682
9847997651
9447031643
8129061681
9895585265
9745405322
9656716514
9645817337
9526416054
9746544695
8111986409
9656159433
9446326265
9656789037
9497785061
8129094671
9388268517
9497472756
9744069330
9633930984
8606620113
9605733206
9847370012
9497154970
8156913711
9961184838
7902902666
8137075588
9048547946
9048855897
9446263741
7025156013
9544454428
9995075750
9744342077
7356999526
9567378292
9995331162
8111864365
8714446714
9446749373
8606522392
9567623849
9633679776
8157949312
8089098879
8089726020
9447340876
9497637557
8848618347
8547148039
9495408961
9746632839
9207249614
812976544
9895269082
9037323775

