7034470278

7034499000

7034570153

7034627240

9447784567

7559912668

8907008866

9539820988

9895256537

9447784567

974514336

6238070519

6238691267

6238908093

6282057232

9447784567

974514336

6238070519

6238691267

9447784567

9447638022

9446139001

9995178988

9809771820

7012239268

9400405183

9847419063

9895776792

9020388333

8547727909

9074654161

9061402212

9847857137

9447706152

9773054466

9447979380

9447784567

9744678640

8547876783

9605675690

9447728850

9846125303

9526071271

9400889953

9847573220

8075952876

9496759188

9495614669

9747152646

8281576546

9400012673

9037996562

9387936889

9747397725

9539343937

9773054466

9447993514

8943396305

9544281294

9846116342

9995869754

9447717399

9048394528

9846019101

9846242422

9605339409

9446869213

9447784567

9744601619

9447833874

9447308018

9048438442

9447784567

9847956235

9961285345

966503201237

9846641817

8943139895

9447830195

9447980799

9446020866

9847284114

9388622664

9061187654

9447784567

98470019669

9745891722

8547593264

7994092822

9447411432

9895925852

9447484621

9495410181

9447994266

9447460505

9447917705

9946704400

7012117678

9447404525

9633392668

971558322903

9446551056

8264734428

9874004356

9388437491

9447578699

9446518233

9447509824

9633481360

9048089761

9895520150

9496702141

9074580278

9074393511

9480339517

9447784567

9847867043

9447472282

9496742425

7736596378

8589897359

9747480685

9446434025

9496096700

9446837756

7559912185

9496629270

9744246848

8547865147

9847292407

8281826046

8089091858

9946557077

9142303080

9744531741

9446953315

9847794948

8281159024

9961259500

9567721984

9539683074

9400820310

9947180521

9745300134

9447294228

9745240386

9447784567

9846127711

9447179202

9544560971

8590224841

9496418937

9497764836

9567118374

9846035612

9847765723

9495673802

9446211781

9656887509

9746401341

9447155286

9497932880

9961790601

9846687174

7838274716

9446665547

9387302064

8593909629

8527688314

9497106915

9947647755

9447578935

9495559197

9605140151

7356340876

9447954074

9400126746

9447784567

9496926150

9846631615

9746272412

8943082583

9745194261

971506288659

9446851168

971553109285

9447140192

9446351116

9446688695

9388609281

9447066535

9539110178

9446131894

9447329796

9496743262

8592806743

9447932721

8547116077

9447096375

9744224516

9744565689

918086521174

8594012038

8281298118

9447810339

9497317671

9562744418

9526844287

9447784567

9447667738

8281683948

8086441631

9895361765

9495669595

9447784567

9605954694

9495669595

9447784567

9605954694

9495669595

9447784567

9605954694

9495669595

9447784567

9605954694

9495669595

9447784567

9605954694
9495669595

9447784567

9605954694

9495669595

9995157900

9746674784

9446995051

9995157900

9746674784

9446995051

9497737875

8891423882

9895240447

8089513570

9447828986

9656802785

8547525880

9847466849

9744493132

9495218062

9895268324

9895194750

9446002222

8289855699

8907658128

9495187415

9447452757

9946346045

9349060422

8129311676

9446232825

8281642115

9544547493

9496521351

9496174787

9495669595

9446368833

9495669595

9447784567

9605954694

9495669595

9447784567

9605954694

9495669595

9495669595

9495669595

9495669595

9447784567

9605954694

9495669595

9447784567

9605954694

9495669595

9495669595

9447784567

9605954694

9495669595

9447784567

9605954694

9495669595

9447784567

9605954694

9495669595

9447784567

9605954694

9495669595

9447784567

9605954694
9847311377

9847311377

9495669595

9447784567

9847311377

9605954694

9495669595

9447784567

9605954694

9495669595

9447784567

9605954694

9495669595

9447784567

9605954694

9495669595

9447784567

9605954694
9847311377

9847311377

9495669595

9447784567

9847311377

9605954694

9495669595

9447784567

9605954694

9447784567

9605954694

9495669595

9447784567

9605954694

9495669595

9447784567

9605954694
9847311377

9847311377

9847311377

9495669595

9447784567

9847311377

9605954694

9495669595

9447784567

9605954694

9495669595

9447784567

9605954694

9495669595

9447784567

9605954694

9495669595

9447784567

9605954694
9847311377

9847311377

9847311377

9495669595

9447784567

9847311377

9605954694

9495669595

9447784567

9605954694

9495669595

9447784567

9605954694

9495669595

9447784567

9605954694

9495669595

9447784567

9605954694
9847311377

9847311377

9847311377

9495669595

9447784567

9847311377

9605954694

9495669595

9447784567

9605954694

9495669595

9447784567

9605954694

9495669595

9447784567

9605954694

9495669595

9447784567

9605954694
9446756241

9995157900

9496372134

7558830636

9447784567
9605954694
7511155171

Contact Number


7510215743

7907345510

7356285173

9961414070

7907777217

8089521584

8078959717

85938 96383

7510215743
7907345510

7356285173

9961414070

7907777217

8089521584

8078959717

8593896383

7306570882

7012432885

8129446402

+918156922545

+918547649639

8129380801

6235678916

9995272371

8921813401

7511127285

9846592827

8281680488

8921423150

9847290075

8137885295

7012600552

9037043970

8281416522

7994687722

9048114025

9497684384

8129556621

9495703466

9961199694

9847311377
9495669595

9447784567

9847311377

9605954694

9495669595

9447784567

9605954694

9495669595

9447784567

9605954694

9495669595

9447784567

9605954694

9495669595

9447784567

9605954694
7907345510
7356285173
9961414070
7907777217
8089521584

8078959717

8593896383

7306570882

7012432885

8129446402

+918156922545

+918547649639

8129380801

6235678916

9995272371

8921813401

7511127285

9846592827

8281680488

8921423150

9847290075

8137885295

7907777217
8089521584

8078959717

8593896383

7306570882

7012432885

8129446402

+918156922545

+918156922545
+918547649639
+919745259258
+919745015670
+917025087639
+918547649639
+919745259258
+919745015670
+918156922545
+918547649639
+919745259258
+919745015670
+917025087639
7510215743

7907345510

7356285173

9961414070

7907777217

8089521584

8078959717

8593896383

7510215743

7907345510

7356285173

9961414070

7907777217

8089521584

8078959717

8593896383

7306570882

7012432885

8129446402

+918156922545

+918547649639

8129380801

6235678916

9995272371

8921813401

7511127285

9846592827

8281680488

8921423150

9847311377

9495669595

9447784567

9847311377

9605954694

9495669595

9447784567

9605954694

9495669595

9447784567

9605954694

9495669595

9447784567

9605954694

9495669595

9447784567

9605954694
9847311377

9495669595

9447784567

9847311377

9847311377

9495669595

7907777217
8089521584

8078959717

8593896383

7306570882

7012432885

8129446402

+918156922545

+918547649639

8129380801

6235678916

9995272371

8921813401

7511127285

9846592827

8281680488

8921423150

9847290075

8137885295

7012600552

9037043970

8281416522

7994687722

9048114025

9497684384

8129556621

9495703466

9961199694

8921548489

8281331769

7736598214

7306363314

7025572756

9447948625

8594093105

9645015639

9645183384

9048596942

7736825406

9447602356

9562227923

6235452477

9539448589

8593856906

8075419343

9446418624

8594036548

8589827520

8848787391

8078274701

8891649181

7510329120

7012475988

9495669595
7907777217
8089521584

8078959717

8593896383

7306570882

7012432885

8129446402

+918156922545

+918547649639

8129380801

6235678916

9995272371

8921813401

7511127285

9846592827

8281680488

8921423150

9847290075

8137885295

7012600552

9037043970

8281416522

7994687722

9048114025

9497684384

8129556621

9495703466

9961199694

8921548489

8281331769

7736598214

7306363314

7025572756

9447948625

8594093105

9645015639

9645183384

9048596942

7736825406

9447602356

9562227923

6235452477

9539448589

8593856906

8075419343

9446418624

8594036548

8589827520

8848787391

8078274701

8891649181

7510329120

9495669595
7907777217
8089521584

8078959717

9495669595
7907777217
8089521584

8078959717

9495669595
7907777217

8089521584

8078959717

8593896383

7306570882

7012432885

8129446402

+918156922545

+918547649639

8129380801

6235678916

9995272371

8921813401

9495669595
7907777217

9495669595
7907777217
8089521584

8078959717

8593896383

7306570882

7012432885

9495669595
7907777217
8089521584
8075419343
9446418624
8594036548
8589827520
8848787391
8078274701
8891649181
7510329120
7012475988
8075419343
9446418624
8594036548
8589827520
8848787391
8078274701
8891649181
7510329120
7012475988
9633261148
9744902709
9895983276
+919745259258
9746348179
9605768472
7907599236
6282848828
8301828276
8301027701
9447251012
7902281954
9857987703
9526932549
8891151578
9447897234
8590491381
8547278335
7025962313
9656232490
9656232490
7561041239
9526287787
9656232490
7561041239
9526287787
9947995120
8156941615
9400537633
9526559449
9605436045
8086799088
9496106096
9037587837
8281156113
7902831705
9947450283
9961036538
8590451103
8078413011
8714088465
9495667728
9961598967
7558881868
9188098430
8590197644
7561026181
9061496146
9846304780
8848580790
8590385140
9037831187
9567885563
7510976779
7306961139
8086034557
8157016898
72728282910101001
7902931637
6238159183
9744903742
9495045536
9495018438
9400617440
9778436327
8606712127
7012458194
9947011148
9745263512
9188564532
9074772849
9747200947
9744401123
7736540910
8129793972
9961043709
8714968919
7902662401
9846851464
9048075679
984788905
9744372710
8590379496
8075424542
9074361373
8301040543
9495429093
9946192316
8281614278
9961911241
8281315515
8281661288
9497598232
6282030800
9048359190
9846439093
9446419558
9744954642
9745222723
+919745015670
8078352944
9061248609
9447749605
9847200224
7591976121
7356703400
9539422526
7561099955
7510144460
8281417123
+917025087639
9558118482
8589836302
9946242621
8921559869
7736221979
8590197723
9495404263
9847724106
9777290307
9400593254
7025148573
8590318349
9048312474
8590559759
7736255276
9895323458
6238141369
8943696478
9633697992
9446009075
7736769353
9074484007
8590622242
9447595546
9810369614
9400827321
9633156955
8075943757
9645399547
8089366812

9447608237
9048121365
8111897128
918891051646
7736277029
7561839070
8547852557
7902791553
9447608237
9048121365
8111897128
9447608237
9048121365
8111897128
918891051646
7736277029
7561839070
8547852557
7902791553
9207524855
9946898035
8943428936
9895771101
96892572680
6282202700
8138818110
6282725589
6282922971
9946954989
9961472869
9895046312
8075943671
7306275861
7560995172
8921870116
8590538083
7204347729
7736597340
8592052005
9446341235
971582292599
9496862873
7012151864
9846070636
9947364580
9207009044
8078823617
00971564152467
8078726350
9656977073
9446177324
9562202004
73052 35401
9620902248
9495285002
9847727616
919746139792
9037418994
7034962164
7306595363
9633911656
9020994455
9818441302
7975273285
7736379349
9746717626
9447134176
8089433165
8754218735
9497873650
9037955468
9060857591
9447352943
8301913339
8921331311
9605014310
9446868440
8590581792
6282263762
8547693284
9544566633
8139857316
7510855194
9526191461
7012050186
00971569122209
7012114661
7736154343
7592054575
8921952800
8078340847
9048369667
9447035998
9497167692
8848416496
8547012612
9539220177
9895993856
8921988735
9539333388
9544152299
9447291449
8943938808
8589862838
9446605625
7306253847
7356996063
9496032762
9645691312
7994572151
8590978742
6282532203
8921952271
9567644111
9645015097
9400078304
9995611168
9730757629
9605987101
9446531742
8089326399
09447329765
9188451720
8078353119
8157965615
9745197829
9964753816
8078079684
8075934204
9846738131
9497685140
8590993574
9615222333
9496824282
9747711349
8129083199
7560883587
8301917349
96560477060
7561032005
9539494769
9745608438
8547000351
9188762290
9746198550
9188762290
9400655014
9526849013
96569306610
9516232180
8089654183
8089737196
9074703413
9495501315
9495205550
9744403406
09995149065
9846855355
9895078649
9496118686
7561017873
8714740689
6235463029
9539007475
0543288202
8848694882
9961231198
9446552705
9544447981
8590873762
7012690039
7994304344
9496702508
8590511453
8281854134
9562732788
9447133127
9605488113
9947580201
9656614940
9747291655
8921639017
918129474212
8921639017
919061570573
8156945189
8590346993
6238049083
8606816427
9846306661
9074457949
8113831412
8281575277
8301975044
9497362790
8547063133
9995540549
+91 90615 42159
9447646449
7012124852
9744497361
9496148102
80787606
9778335793
9495276784
7306414569
7306947722
9447329765
9446873437
9048623161
9995940816
00971527557550
8075379545
9846358988
8129745254
6282606092
9656828835
9895144498
9497688175
8590346993
9495851084
0097336699165
85907 50043
7902687402
00971552001099
9495677670
09995419343
9946123772
8547353265
8590991197
7012958200
8281108350
9446555865
9947604688
8848532039
00971505461734
+91 9446477103
9037600627
8590968115
8138082695
8589852233
8848532039
09447329765
9448817930
7736637593
6282129733
9447528212
9310024624
971589212005
09495882949
9447575152
-
8089438212
966509907650
918075903392
919946894206
9544810691
9496451115
7907135526
09447329765
7012592504
9446800913
8848679075
8848650158
00971505453188
8943916594
9946524164
8589092682
9605351525
8891178741
9037996372
8589852233
9895178418
8943692818
8943692818
9747497940
7012476346
09446179393
+91 9562827263
9048333196
00918129677184
9946065500
8921467076
966533637374
9037900586
8547867912
09497688127
8129692179
9497362790
9539651901
7902311820
97466868156
9446235283
9061954173
8129118777
8714250967
7025087639
6235935115
9847110815
8606825667
8086066481
7034136065
7736877205
8089966224
9562668979 Brother (Rusafid)
0096899270817
9447603547
6238110704
9447329765
9605601434
8714101348
+973 38861678
6282506566
07356325197
9342649580
9947609043
00971557207436
9656947498
9391679940
7994666092
9447884843
09744749676
7994958329
9497787433
9846169139
6282831879
9847422939
6238438662
9947662708
9656104224
99958 22324
7356519227
9995021636
9037125347
8714157359
09495576025
9496226439
918593811853
9446589269
8086782650
8547012612
09895998870
8590787733
9567620632
00965-97630205
9048782301
9739829720
9388085100
9037579420
9496587770
8593090306
7025656202
7561848936
971505680638
09846407720
9037197977
9037469626
9496790430
966566525501
8590212547
9400656110
7559871580
00971529736162
7012970402
8075609830
9447960010
966594392550
09447891527
8078249730
09947972940
9496356176
9447380812
8589068099
8589068099
8089318857
9400237015
9447701848
9159074412
8547934436
9446501700
09074579019
9746524060
9709352396
9846625958
9847963399
9846095070
9895076577
6282110891
9400173097
9040024064
9605819172
9744932659
8075861995
7559871580
9778495441
9188623213
9074299639
07736374585
9544318243
62357 18771
8281688736
919495559351
00971507592079
8281831679
9656927612
00919744514292
0096566933744
9207381604
7907186244
8547251714
971559942466
8075861995
9947426868
6282279941
9847014243
971569922901
9873751828

9447608237
9048121365
8111897128
918891051646
7736277029
9495669595

9495669595

9495669595

9947968367

9495434406

7034006000

7736975280

8606187935

8590447586

9895721271

6282840664

8921381566

9446792333

9447036253

9495885562

9544087983

9895449591

9061211511

9953643157

9946306776

7902889442

9074342120

6282875014

8086338881

9539412948

9061614440

9207417111

9995695064

9544101564

8075517835

9567677982

8848922350

6282817027

9495669595

6238760240

7012649322

9947532205

9497026325

9562241927

9567047447

6282340073

9495272121

9747128320

8304834058

8921315645

9400203087

9447388215

9946836333

9387919008

9562107726

9605271005

9745301414

9746871130

9947075285

9400054884

9746277277

9567086602

8459939020

9946603336

7306764009

7306881767

8129100468

7736249947

9037592960

9495669595

9846893000

9778786382

9633718511

9961929929

9495669595

9947968367

9495434406

7034006000

7736975280

8606187935

8590447586

9895721271

6282840664

8921381566

9446792333

9447036253

9495885562

9544087983

9895449591

9495669595

9947968367

9495434406

7034006000

7736975280

8606187935

8590447586

9895721271

6282840664

8921381566

9995695064

8547474555

8848477154

9447229997

9495669595

9497055299

9846031151

9526438705

9895927435

9947171565

8075603993

8136900713

6282038546

9562369110

9074933739

6235082737

9061961869

8590449443

9645112182

9745709454

8075113431

9745807604

8086017005

6235408832

7034827322

7994496128

8304890510

9645429896

8078030167

8547621665

9961455778

9746877264

8111897391

8281810663

9539510400

9495669595

9074542598

966502473290

9497876794

7909171054

9447009215

8606678899

7994155585

9400661163

6282526392

7034377607

8921053150

7736357170

9645006071

9539725444

9633823211

7736567382

9744137806

9778436852

9656071976

7592900735

8921885789

9847391134

8089094927

9496208079

7845840750

8590962963

9744152142

8943757372

8137953755

8111820998

9495669595

8921038735

9567629325

9061780991

9074427528

8281906414

6282477213

9514457681

8281577231

8606664486

9656933849

6238189657

6238381459

9747127966

9746266637

9447949434

9446311566

8921293094

7994420830

8943460250

9072139526

7306765243

8547418948

8547947807

9645886196

9497074018

9447788310

7558024265

8129958741

8848086505

7736882435

9495669595

8589833236

8590395506

6235303939

9847398084

9745047037

6282611909

7012082920

9497842203

9746861703

9847084569

8848957650

9539756010

9447924918

9526079507

9747125259

9778081987

9995781692

9633819322

9847414222

9074101665

9961989652

9846899043

9074026491

9497776103

8590445134

9895269397

9901509766

9400604450

9645500694

9895983543

9495669595

8606237238

9746042732

7994167334

9497749270

9746702364

8590888264

8590926672

9446534809

8943430577

9895937439

6282576588

9496942868

9605824349

9495901730

9895723671

8113001800

9744205828

9895016234

8921573834

9895475446

7598133755

8129699652

8606577778

9037419850

8129971071

9074908331

9778361586

9495973872

8075820160

9946819724

9495669595

9746719470

9946165696

8547956130

9891324070

9847672376

9895521205

9895158472

9446830118

9447552236

9605980507

9744963877

8547030919

9495904071

9447051292

9946220011

7594030156

9074320004

9061385474

8129426141

7592990633

7510575387

9995988954

9778262258

9645322201

7559909752

9061318206

9744529258

9562046423

7736282377

9744462178

9495669595

9447248418

9447841535

9447795808

9605725141

8075460831

9497728224

7994622820

9995122757

7012590716

7736687685

7907027467

9961197205

7736179383

8921308036

8281079821

9188497388

9188847571

6282983476

9496454523

8075838020

8129323288

6282585366

6235266870

9188495516

9400742484

9995679434

9037252266

7736910425

9840157990

6235176625

9495669595

6238626942

9447348039

9656153018

7025540040

7012445387

8281058553

8590183032

9656066690

9495867158

9061830487

9633586112

7025392613

9744601974

8590845213

7560984230

9946417258

9072650835

8590798079

8301017432

7012959716

6282354985

7356883432

8943750511

8714268641

9495056474

9605612478

7736544424

6282292744

9847259253

9447815417

9495669595

7994888845

8547486114

9446219013

9961246932

7012255865

9645811947

8547122113

9961155012

8010479636

9645090580

9446352275

7907855476

7558864498

9986112048

9048990915

7306345091

9447414868

8078359037

7907285439

9447466360

9656199091

9567331250

7025633760

9496747965

7736380290

8547985194

7012423075

9400512136

9895259420

9605020288

9495669595

96896025345

523634856

7736097021

9746212795

9037389709

9495685260

9400375378

8078469142

8089513834

7025264378

9495763173

6235740386

9400828852

9846862164

9744625506

9188023576

7594022927

7012306040

7012719730

7025157845

9496547256

9539701538

9447451773

9745260434

9072050345

7356925634

9447377146

9995909859

6282693689

8590715574

9495669595

9567395846

9567019118

8921663449

9778062997

9447801009

8714362252

9400668894

9074305170

9447713902

8943456622

8590907296

9744413749

9446096903

9778443653

9446597393

9778013805

9944317022

8086884071

8078443389

6238553353

8078391627

8547914560

9947721853

9446885359

8113024842

9526487479

9446510459

8075123366

9061822530

9995685059

9495669595

8714343981

9847278538

9526616782

9495982317

8113874124

8113834479

7306738273

9061146965

9747570979

7736275977

9846773574

9447467320

7736223105

9746814791

9074255725

9995229833

9656438960

9895242442

9447286170

9847387856

9946642715

9495448782

7012752364

9656828908

9544847095

9567520234

7994124119

7012783505

9656224533

9072219980

9495669595

9446346673

9447293042

8921081873

9562906360

9446119845

9446434170

9495204386

7025730266

9447151551

9311825718

9207873114

7306635893

8590627725

7902390208

8891314486

7034577931

9446058789

9846712366

8714792718

7907703831

9188260423

9496379933

6235396671

9061997886

8281417661

8129582097

9747352222

8157869172

9539277779

6282543447

9495669595

6282835595

9846578461

9447836944

9961524702

9495622774

9605977275

9860040728

7736868822

9810632614

9446472610

8547557937

7510645404

9446225460

9442525627

9526033456

8281027490

7306364098

8606153206

8075118132

9495646924

8129029732

8281092222

9526251217

9645656333

9495124039

9497851870

9400617913

8593979779

7559962699

8547142619

9495669595

9447219799

9744690899

9633414595

9074478718

9074602151

6282562975

7012330131

9567493703

9447354336

9496545989

9400511306

9656438688

8547380127

9946661471

7511102043

8921863396

9745554224

8590921758

9496468584

6238702653

9037965019

7907928668

9995226073

9497529661

9495464599

6282285891

9656068900

9633643069

9744972696

9846257610

9495669595

9847407514

9933217334

8589853366

9383419051

97433230881

7907198722

9747706903

9947403645

6282702390

7559030644

7736271870

9605359033

9061754652

9947043081

9495372607

9746852246

9446449300

9495988438

8590205618

8113051668

9895997730

8590726772

9778308663

9946035416

97455967892

9446779948

8590208534

9446394674

9446968280

8281895170

9495669595

6282717020

8590460899

9868000888

7907373561

7025080052

9562631544

7592009376

9037450344

7736713009

9744403406

8301065288

9961289962

9495454847

9061277039

9744688788

9961135781

8086546164

9495880839

9446191122

9447776132

9447116640

9446111774

8592813355

9995931174

9048283310

9495706738

8590633458

9744517772

7217892227

8137807243

9495669595

8330869241

7012534045

9846641515

8921565452

6282779323

7902575360

7012293026

9645006085

9745751040

9349113862

9656115742

9656300099

7356455506

9446123683

7034315774

8891835445

6235702498

8943984228

9778252294

9567957890

9074733797

9037432911

9539914441

9995820686

9895455112

9446068732

9061786448

9446784163

9744450418

9446690784

9495669595

9447636800

919562611600

9947138008

7306903414

9605087065

8138856629

8921526724

8089618563

8848361245

9526142432

8281081024

9744322446

8590957395

9915703023

9605200407

9744446019

9048203508

9495367391

7306333828

9495565516

9961778404

9656962817

6282081322

9847668299

7736101581

7306634360

9562639164

9387528762

9497678276

9037868941

9495669595

9526364825

9847577888

9496946293

8589877808

7994814404

7558969039

6238686318

8848475841

9745581137

7012194095

9188702868

9746519999

9746341741

9895701209

9446425541

9207670602

8891266400

9446246073

8943332131

8891657107

8593962052

9496946943

8547019618

8113005724

9946747665

9443526349

7042219609

9744116525

9567560047

8894178319

9495669595

9656121159

9895658636

9074312016

8157838634

7593034050

9446012512

6282313479

9446321777

9495080973

9962810993

9496431237

9388202756

9074207070

9745237970

9747222515

9495177474

9188448242

9447540603

7034359797

7306436568

8073203943

9562841966

9447300955

9496634974

9745035101

9048145173

9633425690

6238617532

9778190941

8943325483

9495669595

9656609595

9562695170

6282875740

9497161059

8330885685

9746260750

8848450357

9072688288

9539120188

7012135101

8281003522

9841633887

9400494211

9447432595

9567129987

9497237176

9172933309

9747439860

9447669488

9496306909

9383443318

7907860107

7909136460

7736360855

9656118209

9446638841

7034474398

8301961573

8848112948

8943903017

9495669595

6238798062

7593090384

9645394498

8714727852

9995261560

6238587016

9446513259

9048672333

9747486480

9142011220

9778164758

9447407392

9495228607

8086716089

8129609601

9497807269

8547668512

7558057732

9495596637

9645419972

9446374929

9496205544

8156983839

8592833768

9847564244

8589019117

9400238156

8547471452

9961621800

9656731566

9495669595

8078268635

7736280795

9778753831

7012753264

60112378925

9605395242

8590441771

9847114797

8304894943

9447286682

8848166128

8138802580

9947166797

8921360649

8547800035

9496694700

7012646728

8220018488

9037475283

8547285930

8301925792

9188505512

9567970575

9526324206

7306614959

8301054037

8594087171

8281493920

9895834303

9048523410

9495669595

8078354578

9895041573

9495090658

9746137477

7306878832

9061758615

9447907035

9846642255

8129935421

8714575989

9495093660

7591950994

7306593281

8547961237

9961992028

9497410164

9048400758

9847800402

8089740719

7306769083

6238668458

9778516885

8547117430

9446121900

9747587771

9446645093

8921412647

9539419191

8590510863

7736713799

9495669595

9447796566

6235355402

9539353188

8891023324

8593812290

9446681313

7025510300

9048267005

9497753716

9895584320

9074025123

8891339577

9496547064

8089317655

9447853914

7907973408

9562231168

9447250424

9448590353

9020816393

7025975405

8714812142

9188790320

8075356920

9847542258

9496156584

8547703498

7306875636

9645154369

7306909052

9495669595

8089528747

9847786804

9895169660

9447793940

8129731781

8281653034

6235708005

9656538685

9656320056

9048941581

7034983329

9895089151

8848185411

9895082627

8590962331

7306686083

8590112550

9207120596

9496424784

8589957235

9778799105

9645513524

9526711106

9447671984

9447307970

9497731124

8921805393

9496374565

8086443699

8590315438

9495669595

8848574031

9447788786

8075780186

9400749290

9072069145

6282706215

9446004406

9495529614

9496301704

9496814949

8848982052

9544292243

9847071727

9846666777

8590871964

9447895725

9745464661

7356900223

9495636861

8943400483

7994415965

9847350749

9495359278

8089859299

9446597393

9778549781

9961854386

9495968128

9645437550

8138055720

9495669595

8593839621

6238550144

9961608379

8078292268

6282712018

8281008650

9539890457

9447521181

8921369640

9037484202

9447353753

9562423385

8590218442

9496459088

9961533712

6282078260

8138965489

9746023331

8139833229

9495714502

9495021240

8590326129

9446746700

8547975850

9895656772

8606259703

6238569346

8075531163

9947440137

9349747776

9495669595

9446276635

9645118490

9567046060

9400532480

7012106364

8281740325

9747296536

9744457668

9418072950

9446519822

9846284304

8547944989

7994287556

9497380806

9676057371

6238977831

9648978879

8590706871

9447599782

7306968374

8606819011

9074180133

9400288518

7994209323

9440504172

8921752568

9249498721

9188501853

8075403149

9074219690

9495669595

8891631943

8075379351

9446426654

9751381677

7736544893

8281541832

9656830065

9633858096

9567052309

6238494916

8921754293

9400550123

8590935091

9061479284

9495409490

9061419273

9447075836

9747514412

8289941830

8547195301

9048262082

9746728869

8281895999

8281573510

9497625595

9495254007

9388237388

9567883560

9496092159

9400880374

9495669595

9729783110

8129501660

7025006788

9495736920

8848113023

9497461452

8606641988

9061863062

9743372022

8547912088

9544540071

9446246865

8590792867

9895102986

9995940334

6282521558

8089302590

9495478881

8089249248

9995398860

8136855479

9633178756

9447833117

9320210088

8590325273

7592056336

8075664527

9061655051

8078108515

8943350868

9495669595

9645754070

9846344277

9037321282

9745937748

9901633256

7306392692

9447335996

9446438875

9496267879

9946389328

8281511321

9995765118

8330092132

9846225683

9446328509

8281291769

9668130904

9846087200

9747236595

7012533299

9496577333

9567469899

9243033055

9847783700

9995019629

9847266591

9447546698

9980141262

9895285599

8281912148

9495669595

9447751555

6235701868

9847492830

9447474646

8137983933

9846158111

9840225702

9400917467

8289816850

9400327783

6238320383

9061563323

7907095679

6282864759

8113024842

9526201115

8714224467

8547029027

9995604846

7012274451

9142303156

9446454754

8714443387

8078405662

8075039143

8304959545

9446083317

9605564074

9446551961

9847540233

9495669595

9778037496

8590703391

7907876718

9847030513

8547333551

9846014774

6282890316

9497682629

8606224711

9995120068

9633973881

9656743349

6238058163

9447191346

7012701513

8590732673

9846728434

9497801275

9495575788

6282768749

8289973902

7034625930

7591946309

9847065252

9495462494

8111981053

8078080318

9895015524

9447144393

9778367328

9495669595

9961995540

8281401610

9895433239

9072251453

9846650611

9645097480

7510823364

9061918384

8547306661

7736228611

8547194538

9447870354

9447501983

8547224682

9539582704

8590754912

9447387013

9744297032

8590516141

9496158404

9846223842

8129108894

7356822453

8281354624

9387471650

9061998841

9895324227

9744518705

9497461221

7510485864

9495669595

8921132458

8157068941

9497655798

7902350325

6238148982

8281728307

9495972383

8943156819

9400691145

8078057750

7907712805

9400088613

9495575035

9207856989

9074345108

9605050359

8136995921

9446331167

9961464042

7306980226

9447152685

8075525301

9846044740

8943225300

7902416468

9846061585

8547237002

8129890722

8891611619

9447517670

9495669595

9447031311

6238013783

9037915628

8714756645

8547056116

7306960014

9447644937

9847000169

9895780387

9446776841

9447674659

9072576713

9497789214

9995687521

7736268792

8111918155

9048763387

7594947430

9495896923

9496245209

9446476994

9539548164

8330808156

9995051282

9497933842

9497649184

9400211414

9995769459

8281914956

9446531508

9495669595

9567099226

9746032760

9656419218

7736582557

8281094660

7994933058

8304065047

9037901383

9447048999

8590384897

9496826480

9048678632

7510356831

9447962933

8943956691

9744562758

6282596611

7510152559

9496892087

9207436909

9567634272

9539239341

9447215215

9446585303

9745079556

8848646362

9447300955

9446154207

9619974491

9447113112

9495669595

9310481164

8157086993

97336067025

9778249493

8089923600

8590991273

7042547264

9995255006

8129502206

9388021974

9562988657

7560917365

9539259122

9074588393

9495731667

8921119094

9447429062

9447460448

8982014418

8594079543

7907853388

8848294883

9447168903

9744779512

9495010751

8590442858

9447336715

9446970524

7559924389

8590729870

9495669595

9995037907

6282536083

8281325604

9447418325

8301901654

8606534822

8714247765

9496317911

7736203639

6282743834

9495386768

9048421159

9496183870

9562546853

7034817321

8075898582

8848792496

9048266937

8089129009

8848675954

9447879116

8606052424

9037870876

9946813323

9446381504

9207048691

9995413355

9895010456

7012428416

9544030055

9495669595

8078589064

7736248574

9446414018

7994609121

9496530418

8075010107

8075697061

7736492188

8547864739

9048519094

9656013827

8129101826

7592076876

9778471306

9825497112

8078167565

7356881918

9447808317

97339894404

6238989368

9447948781

9447398800

8848494251

9497013873

9747772473

9745802137

9349088490

9074966721

9495446169

8943073586

9495669595

9605246875

9447085716

8129710291

9495829974

9446522088

8592095270

9544003276

9497866959

7065665566

9446314688

9446444360

8606265591

8089576463

9447529652

8003476011

96565761934

8943024966

7994449688

8943830480

9645811445

8089579294

8075133569

9745034279

9562454983

8136938937

8281838417

7907980558

9605441691

9946962772

9746390469

9495669595

8330049622

9446284583

9497639002

9656035701

8078404525

9746220275

6282630991

9497435214

6235033174

9946543457

9847033665

9847816342

8138921115

9633276008

9539787767

8590410057

8590856660

8547507465

7034632709

8086984975

6238190007

9544058692

9082401264

9846351181

9847063942

8078723229

9946483399

7356509902

9447733172

8089141976

9495669595

9400487644

8138870058

9645082612

9778392174

9947273000

6235449088

8139868466

9633456722

9539510595

9995498533

9074522594

8943405468

7736505483

8848855195

6235005850

8281307415

9886811366

8606832321

9495476700

97336426426

8848600768

8848183745

8921368225

7510707623

9400593525

9895592744

9400661434

9349598805

8129081253

9895652362

9495669595

9207975504

9645812275

9061247994

9724416104

9400252770

9447689126

6282547406

8606673098

9497677090

9496785556

9447557499

9947160985

6282753755

9847420400

9188692425

8281665552

9947473054

9400792737

9447646810

9895374007

9995323862

9495763348

8086062055

9961129500

9037400610

9778381648

9846839575

8606909005

7511101350

9037371941

9495669595

97455920357

9633963523

9747489028

7306279877

7306362959

9497780893

9388021974

9074057041

8547029953

9495041859

7510659543

8589051355

9446358852

9446349852

9846239898

9496410647

8547412705

9037248673

8848921852

8281544410

8129638698

8921326955

8943715963

8606497534

9747514114

9745608777

9495327595

9037464378

9745300448

9446412411

9495669595

9497660406

9400707700

9447004808

7736982099

9447472157

8129180189

6238127004

9846118185

9846870513

7994781535

6282157287

9495188347

7042231342

9048593560

8078546765

8891339908

8281203027

8129325611

9778346345

8089696746

8590291368

8197465075

6282315692

9188474979

8848259156

9207146882

9747838867

9809520009

9447354141

9946460722

9495669595

97339206570

8137045028

6363926256

9895195069

9744822142

9562316791

9633180165

8086723594

7593985701

9447812013

9846113503

9745054549

7034867704

9447793233

9497828461

9645092668

96565559291

8590370063

9744323919

9048298309

9846783101

9048632003

9995284466

9447465968

9846254085

8590541099

8547128546

9447701231

9387527510

9074977589

9495669595

6238046605

7025576170

9496295426

7306845975

7909187345

8281037323

9744851127

8075542157

9099973927

9847190727

96599162325

8590274668

8943912340

9074312900

9539478128

7736605959

9037996225

8086222845

9446712094

9387505300

8281358973

9072244719

9847820182

8086866906

9037286063

8921197567

9207780265

9400846599

8547373710

8137979468

9495669595

6282426930

9847042608

7510709139

6238861107

7907752610

9073250990

9447737116

7034821507

6282141683

9037407935

7506511661

6238982774

7356057241

8281311677

9895221451

6238854525

8943209799

8606241042

9495318697

8111829815

9446454278

7994323684

9037949800

8590927032

971509967469

9947534947

8129374824

9309896576

8606588664

8714151862

9495669595

9446117369

7510989657

9995888575

8129750227

8714858280

8848466762

8919833254

9188017414

9847645273

9847257281

7034028000

8592008672

9072612760

9526430016

7025524322

9745886365

8089906175

9567800133

8281537613

9847301305

7559808346

9496413168

9633530127

9074630765

9778202471

9778330986

8078897098

8086457802

8281594053

8921837387

9495669595

9539327508

9832208985

7306658879

9526495194

9447876528

9400565617

8289899411

919656586851

7593978839

8921052421

9633942198

7736595564

9072769463

9495861212

9745985102

8594073351

8547506825

8590809395

8667828668

9349326287

9313244307

9656114234

7306261013

9072879326

8592944453

9947800294

8547003806

9495043062

9496288987

7994144136

9495669595

8848196334

7034884152

6282342680

9446700646

7025847220

9495452585

9497688764

8590522637

9605054684

6282109256

7306899706

9495110017

8086692678

9446581109

9496168196

9061909105

6282362952

8156943460

6282863133

6235700230

7902483961

7012390953

9645813750

6238494290

9400775810

6235546719

9539729737

7592954727

9447593349

8848783637

9495669595

9778512931

7034620970

9567088744

9895228383

9495614076

8547197649

8590415235

8075373512

9048088248

8590459895

7736965154

8139821971

9495810458

8136962395

9446920138

8113014773

9388485378

7561078305

9496241062

9947030461

7561830977

9995987544

9497750594

7902959020

9961089752

9567761292

9072556557

9072969013

7012686085

9633241998

9495669595

9495441409

7593802142

7510900476

9495335707

9847544175

9656229340

8078016714

8921573060

7594998812

9074056146

7025448104

9496101103

7593829009

9746836819

8590617077

7356664455

8921700537

7012557008

9037567825

9947253732

9884044792

9562422699

9845075155

8921089085

9497128746

9747233893

9400670227

9633472016

8139047771

9188803898

9495669595

8606411912

9664736869

7561022737

9791913302

9350171580

7025822096

8304054573

9947977598

9497878453

9496414253

971551046405

8589859855

8921024612

9843877700

9746475804

9072779240

6282933361

9207569257

9447050412

9995513461

9446834455

8943732065

9048670287

9497643580

9447881025

8129018891

9072136349

6235224874

9447068800

9447712217

9495669595

9946111795

7306561758

9886727122

9656299590

8281003491

9074775962

9074362611

9567503556

9745172909

7559972904

9447469915

8301048791

9074548041

9946517288

9497788717

9074066218

8943700451

8139043844

7736594010

9995396351

8078440417

9846650552

9400305039

9539810692

8304858768

8848802775

8129993435

8281393837

7025705688

6238443542

9495669595

8848907506

9745219498

9820566259

9400250636

7558861274

8590964469

9995704369

9496437816

9497789291

9946105133

7994034740

9895015683

6235328668

8089246790

9605581914

9745450374

7994918132

9745145642

9388631863

9447028322

971507208993

9895868296

9747221000

9633080563

9645298822

7736909565

7594009394

8848700241

9995008462

8075168393

9495669595

9895318464

8281209075

9495691325

8075631438

8502847844

9074697036

9846982555

9744364764

9515416636

9847545028

8086519303

9744070447

6282115035

7306654522

7907002205

9447540712

8078786741

9447370095

9497433209

9946770391

8714327799

9995019888

8075320288

9895119518

7909291904

9037006658

8547025077

9446258469

9037051882

9895702424

9495669595

9496165614

6381343295

9497175907

9645019890

9778722707

8547429300

9447204278

9061192496

9447220940

9544424177

7012670402

9446473173

7012278703

8281220056

9746972753

9961855137

9037424737

9544076866

9496432563

9037606139

9207741881

6282148742

8139091978

8943204146

9048228642

9400740116

9526034673

8289847271

9495717175

9447266909

9495669595

8943845701

8590904855

9447386514

8547094926

7306934796

9074446521

9495757974

9037492039

9037187841

7025557308

9969580019

9496425295

7510707396

8848413238

9495926710

8848352217

8921285756

8281362185

9188835388

8156847724

8921400940

9746746789

9497535686

9496443564

7034981465

8943093770

9847300022

6235685454

8281264500

9747572784

9495669595

8547139188

7510151198

9446463509

8714147824

9400075828

7356441181

9645764161

8714521106

9946129135

8848981418

7994073284

9496228998

9526670811

9846294933

9496773963

6238535792

8281156911

8606324508

8606316780

7736500844

9656100403

9946203523

8281461668

7012436734

8075119165

7012224228

8590339539

9447058755

9487019381

9995910730

9495669595

9188833743

9446428651

9605428858

8590972681

8943051835

8590368688

9656506028

9446877157

8129611033

9446478585

9383472918

7403470181

8075508335

9447501746

9447402351

7736670395

8075615301

9947604974

9142000830

6238271285

6238809850

9496473271

7012713575

9074514331

9567462239

9497449699

9495315728

8547011633

9747941888

9496047342

9495669595

8590640861

9947090548

9946448252

9544855522

9496111748

9061527177

9544091379

9061598672

9495387390

9656466367

9495529378

8078988171

9745505733

9061923624

9400797629

8594096671

9446002104

9947090554

9061939425

9447830251

9895107690

7510589210

8078146662

9744554401

9495226749

9496867472

9446943624

6282599303

9447154797

9562526182

9495669595

7012276559

6238147335

9447666392

9895544415

7736298314

8089886007

9847407514

9048539943

8111970822

8590408134

8075928310

9847855928

6238683395

9400075828

8606683882

9645441869

9447963511

9495612335

8943479665

8157943750

8281018200

8593977987

9249423755

6282539286

7593912203

9496878088

7736999039

9495530213

9656050728

9746458074

9495669595

9446638926

9539572715

9847449051

9663340541

9496698390

9188584889

9446810907

8590778911

7736570944

9495483360

9188578621

9497623557

8139803133

9497202339

8113882665

9895057659

9388938850

9495339981

9446124087

96599857228

9446333371

8089989229

9400833929

97450521529

9037147357

9846523552

9495496242

9495320153

9446743026

8075200421

9495669595

8075977906

9656730116

9495853979

9745770309

9745022241

9745872010

6235724919

9072019670

7902519342

9400258363

9526928521

9747614249

9645814964

6238187674

9349802424

9400120844

7559059359

7510629767

9061365642

7994518459

9778206592

9847419100

9947000702

9526823462

8590069435

8848883604

9539874302

9400965969

8108839032

9747459464

9495669595

8606421251

9847102274

7736919569

502782416

9496255288

9633306953

9446009075

9895342740

9400346435

9497639190

9447659937

9497781740

8759791285

9544585800

9349262323

9656952782

9497177360

9447388474

8606166111

8590167790

8075455963

9353578293

9020689321

9961460825

9967425757

9526976445

8848500770

9895799150

9400800759

9417725301

9495669595

8281175010

8075363387

9846737337

9995828989

9446692168

97455493159

9447626199

7306887048

9746993777

8281490409

9446145045

6238807521

7558058805

9388845041

8714935597

966505675986

9645561727

7902255439

7012692542

9895653075

8848972819

8547236260

8129940226

8374183100

9567138280

7593011406

7034398586

9745295381

9495867508

6282695023

9495669595

9622781118

96895218702

9495373864

7909207139

9846937787

8113854809

9605323611

8848384709

9447812461

9895294557

7902837292

9495149513

9947430765

7306342209

9947713976

8075624690

9447909803

9447162203

8848271850

9048208279

9895513304

6238610145

8891016015

9495139722

9446037222

9249733371

9495041010

9567696295

8086964133

9496857988

9495669595

9400707968

9847134349

8078546961

9400055556

6238117823

9447402103

8078930718

9447598136

8891268822

9061306085

9048867156

9539380703

8590300450

9746007779

9349227978

8304804871

8075049913

9048679969

9072393613

9495411519

9961050005

7012218535

8289880036

8330881488

9446783674

7902233191

97455840863

8848620661

97336564093

9567241607

9495669595

8075840274

9846950740

7907752512

6238477675

9447698919

9446041235

7736263993

9074470827

9074061051

6238618131

9567870044

9847389638

9526491384

9778150632

8078166452

7902955165

9446589413

9633172724

9846390204

9447415315

8304046210

8590763958

8547347568

9744974069

6282118824

9961736593

9446011336

9947646252

9061650565

9645849835

9495669595

8078017296

9961752355

9446683971

9447239760

9048784667

9544533936

9846600292

9562753373

9446256506

6238198883

9387092376

9961790450

7902977077

6238419818

9747205029

9847239034

9544511591

9188372187

9496327688

7736126511

8714375953

9747161278

6282891565

9072251034

8848720528

6235701850

9037411669

9539964489

9961042216

8590498532

9495669595

9400443323

9747407231

9947653055

8289886210

7994100143

9446859300

9447283897

8139896412

9037559234

8078823837

9400538143

9746268456

9037104688

9048433361

9447217118

8590343755

8078964817

7306288590

9895432860

9388522232

9746898698

9497441152

8592892100

7012677070

9496234282

9846301292

7034424688

9037548085

8075776064

9037051170

9495669595

6238584947

8714119465

9207586893

9895521411

9447496389

9496162611

9847600321

7909235843

9447095407

9526646122

9778473535

9446705166

9496774955

8075649924

9074571503

8590579509

8921299530

9947478179

9446945740

8089042848

8281353651

9539480631

9446793318

8078809083

7736029223

9778297346

9447723323

9633847236

8971389898

9495788535

9495669595

9744510895

8943438925

9645100497

8943058517

9526091674

8129379975

8086680644

8547141246

9946663180

7025025879

9496857765

9497278741

9495434115

8289974331

9495789552

8078441612

9446533801

8089851880

8848528753

9447280570

8157092082

9447340428

9961307999

8086337484

6238242963

9645010490

8547521784

8606767150

7306679238

7558845290

9495669595

8289891662

9061987893

9400700185

9447357875

8078997795

8714942083

9544341102

6282977344

8281618258

9778101164

9495497828

9961221225

9961328562

9446350005

9400317266

9061286039

9074728542

97333449456

9961184418

9037222961

9961961613

7907526559

8547248133

9497230507

7025662858

9061007804

6238914971

8547318791

9778200378

9074139818

9495669595

9447993785

9778702280

8129734542

8089720246

9388139771

9447367093

9400638230

9995807092

9074592928

7736606853

9061582363

9207109602

7827454942

8921233472

9895966934

9526897880

9496020098

7907610945

9495030806

8304981017

9846079061

9995671536

9633050711

9400489180

7736789737

9745281376

7306401058

9566566797

8590874609

6238592434

9495669595

9446552545

9490162761

8921408611

6238800714

9995540429

8806996785

9400947259

97335962456

8857918110

9744955911

8129774784

9995766077

6238012607

9349204222

8086813020

9447682948

9495291079

7736991252

7907194307

9447847177

8136833390

7730076802

8848084725

9447026490

9495974438

9400283120

7306951479

9744154529

9746279949

9746279949

9495669595

8330079601

9497315806

8156981867

9495423581

9400369883

7025330269

9495930239

6282734660

9480693525

9495480045

9972866656

7907144717

9447711112

8590358470

9400043641

7012635993

9747589572

9605416005

9446179104

9744416816

6291105800

8547576740

9778246750

9387222044

9496730415

9188776664

9611131915

9947046695

9447474761

8078534579

9495669595

8593823259

8113840878

9847016700

9847113713

9793119976

7034173272

8848267395

9074486521

9496443660

9447255909

8078346831

9400158845

9495091359

9846778222

8590321920

9645304445

9400521195

9447480778

9633212953

9947506980

9446193872

7994636273

9895852533

7559903387

9645043233

9400082558

9447020204

8078878279

8547210136

9207858825

9495669595

7034947804

8078907315

8075600191

7902530324

9747713976

6282588543

9846006186

6238381242

9446573477

9061381824

8848388271

7042522088

8281921667

9461127565

9846827712

9645448115

8714783043

9496736205

8590132558

7561028248

8438123515

7994625283

9995878432

9188095286

9074747834

8139865068

9446851422

8281983580

9526325296

6235015726

9495669595

7012088312

9895066369

9961573780

9745205052

8078580227

9645107986

9495712985

8078349184

97333427017

9744107290

8590336021

7902696298

9447617673

9446505396

9496942931

9895010550

9061043024

6238434902

9846494238

7558905279

8281469701

9961982673

8075510475

9496275699

9778330234

9495524315

9961789548

9747570979

9946446342

9447399799

9495669595

6282923573

9447818627

9446285260

9846090321

9745017688

9037036176

9446075418

9446680080

9447891502

9946961836

9207574712

9495760232

9961040896

9745585388

9846746882

9400411099

9495690315

9961932848

9447753557

9446863569

9495993248

7025911382

9000441149

9400889478

9008487700

8921502845

8078176654

9447669169

9562088868

8123799362

9495669595

9744177922

9446794210

9447665274

8590908727

8281348343

6282729275

9544983389

9567947855

9847444216

9447243479

9447730190

9744630990

8078569351

8848892985

8848736987

9847604162

8606577948

7510678457

7356523592

9249736669

9656124682

8113006488

9747815788

9526950775

9567740297

9746927231

9446964750

9745207434

9447119896

9037634144

9495669595

9847638999

9847002000

7025688880

9745016045

9037386623

9447352885

9847601742

9074919318

7994908481

8086904799

8606796151

8590328891

9495988767

9947421101

8075605441

9846431351

9447589223

7356299201

8547212353

7907427535

8891578719

8075742550

9497864420

9495715846

8078844762

9633251797

8547811258

8075613573

9745594411

9526455730

9495669595

8590333953

9567377375

9995030513

9544732269

9188576584

9847471083

9645960355

9447888720

9562054080

9495897870

8281987764

9447297529

9895378400

7356921722

7561820675

9567122544

9995749164

9847253098

9947237063

8590828639

9037157151

9995221223

9037004269

8075200070

8891192242

9446461023

9048272689

9074039975

9188242809

9778138311

9495669595

9895377519

8943279400

9745675474

9846542943

8086897443

8075221035

6282826772

7902772340

9847357339

8156853695

8921962768

7558827319

7025928140

7559054327

9074182391

7902573676

7025543414

7907833992

9995200748

9446514579

8075164281

9656193720

9447103721

8089947435

9846144001

9745277324

6238935732

8590784775

8129413770

7907234399

9495669595

6238524075

9037107684

9747249808

9745510678

8547288230

7907724976

9447423128

9562589138

9895210991

9497012158

8943431798

9846478237

9496001125

7907600021

8590907718

9895761781

9846741669

9846580959

9447972288

9446690999

7736559524

7594021198

8089598331

8129944083

9188221357

7034564448

8157948505

9946346294

9961748483

9544195985

9495669595

7902299601

7907174470

7907986287

9562064575

9995844044

7736900989

9656000848

9061603299

8138874109

8089336361

9846608463

9633679751

9656716236

9526694969

9847370235

9895079585

9544540564

9809800424

7736261713

9895097195

6238742440

7560861693

8590776715

7902762202

8139072204

9645467054

6238564135

9745108275

6282979467

9207123227

9495669595

9104552731

9633661218

7907761843

97455243078

9048861200

9747914741

7510996478

9074612218

7560909949

9995876559

8943791315

8113037703

6238206892

8157970882

9961575942

9447525464

9544381705

8943309174

8089793291

9447380997

9969732264

7306389029

7259803824

9074711510

8590741556

9895268390

9847949911

9995279917

9446260432

9447323870

9495669595

8891236906

9447355870

9778320272

8590497482

8137950580

6282660089

9605651556

9447172668

8714356605

9400713312

9496726589

9645698735

9605181003

9037340463

7994196255

9746555182

9495560816

8848525261

9895354318

9495194591

9388840009

9497182886

9809640100

9778174937

7907296583

9072382373

9871256952

8137983545

6282544512

9895802797

9495669595

9656491949

9745180943

9633050058

8113043334

9847598989

7012390162

7902987125

96567685740

9495826132

9526082057

8281400925

8590496980

9447161523

9446583027

9745168973

9447373222

9496157339

9745075194

7306107954

9037099272

9446655775

9747354527

9895858398

9474243011

9446441851

8891737456

9871504409

6238982349

7561877851

544202656

9495669595

9745679555

9557997414

9400449924

8547000020

6304578095

6238416846

8547130416

8137013112

9562673450

9778415972

9495397163

9072767620

9074470875

9495972247

7892796798

9447569105

9497370125

9447853036

9778706993

9744495739

9446564010

8078373847

9847455383

6282996883

7012393663

9446977813

9747049803

9567289399

8075656030

9846751619

9495669595

9946448620

8089622841

9446405612

8138830057

9946035216

8590082178

8129031671

9495176965

9400722621

7736641210

9495713962

8075731894

8943343441

8606792166

9349470980

8139087051

7356942562

9544629211

9447708603

9656924905

8592811879

9778351392

9447212943

9895440041

9996272600

9496587256

7907524125

8590765587

9188835621

9037519384

9495669595

8590559410

8590410253

8714842590

8078120013

9446341170

9846615777

9288069500

9746311099

9446976726

8547408830

9497021544

8848909032

9747806626

8075641964

8129916052

9400730514

8129666199

7994618822

9207003218

966557872145

9995801513

9663033118

8075767377

7736682226

9567761465

7306179513

9447089466

8590815493

9633504181

9003087722

9495669595

9495905749

8848638606

9745087380

9447493339

9633488489

9539719719

9496642736

9946381427

8547122151

7012969198

7012522301

7907189294

8075291127

8590567636

8289884790

8891652930

9947263649

8714115867

9847412254

9447427236

7736319456

8075388738

9037240648

6238459298

8129423215

8347937393

6282766902

8547900420

9400566362

9447830129

9495669595

9947623757

9947925386

8848233785

8848965723

9188583760

7356502649

7560851620

7559075300

9447072489

8089642308

8891406885

9037146092

7736701414

6282617510

9747210502

7736665846

9745545327

8138994325

9207681104

9447384217

9497757059

8301072801

9567417418

9946444680

9961692911

8590425390

6238491069

9048004039

7306053493

8590898970

9495669595

9744652763

9747546095

6282348973

9567470822

9633160890

7593950385

9443081636

9778256051

8848687209

9961443246

8848688819

9446025098

9061055290

7356073218

9447136903

9400543791

7306330069

9496890926

9961600547

9495056363

8129696504

9446389041

6282294072

8921306691

9769143253

9846946271

9447539908

9400705371

8714990844

9061423526

9495669595

8111935218

9744148333

9961072397

9400059579

9447328229

9446082549

9495015931

9961043499

9489625948

8891609425

9447495778

9778351491

9400299053

8156802805

9072819896

8714319693

9447124847

8590651503

9847955550

9495067230

9562501209

9544766883

9497643344

9947721125

9947728509

9447022855

9847716177

9387178170

8129120400

9447226820

9495669595

7561817573

8848619041

9072886886

8891169522

9947865520

9847054363

9074136303

9947200692

9496118037

9605930038

9946629072

9497653273

9847357259

8606733102

8281670974

8987614468

8848380073

6238690307

9487813038

9048593443

9747003332

9747397305

7736764570

8921933140

8921109029

8304845295

9388467893

9497447684

8589887578

9447925384

9495669595

9847842282

9400272535

8590062692

8075759787

6282337148

8606611513

8606805975

9400613758

9633483141

8714517318

8848267064

7550172920

8075044604

9446522515

8714260146

9746174325

9387225607

9633494447

9562481587

9447210360

9995181664

9496970848

9539420000

9744478251

8281748499

7025347680

7736094784

9847645970

9488369783

9497484774

9495669595

7356406555

9037690890

8089108392

9544104556

7306420852

9778705441

8086262017

9496393649

9207807451

9497289137

9947016661

9349395049

9995367729

9778398716

9061110449

8547364553

7907336390

8547312752

9447108856

9400219854

9972739860

6282513642

8921891977

9496886570

9873444836

9400144998

9447568644

9400127398

9447606625

9447182870

9495669595

9847280448

9446923205

8891619007

8281447099

9447165460

9995500015

7306714370

9744009977

9447397030

8606504164

9447080293

8714279437

9605614556

7025262810

8921847621

7012213010

9747741199

9447676321

7558820243

9061352571

9995587878

7736772714

7736861435

9946571639

9847694891

9447592095

9747388503

9633439946

8113996554

8129692840

9495669595

9498335206

9447676916

8281688847

9497279756

9744732942

9072553025

9496980230

9847099919

9495954916

9495954916

8129597742

9497016305

8606440257

9446732130

9447508756

9895562752

9037004566

919946511888

9037456786

9895439003

9961603648

9778360044

8943667181

9496364322

6235434969

9446552992

9447238364

9447245796

966566858500

9446506206

9495669595

9846205475

9497332022

9400052227

9497636947

9947449986

8848159536

8113011739

8078980900

7736179021

6238495871

8075389191

6282263418

8089449432

7736862833

9400990233

9188587680

9048782332

9745200889

7012948375

9747501764

7994186280

7012705946

8848773300

9496164840

9496690635

8943290765

8921735612

8590206665

9847991803

9895524656

9495669595

9188612533

9447481971

9443455133

9497704503

9497716815

6282440799

9446460811

8943313868

8590744781

8304007340

7994539919

9061261952

8592024610

9847052892

8078440428

9400423322

9345350561

7306424950

7510644064

6238040432

9937478899

8848979362

8086644430

9074341640

9072332071

7306844520

8590581399

9497169227

8078526482

9645748272

9495669595

7736239732

9447205324

8301069190

8590190621

6235636467

9048823824

9446568611

9447276776

9895081666

9995664918

7012125765

9446991683

6238381419

9188368285

9946621664

9526990985

9744817730

8075303376

9497680479

9447053671

6282886787

9495862317

9061714410

9447503759

9539041484

9447764775

8547869876

9400636746

8078149604

7736368743

9495669595

9895023253

9847152403

6282798243

9895225735

9188645150

8129545346

7994158273

9544161541

9496429183

9020446331

7382451279

9995793659

9961845154

9605196499

9995420619

8710897777

9656830129

9947395077

9446118185

9656913863

8547275062

9747831523

7558826993

8606008882

8590943733

9995917888

9778197307

8075182207

8590311274

9961753250

9495669595

9846977472

9400035317

9188445810

9446708063

9496276082

8330815916

9645708859

8606595327

8156808026

9497167547

9495603512

9496043766

9061001611

8714001656

9895867161

9061428876

7510707327

9656215090

9846086522

6235310821

9567068751

9747000097

9901730016

9847755176

9961023591

9895110622

9946766407

9447452888

7560938371

9778343425

9495669595

9496493496

9605186579

8714478447

8138986863

9847861566

7034672688

9567876883

9074244915

9747692552

7902921322

8590686025

9037019302

8113954055

6282464401

8304943989

8921544211

9400513848

9633498603

7511124522

8075737650

9645053893

9447227007

9446682661

8129254843

8921550183

9747427561

9496085615

9188364605

6282947531

8891728481

9495669595

9495166735

9447493634

9446839920

9778742196

9497635848

7561044460

7994272631

9539942128

6238974535

8848998874

9947991088

9495078414

8606198668

9495812155

8714141486

7736581262

9496216603

8943535316

9567965253

9544939978

9847036646

9446675697

9495789326

8594040608

8594066567

9847616902

9846810000

9108754088

8304942478

6238636516

9495669595

8089419216

9496214081

8075729996

7736428540

8590616093

8129964947

7025358366

9497490210

7593914505

9495207917

7994195438

9496272251

9539629306

9567564459

8848986525

7907636715

8078227180

9446316316

8075756592

9207441787

9048061550

8778528121

7306778946

9037901334

9567226601

9744485592

8089286491

7736071254

9605470067

9447275702

9495669595

9645136241

9447083626

9947009331

9895462557

7034956826

7025095789

9778084858

9497822210

9447363783

7025891478

6235884869

9447801672

9539511300

9744540231

9446367593

9846044497

9605058350

9847491644

6376401968

9744475695

9995442500

8590826110

9633169253

9447782093

9495058579

6282402538

9526340158

9744076106

8943063033

8714478303

9495669595

8879686820

9061668339

9947673876

9037118171

9605788248

9074230614

9446751590

9188354663

9074250952

9847871170

9074395508

9995295407

9082594604

9495344602

8590705854

8547562003

7736078330

9995851797

9061714751

8138944422

9656413740

8089911374

9447879699

9061740934

9061091630

9447704210

8075326344

9747720681

9447521892

7356369696

9495669595

9495183982

9847792093

9207693451

9495860090

6235354072

8075924095

7025153543

8943957149

9446718255

8113025505

9495980904

8606901291

9496248762

9447475397

9447055105

8157005566

9747988314

7984274430

9349635109

7306137118

7012699216

6282538148

6238457429

9846960395

9745756844

6282476763

8891103296

6235803549

8086252036

9497757507

9495669595

9447762608

8590018325

8590457795

7306499421

8281221584

7994550297

9446447184

9744106744

9860044424

9810338671

9061326481

9946750095

9446561966

9961601004

9567249230

9544237036

8129762257

7025686986

9037646221

7034563663

9961393505

9895006824

9446154254

9544014033

9061900872

9497801278

8078190862

9497694237

8508713556

9562456068

9495669595

9526385342

7907565722

9645827924

9995167577

8304858136

6282556241

8547191787

8086002172

8590621840

9497818253

9447778843

7025157720

6238041009

9895844002

9744561774

9846869763

8078454636

8075415969

9964382914

8590893443

9497482812

8606734924

9895233335

8050893903

9447956099

9048052186

9895228213

8921317088

9497111705

8547018508

9495669595

8943116753

9526325133

9447777834

7025267226

9847010144

9744188699

9447074423

6282832763

6282173598

8891619950

9995889364

6282884167

9990553806

9072249850

8606137325

9496730641

9447385370

9446093257

9446125467

9061677195

9446749966

8921372463

9496270650

8139065907

9207971196

9061592245

9544323055

9037356655

9717053478

9013042185

9495669595

8714233095

9495072761

8848970266

9074064038

9539827505

8891104327

9496430035

7736772410

96892586867

8590211348

8848668497

9447128249

9947964424

8089270101

8921696653

9745251326

7907284305

8590192145

8547536429

9495641539

966502803642

9400315971

9605835847

9846481560

7025051827

9846828737

9061194111

9995678691

7907075270

9633028743

9495669595

8943442392

8606490630

9995430076

9526889701

9495090280

9645530444

7306189142

9895395178

9074803346

9446760383

9526302237

7902311206

9496770980

9446078431

9496313483

9288064209

8139002298

8248001203

8129566282

8086486928

8590791904

8943029168

9567278292

7012261710

9847308145

9447766202

8547175679

6282436349

7902418044

8714187607

9495669595

971506568498

9496687516

9846328567

8525082057

9645697117

9497834590

8921099398

8281475919

9567342369

7736906887

919037457569

8547041010

9562580785

9961167229

9745875797

8943588962

8590951303

9656366480

7560829727

9744553830

9497837729

9497321315

9539625741

7558876364

6235201710

8547805307

9074860825

8943091238

8921757040

8281563932

9495669595

9495506005

9400400049

7306080188

9074084349

9188406151

8830158737

8086590978

8086397801

7675913848

9074605846

9995855177

8921324972

8122436922

8891392880

8921789910

7592088235

9567095680

8103797827

7561081960

7025291038

9567286797

7560812997

9544988408

9995336556

8078051793

6238491107

9847144204

9388103920

9447126638

9526622683

9495669595

9818972723

7558968698

9447618567

8281948328

9747348318

9495313369

9074840491

8848887233

9895305418

9446994452

8089250305

9447140908

8547852644

9446766101

6235856857

9388553545

7902623126

9400140861

8590491116

9447465939

9188214375

7338779964

9847102764

9048999052

8848496443

8281461602

8138045556

9037195770

9496946532

9349982288

9495669595

9446031760

9562851868

8590350130

9961203284

8921748258

8078006479

9447210973

7994126333

97450306681

9747455841

9567028074

7306899832

9995892533

8289854098

6282688388

7736278854

9656324268

9447271803

9496801170

8921305143

9074484335

9972495656

9846122605

97339087273

8281631936

8547810222

9526250890

9496225474

9747969903

9400100100

9495669595

9961350492

9544000744

8129799286

9447209117

7012845318

9207400587

9446611155

8921524370

9061235696

9495970979

9847082860

9188093971

7902563602

9447023446

6371389082

8921089271

9495229145

9867378382

9497682702

9526437143

8590346699

9447460058

9048538099

9496362252

9074334416

532085611

8848649065

9496695692

6238614575

7356530257

9495669595

9061749694

9895399700

9447347767

9446043779

8714080053

9961480385

9496089972

8075559801

9847436999

8086456126

8943485281

8590477936

9207271425

8606764624

9744175908

9847456103

9446054896

7561804391

9446548837

9995820665

9446980477

9495520221

9495045309

8156861800

8156932170

8547589847

9846748548

9207039748

8921737341

8086467658

9495669595

6366181205

9650094224

9840444193

9995222119

9746477845

8281000494

971503156961

9446111830

9497554418

9847588933

7594097156

9747945777

9446955505

9447074096

8281887482

7561071457

8590309310

9809474700

7356816506

9846698785

6238222437

9846333777

9846681812

9048717795

9847045354

8547256322

8330815944

9446388758

9946998986

9961906621

9495669595

8075544260

9447679452

7907753037

9447279120

9447478311

8943287289

9947964606

9846665007

9495763060

8078112601

7025593061

8289887766

9447230574

9447857650

97455045684

7736309758

9388506767

9747330195

8590087973

9539883348

8590908643

8075136249

9745091679

9656870542

8075286949

9497247695

8129418943

9496288689

8113874586

8089125520

9495669595

9446362525

9495920323

9947734804

9447689598

9947725134

9496238285

8714275165

7306916007

8943952300

6282500819

7736511282

7034388822

9495026173

7092704221

8136852902

9947882708

9947799840

9447471368

6282157933

7510700472

9495961203

9847722354

7736018650

8547981500

8590562060

9993875874

9495162762

9446216688

7736617042

9497837340

9495669595

9447028671

9074875232

8078379166

9400024022

8111970710

9645825885

9496216187

9567068144

9778247257

9633485168

9526950945

8310291972

9447515238

6282944063

9188567274

9446721706

9995865885

9495802706

9446058336

9747475748

7356155633

9496741968

9539584791

9388817662

8075358588

9495142937

8075280579

6238556774

9995629325

9447856817

9495669595

9946568620

9447060403

9746864497

8281803385

7012336421

9847193972

9995908053

8590795498

9895259125

9846857099

9847419236

9703191978

8943447965

9645996947

8848523330

9686448911

9884073425

9544833988

8547912928

9400436119

9447215729

9746307980

9947312000

8089953585

9447334586

9446166956

8075480412

9446010567

9744714187

9605050025

9495669595

9846283477

9495087013

9447620503

8891616099

8688956186

9605314242

8138802228

9188566728

8113857736

9567712450

9847469000

9744030590

9447411529

9497280315

9567437601

9961416033

9074043928

9895614598

9387847881

9496849383

7902398114

9446142347

7012239293

8921018958

8547605437

9847347326

9074915284

6282712113

9567313060

9895231946

9495669595

8547155868

8281700064

8714318941

9778022586

97339228918

9656994777

9947018111

9074278267

9744107075

9846842333

9495609264

9074524083

9562887004

9037406119

6235228838

6235401737

9495722539

9946554870

8943962271

9605095858

9746937640

9645789985

8129355082

8113885491

7356779235

7994412223

7012430720

9388741481

8891168668

9495736377

9495669595

8129200711

9447291876

9361557733

7306749927

7306109407

9446905904

8590032641

9446028792

9447375041

9567187044

9446948154

9048457008

8281207798

9447418595

8590329631

9847055994

9497800884

9447061340

8848338208

8590906090

8089560849

9048089060

9400340733

7593049324

8606656412

8891590146

9778313741

9446303096

8848723452

8111919302

9495669595

9387385848

7510882004

9442067855

9886123789

9539316752

7909294311

7012832196

9447120653

9790724058

9447059022

9037171018

7510278026

9496064079

9562287970

9745777242

6235048798

9400455066

9605680949

9447903711

9495525123

7558858238

9995891136

9061360207

9495849660

8157820557

9447875240

7994287803

97152703323

9388091915

6235791929

9495669595

9400712899

6238179954

8425964647

9846143463

971505538328

8088620259

9447608490

9496751352

6282359312

9778111247

9746255190

9037365499

6282162175

8848493357

9778772587

9408917385

9562477700

8078837980

9447928028

7025766848

9946658650

6238968682

8714816627

7356991280

6235802035

9946914836

9496591896

9447256005

7012204144

8129674186

9495669595

9567698239

7012510767

8547068723

8547332990

9745824875

7907887593

9947674004

9400767013

9400343648

8157984918

9961732984

8848537632

8589978940

9074518126

8089252508

9495440583

9447790790

9447180176

9847364676

9495435367

9744072784

9400187226

9495196712

7593996513

8590475936

9447322410

8129569734

8547087804

9847193086

9847055626

9495669595

6235907314

8089567457

9895210524

9567000003

9446010427

9496447051

9496704988

9447325453

9447833470

9846081954

9496432100

9446479575

7907325287

8943012839

9446536181

8547552972

9562004743

6235384250

9746988935

9496332211

6238488724

7025158018

8075584570

9495433745

9447189248

9544900414

9447823654

8547485645

9633084046

9207624075

9495669595

6282489324

9567516680

9562354239

9074534681

9447064016

9746176016

9446374644

6238006358

9746145185

7907711728

9961532720

9496177204

8113037790

8075312342

8921841996

8590230408

8606112212

8592041214

9072052163

8078048832

6369646653

9816420400

8989273513

9390161149

7994237065

9072002025

9846397970

9037706051

9539440911

9633230777

9495669595

7358188095

9188228299

8129138417

9841007765

8921336293

9526818859

9995436298

9495012554

7902871827

9037805791

9539532530

9447353717

7902903587

9447910459

7594825195

9447349529

9496864124

6282663201

8075605169

6282380298

8129867217

8075396213

8592920111

8156980264

8848687119

9495871440

9446402310

8137809771

7012462023

9895849345

9495669595

7736823348

9947787258

9061980602

9388615200

8921778554

9446760280

8089543815

9400869811

7012943209

9895924958

9995330483

9447844192

8281460095

7994342878

9544983897

9809259161

9447149598

9562954096

9447646810

9778483824

8590794423

9037380096

9447496185

9656399760

9447583771

9446488777

8590513590

9744686912

9633651917

7012281670

9495669595

9846056731

8281161604

8138975628

7994395812

8157093100

8714050016

9447011041

9446207266

8446632599

8547338056

9495486300

9961324473

9778345197

8089901697

8848463851

9446512499

9633488489

9447213016

9544679302

9894764003

9746048488

8086648560

7356805147

9446888325

6282216279

8078836325

9188032537

9633458435

9778212560

9495537658

9495669595

9995013091

9072143957

7012414697

6282531423

9778196299

8547854149

8089118330

9995832904

9744823238

7561027254

7736313740

9562292557

9605129348

9544576154

8547629817

7702548420

9961509367

8848264861

9447241162

9895022952

8848137390

9633119643

9746881197

9037277518

9400960476

9605434969

9747707573

7736631848

8921648391

8903294152

9495669595

7094236681

9188047360

9645317091

8330892219

9526805833

9188581613

9447057461

9744369839

9447187127

7012801930

9496445235

9048379335

9567219044

7356556087

9207042492

9400723201

8838829123

9965170922

9495627580

9074899762

8547394326

9585936375

8593036337

9497783643

9495486785

8921428114

7356210865

9846833799

9447057667

9188452586

9495669595

8078088146

7736286312

9961440138

7907047218

9526518440

9500477472

7907716324

8547015265

8592945211

9846997470

8921395861

9605972369

9995267896

7025492581

9544448710

9961986190

9846324435

9744033998

9995906540

9400503730

7736261901

8921794459

9061282666

8943047640

9645506957

9446020422

9037486698

8921490952

9847809902

9392885127

9495669595

9496193336

9495595174

8281436344

9074614103

8129772693

9446563201

8943397562

8921606316

9496070025

8086774849

9447337945

9544965640

9447496482

8590566564

8301898433

971504265336

8078857375

9847524563

9845961899

8714903350

9496208941

9526868111

8921324576

9188396609

9446038474

966502236067

9961083916

7907450071

9188323796

971505968571

9495669595

9497667543

8590438356

9605782255

9526881721

9495429981

8547821616

9744208330

9446495923

7592939432

9995988377

9562681637

9995818064

6238720324

8301873655

8921369336

8848170134

8589809157

9633973439

8086361065

7736192047

7907732914

9495341433

9895064453

9605972665

9495428347

9846333515

9961845506

8075336063

8089050501

8078495038

9495669595

9846688636

9495489849

7306394341

8086618772

8714718741

9446276859

8590819920

9645469847

9847523383

9495108277

9778586181

9495397188

9074364563

9446065994

9446010375

9744960011

9746138783

8921785806

9995007559

9146134766

8848421670

7994669320

9656834656

8089295563

8590443574

8086488923

9846898609

9446464577

8129340276

7902721373

9495669595

7994202849

8921766240

9048550702

7558890837

9946427969

8056034792

9495071737

6238092493

9605733636

9946125450

9633412778

9495831376

6238156301

9995876625

9446332251

9947996688

9447824227

8590419936

9249307801

6235700924

9048847658

9947722566

9656216487

8129340276

9717705722

9037142271

8590168102

7025520645

8547931039

8078907618

9495669595

7306572349

8547728195

8075754661

9497683156

9447892771

9400751760

9745109592

9447806736

7510625003

9995704719

8075829563

8590449743

8075595044

8606699627

8089553967

8606434504

9526413823

9567350178

9074529539

8921672429

9400239428

9633997473

9847634337

6238756459

9544211324

9207030228

9833918098

9778108766

8848090594

9061570873

9495669595

7907124930

8943659700

9787932932

9495645466

9188056250

9447144937

8304948236

7907671649

9400444792

9497625097

7994443132

9747042432

9447216273

8590131797

6235447632

8547541407

7736493363

9744995129

8921918459

7560889879

8590917902

7558905299

9947942181

9354182503

7025294893

9446032409

9447545063

9446420641

9567124663

9744454612

9495669595

9447130818

8921279455

9961334400

9495370954

8590185943

9495093236

9003224506

8304913936

9633835354

8921747167

8547663562

9496036593

6282021634

9495396010

7591900324

9567441195

9496816342

9846517691

9446454075

9447600192

9847435253

9947090123

9686030300

9447133835

7306342813

8547097679

9800037007

6238582542

9846024272

8921404431

9495669595

8281169320

9745989987

8281500706

7356710147

7306656536

9656221371

9567638384

9544744673

9946325634

9995386285

7510150584

9447248964

9599617596

9526611577

8281596034

6282205266

8156855877

9633889441

9447306617

9447505948

9847058022

8589053184

9495863149

9400221344

8086405760

8075657257

9446913033

8606826843

9446078900

9443595317

9495669595

9986248640

9946943281

9446256823

9562513145

7306013550

9895396881

9496816840

9446505071

9349500139

9947115243

8891336659

9447517280

9495913246

9447986412

9446504396

9446547725

9745339368

8547612535

9497093349

8547567120

8547885801

8714131922

9384897649

9847350558

564726481

8594028005

7994806944

8078580755

9946447516

9497707964

9495669595

9778236460

8547416472

6238339534

9544563039

9446982320

9995889548

9633198992

9446705700

9746523709

8590667321

7994628576

9995585803

7306617779

7736995187

8289975143

9847400334

8281142256

8590899103

6282569275

8590462287

97339550786

9846581466

9496204861

9847968090

7510276390

8590980718

9746708527

9496162327

7510668556

8089514375

9495669595

9847092132

9946645695

9847188813

9847658146

8891590128

9447902414

9947470470

8593975004

9745207775

9895597428

8714402091

9778499600

9747485388

8330891592

9633050168

8547047488

9400966634

7736205701

8089708504

8891200454

9847855239

7034290285

9567774033

9061551690

8086952649

9745478647

9633306063

9961393908

9605714412

7736465144

9495669595

9502254813

8590087957

8714476861

7012931678

9633232535

8086911403

9916515614

9495940838

9947655192

9388020200

8157802600

9846995000

8301889465

9526500336

8075088437

7907860525

9447016924

9995119640

8075121489

8129211804

9567579523

9961555000

9778539313

8714226212

9745603435

8129212815

9400045189

9846135271

7356388079

7708007609

9495669595

7994891324

8590362290

9446535552

9656536874

9496491396

8891959046

8304807066

7902387945

9947947822

7736334680

966545721435

6238957913

7306684363

8590880418

9497834643

8838942868

9188782100

8848805618

8113940876

9745652566

8848514150

9495556224

9188242161

971508266697

9895451192

563507633

9847170555

8590759636

9037602317

9846562685

9495669595

8907607277

9567876883

9946714842

9567898589

6238492304

9656133764

8714349823

9895401344

8129044243

8078786230

7736705291

9847776619

7306925516

8157818257

9037306341

9745595166

9037970007

9074743936

7736835116

7736685488

7907577386

9847990360

7356219689

9895968227

9061799922

9446764205

7012772428

9645127146

8136864020

8157888297

9495669595

9946972089

9037517988

9188084385

7034722222

9946958888

9946560572

8138054663

9074561936

6235836624

8304020124

9495986373

7902276910

9072922314

9778543013

9847860560

9778221459

7907736112

7356446220

9895823429

9188452232

9497024784

9778722431

9645366996

7510667700

9446655026

7907603482

9447178222

9207350021

7306669895

7559925048

9495669595

7559871240

9074174861

9048762279

9633952933

9074384486

9447399536

9497433954

9895062426

9846469051

9605396119

8089814271

7559970996

9633497908

7025047689

9048626237

9526062100

7558843664

9847489533

7558803070

9745599760

9847090365

7736575584

8138832344

9947946369

8606241544

9539888888

9747150033

9744042222

8848871564

6235420085

9495669595

9995767096

8943092671

7907672501

9847813244

9895109028

7736930212

8590798631

7594035148

9995901902

9895075513

6238193341

8086664000

9995037040

6238836985

8157871552

8714347275

9633187038

9746142830

8606572515

919895217072

9388118181

9496679825

971502169316

8139093669

9072789183

6238753838

7025624024

9539117036

9048681962

7356128113

9495669595

9847701979

7306839957

7909102031

8848259401

97430348500

8589868562

9496073293

9526597042

7025297804

9495147517

7306093072

8590664676

9747678234

9747890687

8113073207

7510591474

7012055895

7034269134

8590689831

9496128750

7356407312

9048818882

8606383725

9656294264

9061602642

8714576644

9747837474

9744403987

9562689681

8590779999

9495669595

9995548788

8089921410

8891314453

9995148837

8590959104

9745018935

7736480766

9605533205

9526568915

7012767350

9995904402

9895350674

7736329234

8138095954

9895757691

8590573793

7994957619

9544449049

9778732033

9745933370

9605068533

9400288882

9400931323

9497448798

8547731046

9778111309

9495779196

8891794879

9745664555

9400982188

9495669595

6282279917

9656815953

9947086330

8281334900

6282836701

9947930208

7012134574

9207217393

7994074044

9900735353

9446889285

8281152828

6235517252

9349270333

6238363342

9895680468

9946709779

8281685083

9995936278

9400695103

9400951215

8075062648

9995535327

9747290276

8590829387

9526295130

9074717709

9747912794

7559096944

7592887426

9495669595

6238081845

9961625878

7356058656

7356245501

8714438852

9947378199

9961290253

7558063787

9061491409

7736281549

9778391642

7293419491

9495275249

9645535536

6235756173

7592954735

9061288681

8157890746

7012711992

8086472907

9790123376

8157972445

7902837822

9446466570

9539110848

9074688028

9745051298

9562025732

9497666046

8078830836

9495669595

8281634350

8606081442

7510113175

7356846528

9747976940

9895905217

9747346882

9495929059

9446386889

9539475430

9778021829

7025187360

8848153399

9567131626

7034668822

7356463860

9496496998

9207983838

9847497069

8089834808

6282307080

7025364327

9946761140

9400384719

8156839816

9745143666

9778116321

9048911795

7025077468

9747110099

9495669595

7558866374

7025502203

9061658821

7511108384

7994650261

9495152007

9656040345

9995655321

9061055291

8281237432

9567800654

7025267853

9061358360

9895689287

6238018383

8590629282

8157930619

6235587736

8547189703

7736915939

9895523970

8086987416

9400494626

9567639000

8078045793

9037160307

9745009133

8137959858

9961184144

9645575617

9495669595

9745172742

9605158807

9567766021

8590347228

9746337747

9400577947

8078176217

7034780843

6282460824

9846239160

8590656797

9745593818

9072348295

9846943232

9778131109

9995080823

8089758014

7994586695

9072387277

9446955635

9539671145

9846762927

9747252811

9400477910

9847270660

8075912604

7356472646

8590781223

9567966882

7736604748

9495669595

9895138679

7356180126

7012957958

8606200115

8078597407

6238998110

9061278063

8589028000

9847509041

8590177648

8078508821

7736960390

8089793770

9746767606

9745244411

9497416305

8075234173

7994222411

9995044483

9544288183

7902985019

8086817640

8592901827

9048395892

9496902022

7592083411

8157953781

9961262610

8547469039

9645999199

9495669595

8075908071

9037520359

7306469703

8943521692

9847429945

9495429931

9961424164

7591967679

9605384308

9539699390

8594083589

8714984101

7306616336

6282532086

8848925648

8095343969

7592870678

8547187493

9562808135

7558823879

9809828788

9633620130

6282580867

9539923037

7560930150

9656843476

9745298314

8075546440

9744534617

9495925810

9495669595

9496292310

9061869355

7034010809

8848917133

9074260350

9745673186

8075427678

918089732815

9847627574

7909117475

9778002061

8304848511

9605703542

8590078969

9445587666

7306953230

6238548897

9447247014

9947981669

9846960770

9645480393

7902247743

7034776789

6282355710

9207555578

9947511865

7994311152

9745440003

9048900075

9497556555

9495669595

9633339786

9539670238

8590071277

8089780714

9544400785

8078481179

7034945890

8129082992

8129976146

9778220329

8075028610

9963911140

9447663729

9072050724

9995798017

9746517497

8547861937

9809887398

9446246996

9645809465

9847256487

7736003200

9496755445

9567531679

9633968711

9446191724

8592037742

503165187

9539064390

9673860877

9495669595

9539008950

9605152493

9526324543

9495757404

9061173688

6235934661

9495881661

8848031914

9562764076

7012212875

9562405640

9961884840

9946502797

9447646379

8547851660

7306326236

9895623615

9480740236

9387010500

6238620978

9037788992

7907136996

97333341221

9562251973

9847060419

9526449470

8281554925

8590776933

8139007160

9846817666

9495669595

6282650277

9447736365

9207393748

9446590969

9497305655

9961366004

9745604985

8089874811

9497616214

8129129666

7994878141

7907392155

9447890569

8921226494

8714709100

7356246521

9072591361

9744144975

9037240971

9400051621

9995449117

9895856685

9895360372

6238972833

7994225123

8281885528

9778056434

8156893154

9846623946

9446964855

9495669595

8606697227

7909294221

8848082012

9447153807

9562502859

9496250320

7994180308

8075839728

8547760039

971508069410

9544918811

7306922766

8547277593

9847092511

7306715761

7356145764

9061359149

8075198667

9188824458

7306823174

9895681670

9567624090

8078175245

9061656755

9961214791

9188381933

9846963220

9207622475

9846223168

8848622756

9495669595

9895222159

9847444628

9778389893

9744085174

9846200997

9747588703

8848000659

9497289891

9495293205

9539703449

6282724739

9447766604

9744802659

8589990184

9947142935

8129423206

9496204916

7012779633

9074660117

8281942160

9447328203

9497783115

9048969850

8590833698

6267568797

9995030452

9847256521

9383469150

9656828606

9656832308

9495669595

9446837236

8606781318

9656883080

8089007546

9188324899

9947424111

7907566246

9895018010

9496969237

9544567195

9809558008

8281951732

8547007553

9895544415
7736298314
9895544415
7736298314

8089886007

9847407514

9048539943

8111970822

8590408134

8075928310

9847855928

6238683395

9400075828

8606683882

9645441869

9447963511

9495612335

8943479665

8157943750

8281018200

8593977987

9249423755

6282539286

7593912203

9496878088

7736999039

9495530213

9656050728

9746458074

9495669595

9446638926

9539572715

9847449051

9663340541

9496698390

9188584889

9446810907

8590778911

7736570944

9495483360

9188578621

9497623557

8139803133

9497202339

8113882665

9895057659

9388938850

9495339981

9446124087

96599857228

9446333371

8089989229

9400833929

97450521529

9037147357

9846523552

9495496242

9495320153

9446743026

8075200421

9495669595

8075977906

9656730116

9495853979

9745770309

9745022241

9745872010

6235724919

9072019670

7902519342

9400258363

9526928521

9747614249

9645814964

6238187674

9349802424

9400120844

7559059359

7510629767

9061365642

7994518459

9778206592

9847419100

9947000702

9526823462

8590069435

8848883604

9539874302

9400965969

8108839032

9747459464

9495669595

8606421251

9847102274

7736919569

502782416

9496255288

9633306953

9446009075

9895342740

9400346435

9497639190

9447659937

9497781740

8759791285

9544585800

9349262323

9656952782

9497177360

9447388474

8606166111

8590167790

8075455963

9353578293

9020689321

9961460825

9967425757

9526976445

8848500770

9895799150

9400800759

9417725301

9495669595

8281175010

8075363387

9846737337

9995828989

9446692168

97455493159

9447626199

7306887048

9746993777

8281490409

9446145045

6238807521

7558058805

9388845041

8714935597

966505675986

9645561727

7902255439

7012692542

9895653075

8848972819

8547236260

8129940226

8374183100

9567138280

7593011406

7034398586

9745295381

9495867508

6282695023

9495669595

9622781118

96895218702

9495373864

7909207139

9846937787

8113854809

9605323611

8848384709

9447812461

9895294557

7902837292

9495149513

9947430765

7306342209

9947713976

8075624690

9447909803

9447162203

8848271850

9048208279

9895513304

6238610145

8891016015

9495139722

9446037222

9249733371

9495041010

9567696295

8086964133

9496857988

9495669595

9400707968

9847134349

8078546961

9400055556

6238117823

9447402103

8078930718

9447598136

8891268822

9061306085

9048867156

9539380703

8590300450

9746007779

9349227978

8304804871

8075049913

9048679969

9072393613

9495411519

9961050005

7012218535

8289880036

8330881488

9446783674

7902233191

97455840863

8848620661

97336564093

9567241607

9495669595

8075840274

9846950740

7907752512

6238477675

9447698919

9446041235

7736263993

9074470827

9074061051

6238618131

9567870044

9847389638

9526491384

9778150632

8078166452

7902955165

9446589413

9633172724

9846390204

9447415315

8304046210

8590763958

8547347568

9744974069

6282118824

9961736593

9446011336

9947646252

9061650565

9645849835

9495669595

8078017296

9961752355

9446683971

9447239760

9048784667

9544533936

9846600292

9562753373

9446256506

6238198883

9387092376

9961790450

7902977077

6238419818

9747205029

9847239034

9544511591

9188372187

9496327688

7736126511

8714375953

9747161278

6282891565

9072251034

8848720528

6235701850

9037411669

9539964489

9961042216

8590498532

9495669595

9400443323

9747407231

9947653055

8289886210

7994100143

9446859300

9447283897

8139896412

9037559234

8078823837

9400538143

9746268456

9037104688

9048433361

9447217118

8590343755

8078964817

7306288590

9895432860

9388522232

9746898698

9497441152

8592892100

7012677070

9496234282

9846301292

7034424688

9037548085

8075776064

9037051170

9495669595

6238584947

8714119465

9207586893

9895521411

9447496389

9496162611

9847600321

7909235843

9447095407

9526646122

9778473535

9446705166

9496774955

8075649924

9074571503

8590579509

8921299530

9947478179

9446945740

8089042848

8281353651

9539480631

9446793318

8078809083

7736029223

9778297346

9447723323

9633847236

8971389898

9495788535

9495669595

9744510895

8943438925

9645100497

8943058517

9526091674

8129379975

8086680644

8547141246

9946663180

7025025879

9496857765

9497278741

9495434115

8289974331

9495789552

8078441612

9446533801

8089851880

8848528753

9447280570

8157092082

9447340428

9961307999

8086337484

6238242963

9645010490

8547521784

8606767150

7306679238

7558845290

9495669595

8289891662

9061987893

9400700185

9447357875

8078997795

8714942083

9544341102

6282977344

8281618258

9778101164

9495497828

9961221225

9961328562

9446350005

9400317266

9061286039

9074728542

97333449456

9961184418

9037222961

9961961613

7907526559

8547248133

9497230507

7025662858

9061007804

6238914971

8547318791

9778200378

9074139818

9495669595

9447993785

9778702280

8129734542

8089720246

9388139771

9447367093

9400638230

9995807092

9074592928

7736606853

9061582363

9207109602

7827454942

8921233472

9895966934

9526897880

9496020098

7907610945

9495030806

8304981017

9846079061

9995671536

9633050711

9400489180

7736789737

9745281376

7306401058

9566566797

8590874609

6238592434

9495669595

9446552545

9490162761

8921408611

6238800714

9995540429

8806996785

9400947259

97335962456

8857918110

9744955911

8129774784

9995766077

6238012607

9349204222

8086813020

9447682948

9495291079

7736991252

7907194307

9447847177

8136833390

7730076802

8848084725

9447026490

9495974438

9400283120

7306951479

9744154529

9746279949

9746279949

9495669595

8330079601

9497315806

8156981867

9495423581

9400369883

7025330269

9495930239

6282734660

9480693525

9495480045

9972866656

7907144717

9447711112

8590358470

9400043641

7012635993

9747589572

9605416005

9446179104

9744416816

6291105800

8547576740

9778246750

9387222044

9496730415

9188776664

9611131915

9947046695

9447474761

8078534579

9495669595

8593823259

8113840878

9847016700

9847113713

9793119976

7034173272

8848267395

9074486521

9496443660

9447255909

8078346831

9400158845

9495091359

9846778222

8590321920

9645304445

9400521195

9447480778

9633212953

9947506980

9446193872

7994636273

9895852533

7559903387

9645043233

9400082558

9447020204

8078878279

8547210136

9207858825

9495669595

7034947804

8078907315

8075600191

7902530324

9747713976

6282588543

9846006186

6238381242

9446573477

9061381824

8848388271

7042522088

8281921667

9461127565

9846827712

9645448115

8714783043

9496736205

8590132558

7561028248

8438123515

7994625283

9995878432

9188095286

9074747834

8139865068

9446851422

8281983580

9526325296

6235015726

9495669595

7012088312

9895066369

9961573780

9745205052

8078580227

9645107986

9495712985

8078349184

97333427017

9744107290

8590336021

7902696298

9447617673

9446505396

9496942931

9895010550

9061043024

6238434902

9846494238

7558905279

8281469701

9961982673

8075510475

9496275699

9778330234

9495524315

9961789548

9747570979

9946446342

9447399799

9495669595

6282923573

9447818627

9446285260

9846090321

9745017688

9037036176

9446075418

9446680080

9447891502

6238092493

9605733636

9946125450

9633412778

9495831376

6238156301

9995876625

9446332251

9947996688

9447824227

8590419936

9249307801

6235700924

9048847658

9947722566

9656216487

8129340276

9717705722

9037142271

8590168102

7025520645

8547931039

8078907618

9495669595

7306572349

8547728195

8075754661

9497683156

9447892771

9400751760

9745109592

9447806736

7510625003

9995704719

8075829563

8590449743

8075595044

8606699627

8089553967

8606434504

9526413823

9567350178

9074529539

8921672429

9400239428

9633997473

9847634337

6238756459

9544211324

9207030228

9833918098

9778108766

8848090594

9061570873

9495669595

7907124930

8943659700

9787932932

9495645466

9188056250

9447144937

8304948236

7907671649

9400444792

9497625097

7994443132

9747042432

9447216273

8590131797

6235447632

8547541407

7736493363

9744995129

8921918459

7560889879

8590917902

7558905299

9947942181

9354182503

7025294893

9446032409

9447545063

9446420641

9567124663

9744454612

9495669595

9447130818

8921279455

9961334400

9495370954

8590185943

9495093236

9003224506

8304913936

9633835354

8921747167

8547663562

9496036593

6282021634

9495396010

7591900324

9567441195

9496816342

9846517691

9446454075

9447600192

9847435253

9947090123

9686030300

9447133835

7306342813

8547097679

9800037007

6238582542

9846024272

8921404431

9495669595

8281169320

9745989987

8281500706

7356710147

7306656536

9656221371

9567638384

9544744673

9946325634

9995386285

7510150584

9447248964

9599617596

9526611577

8281596034

6282205266

8156855877

9633889441

9447306617

9447505948

9847058022

8589053184

9495863149

9400221344

8086405760

8075657257

9446913033

8606826843

9446078900

9443595317

9495669595

9986248640

9946943281

9446256823

9562513145

7306013550

9895396881

9496816840

9446505071

9349500139

9947115243

8891336659

9447517280

9495913246

9447986412

9446504396

9446547725

9745339368

8547612535

9497093349

8547567120

8547885801

8714131922

9384897649

9847350558

564726481

8594028005

7994806944

8078580755

9946447516

9497707964

9495669595

9778236460

8547416472

6238339534

9544563039

9446982320

9995889548

9633198992

9446705700

9746523709

8590667321

7994628576

9995585803

7306617779

7736995187

8289975143

9847400334

8281142256

8590899103

6282569275

8590462287

97339550786

9846581466

9496204861

9847968090

7510276390

8590980718

9746708527

9496162327

7510668556

8089514375

9495669595

9847092132

9946645695

9847188813

9847658146

8891590128

9447902414

9947470470

8593975004

9745207775

9895597428

8714402091

9778499600

9747485388

8330891592

9633050168

8547047488

9400966634

7736205701

8089708504

8891200454

9847855239

7034290285

9567774033

9061551690

8086952649

9745478647

9633306063

9961393908

9605714412

7736465144

9495669595

9502254813

8590087957

8714476861

7012931678

9633232535

8086911403

9916515614

9495940838

9947655192

9388020200

8157802600

9846995000

8301889465

9526500336

8075088437

7907860525

9447016924

9995119640

8075121489

8129211804

9567579523

9961555000

9778539313

8714226212

9745603435

8129212815

9400045189

9846135271

7356388079

7708007609

9495669595

7994891324

8590362290

9446535552

9656536874

9496491396

8891959046

8304807066

7902387945

9947947822

7736334680

966545721435

6238957913

7306684363

8590880418

9497834643

8838942868

9188782100

8848805618

8113940876

9745652566

8848514150

9495556224

9188242161

971508266697

9895451192

563507633

9847170555

8590759636

9037602317

9846562685

9495669595

8907607277

9567876883

9946714842

9567898589

6238492304

9656133764

8714349823

9895401344

8129044243

8078786230

7736705291

9847776619

7306925516

8157818257

9037306341

9745595166

9037970007

9074743936

7736835116

7736685488

7907577386

9847990360

7356219689

9895968227

9061799922

9446764205

7012772428

9645127146

8136864020

8157888297

9495669595

9946972089

9037517988

9188084385

7034722222

9946958888

9946560572

8138054663

9074561936

6235836624

8304020124

9495986373

7902276910

9072922314

9778543013

9847860560

9778221459

7907736112

7356446220

9895823429

9188452232

9497024784

9778722431

9645366996

7510667700

9446655026

7907603482

9447178222

9207350021

7306669895

7559925048

9495669595

7559871240

9074174861

9048762279

9633952933

9074384486

9447399536

9497433954

9895062426

9846469051

9605396119

8089814271

7559970996

9633497908

7025047689

9048626237

9526062100

7558843664

9847489533

7558803070

9745599760

9847090365

7736575584

8138832344

9947946369

8606241544

9539888888

9747150033

9744042222

8848871564

6235420085

9495669595

9995767096

8943092671

7907672501

9847813244

9895109028

7736930212

8590798631

7594035148

9995901902

9895075513

6238193341

8086664000

9995037040

6238836985

8157871552

8714347275

9633187038

9746142830

8606572515

919895217072

9388118181

9496679825

971502169316

8139093669

9072789183

6238753838

7025624024

9539117036

9048681962

7356128113

9495669595

9847701979

7306839957

7909102031

8848259401

97430348500

8589868562

9496073293

9526597042

7025297804

9495147517

7306093072

8590664676

9747678234

9747890687

8113073207

7510591474

7012055895

7034269134

8590689831

9496128750

7356407312

9048818882

8606383725

9656294264

9061602642

8714576644

9747837474

9744403987

9562689681

8590779999

9495669595

9995548788

8089921410

8891314453

9995148837

8590959104

9745018935

7736480766

9605533205

9526568915

7012767350

9995904402

9895350674

7736329234

8138095954

9895757691

8590573793

7994957619

9544449049

9778732033

9745933370

9605068533

9400288882

9400931323

9497448798

8547731046

9778111309

9495779196

8891794879

9745664555

9400982188

9495669595

6282279917

9656815953

9947086330

8281334900

6282836701

9947930208

7012134574

9207217393

7994074044

9900735353

9446889285

8281152828

6235517252

9349270333

6238363342

9895680468

9946709779

8281685083

9995936278

9400695103

9400951215

8075062648

9995535327

9747290276

8590829387

9526295130

9074717709

9747912794

7559096944

7592887426

9495669595

6238081845

9961625878

7356058656

7356245501

8714438852

9947378199

9961290253

7558063787

9061491409

7736281549

9778391642

7293419491

9495275249

9645535536

6235756173

7592954735

9061288681

8157890746

7012711992

8086472907

9790123376

8157972445

7902837822

9446466570

9539110848

9074688028

9745051298

9562025732

9497666046

8078830836

9495669595

8281634350

8606081442

7510113175

7356846528

9747976940

9895905217

9747346882

9495929059

9446386889

9539475430

9778021829

7025187360

8848153399

9567131626

7034668822

7356463860

9496496998

9207983838

9847497069

8089834808

6282307080

7025364327

9946761140

9400384719

8156839816

9745143666

9778116321

9048911795

7025077468

9747110099

9495669595

7558866374

7025502203

9061658821

7511108384

7994650261

9495152007

9656040345

9995655321

9061055291

8281237432

9567800654

7025267853

9061358360

9895689287

6238018383

8590629282

8157930619

6235587736

8547189703

7736915939

9895523970

8086987416

9400494626

9567639000

8078045793

9037160307

9745009133

8137959858

9961184144

9645575617

9495669595

9745172742

9605158807

9567766021

8590347228

9746337747

9400577947

8078176217

7034780843

6282460824

9846239160

8590656797

9745593818

9072348295

9846943232

9778131109

9995080823

8089758014

7994586695

9072387277

9446955635

9539671145

9846762927

9747252811

9400477910

9847270660

8075912604

7356472646

8590781223

9567966882

7736604748

9495669595

9895138679

7356180126

7012957958

8606200115

8078597407

6238998110

9061278063

8589028000

9847509041

8590177648

8078508821

7736960390

8089793770

9746767606

9745244411

9497416305

8075234173

7994222411

9995044483

9544288183

7902985019

8086817640

8592901827

9048395892

9496902022

7592083411

8157953781

9961262610

8547469039

9645999199

9495669595

8075908071

9037520359

7306469703

8943521692

9847429945

9495429931

9961424164

7591967679

9605384308

9539699390

8594083589

8714984101

7306616336

6282532086

8848925648

8095343969

7592870678

8547187493

9562808135

7558823879

9809828788

9633620130

6282580867

9539923037

7560930150

9656843476

9745298314

8075546440

9744534617

9495925810

9495669595

9496292310

9061869355

7034010809

8848917133

9074260350

9745673186

8075427678

918089732815

9847627574

7909117475

9778002061

8304848511

9605703542

8590078969

9445587666

7306953230

6238548897

9447247014

9947981669

9846960770

9645480393

7902247743

7034776789

6282355710

9207555578

9947511865

7994311152

9745440003

9048900075

9497556555

9495669595

9633339786

9539670238

8590071277

8089780714

9544400785

8078481179

7034945890

8129082992

8129976146

9778220329

8075028610

9963911140

9447663729

9072050724

9995798017

9746517497

8547861937

9809887398

9446246996

9645809465

9847256487

7736003200

9496755445

9567531679

9633968711

9446191724

8592037742

503165187

9539064390

9673860877

9495669595

9539008950

9605152493

9526324543

9495757404

9061173688

6235934661

9495881661

8848031914

9562764076

7012212875

9562405640

9961884840

9946502797

9447646379

8547851660

7306326236

9895623615

9480740236

9387010500

6238620978

9037788992

7907136996

97333341221

9562251973

9847060419

9526449470

8281554925

8590776933

8139007160

9846817666

9495669595

6282650277

9447736365

9207393748

9446590969

9497305655

9961366004

9745604985

8089874811

9497616214

8129129666

7994878141

7907392155

9447890569

8921226494

8714709100

7356246521

9072591361

9744144975

9037240971

9400051621

9995449117

9895856685

9895360372

6238972833

7994225123

8281885528

9778056434

8156893154

9846623946

9446964855

9495669595

8606697227

7909294221

8848082012

9447153807

9562502859

9496250320

7994180308

8075839728

8547760039

971508069410

9544918811

7306922766

8547277593

9847092511

7306715761

7356145764

9061359149

8075198667

9188824458

7306823174

9895681670

9567624090

8078175245

9061656755

9961214791

9188381933

9846963220

9207622475

9846223168

8848622756

9495669595

9895222159

9847444628

9778389893

9744085174

9846200997

9747588703

8848000659

9497289891

9495293205

9539703449

6282724739

9447766604

9744802659

8589990184

9947142935

8129423206

9496204916

7012779633

9074660117

8281942160

9447328203

9497783115

9048969850

8590833698

6267568797

9995030452

9847256521

9383469150

9656828606

9656832308

9495669595

9446837236

8606781318

9656883080

8089007546

9188324899

9947424111

7907566246

9895018010

9496969237

9544567195

9809558008

8281951732

8547007553

9446317552

7560810278

7736546972

9746599459

8848235293

9562677802

9400414832

8891122311

9633364303

8590698790

8921797753

7994491481

9447367694

9562200552

9947338866

7306440050

7736295955

9495669595

8547118725

9946035829

9446117816

6238604223

9526403465

9072878871

9995458995

9447419330

9037063202

9567795628

9048795887

9496103137

8111805500

9633607317

8113869118

9995089363

9745121100

6282118014

8618005119

8129298107

7012251660

9400743397

9496152442

9567765215

9400157209

9562682282

8136997584

9447038300

9778755163

6282311635

9495669595

7306788989

8086896230

8590801554

9061776337

9847106007

7907566272

9496096018

9447400369

9447223442

9072827983

9947883698

9061430388

9747651312

8606004444

7592930402

7736638684

7356791231

7306867544

8139836560

9072275000

9562637650

8281285923

9447035144

8943366280

9995358569

9567224295

555774261

7994545302

8129415180

7736683002

9495669595

7559922985

9496902434

7012570366

96569643803

8589864231

7558005689

9446497078

9061651085

8891976843

7994471915

9400405940

9496670621

9400150755

9961635635

8075836741

9446754770

7356112244

9947306838

9847505852

9846462811

9495751290

9895176107

9778386493

9645859240

8089183848

9447560716

9188599640

9447907765

9544003635

9400837543

9495669595

9895791395

9567143988

9947798682

9447304230

9446573117

9895884711

7034767656

9900128447

9562030978

9061114751

9496175577

9061194111

7829888576

9446336491

8590267744

9562382363

9037091003

9995137396

8547225639

8943614753

9074207018

9074542379

9717832386

9846851957

6282462892

9847895474

9447006745

7306680070

9496270175

7012125874

9495669595

9137575047

9446876775

9188221098

7560854090

9497606007

8943390390

8943305011

9446501230

8921866071

7559952371

9400377496

9447171496

9447445056

9567598490

9072058552

9497059419

9188300575

8089318909

6282057649

6238384530

9074398429

9633224915

9562056099

8078170754

9846344104

9645025968

8547499296

9886138514

8589941404

9166586916

9495669595

8136820371

9961414572

9645314477

8590948862

96896349071

9544456513

9746347425

9446294609

7034995798

7034752696

8606547744

9447028640

9447481695

8590666923

9447514609

7902660871

9946903382

8113921898

8547350808

9496617958

9446096092

9847278016

9656899485

6282365719

9497135523

9497647863

9400750739

9567645136

9861566592

8075783135

9495669595

9895474042

8078815582

9496221469

9388887780

9495302212

9447506562

9447219748

9526802837

9847516616

9544820806

9847908031

7902480325

9995192753

9496326141

9645546455

8590373670

9496402767

9895699540

9544233455

8289916595

7736471721

96898852838

8129941065

8089120642

9446465050

8129592997

9497641447

9447557768

7025421320

9895072145

9495669595

9746852231

9995377437

9323848307

7012542122

9656693050

9895705749

9645084401

8921904808

9400076482

9446052189

9946148677

9947241835

6238378118

8921305090

508523024

8547296324

9633416734

9037950650

9446159900

9567643727

8943570615

6282347599

9447355605

9447327002

7034760474

9745814485

7879599801

7025211581

9495204190

9846929548

9495669595

9446565331

9902011843

8606937146

9895871306

9650603666

7012916398

9495524095

8075427975

8921372123

8086677886

96566789357

9495725153

9747703877

9497295097

8156828739

9746112699

8138042561

9400512633

9495177972

9188849023

7902936776

9744872468

9061914099

9446265025

9446144231

9497349716

9446110100

9446244326

6282975722

8078963086

9495669595

9447526208

8129415103

7306827029

9562078197

6235744304

9567276563

9947122187

9446894676

9072290563

6282500918

9895679114

9496710230

9400442112

8606166660

9645158163

9895054854

9446766560

9495575698

7902671470

8593872874

7012738323

9447453412

9072165611

9946448052

9207479474

9847386082

9645538084

9744424114

9446136613

9995476641

9495669595

9946499555

7306791072

9495492330

9778483095

9539130671

9446347018

8921858073

8078901367

8848440891

9567451199

9895970107

8075615269

8592997315

8129412156

8590503262

9895878689

8891401700

9447103911

8848762389

7594843855

9496225198

8606275011

8590398793

7994252319

7510384318

9847093725

8075962883

9895016766

9447570871

9061723154

9495669595

8089989421

7025113622

8848649387

8075155309

9496229805

8301072606

7025534815

8281824553

9074622682

8593823062

9656098358

7025345505

9778361012

7510920759

9961667138

8129600319

8714837433

9447862736

6282666915

96566785038

9446583898

9061984282

9496866158

9645634402

8891829361

9496725767

8590814057

9846731988

8089234913

9745006897

9495669595

9495791729

9567655760

9496132891

9446294369

8089890523

9496283439

9446555915

8113900493

9567541699

8078544323

9496260298

9446588652

8848599519

8281713808

8943386771

7025775237

9562366655

9847098796

8921753750

7510570434

9447500486

9995312371

9847599177

8547746783

8590782925

9778593248

8301827155

9846029246

8301944057

97466542087

9495669595

971507534592

9446204986

8330037977

9447138494

8590518565

7012238199

9496322647

9188360226

9446467005

9495727889

9961755751

9446592202

7907098503

9995253458

9400493153

9447457115

9447779503

7012878926

9495711917

8592847788

9495319973

8113034892

9400700160

8075683420

9048459995

9061974620

9745490955

9074884379

9539987882

9496877580

9495669595

7907600121

8590304108

8589865898

9995855148

9847978172

9495113906

9995434560

9446026363

9446010943

8848420615

8714821164

9495208870

9074577843

9645360413

8891278986

7736669074

9496181314

9447246555

8590766198

9447891973

9961084933

8281501122

8590344454

7994954731

9496230109

9495951358

8590932377

8547175506

9847437216

8129050274

9495669595

9895503405

9447096427

9961737319

8921155135

9567770408

9846009244

9447145317

9746614622

9567563600

9961270580

9400417100

9496740217

9746563337

8129930065

9744385009

9633163529

8136873781

7994396538

7356879888

9778440262

9074369422

9495484393

7510378020

9074870678

7902353047

9400117402

9995063969

9188421631

8089944543

8714383454

9495669595

9895537980

9645219270

8089369977

8129218370

9947046754

7907883295

8921042602

9446274694

9961991130

9645079779

8590697029

8891200446

9383465970

8590622843

6282383780

7510859066

8129294906

8138054456

8075590177

8848458406

9497091133

8848992091

8590453647

7077784086

7012089191

9526904544

8547125138

9400520831

9539503617

9446222090

9495669595

8139058483

9447090960

7025366321

9447883678

7994314801

7736679930

9447961015

8593918201

9447825026

9846272399

9946874550

966506920289

8800020020

8714024650

9744778388

973 33111974

9946797100

8075914734

9447061840

8709364478

9632719342

9447092493

9447329444

8078050728

9895329504

7736713778

7306761456

7559814084

8590548872

7034407158

9495669595

9544668362

9847194900

7405740767

7306995050

8547179217

9526951704

9544608261

9442961390

9778292491

9495467873

9961466770

9746574024

8281720386

9447912295

9656737872

8590172033

8943955260

7736128202

7560914895

971505578671

8921643912

8157073037

9447228102

9048022620

9447456778

9037144949

7558857005

9745699100

9446544889

8137023813

9495669595

9495986641

7306119145

8075835128

9072071835

6235860903

9447595500

8921025539

7042304303

9497247093

9446385749

9447671508

8590900983

9745579128

8547014804

9072427900

7034126864

8281885298

9495391901

8714817919

9048551676

9447373981

7907684583

9778387191

7592069212

8590638115

9037997455

9495659493

9605262106

9567116544

9446700544

9495669595

9447219979

9847254620

9072284325

8547809939

9446332079

7306247716

9895209504

8075481912

9446419578

9961548713

8606422560

8590301285

9847855835

8547159298

7907501061

9446952615

6235306817

9947263462

9037408360

9946060648

9496172768

9526781919

8590377455

9446996650

8590431395

9947421790

9074241728

9995620503

8129174899

9745853875

9495669595

8921758436

7306469205

6238191155

8129386015

9645091921

9947562648

8590301548

9633211044

8304089785

9482074134

9444341972

9497511868

9447393621

8089045000

9495858545

9895217464

9446059941

7306570186

9496665943

919895213554

7736560357

8301863414

9895548718

9656398517

9400904620

8921975244

8113998039

9656831099

9447153473

9847453739

9495669595

7736045024

8921123421

9496270125

9349032420

9846347047

9061760112

9446339290

7025599876

9497576814

6282146313

9961070546

9745820228

9895933348

9895889851

9995515632

9496728303

9946060340

9497085583

6238191513

9447333906

9447014222

9562723480

7558904595

8921844869

8078010864

9400179197

8848576026

9744316560

9847614173

9207841393

9495669595

9526333860

9207476478

9645002060

8137039238

8848497950

8139878811

9446740834

9447659440

8304020160

9539432910

8850291467

7907689629

6235925096

7907747148

8590683185

8943422832

9846013366

7907590228

9892519035

8848664269

7902401005

8075208923

9497203813

9538826888

9249524546

9497486993

9567370777

9446260073

9188108912

971561214816

9495669595

9446564819

9249873551

60126957216

6282535131

8089737325

9446271924

9447231172

9947318024

9744094047

8281294150

6369029828

9495804080

7736221632

7012058161

7306993271

8921434305

7902419902

8590963071

6282656970

9656476905

9497629543

9446596260

9656276410

9847614086

9061361248

7356539587

9447811330

9188172384

7736242294

8848077729

9495669595

7559054988

8921789641

9847190140

9449730003

7025337467

9495209160

9496147375

9984350999

8848506114

9930059812

7902618564

9446435381

8921147257

9496985177

9895018169

9488540597

6282966224

6282332642

9496218081

9288603824

9745005318

9446353108

8921067073

7306465334

8943348488

8590259238

8157018202

9605024592

7428915126

9400953426

9495669595

97333307181

6238837113

8891853245

9074824665

8590500611

9495722075

9947000550

7591989064

6238863987

9946647402

8086086109

8237946166

9446378473

9495951455

9061009585

9946335464

9747665942

8848584558

9207020911

7306053254

8289875642

9447966801

8547566106

9496340246

9544444111

9895828358

9995285076

8075592575

9447106685

9526986298

9495669595

9074484644

6282727354

9495676733

9446361125

9847084297

7025042562

9995832302

8714742561

9745539612

9446340056

9400200307

6238316024

9446027543

6282698287

7736284463

6282699974

8075840939

9895822071

9000004173

966556045298

8590850947

9739849633

8898888550

9746781662

9495864829

7306889297

7736994496

9846437385

8848258850

9188652783

9495669595

9447905223

9847333262

9496843085

9207842248

9188330397

9995979441

9544731967

9207318645

7736284463

8590799741

9495505156

9167496665

9447121122

8714546210

8590312172

8129179738

9818966241

9446093472

7306711253

8798740235

9778177834

7511100029

9677027297

9605436428

9447070702

9633121889

8606590831

9745653077

9447440523

9846124213

9495669595

9947847731

9446067320

9946921088

9446430086

8848560486

8921979211

9633317060

9447538126

9961196593

7510225900

9946300329

8075830794

9930945388

7994658292

7012487528

9495660075

9072481338

9447880820

9995760400

9539057557

7012911207

8848534002

9019476620

9645005130

9072965854

9445953138

7994270109

9400163479

6238933182

9567099021

9495669595

9446178414

7736759126

7356077407

9446466568

9037581718

8156940863

8848909401

7034012590

9447255987

9629815314

9496435770

6282071723

9544583212

9207793571

9447762309

8089809678

9526462741

9746674413

7012333193

8281015614

9400372387

8078701375

8129372381

9249426661

9605105755

9048033294

9072428780

9497108730

8606058722

9061046584

9495669595

9567260147

9605043950

7593992860

9567244943

8590775657

9961256575

9495337022

9495994796

9037213619

9567195972

7510833896

8078848354

9846316566

8592913462

9072137373

9946668788

9188148086

8075790211

9778717802

9526236058

8547726642

6238488738

8075494376

9388857541

8590768678

8943856989

9061914965

9544451720

9744397875

6238847992

9495669595

9341968535

9074065318

8129709820

8848867341

7356391927

8086223197

9447641172

8891592168

9446829174

9447871406

7025993474

9778389574

9447062720

8592948135

9207198902

8606642897

9746246226

9955611655

9061778968

8590815247

7736673255

9895567904

9447675129

9446111228

9497776980

7902965776

9400036755

9995869744

9544289913

9656860889

9495669595

9847060367

9383465875

9846050117

9995894879

9745846535

7736799139

8590731206

9496713593

9446229688

8129292280

9562042175

9633591725

8075025032

8078228040

9447702701

9847188362

7306419966

8714110647

9207684136

8590398086

8714761095

6238454018

8129791660

9605467063

9400609562

9633361883

9605211286

8078375618

9447047474

9597016857

9495669595

9447034970

9447968078

9497823490

9995422765

9745158843

8089433215

9072255666

8848084479

9995696112

9895648810

9747463966

8590572960

9567722083

9496518513

8921266996

9745383250

8592031725

8089007340

8921627138

9826280569

7510951379

9160217599

8330055790

8593066305

9747812448

9946447772

8891493312

8157819006

9544506150

9567126076

9495669595

8978672798

7306609459

8590460325

9496278787

9745330692

9496419808

9446468291

9846013047

7559092888

8075337512

9446387925

9847669426

9544316094

8593019913

8594072453

8086912795

8078263547

9895040017

9495072413

8113905038

8590845303

8592057343

7356201269

9495507653

9496221288

8590745702

9447431994

9946778045

9446545345

8590463932

9495669595

9447120397

7034633896

9746222400

9900994747

9447875271

9544369465

9846576755

8606738888

9447401633

7594852583

9446055502

8606703741

9810533680

7025075094

9544198400

9656155872

6282252062

7907146988

8281507833

9745364853

8089453303

9946490920

9895564936

7994204094

9656314002

7591900002

9447144864

8590513504

9061429045

6282441620

9495669595

9447403046

9544267115

8590642274

9746274972

8593096744

8891631529

9447906458

9400472402

7012605607

9167319859

7594005037

9656548887

9846077786

8606165495

8921223031

9446521169

7025169466

9946661702

9400537044

7356057853

8089554123

8281780799

6282920853

7558800005

6238841432

9496629770

9995446684

6282344881

9497329756

7025606494

9495669595

9497840656

9539951451

7510216799

7736752094

8078543680

7306076662

8714825009

9447480143

9400648230

9495230874

9495653909

9446967138

9495094035

8921055424

9847766030

9400786537

7025846697

8547311424

9562641302

7558899945

9446966529

8921198503

97333734226

9746047602

9497206071

9495688601

9605705818

9778229590

9447291449

9567455270

9495669595

9744633898

8138972345

9995086944

9400514395

8075577688

9080858199

9446547727

9497641978

9968334980

9072114958

9846062380

9446194212

9061941465

9400747831

8113951615

8891135184

6282704347

7559032480

9995385310

7888300200

9745668068

7306919603

9847889222

9656207212

9562152946

8086695573

9446075965

9446701071

8848028509

9746292297

9495669595

9447450912

7736189292

8590821152

7592984667

8891623323

9048500078

9526638592

9544749291

9895247133

9656158721

9778772802

9895034564

9495734676

8281707262

919562923029

6238906876

9447055540

9895347593

9744530360

9656917291

7510996649

9895400107

9995722200

9400977612

8590491508

9447362847

7012374233

9746289279

9747280047

7306006178

9495669595

9778191311

8078433516

9207792228

8714363202

9947450473

9645778671

6235094324

9686570108

96892378147

9496527503

9072205561

8921296082

8606235310

8281753072

9746979271

7736644557

9946891430

8590319397

9895270013

9495405569

9895472818

9447902279

9037947115

8547854150

94766855566

9496181146

8075426142

7306142732

9544065112

9961440388

9495669595

9526068105

8547579999

6238877628

9446928457

8921935782

9995045981

9495849103

9495713246

8137055025

9946091047

9946885410

9400411550

9846825969

971561295531

8078812497

9567699568

9447116541

8139843288

8590379575

8848537210

7594891805

8078497094

9846245119

7994901272

9744235272

9188491774

8921697501

9249218050

8590726463

8289869867

9495669595

9349495386

6282262472

9207181104

9074483468

8328071938

9188046876

9447906458

7356468380

9497590804

7994834548

7907142416

8921973872

8547547810

7510370040

8138064910

6238044878

9446662837

9539029900

9495364667

7306455231

9048228237

9995837612

8592856666

9895054090

9539923643

8130217350

7994980756

8714392274

8590843872

9847972774

9495669595

9846010021

9339245130

9497715441

9495190543

9447048307

9446221241

6238566969

9061350737

9496391255

9037007113

7356184320

9493974094

9048783649

9495068177

8078300530

7063913242

9496962310

8891685401

9961005360

9447960319

9633284893

9778327359

8281949029

8089583726

9995821180

9847099089

7902222788

9447496090

9846612777

9544621804

9495669595

9447024923

7025568777

9847074932

9346009050

9446100975

7510699495

9446580767

7010420151

8547885242

9995811442

7012909602

9841295009

8281238458

6379739983

6282664882

7012511156

9446492870

7736855349

8590846788

9488201762

8547767596

6238944506

7994201845

9496020806

9496203797

8848256069

8590776367

9946619075

9400882168

9605862757

9495669595

9188650978

9567528609

9387304220

9400872086

9746119145

9679599720

9567162811

9497777207

9446456985

9074123752

9746473876

9943081259

8592929748

7306682352

9496609516

8301804009

8590787835

9656069592

8547507567

9048857962

9645651501

7510919056

6282273566

9388893282

9446161100

9633377962

6282100644

9947297845

9447674175

9946224240

9495669595

9446500650

9895944641

9539111155

9946563382

7012143915

9207695908

9497192474

9946863307

7012811510

9791137146

7403044143

9074685604

8921545508

9400087920

8248913584

7736476720

8547734129

9778152628

9847718864

9447281640

9349129147

6282985371

8075330500

8078543799

9747351680

9946885434

6238308605

9961601250

9778799210

8157015892

9495669595

9446601548

9526313444

8111951180

8129426031

9400114797

9633015180

9745344409

8129907466

9846188348

8075298565

9061360151

8593853971

9447126380

9037687545

9778767810

7025475506

9995455422

8590865362

9895179390

9846842201

9645124430

8281336961

9846603050

9961446765

7012596273

9847397797

8590937034

9944600733

9946563850

9745111972

9495669595

9442022618

9447921599

7012514891

9495643595

9846087615

9446311008

9895580804

7012319837

6282578502

9446375848

7907154004

8593019250

9495019070

8078371241

9526010540

9447022533

7025806355

6282331433

9497339329

9847315206

9778198353

8714882484

9539855993

9539689749

7736788996

9747545170

8547496938

6238254762

9995555828

6282598251

9495669595

9995481807

8590519758

9746198964

8606318436

9072169565

9496176696

9656897570

9495942419

9495447784

8590308401

9567467126

9605542210

9847159840

9074451880

9496805500

8075160584

9633458460

9447303303

8281251060

8086737277

9526033595

9497661061

9061030331

9446162491

9447788150

9447355865

9496852583

9746887012

7025345428

8075536732

9495669595

9562388106

9947222504

9847041841

9995302503

8589023286

9778142668

9249419142

9778368837

9400126344

8848815284

9074862296

9995138132

8078809365

7907499024

7012794463

9496864801

9656745454

7012560585

9846536260

6282862688

7736978580

8089724753

8281464975

9188685875

8078479398

8590274052

9447130373

8593993266

8156881668

8111869090

9495669595

8129357167

9447762289

9778326330

6282990952

9961919531

9539206267

7510113889

8891223834

7559023319

9496077613

8891066966

9744747297

9746748169

9600615967

9656006274

8301041374

9656102965

9495755275

9496166113

9633914615

9400967793

8921901608

9961516251

7293352749

9207150815

7306593255

9447355920

7736640391

8078882323

9447411359

9495669595

9562859178

9846728443

8848365457

9495242986

9778182527

9656110278

7560860867

9846091439

9990824121

9446996087

7306453579

8921573016

9847902813

9895632875

6235005123

8848156942

9495859820

7559862364

9495088709

9633981969

9400466873

9745650050

9074286695

8075230575

8086989130

9946873695

9947293212

9769410835

9446278552

9895238766

9495669595

8086748801

9446051545

7306137065

7510143234

9645125441

9947746302

7902868768

9986993463

9446565557

9447428280

8848491169

7306507597

8129358708

9495468987

9962038085

9497793889

9961496393

96594980506

9447013997

9447635839

9447739225

9986427654

9605711348

9947662988

9496326535

9495025337

9747422303

97338981282

7025941294

7736967815

9495669595

9605045420

9400445255

9656235492

9400406060

9544091245

9447680995

8547274678

9544648633

7510702757

9447050198

7736181024

8590728548

9656765520

8690554391

6238095823

8075349612

7012682647

7736745657

8113967757

7510170697

9074670159

8547676405

9746797111

7356846461

9778144962

9895555086

7560834316

9400521942

8547820871

9497474000

9495669595

9446353473

8714128605

9384670562

9446172621

9847539222

9447695933

9447997068

9446187451

9747836858

9207338006

8129593792

8848223285

9497357059

6282355743

8075397242

6282599502

9747211531

8921221708

9207077822

8891481699

9447052204

9995311232

7736192278

8848510287

8606304889

7025320766

9495522972

9745071045

8281930485

9037368687

9495669595

7736487303

9495039702

9539286267

8714107196

8590395405

9746917204

9446096676

9447981284

7591926092

9447548394

9446452183

8590791269

7025847494

7559979024

8547995884

9526222952

9400113616

8075299898

9495928551

9446616168

7736689451

9495566974

7306108686

6282684774

9746731011

8281835737

9947950707

9567235951

9446497555

8075181048

9495669595

9778263432

9495828376

9061553544

8547750134

8590821083

7561033605

9895126803

8086600009

9847372880

9539491321

9747247001

9072103331

9947821575

9645629223

9495271479

7356480365

7907141109

6238751328

7559092111

7306391099

9207319604

8129868468

9895194483

9072091363

7593961298

9074830382

9744098651

9995103155

9048365042

8891675412

9495669595

9745137387

9446879071

8547270067

9846257345

8891915197

9539732175

9961666612

7510251168

8893192005

9446442070

9447423979

9746931481

9526003540

6235226383

9946758990

8699000591

8075211383

9605222190

7012005385

9961248217

9495046913

8593898021

7510731649

8589882586

9447261322

6282437575

9747423690

9847494543

8129739575

8089482562

9495669595

6235090992

9496969136

9497188955

9447405595

9495156455

8547821307

9447788256

9400018046

9847951760

7510729225

9387291090

9745240421

9895057258

9847574616

7907174541

9539633094

8848659771

8921015767

9539795984

8129132802

8301062844

9074119982

9886133292

9745492680

7025986700

6238288544

9037820802

7994735333

8590394506

9995445929

9495669595

9847956752

9645233633

7598129968

9037174244

9747391013

8075555734

6238768352

8156998220

7736760771

9400010719

9544906949

9496141009

8089624129

9959609450

9495549902

9447167557

8590111394

9446500112

9847712789

9446766683

7025456876

9947557557

8943732035

7907546680

9946855137

8129527817

7306543406

9188583119

9895029702

8078048542

9495669595

9074902569

9048495911

7736057972

9447408041

8129497143

8129676607

8592079965

8111809440

6235230411

9048495911

9895635317

7012686642

8113819773

8921168031

9448250095

8921847524

7012177975

8330086132

9446810165

9526806230

7306817895

9496388138

9995788316

8113023110

9633797476

8089098090

9447651623

8593886787

7757959897

9746286101

9495669595

9995805627

9847194963

9544783521

8714060768

9995844054

8939353710

9778349117

971509344869

7907071199

9633257584

9495252033

9074691700

7994270517

9656864316

8848813190

9497287858

8281166394

9495025337

9446986411

6235538589

9447019173

6282022868

8129659009

8301029235

8590939754

9446494887

9447153823

9656058055

9846734390

9995159243

9495669595

8089167354

8281981337

9746400904

8281146769

9446476777

9497151388

9446502343

9746044144

9061104442

9495008276

9497640381

9400900077

9446749926

8891874928

9447006530

8594027829

7736791955

9778515660

9744856298

9001501303

9074780066

9447592971

8157940827

8075978680

8943681222

8281071966

9444844473

8590819636

9846934601

7591998589

9495669595

8078941583

8137855057

9995680372

9895260084

9895600233

8281847878

8891502820

7558956793

9496316868

9447962024

8075593395

9447470049

6238473446

9447520734

9349522919

9847301177

7096926992

9188703212

9946447859

9633867965

9446784267

7907136323

8141866793

9496180038

9946014484

6238818388

7034359071

9778128687

9746428111

9446409919

9495669595

9446077393

9497104181

9446837001

9048198147

9847631612

9497147531

9847003726

9446237825

6282945311

7356026604

8126486121

7736573636

9495329535

8606359752

7034634249

9778096482

8089201760

7025543958

8921476806

9995651162

8281302559

9946644095

9447306231

7025294252

8156821547

9446737319

9497146645

9847004226

971505876853

9746376781

9495669595

9446054244

9656160180

7510112110

9895370659

9619630263

9946666776

9605370313

9995115093

8590631503

8113994126

8547562617

8547130638

9497677181

7907424123

9946086155

8075178009

8089268379

7594837618

9400453736

9447856944

9447885222

9747592910

9645628474

7012628749

9074759188

8075652287

9446029691

9605813613

9447924524

9847883269

9495669595

9633564307

9746397895

9562198991

9526310697

9605493486

7559814240

9497847364

8848783282

9895771704

9745807977

9895783188

7012066183

8089157405

9400493683

8943989349

7994792752

9496478459

9446219702

8075749560

7510671954

8136878119

9995690744

9744778166

9495902757

9207068341

7510327869

7034829304

7736266898

9995821882

9526550412

9495669595

9995788890

8848630825

9496928889

9447817044

9446496896

9037978378

7356740289

8547581505

7907060115

8075815224

7909199021

7012149934

9495827628

9567055990

7994693665

9005518028

7012721545

9447153361

9947683493

9207874642

7306307204

9497781963

8129786643

9447416959

9895009094

9061130437

9995275878

9567773329

9744654813

8129112415

9495669595

9048262135

9746568763

8075721186

9947603141

9778155526

9865122862

8281834858

9846249930

9446766035

8137840859

9744335314

9946700059

7736737164

9645578769

7306394116

9207553383

9747438726

9656050099

8157885288

9446452031

9037459619

6235293179

9447488643

9497606062

7510351022

8921497400

9074993028

9895817738

7907398748

9895277840

9495669595

8547799640

9850389328

9893909357

9745907690

8921678028

9496361110

9539192964

6282416496

9446440665

9895013071

8086279906

9745471321

7907200298

9946447943

9605431917

8891976798

9747870305

9447063104

9809137680

9495783191

9778045806

9526404817

9526811075

9400786598

9895755909

7356478722

9074299679

8590828658

8848933722

9446567523

9495669595

7994520115

9074984970

9946392354

9526538538

8281692349

8590471863

9072205180

9446004418

9567541411

8075505083

7559950955

9446636847

8301024110

8593013735

9605996833

9447569050

9747555027

9400142991

8086286945

9496295222

9061668835

8590815037

8590916768

7510107939

6238240160

8089432326

8590954660

9447575637

9447590244

9400941717

9495669595

8848024088

9447773756

9744012470

9495674133

9061441041

9778560602

6238117709

9447691391

8943605989

9048809792

7510800557

8281150354

7994303788

9747359039

7306596687

9961737475

6238080331

9946711132

8075241394

7909162091

8590981323

7907685967

8129904377

9605404765

7406086823

9388185123

8943107120

7994813190

9387495023

9846043371

9495669595

7907474714

8075181329

6282146892

9446054520

7510107939

7550249936

9645441035

9846786978

9496814901

9447654245

8590445221

9037389311

9447277974

9447877630

9072721350

8156883335

9400476129

8301905464

9496138095

9633147364

9747575045

8921741563

7907363227

8547581581

9995149704

8547347522

9745801749

7994245436

9447515277

9895952242

9495669595

7306002401

9539900304

7306940459

9207463303

9947633279

8129183910

8943181158

8111834242

7736205436

9446382959

7736872522

9287961786

9778292789

7594951067

9447905585

9037705985

9446453044

9400756629

8921048846

9495791524

9497380118

8589835262

9497125108

8590971225

9567378301

7902936054

9562407444

8848332176

9496297331

8089393954

9495669595

7356243608

9072429281

9447476411

9447567226

97333089323

8075929931

9495383427

8848419955

9495793629

9207844094

7736176772

9446616171

6282105096

9995596922

8590033154

9747927219

9446419773

9995699286

7025170581

9633981292

9778182113

9188313581

8714881872

9946731282

7561001174

9847125381

9539353319

8921658147

8078079119

9809898917

9495669595

9372229441

6238567352

9048047637

9388355528

9645068934

9495973499

8078293608

9446751499

9847614580

9497323975

9497644714

9495453453

8590975950

9207545703

8590529470

9895120110

8848921312

9847922097

9495892876

9400716304

9961911867

9656791816

9946786966

8547429949

9961889303

9495657202

9894713777

8139040534

7902527243

8075558108

9495669595

9539379606

9820387631

8157048794

9447210192

9446457111

9497025589

9656644992

8330015696

8593033652

9048070429

9833038112

8129601068

8129339207

8289938038

9895388300

8281878604

6282922956

9567765230

9633182669

7025522843

6238244935

8075681702

8138066838

8105988916

9895490222

7902771280

9447875221

9445003713

9495824087

7306482311

9495669595

9961076681

9961324611

9061665136

9446363259

9947408580

9746916814

9961852803

9447278335

9544160317

9495810310

9567840688

8075601509

9495987592

8547910471

9544145739

9061441387

8089223780

8590960400

9567849520

8714229337

9539849773

9495318552

9074335866

9526731065

6282026120

9074566135

9388606706

9633500701

7591955706

9744900947

9495669595

8921114158

9846746387

8089748709

9037507251

9074278138

8714138578

8547328066

9633394402

8332849963

9825129585

8129264603

9847099949

9895024229

9778241395

8590905263

9495819965

8086767663

7012653063

9061994473

9961003260

9400719320

9605512094

8138079930

9446496718

9488114181

918111882255

8590639355

9496080938

9539966661

9895270969

9495669595

9400235299

7306489478

8129916383

8592051890

7736555831

9061436682

8547015043

9495417323

9846010040

9495018987

8943087699

8304907229

8590357437

7012129752

9746400857

8592086053

8590931655

8921126755

9447046233

9495308173

8086111174

7994964703

8078276353

7558869454

9995356927

8943495062

9847477424

7034265540

8105854588

8848753282

9495669595

9446442001

9778317616

8281790964

9645770190

9995134628

6282394954

9447809193

9946431927

9495575604

8547319769

9037663347

8714459003

9752500691

8590541069

7306644102

9447295061

9497342665

9388033312

9497150544

9495141860

9446819821

8848271296

6282622369

7306607670

9995102762

9746420315

7034262518

7736632038

9778440899

8592813198

9495669595

8531021517

9037749600

9446370135

6282932471

9656223922

8157992116

9361920382

9895067197

8086119657

9847020500

9495480028

9847036122

9995875860

7902623260

9495987658

9495934189

9447118331

9605899797

7994411155

9446475746

8547679361

7042105045

9544514326

9745314518

8921108464

8281266501

7356956035

96565033019

9778558200

9605416468

9495669595

9495660394

9495356277

9562513289

9645082498

9037567301

7592009163

8129060135

8714331290

9447144121

9895195220

8590550081

9074243350

7902460295

9745936472

9447894666

9778495067

9072549312

7012506424

9446738917

9895419238

9446415893

8075128061

8943082236

8086969700

9605335604

8075064699

7510353183

9495067031

9961464764

8921516026

9495669595

9446125298

7736666711

8590125754

9746733496

9446464574

9074737537

8848593326

9349108340

9946000262

6282496263

9920531335

9895280915

9567843944

9961447906

7907879156

9633937613

8075705571

8304001799

8921771021

7736980535

9961876490

7306915470

9778129007

7356084175

8547500790

8606410568

9605420256

9995475035

9497036714

6282420803

9495669595

9447221050

9447494511

7034458081

9847672117

7994625664

9778384910

6282672737

7025987112

8086611182

9446501001

7012202003

9072278242

9495110145

9388799997

9747688607

9567819512

8139867176

9249488064

9778189821

9447365437

6282242552

7012735682

8078595781

9072717739

9745002556

7902259026

8113901175

8921526077

8547456527

8281738077

9495669595

9961632314

9544847629

7736669010

6282396389

8075909670

7306351039

8590834951

9633619572

7736726476

9447029988

8848177400

9947857287

8714469698

9072486110

8590437352

7403121210

9947371022

9288012662

9745771381

9495702323

9496438478

9496018023

9388476396

9745541265

7902878114

7708930903

9895813280

9846753984

8075674568

9562540535

9495669595

9495303920

9645488428

9048924251

9446052588

9447847752

9400362197

971522184994

9061378010

9048520369

9446178245

9656565101

9778244851

7306130091

7306728535

9072470925

9497557644

7593039040

9526922326

9895879697

9400531578

9074209157

8075614760

6282584773

9446318990

8075663248

9656011976

8248600751

9895824399

8848928166

8590311140

9495669595

9048705487

7356017173

8089205831

9447969224

9745266697

8921764761

9496203309

8590689245

9497889500

8089778072

9497330679

6282450652

9446623004

9744748517

9176123788

9567222124

9495872846

9745108018

7561803101

9495333118

8281124840

7449165060

9447222246

6235661995

8301878427

6235682593

9388446904

8921627489

8086521435

7736814592

9495669595

9447376054

8547124946

7012308571

8086549979

8590540048

7025390236

8136939314

9747337008

8589849877

9497005608

7510951785

9446297332

8943613304

9995742069

9778027723

7022872545

9961416671

9846814308

9744933748

9633744766

8547184426

9846932823

7561870755

7558084140

9895614722

8078484566

9746899979

8075659902

9004470216

8136816079

9495669595

7356171316

7994745647

7592033482

8848285949

9048021291

9846221515

9744413840

9447382987

9656208006

9995444485

9447095919

8921675082

8089877379

7559887017

7012541567

9495787186

7356387016

9744956449

8714375034

7907385052

9020069005

8129972212

9447086229

9207560780

9947098423

8848717045

8949720532

9388822555

9778550351

9447376029

9495669595

8281865318

6235219731

6235353030

7012527423

7510706613

9567377446

6282464099

8592811652

7012091461

8891044694

9778092576

9495993288

9496038226

9912063801

9895899713

9496195979

9447263069

7902853566

8547160722

8590992984

9400548557

6309395877

9895372268

8075903952

9895028513

9895486092

9778402090

9947453742

971563137565

8075940432

9495669595

8714473381

9400621427

9400829424

9188132637

9495241377

9995177800

7012725354

9886510890

9400867878

9961832882

9048079582

9400441426

9745747352

9847677077

8547355256

9497781866

8078895049

9605890501

6235068150

9544148689

9446476561

8921009281

9947654485

9656040073

9526455645

9446312972

9447858732

9495163391

7510316694

9400844380

9495669595

8281190179

8139048621

9446565714

9961295835

9446494242

9946300036

9387812718

9745023163

8590486375

9207324394

9495834950

6282676254

97336065090

7012117113

9446402233

8547207310

9605167437

8590309373

8113833320

7907700750

9446302643

9526828213

8075686058

9497329120

9895046293

9869860150

8089973732

8590369422

9744416724

8590959649

9495669595

7560832270

9074605057

9961245119

9388918922

9447080888

9207050830

7025183991

9846637163

8921440536

9446905513

8129266717

9847166022

8086068154

7558897943

7736901763

8606299170

7012962690

9947473658

7025211140

9447173451

8891078910

971543000725

9895728951

8714460273

9497689637

7012613092

8606001347

9446430078

8593948340

9447485393

9495669595

7907377090

8891799698

9447462660

8921795576

9744607262

9188041158

9447287655

7994552002

9605041805

9496343240

9995024881

9072936841

9061386114

8590991433

9446020339

7013695757

8547653806

9995276050

8078748227

9188869275

9447408682

7902762001

8086993496

9495366455

7356851084

7736271426

9745235058

9846402366

9497005608

9447539669

9495669595

8075219165

9947988890

7736290445

9447529225

9847909211

9746076840

9846721393

9207279611

9778359160

7736278048

9446933699

9746131593

8075210072

9961739078

9495757352

6235535575

9447632270

9995329387

7907720275

8714808446

7510977748

9037585243

9539700560

7012701301

9037618654

9961854108

7736549643

6235365990

8111957764

9037081725

9495669595

9778378441

8590368468

8590148420

8893812265

6282993238

9074751962

7907402284

7025919510

8078347346

8075507123

8089314954

7994035287

9526261222

9539063995

9447869061

9847050516

9605497112

8590529212

9207736483

9447185522

9387240075

8921040508

9746201585

9349377717

7907971038

9446150264

9447865013

9946719008

9746021135

9447857834

9495669595

7025035444

9961203536

9995166391

8281320852

7559000675

8590779773

9746769512

9656997355

8547379514

7994404116

9497054996

7356212033

9961235879

9446304305

8943115929

9895217716

9946233634

7510779287

9207464481

9447361813

7907544923

7736775990

9497742222

8078280051

9497846238

9846960100

6282883249

8089607891

9656568456

8943397651

9495669595

9048231213

8078370967

9072732329

6238052539

8075032018

9562552000

9495971122

7034009334

9895272137

8138890877

9656077767

8590664676

9496128750

7356407312

9048818882

8606383725

9656294264

9061602642

8714576644

9747837474

9744403987

9562689681

8590779999

9495669595

9995548788

8089921410

8891314453

9995148837

8590959104

9745018935

7736480766

9605533205

9526568915

7012767350

9995904402

9895350674

7736329234

8138095954

9895757691

8590573793

7994957619

9544449049

9778732033

9745933370

9605068533

9400288882

9400931323

9497448798

8547731046

9778111309

9495779196

8891794879

9745664555

9400982188

9495669595

6282279917

9656815953

9947086330

8281334900

6282836701

9947930208

7012134574

9207217393

7994074044

9900735353

9446889285

8281152828

6235517252

9349270333

6238363342

9895680468

9946709779

8281685083

9995936278

9400695103

9400951215

8075062648

9995535327

9747290276

8590829387

9526295130

9074717709

9747912794

7559096944

7592887426

9495669595

6238081845

9961625878

7356058656

7356245501

8714438852

9947378199

9961290253

7558063787

9061491409

7736281549

9778391642

7293419491

9495275249

9645535536

6235756173

7592954735

9061288681

8157890746

7012711992

8086472907

9790123376

8157972445

7902837822

9446466570

9539110848

9074688028

9745051298

9562025732

9497666046

8078830836

9495669595

8281634350

8606081442

7510113175

7356846528

9747976940

9895905217

9747346882

9495929059

9446386889

9539475430

9778021829

7025187360

8848153399

9567131626

7034668822

7356463860

9496496998

9207983838

9847497069

8089834808

6282307080

7025364327

9946761140

9400384719

8156839816

9745143666

9778116321

9048911795

7025077468

9747110099

9495669595

7558866374

7025502203

9061658821

7511108384

7994650261

9495152007

9656040345

9995655321

9061055291

8281237432

9567800654

7025267853

9061358360

9895689287

6238018383

8590629282

8157930619

6235587736

8547189703

7736915939

9895523970

8086987416

9400494626

9567639000

8078045793

9037160307

9745009133

8137959858

9961184144

9645575617

9495669595

9745172742

9605158807

9567766021

8590347228

9746337747

9400577947

8078176217

7034780843

6282460824

9846239160

8590656797

9745593818

9072348295

9846943232

9778131109

9995080823

8089758014

7994586695

9072387277

9446955635

9539671145

9846762927

9747252811

9400477910

9847270660

8075912604

7356472646

8590781223

9567966882

7736604748

9495669595

9895138679

7356180126

7012957958

8606200115

8078597407

6238998110

9061278063

8589028000

9847509041

8590177648

8078508821

7736960390

8089793770

9746767606

9745244411

9497416305

8075234173

7994222411

9995044483

9544288183

9995695064

9495669595

9495669595

9495669595

9446288781

9995695064

6282758191

9746654062

9495595174

7736705291

916235924216
916238201430

916238576197

916238775151

916238897534

916265065437

916282055525

916282309327

6292207506

97430191818

919656111115

919846026206

919846462336

919846717778

9495669595
7907777217

8089521584

8078959717

19663968861

919744933238

19663968861

645900095

9446255982

9446363421

9744711071

7736452734

96892820255

9744711071

7736452734

96892820255

94473605657

9188253249

9633493039

9744711071

5547863634

5547863634

60112378925

5547863634

60112378925

60126957216

9400609562

9446010567

9633366649

9633373866

9633963523

9645433628

9645436047

9447720489

9495242986

9495243930

9495348814

9495488391

9495591213

9496445235

9446535974

9544133552

9746937487

6238773957

9846041123

9061855850

9746937487

9746937487

8590852618

9400458341

9539491360

9945814297

9037099622

9544009066

8879657755

9544330824

9496464979

8003684329

8590509681

9947009222

9388011160

9188661451

9745235701

8089318909

9961130902

7348929729

9972835200

7736998634

9074968238

9946325634

8921942394

6363821858

9447829131

9656181060

8943659367

9846112989

8590408116

7592051713

8086223336

9496729106

8330839776

9946632326

9037882690

9633587985

7510242448

6282040591

7034670270

8590409774

8921192562

8281892776

9447770977

7902634431

9446422164

9495890214

9947036356

9349263603

8593864803

9061776260

9544436891

8281404782

9846027111

8593864803

9061776260

9544436891

8281404782

9846027111

9447170819

8593864803

9061776260

9544436891

8281404782

9846027111

9447170819

9656597228

9496116422

9495167821

9349828136

8129756599

9446756687

9447234288

9747135544

8593871073

7558923518

9539177404

8547080177

9656542663

9447777747

9495573284

7025309009

9495649326

d

d

9747177241

8547726404

9447130192

9633939062

8086325050

9744624369

8086853564

9447258427

9961808542

9446372930

9446337192

9847013912

9946447179

9497088919

9567562331

9562757313

8593864803

9061776260

9544436891

8281404782

9846027111

9447170819

9656597228

9496116422

9495167821

9349828136

8129756599

8593864803

9061776260

d

d

8113943524

8113943524

9744838458

d

9544953651

d

9447753645

9447753645

9447753645

9544672134

9745133847

9744570613

9747051070

9074398981

9847059447

7560963529

9847492364

9061323288

9744689834

9847138729

9061484284

9495472356

9447269399

9961099471

9946106918

9400014491

7012915012

9446756060

9961960764

8289946668

9447753645

9447753645

9447784567

9447784567

9495669595

9447784567

9495669595

9447784567

9495669595

9447784567

9495669595

9447784567

9447784567

9447784567

9495669595

9447784567

9495669595

9447784567

9447784567

9447784567

9447784567

9495669595

9387330298

9061782398

7893892687

7560889777

9995577208

9847085545

8590578895

9497631878

9847853769

9446897674

9995599528

971582292599

9446868440

9497167692

9995611168

8129083199

9539494769

9188762290

8089737196

9495205550

9995149065

9447329765

9995940816

8590346993

7902687402

7012958200

8590968115

9448817930

8089438212

971505453188

8891178741

9048333196

9037900586

9497362790

7902311820

9061954173

7736877205

6282506566

9947609043

7994958329

99958 22324

00965-97630205

9739829720

9388085100

8075861995

9656927612

8547251714

9074581751

6382545616

9495157834

96895685354

971504213449

9946361581

8089630436

9497787433

9060857591

9544566633

9446605625

8078353119

8089654183

9544447981

8590511453

9747291655

8921639017

9846306661

9744497361

 85907 50043

9747497940

9605601434

9391679940

9447380812



9446288781

9446419091

7510951249

9526708483

7510951249

9526708483

7510951249

9526708483

9539316707

8891497150

9947242977

9633254531

9995412689

9656686985

9581543106

9447319140

9847222498

9847032258

9447782216

9745186419

9995592222

9495316325

9037487226

9447321931

9656010095

9496917713

9846207117

9447660227

9946751434

9846732703

9496279963

9768529529

9447663442

9847058199

9605767577

9961022282

8157991320

9946434370

9847611114

9447476600

9446404328

9656382818

9995085247

9446095256

9495859960

9447665571

9961394565

9846512251

9447312865

8606777724

9633116118

9947468207

9446607361

9400782466

9074059564

8547720217

9868491655

7736370661

9847113972

9895015234

9447062204

9495600978

9446785833

8129928011

9446270086

9446689498

9447574662

8281124121

9447930752

9745444943

9847118237

9447060756

9446060610

9605770741

8281966709

9995534814

9447271052

9846929649

9496210075

9446982506

8921256381

9447566912

8281612292

8111865123

9526975141

9495272820

9497364048

8281244494

9605186376

9562164956

9562366609

9744078666

9747562699

9744546844

9495988062

9656761868

9746824908

9895274305

9846380685

9746187222

9605428530

9446491343

9562973803

9656658666

9447589227

9446626130

9847882229

9847843162

9605676046

9544072247

9633719618

9995890026

9495690524

9847266661

9562850559

9388821622

8129131932

9496675798

9809092435

8592021329

9447821753

9961457158

9947475955

9516999000

9447673811

9846438195

9447212989

9895558973

9745542644

9895206049

9847521103

9846184545

9847870326

9207776663

9947099695

9846190414

9995830196

9249791000

9961228933

9605066444

9496087603

9388859699

9744151453

9846224481

9562347378

9847419595

9961202043

9446164303

9497357650

9745781840

9847141323

9048137196

9846310540

9895168711

9567057383

8848355490

9496276547

9846064651

9539994539

7560817125

9400757489

9387449547

9446486153

9847902686

9400409044

9746023723

9747689773

9495840480

9447666230

9495046166

9562202977

9447068895

9995476705

9846186696

9995556205

8281080014

9447663144

9847927721

9946696623

9846222002

9497189674

9446991497

9847877359

9633867008

9447742683

9447347405

7025078054

9847141001

8943435878

9388608712

9744752488

9447871345

9947846684

9497025670

9447609642

7558943018

9400483545

8848559350

9495394845

9447105962

9747644317

9961100289

9446422963

9447509048

8111961476

9947178526

9562245646

9895487100

9846951151

9847332682

9188265084

9809815398

9387260828

9947209918

9387941446

9633513330

9745998812

9895788301

6282990453

9847265859

9746642385

9895498975

9539407040

9947301548

8129715892

9947183750

7012049674

9895266689

9497791398

9847103011

9497763455

9447985819

8547038272

9846132910

9447291364

9562386340

9446597663

9895105300

9020333666

8787852833

9847040482

9447146600

9746207579

9037401160

9605132023

9961561566

9745718503

9496216233

9847730671

9947696876

9552541816

9526851119

9249742189

9847478741

9846096350

9567834172

9846180595

9447812207

9446012205

9349851045

9995426256

9605217516

9745519727

8714100373

9961145214

9447986004

9895467251

9544193682

9895536477

9447218594

9446079269

9745608097

9895221212

9447609797

9900294043

9746674774

7034008334

8281589883

9847022055

9995034772

8848412677

9847614651

9605339528

9946656772

9961733749

9496346932

9745445378

9349301350

6235352163

9847221039

9961748483

9447822313

8157041555

9388472340

8129347697

9446218137

9446412097

9446027902

8086901594

9388603487

9447378484

7594826353

9400330153

8281306826

9567852164

8848661892

8078734391

9447663063

9388867521

9497705370

9495322324

9447764098

9048270141

8086747875

9447167462

7736269323

9447164891

9447737668

9446894674

9745988815

9946661296

9446107738

9947996407

9744706346

9446033091

9846095101

9946951426

9447778060

9745045783

9447224046

9447815082

9539634346

9539148766

9946951115

9947993608

9497534006

9497195386

8086911119

9446768716

9847577867

9496316354

9746181399

9446014091

9895165222

9847498757

8879770820

9048469004

9447037023

9645130099

9895812334

9633427324

9447871852

9947050880

9995384770

9496097983

9961047100

8590046795

9846929799

9400372893

9847085837

9847437357

9846167128

8590333773

9745584029

9747234161

9447814999

8281440476

9995430028

9400020603

9745975019

9847970566

9744909231

7736262023

9074523737

9446607683

9744421756

9447403971

9747775441

7025760900

9495060209

9562349328

9846093311

9747241771

9605604592

9562344616

9495020503

8281527784

9605593677

9446013040

9400519591

9846797099

9447576171

9745654666

9605391112

9249899709

9656694511

9847278132

9496120415

9846940501

9037783679

9961596420

9995420022

7907803946

9388647070

9656037484

9846580497

9946122910

9495220891

9447408140

9961140006

9400843242

9400138025

9497374534

9446416382

9446522682

9946855158

9744955622

9946086393

9847012318

9495514907

9496497196

9048940352

9747017389

9446611592

9846050283

9447223324

9961861023

9745161669

8921650348

8281309241

9895018300

9495217357

9446549598

9947566644

9961433020

9656425378

8375089308

9744240248

9895475636

9048802029

9447739947

9995803403

9995350598

9447431363

9995478699

9526356432

9745010847

9895129871

9746303038

9447375769

9744416210

9744538525

9847899587

9953190005

7560967764

9895075099

9947218538

9847036786

8129418434

9544554504

9947680778

9447474398

8547078829

9495105245

9495885003

9400180568

9846333664

9995802490

9847428730

9349960865

9447750878

7907666863

9388468163

9037281244

9946107662

9846048885

9946185936

9746950258

9961313240

7559982380

9744082078

9544184391

9497879064

9947871147

9961955501

8547287758

9961394428

9946585059

9947850974

9400654342

9947256861

9947451725

9446216794

9947818181

9447067038

9447534423

9809913006

9995673231

9947827585

9895533334

9447397009

9495736614

9947067287

9961435046

9846905670

9074243629

9847334305

9747924668

9562101424

9048025618

9645006435

8547793447

8547318204

9562068875

9895561875

7994291934

9447984625

9995781858

9446367269

9745468540

9747942255

8111911777

9446422238

7012829639

9895182192

9847752635

9544519521

9747525073

9495159064

9846048407

9048304995

9656089282

9249577839

9946555312

7025088167

9495368493

9745696065

9846653667

9496145244

9656577702

9744498086

8891472674

9539702703

8893285858

7025660322

9847044048

9495333963

9496181288

9168103348

9495129804

9846903351

9447948378

7902847136

9447307946

9995161698

9400172376

8078764675

9446095781

8593857714

9388620270

9496343022

9605082705

9846630559

9895682971

9947206412

9539074562

9846229461

9744581728

9048488218

9744050948

9495765806

9567698050

9995855486

8111849681

9744068398

9961670133

9847072540

9847268696

9847821165

9061937698

9605783440

9447831107

9496094256

9447580484

9747819397

9746613432

9895626218

9074448653

8277210950

9442614969

8156906032

8891960950

8547526549

9846509102

9526801594

9497459676

8848498098

9847313286

8891161626

9846114422

9947256210

9747990808

9947384622

9605320093

9446708938

7012319175

9895010490

9995919020

9447604978

8281240351

9961093729

9947791862

9744696634

9495470530

9176641313

9447229010

7356177487

9447576108

9075731088

9847271094

9847213355

9961790767

9447909700

9226844887

9447172044

9447172044

9020458945

9048868198

8547752494

9995369690

9947208550

9961298265

9947005797

9947494203

7356077855

9497018761

9539580372

9946000711

9447014149

9895696188

9847197293

9447172662

7591915038

9539748358

9947731010

9446472911

9747758119

9747677438

9847749017

9995486146

9895628438

9562133400

9947668882

8111809515

9447149544

9747911428

8304803019

9846204181

9447052320

9495319425

9447093420

9447871190

9656958623

9847575928

9446134335

7907895672

9495393273

9037745180

9567706006

9645594974

9447663329

9526690093

9446210636

9995713451

9895868333

9744568290

8129255632

8547545020

9544035182

9544979272

9544519278

9895205457

7561029820

9605480758

9656947498

9847953414

9847059884

9539501501

9562567290

9388599018

9447563383

9447631505

9446486722

9496110688

9567707908

8547303924

9495126871

9744159121

9895095199

9447730042

9947871147

9495714606

9495505778

9744630368

9947614789

9895376246

9633377444

8086715321

9895148261

9567692821

9495238954

9567948090

9495161102

9447331757

9605783963

8129083199

7025282101

9605003377

9496202177

9847159555

9656022557

9633616412

8129553640

9846727880

9847054414

9446220732

9746933752

7559920344

9847601295

9946983681

9446869408

9847259988

9447763273

9847041554

9946661681

9526075440

9847649485

9074154876

9895165000

8281662709

9895938930

9446926517

9846534520

9562882721

9447825456

9946725342

9446488071

9061022332

9605702954

9947377270

9447663706

9961821243

9446840700

9995152700

9447009031

9747706124

9387749194

9745138971

9747720489

9562751460

8547301851

9526886858

9526845745

9846102674

9048685949

9495467472

8086301870

9995327743

9961436914

9562869554

9526189158

9884601602

9388891269

9447666832

9447913420

9847586086

8848288562

9961800108

9846064370

9446208853

9847417793

9447824389

9847066090

9995916053

9446719406

9495432266

9847606100

7558930223

9995399102

8848455998

9495602980

8547300160

9961450650

9495126835

9495715431

9846177074

8547108293

7994778248

9846860001

9846677500

9207400780

9447153041

9847126775

9496824260

9995325321

9847011684

9447569110

9847238509

9947858360

9388839419

9846641485

9745717352

9895887408

9946750274

9847852530

9037693406

9947834793

9447041383

8891242165

9495028649

9446477631

9961700691

9847263556

9847733331

9946521689

9961062906

9961240535

9961073701

9447116170

9895827827

8281884847

9048821366

9447460321

9947405566

9746582021

9048792841

9562175122

9447971879

9846160353

9847464158

9961498047

9995801019

9744680805

9747911428

9947488885

9605086475

9446867017

9961190865

7306088911

9446865724

9645256396

8589077380

9847998623

8943120957

9447604570

9287563069

9847030589

7356554566

9961427100

9605301114

9447011738

9497792477

9961669785

9995358816

9746262610

9961925225

9388480205

9526888577

9847785929

9495866714

9895295402

9446764163

9895005183

9961707898

9020723383

9947431766

8281329162

9497794440

9446088688

9447414494

9656582754

9846182094

9747570979

9446141377

9539150527

9349829734

9847164647

9947801908

9446026511

9447379062

8590462654

9961706789

9048396845

9846305666

9645416211

9447142231

9446491773

9961191302

9847407939

9539348028

9446308621

9497627188

9605149765

9605933101

9744876831

9497459676

8089877293

9447101123

8593994946

9446930029

9895503947

9847128919

9037486908

9895622891

9656687553

9447293310

9645901325

9633564007

9605208851

7736646639

9846067717

7012735911

9656238766

9656262552

9847434984

8589943670

9495430726

9847197005

9847052851

7559075215

9747427570

9946902183

9447664493

9446135188

9526432316

9946124754

9895053729

9605949525

9961990548

9895233304

9495544812

9495544812

9400561935

9895947307

9567765640

9207586747

9895205515

9447733696

9400253237

9446218288

9605758484

9746106980

9947399708

9947068466

9961368813

9495841619

9847238323

9656882989

9446276668

9745002767

8089350640

9447414600

9746290235

9846278210

9961069873

9497590398

9961498046

9387493374

9446717102

9447496681

9745651543

9946353148

9495747950

9946115355

9446927517

9744638503

8606714908

9447164538

9495168220

9562167328

9446414370

9497525265

9447807576

9400587167

9497034628

9656453262

7594817630

9895071740

9995991567

9496773404

9846430655

9895113877

9526609450

9496225568

9656538682

9539601383

9446622476

8129740300

9895971792

9605092277

9496350561

8606663631

9947300546

9446973520

9847260803

9847236755

9446058789

9946901652

9846958319

9447225170

8547355337

9633783460

9562630804

9746156897

9747427680

9446584764

9961585503

9846070017

9946982872

9847022153

9447664641

9946629751

9746833657

9633280206

9746443165

9818019079

9946661681

9544124498

9747410975

9544205408

9747646659

9947988955

9496460995

9747906048

9846945180

9961339386

9446208853

9447764779

8089829369

9447434491

9895703077

9447141990

9847386427

9947443664

8086735812

8078494525

9495183496

9846079972

9447957036

9446612178

7736117696

9947137916

9207942620

9847502425

8921089675

9447738962

8943604308

9895584875

9847196117

9446207055

8907333017

7012409445

9400232936

9446360172

9947068466

9895206987

9947686781

8281536651

9497563431

9446217197

9447041034

9495024077

7902428963

9645752568

9207260782

9747209644

9961900603

9846022596

9037428134

9446466766

9961200066

9746237795

9048412355

9446931452

9847581953

9387485059

9847120060

9961246932

9544731124

7034805082

9995596824

9495995264

8547114619

9048040292

9847034751

9497141334

9447173278

9747649241

9447329765

9447666086

9526033374

9637295358

9847434698

8547975241

9995659271

9946512399

9495161919

8547000027

8714441445

9656604243

9895949850

9744865290

9645079314

9846475218

9946661784

9746302321

8547188370

9847627990

9446605593

9544720041

9495842647

9846038640

9656171718

9544620268

9895506608

9746963907

9495093465

9961783240

9895346853

9895063669

7025148473

9846618413

9526147820

9249564981

9446489280

9846472109

9446611503

9995907702

9446519894

9400727761

9995685860

9567134726

9995205122

9496432541

9048529274

9846037718

9048868932

9847581935

9495681149

9048459411

9847010719

9961064368

9605150077

8301067158

9744298429

9447391599

9497557105

9895556823

8904065058

9846087848

9847434844

9495737960

9447610148

9495336385

9495600245

9495386347

9447385680

9961433546

9562203441

9947869035

9895593977

9947709604

9997709604

9388966104

9447242410

9495762588

9645225665

9847520645

9446418372

9446449342

9846040400

9847169375

9847483992

9946600141

9447775644

9847211211

9847840470

8129739965

9946554334

9744485085

9995836237

7560913434

9961790952

9961450914

9446324252

9961469275

9496334774

9567761385

9744246939

8281467529

9847492093

9847567243

9446491773

9048192211

9446984919

9847990737

9847147579

9544118156

9656953994

9847654192

9946261536

8547365821

9946367566

9809050424

9447664981

9961242429

9947273667

9562869636

9946367566

7902781398

9656129540

9447483493

9447074290

9744467723

7907519417

9895580047

8281321465

9495889961

9746526757

9847763343

9061696414

9895980929

8589926916

9605311335

9495889961

9400389083

9447217921

9495670750

9847657345

9387426952

8089093242

9400055532

9400374889

9847635353

9846167954

9072044420

9496892438

9945977619

8921815308

8589805641

7025000889

9447846630

9847009776

9496136047

9916208273

9846419414

7559803079

8921892416

9447275100

9745029163

9495915225

8113878142

8606689927

7907986375

9495300707

9645564854

8943208388

9847052423

7559921151

9400431020

9810756520

8606689915

9645290384

9846734157

8089884800

9447775526

9495891094

8281484834

9447431897

9446318285

9495358486

9947923997

9895919119

8089832039

9747074696

9446490871

9500015328

9995021480

8617391852

9471839001

9427152798

9572480690

9386503622

9447204351

9946568115

9745005045

9447907104

9605772025

9072543696

9447343496

9846560664

9980141262

9539481951

9249724070

9447338686

9497647180

9447217974

9846343628

9744736622

7560946833

6282325543

9495293413

9074276674

9544957901

8281844219

9655629694

9497860860

9869716855

9446978749

9400527802

9744955209

9497235108

9447639001

9447462141

9447949232

8281871107

9432240843

9447311496

9447478591

9447478591

9159750915

9447849425

8078265674

8547619544

8606015555

9847470992

7907076716

9446085453

9446889466

9495346546

9961653849

9847034886

8593801010

9847387644

9447204646

8547649845

9567169229

9846335060

9747204954

9847292735

9998113459

9886433895

9895375222

9567404973

6282661082

9633300050

9946175242

9447413757

9847001643

9842149434

7560962921

9846878741

9400097128

9851212611

9072333066

9400128179

9847273385

9852047690

9446326132

9605320074

9895600670

9544974444

9747376867

9746155519

9819390233

9495741327

9447886318

9633749047

9946618521

9567198141

9446442058

9447171407

9656563368

9947351929

7902232668

9846164884

9645675327

6138571617

9495323139

9447241465

9400690493

9567358360

9400011643

9847514305

9446418742

9447203071

9447176808

9447170055

8157822381

9249559902

9809844338

9947098772

9656635498

9745719690

9961678533

9946902208

8606811829

9847487917

9495640110

9846362685

9883777771

9633898880

7356249065

9946091500

9846235505

9495657725

9037310109

9846984617

7034343900

9947489527

9388113040

7795011335

9847444351

9947117403

9495663020

8547797251

9447382407

9846632620

9847417198

9446410000

9961270836

9446024966

8943224508

9946563990

9539160632

9207873402

9447534017

9400678126

7994078899

9946558440

9746379606

9074583689

9061185681

9847371732

9447950555

6282102220

9846133722

9744797666

9961170069

9946444453

9447128128

9645616558

9846038058

9496515454

9539861580

9495959313

9446595718

8301064104

9497127003

8157800191

8086788735

9496235243

9074424989

9605793775

9447296077

9400941658

9496292417

9947086267

9605701213

8606811978

9495205711

9447335641

9446959592

9495550911

7034153089

9446236716

8089983354

9349124462

9745033978

9447467821

9447175859

9447334847

9495708156

9447382751

9446545955

9497628492

9447835248

9446532672

9495659277

9446433465

9249305150

9447253329

9495295322

9847569662

9746474607

8129522001

9446375663

8606034335

9544755379

9656301847

7902817083

9645180860

9446878974

9447533610

9495417778

9496769735

9447917300

9400862570

9446877866

9446150539

9447023594

8281934057

9539723553

9497628161

9497872115

7994422514

9645151856

9447729623

9746592913

8606496128

9544191351

9860563359

9405792731

9446638783

7293137991

9895766176

9949166679

9497628306

7025433233

9946411882

9847804209

8547321505

9847543925

8136996670

8547503560

9447312030

9037410629

6360607661

9495277181

9846915587

9447621043

9446975944

9943605154

9495707562

9895732788

9447946222

9446346033

9446269830

9446277380

9419216810

9495658299

9946440116

9400532186

9400126746

8281207332

9567073941

9447240707

9447971356

9447746476

9747439665

9475761591

8089017844

9446244685

9446728795

9495223034

9446507489

9446521022

9605007676

9847408118

7907316251

9838929989

8089891967

8943337973

9544369569

9446804585

9747461347

9846017419

9495134867

9744628918

9744823245

9446572088

9495546736

8095985808

9747939595

8075686575

9048257171

9349904733

9447080401

9447621215

9744235427

9656156875

8129670918

9446154004

7025312924

9746202450

9446529536

9447323473

7356152298

9526815006

9446294326

9447834897

9447315719

8907315999

9349881760

9946937327

9388804261

9745831798

9746417559

9074957359

9447482390

9447620244

9349141289

9447427049

9447312727

9847249517

9847885364

9633851155

9400546973

9446980309

9526470036

8281163347

8891718847

9946626631

9497825001

8655987552

9582934284

9744095571

9496952542

9744911662

8086051664

9446086193

9526387289

9447836474

9446086193

9895523857

9400825844

9847005163

9947083465

8547541563

9961332075

9446105137

8129610151

9744056237

9567296895

9846468054

7025890550

9747942309

9645002974

9048175256

8157873631

9746338475

9846102127

9497180971

9995111163

7293476004

9745550696

9645247508

9495094680

9744529373

9645487832

9605133479

9400566801

9497437419

9847653739

9605989852

9745441191

7025898043

9846319172

9645148119

9562596437

9495484477

8547566529

9447836331

9746019857

8281147691

9946164114

9947354188

9746121247

9061188120

9656949274

9037632270

9495321218

9847592023

9819131189

8089447898

9645021624

9745356226

9072289952

9495136850

9605145222

9745556376

9072506250

9495448686

9447836113

9946659900

9946244361

9544882223

9946425439

9061313131

9947467780

8547666333

9544118318

9846803665

9349381380

9446293957

9048190645

9447587250

9847589722

8136883675

9446232429

9496362736

9447108082

9846218178

7025732768

9746225121

9496872730

9497527269

9495840675

9447261572

7736116066

8547902759

9489494976

6282197332

9539628005

9447089292

9846354270

9605566349

9995956222

9995826333

9495164422

9496760142

9847880959

9847017988

9447330943

9846616734

9745700202

8547501298

9544783830

9495200559

9645738674

8547289376

9946485710

8943368000

8547687538

8547485627

7592800016

8111941335

8304098062

8289969061

8111830366

9495724017

9446877676

9446363732

8593075501

9744972951

9946744724

9020315767

9495484489

9048400758

9526929387

8129532254

8281442238

9539684716

9847712552

9946651743

8943166889

9746550617

9946630008

8281304250

9895289057

9447424209

9846462917

9745443600

9947704290

9745516403

9846127037

7012679067

9846378293

9846807850

7025209000

9744862865

7025515559

9961122994

9446087371

9447033321

9961123059

9947792283

9961999432

7902438994

9847045073

9447760067

9539817068

8089740569

9447095062

9400987741

9447609041

9447609041

9447609041

9447609041

8848762656

9447609041

9447609041

9447609041

9447609041

9447609041

9447609041

9447609041

9497730996

9495384536

9947196987

9495534932

9847157678

9446723195

9495851501

9400470973

9496311642

8113007245

9037639237

9447350263

9447657303

9400470973

9895072296

9495527715

9947104348

9895076000

8281911007

9895039531

9349839309

9496530459

9447545792

8111802839

9447050408

9349599107

9447545778

9995885880

9847017020

9526577999

9249293268

9961661925

9048255598

9995498425

9447437065

9447524846

9895010177

7907932224

9895946070

9961150447

9895793852

9605753605

9846049838

9496751629

9495047633

9446991039

9349377770

9447828766

9349904658

9846062974

9947352795

9447674374

7559863766

9895266271

8156822917

9446293020

9446364084

9349897913

8156816521

8137922033

9447235906

9048758040

9947449393

9747535686

9188742554

9895095247

9744819643

9446216767

9605935962

8137970471

9605151973

8547494381

9387178170

9447171619

9496603412

9447171619

9496603412

9846288558

9847307721

7736212534

9846373152

8891258504

7559912042

9539680972

8891822543

9847165819

9995564199

8590532347

9947411430

9656699117

9846373152

8891258504

7559912042

9539680972

8891822543

9847165819

9995564199

8590532347

9947411430

9656699117

8086035108

9605933173

9446548799

9946524272

9605620215

7356951440

9061431788

6235513645 

9447784567

9495669595

9447784567

9447784567

9447784567

9495669595

9495669595

9446494015

9895221220

9495503305

9446217955

9846002328

9895096355

9447601172

9446593941

9495669595

9495669595

9446494015

9895221220

9495503305

9446217955

9846002328

9895096355

9495669595

9495669595

9446494015

9895221220

9495503305

9446217955

9846002328

9895096355

9447601172

9495669595

9495669595

9446494015

9895221220

9495503305

9446217955

9846002328

9895096355

9447601172

9446593941

9895556974

9947859711

9447654426

9567877077

9447435438

9400052086

9447185380

9847358365

9946146672

9847907939

9747834838

9446116663

9447988194

9895284567

9387179058

9447710518

9744850607

9447605168

9995955569

9895041535

9947772486

9447812012

9495669595

9446206868

8891919910

9995028301

9446927007

9048343117

9447062684

9400191676

9447186275

9446128216

9048817635

9497028979

7813058419

9495966440

9447265798

9447202855

9447447743

8848804292

9446289234

9995801824

9447755777

9495496685

9447768248

9447819262

9447206691

9744343463

9447292058

9495876124

9447459972

9495421281

9447579201

9495669595

9446260626

9495603806

9446013306

9847514766

9847273420

9447173805

9847212954

9446830396

9895140284

9446573013

9961629888

9847914356

9447370478

9961733650

9544344174

9846928515

9895463760

9388367967

9946211804

9446934469

9947281934

9447090977

9496884226

9447291030

9447032017

9995893261

9446571482

9447289129

9645560130

9947699879

9495669595

8547536985

9447721524

9495083520

9447527591

9388608028

9447604656

9495669595

8111937650

9544403007

9995940720

9446288781

9495273678

9447722714

9605954777

9769003219

9446967922

9447464672

9495256363

9495481127

9446181311

9846042922

9447739715

9495674376

9947987700

9747545299

9447869965

9895566927

9961991002

9446526463

9447749264

9061530572

9495669595

9446538118

9446041160

9447811878

9447739870

9495537009

9388892278

9447918381

9497073702

9961732211

9496475994

9847414698

9495636655

9446210054

9895820438

9447036033

9447122571

9895741666

8281162017

9447062174

9447599279

9847093729

9447455770

9446927024

9349170185

9447434847

9447465782

9995602843

9895377058

9495330271

8281569387

9495669595

9495315315

9446427484

9496577633

9446462815

9447662298

9495602156

9495492545

9446230340

9995477862

9495362180

9447976767

8943454137

9446371213

9447661680

9446517306

9895924643

9562780280

9961666263

9447158058

9495555155

9497025290

9447005977

9447958705

9447312822

9495447023

9446756959

9446135546

9447171411

9847921381

9495486939

9495669595

9778043479

9497277757

9446924810

9447404333

9447426792

9447566130

9947741472

9633890257

9961481172

8136850761

9847516092

9496177411

9846400252

9495669595

9961086213

9446541880

9446708747

9446006230

9895053490

9446723570

9447171619

9496603412

9495254237

9447359232

9447152906

9495070069

9447715453

9447319616

9961744931

9847076804

9946246330

9495669595

9920739407

9447398658

9446523270

9746923448

9444022549

9846408877

9446101656

9447972667

9847062879

9447146630

9447833867

9447174416

9480026966

9895456298

9995637539

9447960958

9846406564

9961380344

9495814040

9746468101

9188599046

9447663079

9961644783

9048443035

9446863585

9496449161

9447914627

9447981698

9447177049

9961481337

9495669595

9446538712

9847062264

9447961717

9388818360

9995508457

9447303051

9388228309

9747705407

9446287982

9446277307

9841706206

9446011680

9349011777

9895808320

9846333830

9447086833

8921335114

8848591403

9847955598

7025893868

9920704844

9447962123

9447893832

9447962433

9895781950

9446424271

9497228403

9447981697

9447364764

9605029140

9495669595

9746395464

9446355833

9447131071

9447428594

9447041948

9846066884

9995820201

9961456168

9895589369

9495621155

9847854971

9995777549

9447874985

9495577078

9446228259

9633693389

9846603229

9446128326

9446745665

9446555330

9495669595

9447704308

9886701001

9447519422

9886023648

9495791383

9447460518

9447784146

9497597676

9446870427

9895802889

9495669595

9961966399

9249400110

9446472876

9447985502

9496432385

9447529122

9388134087

9446201716

9446360441

9447478058

8943906393

9495503487

8547629181

9746260490

9846369241

9652346719

7559008283

9747637393

9400965660

9809604575

9947689878

9446535593

9447283369

9947177635

9560835511

9961323188

8547672586

9446717494

9633646619

8129628855

9495669595

9930009458

9447517670

6282672796

9447727564

6361749709

9447852679

9447816161

9447812576

9994709801

9895852423

9447875131

9446855773

9447948549

9961657465

8281385650

9447776593

9447782643

9810719339

8281021331

9562412395

9495640220

9400516197

9495054220

8838559962

9447915466

8879253446

9447163641

9447378991

9447346850

9846120566

9495669595

9495062832

9895380425

9447187615

9446448089

9449446005

9526633799

9895048891

9809020653

9895116011

9995069676

9446861682

60142704708

9495849226

9496141700

9746390952

9447793137

9387803304

9496862590

9846786580

9444080725

9847249077

9447186731

9446434050

9447263135

9388482039

9847362289

9442830404

9495669595

9495216362

8606244441

9446504801

9495669595

9446889737

9400506526

9562871710

9895656846

9895777563

9895117337

9961475326

9442076841

9895604388

9446128659

9847994498

8902782111

9447168885

9744399789

9495024951

9633531542

9633058399

9846902403

9048050158

9446442282

9447364831

9447482681

8281258793

9946586927

9961742916

9447220983

9746804139

8075566226

9447233678

9447420918

9495669595

8754475846

9447135156

9961807566

9446455154

9947324564

9846154555

8197235852

9446288130

9061057906

9747343474

8281602890

9447123835

9895605046

9947323734

9496550111

8113992537

9447500518

9447094530

9947876464

9946669833

9447762884

9843408100

9447232121

9496662739

9633235327

16307654201

9447735226

9447827909

8281283833

9847546427

9495669595

9496229960

9446331790

9496168283

9447356018

8903888966

9176287006

9447812046

9176253306

9447599972

8879330049

9446117305

8592982323

8943432035

9400261566

9447823203

9895867635

9947531531

9446127444

9846350555

9961713344

9447051798

9446206524

9447985472

9447168352

9446718619

9495791558

9447807471

9446205456

9400515479

9947299399

9495669595

9447120272

9446040625

9446579560

9495669595

9447031175

8075433850

9446832717

9387527610

9447981388

9847089675

9446041421

9995342408

9865796602

9645116544

9895326998

9567465963

9946665106

9353354389

9895223604

9986757800

9446169729

9846726986

9447484005

9846174674

9447459789

9447703848

9846793170

9946555214

9400333689

9995031785

9446345275

9495669595

9400110731

9400987562

9562508508

9495565455

9446206153

9930099540

9446952807

9446507906

9447582343

9447062382

9946744033

9446563240

9447312072

9446210714

9447607252

9946400399

8547548997

9447854533

9940093153

8086112544

9495547285

9446560530

9446172392

9447142357

9446561701

9560022697

9567568694

9446120376

9747976644

9445330015

9495669595

9847115062

9446086866

9008222992

9444402829

9746119399

9446055121

9562522106

9447087134

9447280990

9446643423

8075191925

9656959758

9447461887

9846580651

9605375870

9447150532

8606528053

9447474758

9846600104

9961444701

9400503922

9947449465

9745915734

9446128565

9446186580

9846385685

9495069715

9605067000

9895323828

9847340027

9495669595

9495189091

9446289000

9895286016

9387630345

9769099662

9446217465

9447578552

9633227860

9447792893

7034470278

9495669595

9447710237

9446287636

9895144061

9895281284

9495559167

7306880834

9747340966

7506037641

9961886133

9633287444

8589036868

9847765665

8589077615

9495326716

9447958910

9846441196

8078815453

9496403112

9446185001

8921181276

9495669595

9496577797

8281275506

9895769092

9947117503

9446605617

9995034417

9910876330

9943566258

9444073280

9947516954

9633124292

9645074489

9444339898

9840219251

8281327153

9497483992

9846336112

9446446288

9840971060

9895469602

9447213750

9446818547

9495020596

9961989709

9167940051

8281193495

9496118741

9447151611

9995990354

9847575722

9495669595

9497186908

9447333345

9833696550

9495212592

9895080896

9446546458

9745235036

9447157713

9446236351

9497080470

9496177901

7907506328

9447525271

9446718548

9947265229

9947142889

9447148065

9446766105

8281236282

9496108437

9496427029

9447987056

9633978044

9446251349

9447178426

9446232654

9495604970

9446402092

9446791943

9446045877

9495669595

9947300501

8156998652

9447568359

9567483481

9447567658

9846130315

9840962709

7738183435

9947292945

9745017985

9567403111

9745027911

9446334807

9446209495

9447704051

9744636597

9400431143

9495669595

9447110180

9446234923

9447987466

9400702600

9447256047

9916958444

9495129127

9496441136

9495114088

9447916444

8590248417

9495233144

9061033132

9495669595

9495086495

9447186165

9447054727

9495850258

9495315949

9495532997

9400050551

9447962420

9447679837

9447130489

9447129020

9249335929

9567900491

9747397136

9447327100

8891781741

9819438603

9447447502

9846096389

9946241945

9895864272

9449042904

9847414065

9895654429

9744758314

9447751126

8921704919

9895150450

9447330463

9746886305

9495669595

9847758008

9496121410

8220086111

8903472498

9995372332

9446465169

9446302767

9443542666

9633041927

9495472252

9495172044

9486245551

9748894650

9961168686

9447081756

9947591347

8891181137

9447404549

9446557499

8848880813

9496168171

9946404020

9895228181

9447248428

9867773998

9445375634

9447665937

9400766868

8547447614

8289969277

9495669595

9447828990

8089506438

9847072693

9446533299

9947047222

9496812585

9847042978

9656022100

9447357037

9605875566

9846103519

8281501603

6360076291

9847167937

9037722553

9446086452

7511193004

9841003469

9810081883

9446206985

9447940237

7902203401

9446102368

9747567511

9495669595

9092342177

9446105763

9847059015

9495690606

9994760212

9846128344

9495669595

9446206330

9995252073

8943523025

9446817280

9946445275

9446044041

9605004633

7025155106

9895394900

9895086176

9447375693

7278050837

9633538038

9446709252

8697365633

9446892008

7306251917

9447666719

7012083349

9447357332

8943179953

9633116152

9496126657

9447091803

9567223800

9847083415

9495504085

9447578251

9495713415

9481621962

9495669595

9961229846

9495675930

9446128117

9061541111

9447570564

9567426236

9446562845

9446564291

8589098890

8606338488

9946330588

9446165388

9495894694

9446323199

9995036872

9341030360

9961990855

9497277386

9447123610

9961349439

9488762467

7012704876

9833838498

9947352626

9895880895

7012227669

9447322278

9446209329

9446502885

9446870458

9495669595

9446517783

9447457548

9447050284

9446067511

9496208163

9446535602

9562736108

9446105556

7034627240

9496093630

9846066525

9495966568

9744555300

9446151600

9447925212

9495660232

9447943129

9495429596

7907777670

9446413399

9447826744

9895575704

9447741165

9447363714

9400191384

9061035566

9446525297

9946902625

9526142190

9847347390

9495669595

9495669595

9446325143

9846414488

9995981034

9447067775

9496301265

9847198705

9447045405

9447617933

9744618816

9947211966

9446128554

9446536352

9447418032

9447493319

9895697892

9633438900

9447141752

9539158077

9745565470

9447518797

9686075370

9446769333

9447458132

9447156060

9562578333

9995528298

9961253837

9995677634

9400965803

9880066646

9495669595

9605732148

8547204541

9038211705

9789389679

9447490299

9446012296

9946563998

9446128109

9496787221

9820293312

7907505771

9446515361

9495093440

9447349385

8089191089

9447474293

9769963796

9497458058

9567787371

9495244676

9744440484

9446357202

8281874982

9003204045

9980493694

9447454111

9447764566

8879294827

8281926676

9895392716

9495669595

9446544493

9447701508

9495603061

9446693652

9495574151

7034570153

9811831643

9895103631

9447744442

9446960645

9895046469

9895776578

9447407567

9343585257

9995047332

9605649091

9895169424

9567471100

9324780751

9349085850

9447327450

9846368900

9447806356

9480611376

9544010148

9739047736

9447394347

9526668121

9940669897

9767544777

9495669595

9961744721

8589930777

9446213436

9900146850

9940648554

9496177565

9600044506

9495669595

9895162194

9446571273

9871984200

9810806588

9495677481

9946908437

9048837735

9567292541

9447965529

9447478997

9446870460

9447809686

9847445776

9447046781

9995301480

7506939323

9746274743

9847757557

9446025132

9567901834

9388609187

9961241290

9496414627

9495669595

9446566119

9847763327

9744192348

9995617747

9895352628

9497185579

9446231898

9895453852

9946135123

9447569411

9744240208

7676332533

9847473649

9447893752

7406139962

8606488630

9447860686

9845597901

9846455777

9744256359

9446128214

9400261509

7899835739

8138905089

9446218241

9495750421

9444972602

8970584666

9789389773

9947252911

9495669595

9995749102

9544621234

9446488204

7558862347

8547784903

9447576068

8888388333

9745478998

9495604149

9447987560

8547701892

9446413884

9961210034

9447868503

9447154587

8547219621

9447960388

9746796306

9902546006

9446540603

9663460910

9847709241

9656868899

8137020478

9961312011

9656112018

9884474713

9544692293

9846903320

9843926746

9495669595

9447828083

9446119866

9952832980

9495442352

9496791720

9847088582

9447991154

9958544644

9447716456

9188187844

9836599385

9895155277

9167955474

9495571141

9495669595

9539003995

9447140470

9496457457

9447808188

8304966781

9497219764

9947440538

9400395085

9900122630

9497663286

9840791091

9544471922

9566257115

9447631804

9995473964

8337000666

9495669595

9846939671

9447080679

9447820705

9446149531

9946859014

9447893877

9961991148

8089755785

9447197257

9746549564

9447086462

9654159548

9656780172

8547510777

9847649450

9446002398

9995188910

9447258543

9447052813

8593888361

8547424552

9495442884

9447166480

9447755461

9940440263

9645559181

9846824890

7776903717

9404919359

9496325655

9495669595

9886553813

9895756671

9447580132

9995349107

9840851964

9447340311

9447736640

9995431329

9496077208

9446529125

9980010563

9020028533

9446867699

8547626707

9895473117

9544527241

7593072036

9495964180

9847517826

9495159676

9820196667

9496680097

9969491362

9400606506

7603968040

9400142546

9486251899

9495024744

9846622308

9544892687

9495669595

9447069676

9447214215

9497458676

9496967396

9846456778

9446932023

9447718040

9400235751

8547681366

9946445631

9842685302

9847530287

9901533232

8281222589

9961991192

9496178568

8848074368

9495429616

8281457679

9387873236

9400890632

9495669595

9544922152

9895885354

9744716400

9497200020

9447805535

9447159576

9846520349

9447455333

9495033512

9495669595

9972610249

8281814076

9446024613

9567264737

9447077865

8547634062

9497258920

9495042530

8086452055

9900417712

9446535599

9495548926

8891593677

8289947156

9747265686

8281806352

8075365739

9745758970

9847346750

9446544459

9496177381

9446113338

9961083838

8547477336

9633421888

9656935270

9847839333

9567268085

9446544644

9449634934

9495669595

9961992298

9446219761

9447937450

9496457657

9447239444

9496261605

9447913881

7012884235

9495919668

7022971492

9447529144

9495440963

9433101189

9964259751

7774821151

9051558397

9446623897

9447598484

9656588566

9447883647

9446197946

9446128443

9446062430

9447927875

8105635994

9495393905

9447050702

9961990171

9495603261

7907072801

9495669595

8281814458

9496862721

8089968057

9447586860

9446203455

9495169540

9567569206

9820454821

9446596403

9088041000

9400236369

9495838789

9496889457

9388893335

8281047876

9747027170

9447932564

9496225088

9495443662

9447181948

9747595209

9446115002

9447958430

9447274834

9995011093

9447101805

9847320336

9446305434

9495669595

9446428443

9447879746

9495669595

9447670545

9446330833

8113868899

8281874767

9744957252

9995922100

9480116307

9846454511

9446396441

9446611442

9447168887

9447605384

9526309202

9847171173

9910454635

9810308137

9747064250

9446841005

9447212993

9448038179

9446202623

8547418238

9539390956

9446276499

8547978917

9447359240

9446955060

6290519314

9995155377

8129550866

9495669595

9555152535

7012323366

9496862241

9446612359

9447796565

9500128097

9846908454

9946339911

9995639570

9447469811

7838006133

9446858798

9447908585

9674334438

9330123900

9746120220

9496828818

9846045932

9446401807

9645160190

9446468620

9446212315

9961894002

9895166544

9447977510

9349402115

9400489456

9447088106

9446292112

9847416600

9495669595

7708658828

9061912244

9846133130

9037772968

9447048633

9881749596

9446437289

9443192422

9435012298

9176368862

9495503447

9020593315

9944907781

9567768096

9445311427

9895344922

8592942626

9567293364

9447217813

8291886377

9880322377

9496281159

9496208563

8281867776

9447619710

8592979720

9497178657

9446515107

8281865793

9447543927

9495669595

9497587477

9895398864

9446757211

9567819383

9495669595

9497367675

9562329930

9645284505

9447351248

9446120565

7043037700

9447208165

8075578523

9847662125

8427292625

9995537879

9972331082

9496226227

9969457485

9446273884

9496109265

8075730646

9447042239

9869430424

9874195212

7736803799

9910096682

9497732948

9446539172

9495603322

8281812575

9495669595

9847238185

9496177383

9447558186

9745327660

8007497995

8217634033

9447845738

9446197656

8129797015

9746654266

9747877841

9433354224

9446128295

9496488475

9847850157

9447057171

9446463233

9495362411

9744856290

9495016065

9446177512

9446275312

9595537372

7506473959

9447381231

8547875700

9447596556

9447403990

9746733592

9167924876

9495669595

9495472048

9447916266

9446816684

8281261285

8547632995

8157944443

8547419788

9496108253

9447103479

9447741237

9947728992

9446836844

9911382082

7576012143

9818861867

7506015037

9895670335

9846062330

9995556383

9605094107

9747573257

9048192211

9447868518

8547252256

9633034768

8800548121

9447985387

9446409293

9447005281

9447575552

9495669595

9495518960

9496151904

9496233698

9847423328

9447455004

9400153814

9446897674

7042366833

9496987252

9496740530

9447663922

9495669595

9497312540

9447944210

7738400211

9497683341

9446382620

9447352666

9847288118

8547981968

9495613481

8758204764

8156085233

9539673248

9946488298

9495218611

9495675262

9447047247

9048611166

9495875339

9961160117

9495669595

8943996684

9400459590

9447769797

9446456054

9444110363

9446996280

9747593380

9847116428

9495704888

9995308255

9400458872

9947248466

9400548964

8089296660

9833568811

8547627623

9447888326

9349445550

9495452377

9656034808

9495801266

8281670624

7558983163

9497775184

9446079471

9446041955

9446434427

9847977723

7030360340

9562067503

9495669595

9495690825

9447440141

9820586780

9447558634

8281239491

9446120581

9446322356

9961992532

9447829218

9446459861

9495454285

9446635929

9847116210

9947133063

9846799435

8156828163

9446265992

9495359019

8138029014

9895378557

9447963779

8281145085

9497025409

9495429095

9446480567

9447508383

9447608845

9447565508

9447991524

9495674325

9495669595

7736275515

9544823717

9495643932

9895263301

8547370661

9444002011

9895449088

9446618366

9447853230

9447737171

9496213404

9447602433

9961991545

9946349145

8129072898

9447826909

8308360239

8547865945

9495669595

9744977192

9446277767

9920964566

9744000944

9496419833

9930796659

9446437294

9446074031

9447458757

9656841492

7045325497

9605329281

9495669595

9446434342

9447428924

9495560624

9495614016

9446431830

9446321148

9961491665

9497197987

9447400628

9446369976

9495045228

9495268996

9946702875

9846397138

9447032855

9446384522

9747531326

9446884675

9446522545

9447020671

8547879484

6282057232

8891916979

9899137889

9497823551

9446875677

9496417843

9447022456

9446086255

9447596653

9495669595

9998164654

9846110722

9497743430

9567049593

9876219673

9811142936

9747555868

9495673099

9880946676

8281589546

9444857576

8891115141

9497789402

8879290279

9847416546

8078745174

9447593653

9447188271

9746820414

8281815138

9847295336

9962013352

9495975153

9447576535

9447234485

9744104145

9643981477

7708538999

9446913220

9895394469

9495669595

9495257401

9446859018

9847119458

9447211288

8547148281

9895622044

9605002622

9447245878

7022120234

9645844449

9447162171

8281285604

8547698836

9847018283

9446243139

9846119826

9446458500

9446068985

9496858665

9447917728

8761900350

9447980110

8291202055

9644471444

9847954646

9495669595

9711190781

9446088118

9811430349

8617766918

9745364990

9495669595

9495315958

9895780962

8921988780

9846957586

9447811409

9847164863

9495019951

9443550508

9526362184

9562590105

9446239363

8086268324

9349916212

9447720817

8277063317

9447061487

9961467536

9656164999

9900842118

9400513463

9400049665

9446436052

9846162740

9746190871

9633712535

9847604706

9447434848

9446468401

9497106601

9408112136

9495669595

9947152056

9495747223

9744120425

8652738052

9446287141

9495395109

9447834034

9496270317

8606621100

8105294774

9447348565

9871913973

9446419091

7506056899

9446756241

9946091360

9567432774

9288149810

9048196429

9497193568

9446967249

9447973003

8089512620

9400930308

9567429282

9745182603

9447351843

9656965619

9656887509

9446338045

9495669595

9544635479

8606396386

9400404450

9446901219

8893972045

9400834469

9447946746

9544045566

9446089819

9446128178

9895081971

9446374126

9446166930

8281196967

9496123446

9746858111

9447377965

9446227511

9847431254

9497073197

9446031309

9884560792

9922496926

8281881099

9447209433

9833537584

9986819046

9847518005

9037000517

9526251237

9495669595

9447658687

9495669595

7034499000

7738394325

9443312606

7842355366

9562278222

9810711072

9495376308

9946464576

9447657430

8281296056

9952035122

9495603316

9446540303

9495921727

9447843390

9605337398

9497336077

7738109566

9496414941

9930928162

9819276764

9061046584

9946180819

9447563522

9970261662

9447343797

9495188440

9447978677

9446586557

9495669595

9746166628

9446468101

8089089015

9847702232

9447874936

8281134905

8547727357

9895226119

7907067480

9847504513

8056184383

9447551238

9496194409

9846614733

9847979779

9804330652

9846230550

8390334839

9447382924

7042125533

7738434116

9495612077

9497296912

9847271034

9446564640

9444051135

9847089493

9847555105

9447592787

9495669595

9847082195

9946492583

9447115929

9446150109

9747110830

9745604601

9633324730

9446509577

8086332257

8886572229

9961087768

9747546733

9946055109

9447401088

9947717348

9495254301

9446543619

9447859949

9447110542

9895560693

9946662608

9495395619

9539003680

9599699598

9495551672

9744221198

9900236579

9449161469

9449029683

9847710132

9495669595

9911196960

9446903393

9495995056

7025110220

9048906891

9495344555

8281667692

8547746485

9496782288

9495669595

9496121699

9946203347

9537572524

9447359101

9446342992

9447364209

9003272280

9947830328

9747970529

9809259479

9745433553

9497777205

9447694632

9446135358

9447033921

9496283587

9895136863

8156899461

9886746085

7558856580

9447501660

9495669595

9497734170

9920766313

8281809260

9540149097

9880757057

9769348198

9447104442

7506065789

9544710701

9495337010

9482831012

7900917540

9446015913

9847736778

9567764395

9895190568

9847932702

9446330332

9496081278

9447035398

9447570908

9167647382

9446350315

9447832235

9446637063

9446111542

8879337767

9819166682

9605002412

8606076201

9495669595

9446542717

9446584640

9446761818

9961653383

9400381867

9495859390

9899804518

8605255668

9830632212

9446009071

8129021009

9847864852

9446276044

7397343973

9895023371

9963397166

9495335879

9562656898

7559050407

9447794200

9744990799

9745143366

9497768013

9497787433

9446568425

9995676004

9447978913

9495209234

6238908093

9447993264

9495669595

8086737813

9447768388

9539601118

9388888940

9447884843

9847505852

9946486545

9400550238

8089503009

9447106509

9446334395

8156981950

8301049340

8137006168

9495108314

9895334089

9495669595

9995255767

9744029170

9605971777

7559008004

9645095228

9946353060

9895414826

9847124218

9946522289

9947104282

9447354639

9895447874

8281583458

9946671780

9495669595

9447797481

7561876502

9497182455

9895126265

9446313379

9656223194

6238691267

9847766224

9847992205

9544799899

9995436655

9840153403

9895762522

9539671222

9495219432

8606668610

9400621732

9744418879

9745492728

9349420333

9495060189

9567671643

9961197888

8291886477

9447685038

9846858049

9320277979

9745622421

9961331337

9947034591

9495669595

9633330181

9495080786

8593914960

9495814030

8281821638

9447732823

9946407891

8762801412

9447835399

9656765735

9947597577

9846416555

9895777890

9447741812

9847858162

9446203354

9526191801

9447530919

9526365825

9947465113

9447772640

8129444319

9895222006

8301051634

9895103702

9847574564

8281383316

9898106390

9495874642

8113069900

9495669595

9656285208

9971218227

9495212388

8879603883

9961760882

9961005908

9446354399

9895345945

9747530385

9446567895

9495347750

9947449662

9995164643

8378997058

9633115951

9846472243

8301024607

9847704367

9901904926

9769590942

9495765526

9745207702

9947194499

9495669595

9900632302

9645755999

9895302041

9947695411

7034402568

9946856330

9995715446

9495669595

9495636652

9447654232

9495594712

9447511009

8086662233

9495563332

8891795030

7463885520

7559903904

9846951172

9846775483

9946502900

9947892188

9895126295

9995058864

9446397246

9447206928

8547142360

9496411326

9846320724

9995294665

9447370940

9987427161

9656208789

7510530967

7411400086

8281346913

9495327732

9947070963

9846665594

9495669595

9961942828

9961490888

9995173814

9539002245

9496258007

9895787033

8078059134

9995497741

8281705938

9496322802

9947042055

9995598463

9846242273

9961043112

9447868376

9447124666

9387211183

9947524460

9895569394

7598347543

9946635128

9633840110

9605020209

9961750815

9895262912

9496465518

9496464694

9995344208

9567635534

9947262511

9495669595

9895869138

9048048692

7012832055

9846818124

9961344380

9846443377

9746995233

9552515031

7560881649

9920483555

9496326151

9037500151

9447309358

9995006976

9061820099

9645545191

8606508993

9447250300

9847363414

9995412096

9846653472

9946328924

9496328184

9645758951

8086108076

6282291008

8086735924

9633258457

9497362137

9946979868

9495669595

9495669595

9400729897

7736403899

9447512538

9895849643

9995855017

9496335767

9496335708

9400666689

9496360456

8113038889

9895736344

8156904423

9895874878

9037733887

9847488346

9846169139

9446984919

9446086608

9388652949

8943944376

8377960600

8547720840

9895950528

9497312730

9447745599

9496337757

8589031073

9895419713

9895886850

9746066168

9495669595

9496369660

9605118881

8281520465

9567240442

9847142414

9895524678

9745705009

9846770033

9447711748

9961541024

9496461934

9744605767

9567215418

8220344455

8301892438

7012859139

8893281759

9995102846

7356496002

9895005744

9400948486

9895686569

9539014656

9447854728

9496805481

9995220247

9847708030

9846465490

9400508170

9159779778

9495669595

9176390204

9995673130

9447618117

9566525443

9081548144

9960051934

9446905063

9567033097

9496461904

9995208261

9567317818

9895656671

9809293329

8893275735

9656162616

7012705964

9895064621

9744170608

9995201113

9961154438

9947160669

9400474023

9074467460

9080903822

9496081391

7025187393

9072318441

8086596911

9744870918

9446026881

9495669595

9746120250

9744620395

9995963615

9048221621

9847497615

9544143666

9495669595

9846712002

9497365940

9961312380

9496800731

8281391154

9746412810

9497277691

8089692154

9496932426

9645556870

9495240850

9633671399

9995259254

8137832872

9995345559

9400400306

8129643937

8075152672

9446883596

9400474622

9961722098

8086383377

8907524147

8592847999

9495669595

9656337863

9446795000

9496332241

9496094862

9400165261

9048235649

9744243470

8547628139

9495286624

9895177866

8593877747

8129988813

8129526996

9746797077

8592066389

8592010130

9633103434

9645346161

8086556222

9495938670

8281960839

9447813853

9995141163

8289878223

9048111381

9074527121

9847824795

9495896081

7760578360

7045385250

9495669595

7907608205

9072389193

8592889699

8129233476

9447061857

8714810256

8399983565

9895689388

9745629639

9562085148

9746294328

8111849633

8714441131

9446908564

8086278272

8943382058

9496079798

9560040440

8281031288

7012010365

9400538472

9447783842

9744277002

9895824094

9645257045

9497071414

9995371188

6238070519

9446026355

9778736059

9188084812

9497263647

9446155515

7356676973

9656498135

9778736059

9188084812

9778736059

9188084812

9497263647

9446155515

9778736059

9188084812

9778736059

9188084812

9497263647

9446155515

7356676973

9656498135

9778736059

9188084812

9778736059

9778736059

9188084812

9497263647

9446155515

7356676973

9656498135

8848090703

9074701012

6235065053

7306331300

9037152081

7356926788

7561070374

7736249150

917560881054

9961733416

6282028033

9633132498

7561825906

9447794833

9497663531

9633303359

9207062160

8921752487

9188566870

8547414325

9895154242

9446829810

8281083830

8301054125

9446435062

06282435862

9074726574

9188200585

8078150708

8281035227

7306158497

7907159714

9061208214

7034932048

7907959484

9745447094

8848064665

9072435329

9074747198

8590212488

7593967016

9447216485

7012512151

6282289514

6282547468

7012162136

7892497935

8075717678

8129892103

6238107438

9656974210

9544845050

9447177064

6235558089

9446518762

9444446430

9497675088

9072515889

8330081141

7306436915

8714001711

8921866003

9037457079

07902872034

9539804715

7736677615

9961321024

8891370466

7012385483

7356505220

8078075033

8848949078

9400297259

9778724501

9446403747

7034632713

8086184736

7907626801

9995777654

8075483266

9496906865

8590343228

6360733747

7306000934

8547457648

8848373751

8891778760

9633494407

9995921732

9544667933

9847377791

9400628568

8078528389

9633952933

9633548543

9497053856

9745863589

9944654217

8281788215

07994844813

7907292895

7306650135

829507714

6235446443

9037247787

9497662315

9446938253

8075842747

9947888918

8301983298

9946511187

8921219930

9495141510

8848122518

9645139234

8121914618

9188750777

7907638778

9496774083

7902374460

8943758713

9778217032

09633824557

9747273978

9847699429

9526015374

8590555853

9747851100

9447539471

9778240418

7736687386

9562062400

8891919696

7559803974

9072152035

7907878251

9947457470

8089618439

6282956276

6282206139

9778507292

8590019130

7034349913

9633269220

8075426477

7909158603

7306270363

8594096333

9778706993

8136944670

9745356374

9895621796

9747572186

9895920059

7025869371

7510192397

9778441926

7025593043

8547728828

9778732369

7558036658

6282260595

8547734491

9447365721

9037398431

7907298605

8078418729

8606309161

7994173934

7907105519

9495462494

9446023276

9567975304

9562672739

6235894867

9961200720

8301080901

7012685983

8304955804

9645469823

9746525790

9846348506

9946130935

8547204547

9947449944

9895309180

9633094379

7034602555

9074718121

9074802040

9495992637

6238146712

9895680281

9048898100

8086706303

9074209948

8891699557

9645607172

7907752885

9995724634

9497815700

7356826055

8113805152

7012933801

9539263201

957658217

6235679202

8848581244

7025236889

8078850113

9400173601

09446459897

9061636848

8136930091

85474476274

9961736149

8590418824

9188712660

9605606905

8590681015

8590035220

8590567051

8086524496

9567089626

8590626545

9567539091

9995679520

9496531002

9188623612

9495721932

8289936758

7592877014

6282260901

8921411349

7907265193

8075473865

9746639324

8281391584

6235782234

7907893856

9495073050

7510893470

8714534970

9567591065

8590593766

8590529470

919778016400

8078956840

8891964898

8590778139

7907523951

8089918125

08086035239

9962526340

9037557208

9778157971

7510323218

8075885534

7984292060

9074782071

9995382904

7592876667

8138092008

6235229926

7594845401

7012369152

8089224458

9388553398

7012760237

7736580546

8921117445

7994842461

7034431333

9447418797

8129052727

9846200138

9567648788

9188825777

9605153665

9037435578

9562324191

9495155575

9072508082

7736146920

7034276117

7559003827

7306174716

6282325276

9037858928

7034484856

7306382580

9447194004

9207986344

8590157809

8593011320

9495295543

9746124834

8714995248

9539868159

8156917254

9778014860

9778316795

7558949782

7736282322

8589013789

9895774178

9847038474

8086745083

9096051570

9400134079

8848562389

8281632271

8547332965

7592063473

9745902943

9048033338

8089569235

9946764087

9846628919

8714162089

6235026284

8593969699

8593969699

9746341225

9895212241

8547042783

9606451252

9061927569

9037886531

8848268747

8129120959

7012945890

8848507261

919447955855

7994578572

9567173389

9645726176

8714164378

9447825644

9037795005

9037149658

8330801656

9496112989

8891258325

6235506071

8848576054

8921046650

7012020723

7907432622

9446583730

9446583730

9037454886

7510924793

8281931009

7306155526

9400260236

9606451252

8089532611

9567090825

9605416562

9539128003

9446292181

9995880907

08714582751

9207495422

7736584850

7012867521

9946833409

7306592472

62382025839

9744009898

6282945800

9207402173

9061523587

8921845774

9946490116

7356166321

8848217248

9567318036

9847312300

8921576904

9961624984

9249925646

8547539372

6238276447

9497612421

9846732779

8086414680

9633170669

9731479079

9847684067

7907734504

9188310853

6235560984

9072580799

9567062105

8139071322

7558862436

6282530501

9847086878

7306101357

7902766106

9895533645

9562017171

9567299137

8289984950

9778712959

7736181667

7736799875

9446595606

9809003916

9074144456

6238098695

6238264246

9809887398

7204650842

9946524272

7736289955

9847886885

06282845158

8281934360

7306293989

9778169073

9744918426

9895563610

8590709781

9567063860

9544016744

8078145169

7907846868

8304846273

7356891544

7907146988

9037965107

9747138990

7012748581

8252022644

7907717128

9567454875

7306727271

9656133500

7025396822

8590453001

9895652934

09947362000

8848446315

7560951694

7594892222

00971505920361

6328991160

7736005635

9746887345

8943639327

7994263268

9900149395

7736040151

9946380775

8547999184

9947170139

9400045591

7907751216

9947127334

9400860169

8086407783

7012673042

08606121315

9846907515

7510245583

6238767772

9496532972

9605821011

9747000645

9744123797

9388255565

9567486763

9946687200

9847928079

8921981261

8075405334

7994173934

9847978172

8907970780

8590795498

9207963878

00918606563985

09645015097

9995287972

08921179945

9744554677

9048682537

9745742866

8590017311

9778194995

7907115245

9037344010

8921517725

8089752538

6235009531

8129958696

9074472146

9496808917

8078898108

9447194737

+96551611256

8089826001

7560941871

8281557755

9496808917

9496808917

07025514078

9745140400

7902833815

9946833409

9446163082

9048067018

8089216054

7306289673

9496759654

9961719765

9074722859

9605480867

9447320276

9446103777

9074667486

9745383262

9946404666

8281770577

8281881298

9495080994

7306137065

09946376300

9495437048

9508130233

9873726430

08921046424

9846333153

9562716065

6283951744

8891718155

966531223467

9037987022

9447666826

8891601978

9207255806

9526183323

9746866097

9961668134

7356734540

9074753289

8289975214

8139851700

9495223265

7306422672

8089453749

9895161627

9447788808

9037464727

9544648297

8075790224

8281507090

8590572959

8129158656

8891394334

8714214718

8281287499

9946005577

9846440771

8921657899

7025739788

9048609450

7025633073

9188580147

9048904993

9746794711

9746794711

9746794711

9447588643

9605152493

07994539571

9400765637

9447534078

96560477060

7592903989

9633213201

8590585832

8714471617

9847478882

9497043761

9562244777

9656300045

7593967016

9207571186

09995157681

8075546747

8590360803

7012484919

9995244792

9061667958

7902310027

9349895952

9446953121

8589902003

9947400027

7025353306

7592079180

9495715150

9552753896

6238501184

9447142273

9947335848

9074455475

6235988730

9747570484

9995077891

974694152

9567653069

7907586144

9497258174

9539163295

9846794733

9562105858

8891256227

7561879934

9947688159

8848024309

6238165377

9744190532

8547606715

8891558972

9037022333

8891568074

8590219486

9656313157

8113038501

7561825021

9447297529

9446606424

7907577597

7356019073

9633093015

6235207348

8590833396

8590068942

9037788130

9037020541

9746202373

7994906829

8891684729

9142111020

7559874365

9495801430

9846487242

9061151190

9562451416

8547951090

9495035587

9947725142

00918891731768

9746466411

9995674446

8129120959

9746911755

7736136246

6238333723

8891413363

9605496450

7736649423

7907959484

8281010581

9400246376

9778541181

918848633423

7076678463

7025124104

8547221742

9544678292

9995215423

9400632215

9778576946

7025123185

9400550035

8289940377

6238131970

9447379483

9746816312

8891826170

9048028956

9747190909

9447104695

8848541751

9447776904

+919037795005

9633123490

9747129012

8078551758

0096878585938

9544437179

9995479110

7994793667

7306051385

9567065071

6238691341

9656385925

8157878062

9207753335

8086552579

9746339596

9961248906

8137884324

9447463967

9633773663

9895388534

8921556437

7012776129

8848877502

7736352829

8921511829

9061561273

7907555019

7510502297

6238136984

7994239250

9447891014

9633710696

9539497723

9847529517

8590113689

8921020160

7907186244

8129406455

8281539606

9746309819

8848696397

8590773083

946310134

8590435959

7306668586

9061684170

9745915154

9746259125

6235385503

8330046689

8714266991

8590449148

6238823439

8310827875

9400157679

9074100803

8078158254

9496114791

8848032626

7994668472

7736272325

9778201971

8848994241

9037061505

8848763476

9495854717

9447070939

8714365835

9496229640

9526319211

9048625029

7306066626

9946712319

9895427114

8848326341

9946846322

7907665957

7907959484

8590661763

9207652320

9947710355

8089996578

8138917919

7736670140

9497695371

9526912256

6282163771

9778356039

7736268562

7907216144

9048012533

9446686099

9567924550

8078180987

9745143161

7907208317

8891274348

9995599545

9847227758

9074735868

9495722954

9496106351

6282408051

8547140935

8089024943

9496732156

8848897903

9778435417

6282381631

8921879610

9946695319

9747151834

+918590893644

9446871834

9497871829

08111838928

8606260628

8136897737

7356625664

9446608287

9562720397

9778559157

8113933153

9947770796

9495286387

7306881537

9447011034

8848078990

8606545193

9447620427

8848286981

8089639678

7907651937

8891331591

9747663376

9744418965

7907319510

8078038117

9497830695

966549082466

7907202235

9947927646

6282565336

9061224260

7736529262

9745200889

6282547722

6235393873

7306913821

9847039189

8891140639

8086531955

8606313914

7012993003

7592966762

8089390952

8138806077

8590651510

7034365951

8075097154

9745203390

9995938664

8590033605

8138889812

8714229278

8590424476

7736566202

9483707761

8075215749

9380811781

9847755787

9072293098

9447941062

9995029636

7736211079

8606933578

8138992450

9526391567

08139091770

9061034413

9605003302

9074829662

707752433

7306881537

8714003776

9207209181

6282944756

7560865076

7907218516

7034820415

9633513320

6282870334

9847664984

9746628740

9947639819

7907561637

9995673036

6238963257

9048328777

7907581446

9037149177

7510538765

8129530946

9594219006

9447475638

8531062749

9947943572

9035502633

9037594268

8606201441

7907061771

9447154846

8137088823

7025173955

9567709373

7356582661

9074572144

6238912503

7736124133

8136965260

7907658022

9072165013

8547747179

8921521373

8129944777

9895294016

917558069312

9447595103

9995136033

7012771701

9633450304

6235622279

9400039186

7012753372

6235782736

07034675647

9895144494

9656691156

7012032121

8281787545

9846007675

9744020198

8089736769

6282989288

9633125184

6282266129

9895560158

6238374486

8129938715

9605416202

7025028669

7306347727

6235759016

6282631327

6235759016

9447190098

9447407771

9778255540

9961204947

9074309509

9778003834

8590597281

7034313002

8547171500

9567097304

7592831791

6238027880

9846554041

9778177256

9037541725

9496356176

9400526712

9895716038

9447477571

7593029853

9495603834

9544732550

9400418531

9446396778

09809020900

7561010039

7561010039

9544993177

9526294529

00966595408677

8078407112

9744556656

8943322048

8891826170

9961066903

7012791663

8547414340

8547723113

9497405351

9400531192

8590041568

7736669394

9633558093

8590843656

7012457468

8590965729

09048168351

9947900249

9496451409

8891377974

9037691325

8075286547

8891027804

6235307609

9744717200

7907945866

9561201269

8848207806

9349896979

8075158413

00971506715537

9928855332

7994484883

9447246093

9744998013

9605578992

9496808965

7306715634

8590892260

8137949864

9037585890

9072201717

9188621244

8590360710

9747663005

8075906766

8606610599

9846468195

8848881886

6282181885

8590871064

7356519227

9890408608

9447269141

8848211169

9544082940

9037733890

9544467977

8921934156

8943027105

7736244013

8590505609

7594018879

9778140630

9188229525

9037594664

7907622687

8590233394

9946126920

8129360235

8129916291

7488008513

9380811781

9846169371

6282695921

9037841545

8590449296

8301916510

9400452809

9645028450

9048460924

8590511524

7591920392

9747718390

9946770888

9447143536

7994520134

8943263742

9400856482

7012706632

7356206277

7012148053

8547493367

8921742816

8156957681

9633629737

9847547697

9947061540

9446269836

6282520803

9961165517

918078335616

9446780534

7012338412

8590501050

9820566259

9995302254

8848879646

9544233455

6238667339

8075750634

9895864913

9496025869

8848359869

9995311083

7012586355

9074735740

9946414132

9847124384

7558894945

9895956435

9400166886

8138095354

7902438986

7902438986

6238288641

9778594278

7907844654

9496770504

7592890122

9304730167

9349256474

9048930750

8156990964

8943984651

9400299568

9207480160

9747842152

7356666430

8075854423

8590674377

8157905368

8129123535

8921262971

7558060625

8590123568

9037072858

7510703288

9074220618

8304975074

8281011051

971507202990

9446879009

8921462329

8589814011

9526559449

7012088519

00971547708409

9496929680

7306101357

8714277009

9633623367

7902850854

9562260133

9447333542

7907325569

6282489310

9746497003

9207562711

9947440781

8848039006

9400016260

9400147732

9847960377

8590205618

8078433400

7907160086

6238339301

7306063001

7306986790

7594867410

7994685683

9656913843

8848721724

8078251423

9446714842

9656586301

8281499788

8838502716

9746765467

7902441746

8078240171

7736270075

8289903417

7012062621

7306960200

7025076583

7356612797

7736531656

9048320040

9747066040

7736723926

9747754724

6235457803

9048986699

8330822465

7994504485

9074340875

9562555339

7736676071

9747290134

7907103975

9995170922

7736909575

9061944599

7510176203

+918078963080

9946054154

09747031385

9061381867

9946252118

9496349781

8075638352

8590327904

7356415224

8075848681

9496449342

9747408321

8281548112

6238886210

9446553109

9497065579

7907657021

8921160725

8086426340

8714884292

8590343947

6238785036

8590780978

6238101121

9445186343

7012921323

6282269687

9847646597

9539937227

9496217050

8592915008

8848734081

8590864834

8075462066

8304835479

6235759016

9495720064

09424523229

9778289487

8078503373

7736835737

7902542252

8075234427

9895996622

9746818484

9447215010

8078093110

9446811481

9037420026

8301812844

9074806224

9447800223

7902270302

9074916212

9037618199

9645230222

8590622607

9645151111

8589024812

7012004911

8921928177

9526494785

9446297862

9495874057

9778003834

8594076850

7736055668

7356131066

7012866646

7510457646

9526859238

8547672127

9747085389

7994687722

8089581794

8714883738

7510287479

9447334552

8921352904

9446353728

9946982154

8590736298

9495158984

8848793339

8590503417

8281268764

7594083430

7907101453

9284698772

7994060784

8921482300

7034270421

8139099948

7907335212

7510162401

9074419108

9656217841

8129194259

9544551847

7907867399

7907818238

9567175753

8086634130

7736831768

08590116310

9778149610

8593803714

9633412559

9207309588

9443316857

7736013305

9809700466

9447269880

9567443117

9605601242

7994098113

9847874785

8891238822

9895941905

7736653766

8891418754

9746596151

9061545805

7907102995

6235218601

09744168051

8075792450

8547702383

9037616694

6238504001

9447517280

9447620254

8590389099

9778343778

8178599568

9037733903

9778190670

8895651781

8590205130

7012063550

7736784867

9847725904

6282833759

6282820647

6235456357

8301905339

9074606540

7907142839

8848905647

8281476484

9645033400

9961060106

9072067344

6238678088

9539293689

9072757077

8943154996

8848966482

7034249234

8848689677

9188426495

8547209625

9995105998

884860676h

09074082867

8086706303

8156832301

9207379262

9539151667

9605391305

9746820607

8590464214

8304803746

9747085389

9567327524

9656773855

9895604090

9400450323

7736600761

9567533433

6282359225

9495990887

9895910548

7907773606

7736194351

9497206336

8594076850

9562479615

8281585120

8086906254

8848137141

9656714808

919497776776

8921945798

8129420105

7902414206

8075262771

9745093135

9567459988

9400137934

9895377046

9605898269

9895092623

9383499018

7012548225

8078104599

9847058900

7034360514

9446372165

9446576697

9961950377

7907476796

9446555511

8547255927

9745272580

9207103313

9744265727

7510230801

9048221337

9037289989

09895075275

7736960906

9188339480

971568669686

9496542630

9995684886

8593049175

9567100901

8547169314

9447940740

9188020194

9539488426

8921551441

8921994105

9526598580

7306511992

7306056764

9645607523

9995905493

9562517012

7034846522

8590285272

06282285049

09544059662

8848419955

8547756533

8590988941

8075798374

9567698033

9567698033

7012426423

7012649569

9526627792

7736184688

7907244943

7736884310

9496883005

8590441758

9446870017

7907629368

9605544527

9496407730

9747376622

7736442865

9495600391

8921286243

7306608475

9895814825

9846556932

6238584449

8590106057

9446536701

9747532475

7012032379

9744148006

9787291019

7561867740

9778124565

919995897861

9495662074

8848514434

8848446912

9136213762

6238789357

9037059583

8129981144

9496732160

9746849379

7907899712

07558894914

9496229380

9567360439

9995141985

7025203633

8590640711

7560985805

9446392155

9846933833

7012078338

9633450304

7907537068

6238375717

7025653782

8075284316

9496091978

9495305217

7034147924

9496448167

8075833869

8075479119

9072101271

8590750043

6238522701

9496753918

8848515397

9946112943

9995975267

8714405708

8921004833

9447718177

8075442721

9207231554

9037434960

9074885560

8714117791

7306059689

7012677090

8136937114

+918089372664

8281970196

7559008684

7012467791

9446632025

8921688911

9072048905

9188107037

6282734614

9645787000

9778370647

9847235478

6282184846

8301954937

9778228530

8714407628

7025597928

8089031927

9495678251

9061294615

09847619769

9995455066

9656232490

7012124852

7561008313

8714036852

9496265977

9567951830

9562019172

9496448167

9895056611

8547975816

8281006513

8075069455

8086601862

9995415063

9176432161

9778515199

8089204768

9656854148

7593919473

8943843940

9847704902

9037222746

7907716230

9895201629

8304987156

9895360357

6238974900

8714835473

7559085100

7012498609

8891729941

8714835473

6238553689

9800895763

8848609431

8590575288

9539101754

8714792006

9562426616

00918848473585

9746164662

6282765559

9846431884

8606207894

9745324448

9400638509

7306456103

8590695198

7306612788

7902311820

6238471742

7594085637

9946131470

9946453876

7510953804

9207264211

8848762554

8590897273

9747823917

9496592603

9947268677

9947777281

9447134176

6282548655

8301975044

9447379109

8590752479

7907273919

9778522955

9400918588

9004665872

9447428756

8078129978

8606074191

8111855172

7593042465

9037594664

6282709698

6282428907

8157088077

7306928378

9400712168

9048202933

8590537818

9846606051

8129197139

9446179393

9526600547

9895467802

8593866063

9747284811

9946719500

9847793919

8547408505

7902245325

9020406910

9747394949

9048185473

9188713895

9847498478

9645900095

7025189231

9037448726

8547344286

8301968055

9995394419

9495463548

8075267603

7306803644

9544459133

9061172507

9497531010

9562228529

8447475868

9544754930

9847903791

7994888341

9746818484

6282472909

7306811247

9072071922

08606001444

7034276753

7025594914

9633043970

8301841007

9495551672

7012399197

8281625029

9400766292

9037024944

8078588674

8590637438

6235178996

8469860874

8848532039

9745690514

9947583365

8921247971

9061008518

7012740167

8921266938

8547523986

9037624665

9443679530

9567475697

8111937066

8089119277

920714993

907281130

6238223543

8075780652

9744036184

9495915166

9446747821

7012405948

8714399845

8129689422

8089134723

7736727245

9447036375

9037448118

9633713103

9778759580

7909140142

9495986819

9061679297

09446217780

9895430404

9526255804

8848902142

9746953972

9048745474

7025896791

7356689767

9074624392

7356163759

9447969068

9495397541

8330879854

8848501622

8281301681

9446710320

9746440221

8848476812

9745336001

7736474471

7736300937

9446106026

9188100706

8891759714

9468182230

9995772549

9656420993

9037065461

9645868974

7025792956

9497650136

8921789046

8590087294

7356186692

6282725589

9605481085

8590453077

9961637162

9074970641

8281874154

9947296488

8606593461

6238207014

7510772273

9495390429

9995158090

9544403177

8590411272

8075055628

6238445045

9176854472

9645595335

7907086547

9946222841

7356985503

7034411593

9447116588

7907601987

9544511261

9995574777

9846894254

94477088427

9072643165

9746393730

7356087962

9496159890

8547745681

9544709900

8891224039

9072230656

9446202803

8891066572

8891051646

7558859587

8891226643

9074121510

8604459068

9961146562

8139808218

9656527177

7034740782

7907159707

9496148102

8075497586

8891285714

9895650821

7034605800

9446938105

9074112414

9526015236

8590789409

8921189131

9778303184

9847136570

8289853031

9400949223

9895869977

8547270847

8891568562

8891344692

6282868756

9810893538

9048063270

9947608314

0503593955

9037374098

9048830894

9895636359

8089390950

8891575176

7012370970

9744291989

9496438256

8590991421

9496438256

8943587142

7559072832

9656482723

9400330269

8848101196

9846231974

9446037760

09633472959

8078726350

9745495684

9446908707

8589878940

8138979851

8590519052

9747217815

90377288515

8075031201

9895773268

8891352846

8078322403

6238185052

9400534962

7907401895

9846252317

9037632688

9061158100

9074811129

9446073722

9778179452

9895940654

9497135246

8590283505

09995883233

8921532808

9745757940

9645248699

7510296580

9946822230

7510662989

8139065748

8590806859

8281399158

8714887975

9074085707

7025224704

6238310766

7902833815

7025298712

9446071295

9539416254

9961924509

+96560015911

9061960688

7034256359

8547810115

8848257681

8848693649

9400127398

8075896830

9446182364

7025924890

6235950164

9746432921

9037721240

8078082061

8078082061

8089886341

8078314068

9946200970

8075855899

9074490518

9447341393

966506660826

7907869787

9496848497

9744495212

8547431917

9539008894

7306357467

7012194095

9539567379

9539007907

9747229792

8281884520

9446604617

7306364958

7994893539

7558033492

8281679414

9747585862

8210502245

9048088458

7012056335

9400852814

9099033115

9400658545

9447215385

9645291463

8156975587

+917306965980

8086849552

9400881514

8590742286

9846365631

8089970312

9567522037

9387330298

9645967692

9645967692

9446290580

8089889162

9074551437

9387040241

8921633202

8089344205

971505176316

9526500841

9946252526

8848366407

8589978028

9539298143

8547572270

9847849222

8289971049

6282315662

9846772252

9496762350

8590572533

7034069785

9037912889

8330098049

6238188657

6235325988

9995858996

8075858058

9447892469

8714587582

9961166400

7558860354

8606374976

9072852974

7306779410

9895807295

7907775844

9745669096

9188165830

7025641587

7736702071

08075462066

7902791434

7012825215

9074128230

9207168558

9847362680

9495916431

8547290799

7994535095

9745995792

7012783733

6235491774

6282995013

7034782909

7907658297

7012672563

9446580660

9387330298

6238177713

8547559917

8590940675

9526984552

9946801353

7356254158

9895742342

6238112533

8089602280

8281515149

8547976186

9061482332

9656771153

8590456720

6282743372

9847711663

9061496998

8590310903

7994293583

8921523517

8848941139

00919037558160

8248501345

7012826376

7012214642

8304032885

9447114269

7736127932

6235597738

9778731938

9400829674

9539223807

9544335749

7306411280

6238596673

9400022442

9961747554

6238852023

8086159912

8547364344

8921027179

8594076101

9495566310

9846730723

9446202576

9544183760

9072280661

8075422451

9383449538

9544932475

9946458064

9495797151

8848630993

8281417431

7306375183

09847861947

8593811853

8606927885

9946376300

8547268421

8547268421

7736413750

8289948254

6282294025

9496131221

9400428059

08714474461

9746079266

9567828001

8129317768

9495351753

7306670898

9496103570

8590123568

8590310035

9447468475

9207441714

917907385791

7012390881

7902252514

8025997205

9778045080

9400567434

8281283618

9946475027

9562621296

9446290580

9870097976

9884481062

9961690184

9446580951

9562292575

9778509990

8891152046

9446024448

9447636142

9072393777

7907130926

6238581463

7012451162

7510772273

9037448118

08078160498

7306410547

9072424701

9496470283

9745654005

8073618765

7902985655

9745792180

9539215252

8075750991

7034779436

8921336423

8148145051

8281648055

9074755453

9744209795

8138051373

7558819589

9496276191

9447631987

9207134811

9037100107

7357756778

6238071150

8138828252

8714479473

8590540204

6238030492

9447401402

9037591037

9061819327

8547732822

8075277118

8139851700

9656619272

7012061102

6238547292

9847415603

7994844435

9544019799

09656619272

9567643292

08606486197

00966508210718

9074324076

9446935748

6235019318

9778200669

9847732830

9400602790

8590455818

9746939854

7356856655

9495242234

8281652753

9605406787

8921690673

7907380989

7909231272

8075344129

9605932962

8590236376

9778177265

8593082160

9496904246

917012037414

9447346928

9995231928

7306415792

8590854160

9061591610

9497473777

9495287035

9633807177

8113801086

7034461443

8547201069

9895732196

9072216703

9746029857

9746036682

6235504845

9188357228

8606721450

9447174722

8138033448

9539255445

6282946966

6238643289

9539036349

8606052770

9747004606

6235632996

8590795702

8281443431

8791009926

9895737128

7736869312

09656349660

9074227384

7736167399

7012965698

9995770018

9995770018

9947538501

8078725921

9846491219

8086217449

7025845395

9048830363

7012603431

9656010114

9995207064

00966506660826

8921592775

9288853092

9744513632

9778163123

8075859340

9847106165

9562994523

9400080458

9745487971

7356513922

6282300962

9895090498

9447604066

9961181853

8921374743

9497787530

8075781547

8075781547

8075761493

9897650034

9745565469

9446553536

9074896056

9037041593

9845290809

8606655943

8075487529

8921409524

9061645950

7558917723

9037120011

8848987296

9074469568

7511148488

8590700440

9846330979

9061005753

7736529186

9207252934

9037979102

7736976580

7306458783

9037112108

9745731385

9074507749

9745780980

8075839878

07994263268

07907042190

6282543569

8590955033

9447138022

7558881108

9447284698

9995719242

8089871649

9447721560

7025812997

6282423361

8086857252

9645447559

8156908125

9207207870

7559007611

8304848286

9656544684

9446493550

9656171744

9847169158

9961348850

9656756033

918891631349

8157981120

8593957196

9446713487

9995633953

6238014968

9562108090

9400082313

8089385063

8075929967

8089011664

9870097978

9446052590

9562079789

9778355972

8547850663

9048376303

7306279294

9446004627

8921392828

9526068700

9946111607

9656885631

8891479694

9747433129

9544654838

7005461030

6235491774

9645540005

9645540005

9778487011

7025869371

9447070992

8138016681

6238346216

08547653806

9446961232

8714135175

8592098143

9188381914

8309052190

9400195725

9400132577

7356348291

7306845115

9995907487

9447194004

7736441688

8848198544

8086514696

9447874599

8089002255

7592047825

8281303810

8848512523

9747972654

8304095484

9946165329

9605542210

9995012110

9778225100

9778225656

6282662451

9497086328

7012997655

9846025190

9778212823

7736034250

8590454536

9061348133

8891207075

9074393768

9074688827

8281029542

08075568004

9188449830

8111817050

8590421283

8590360265

9846870225

9633555338

9495393202

9778390421

9961189008

6282120852

949553934

9487300745

9945481192

9995264998

7907984616

00971521794925

8078502039

9447542654

9447542654

8139818654

7907720167

8590123862

7994619180

09995692424

9497487626

9745689708

8590450742

9778049636

7736364080

9447413698

9447369680

8281549392

919947854592

8078011317

9447812118

9496660293

7306731455

97336999170

7907999505

918129401094

9567746299

9188531670

7025304561

9847999080

8089858509

9497876794

8129579187

8921642272

9778330255

9745503753

9249350307

9745366889

9447973121

9497027024

9497027024

9947268677

9037523371

9074403360

8848949622

9400968816

9037059713

8590294590

9074606540

9947957271

9526818608

8590017311

9447762529

9446643498

8086959074

6282144892

09496178599

9497412719

08606271000

7902424588

8281868658

8547604086

9539001260

9447739474

7902794644

9605115274

8281974442

6282184846

0000000000

0000000000

9778523005

8138034153

8920962790

9074210335

09400973113

9496795364

9447108141

6238185052

9447510144

9061489062

9061489062

8590493506

9745689708

9495366734

8848784049

8075667838

0096566356149

9605680007

9447292281

7736834121

9846253168

9539755703

8590695167

6282848296

9633190806

9744021175

9400104946

9188605194

9074581751

9074581751

09846387448

8590643349

7012927202

8590971225

9544643954

0097337757526

0096899058076

8928962583

9447414282

9072145403

9447109210

7012543632

9447475150

7511139770

9995772549

7012508086

9847725142

918138021176

917902765563

9947954688

8078472541

8547390863

9633446891

9061670397

9400050857

9074674374

+96565149987

09188498507

9633083873

8113984840

8714237613

9446991396

7356166598

09901633256

8921522905

8590666398

9633768464

9496247464

9946930099

+6596250065

8921689594

9605121052

9744088682

9567284914

9747405979

6382545616

8129778963

9747750063

9567978557

8078543292

09445480979

9447159979

9495641539

7561893556

82485501345

8078015462

9745472637

9846937876

8129377247

7012788360

6282610347

8921051213

9946222841

9037208317

9496879301

9946923741

09447894710

8129107661

9895175598

6282753743

7736687371

7510273152

8086969040

9037123688

8304809290

7034740782

9446212060

9633149274

9400055836

8921918734

8714773620

8714773620

9744711071

7736452734

96892820255

94473605657

09188253249

9633493039

9496462914

9961362101

8138955800

8157030763

7982082204

9645968275

7012804481

8547906971

8089912166

8891478596

9489650080

9947413688

7411833705

9400667010

7594837318

00919072157779

9747667424

9400785353

8078988171

8075599489

8078322403

9778332430

9495991439

9947679397

9496841241

09778418767

9061782398

9947836015

7558999421

9846336859

9446687938

9847728064

9037434169

9846877477

8075877400

8606339492

9946921348

9947912824

9037877075

9846136817

9400642226

8606131221

7893892687

8157857688

7025825819

7025825819

6282099838

9633784894

8714433450

918113063316

97470200590

8547880226

9747473842

8304850804

9846422286

9446842997

8281565077

7994450802

7560889777

8848452381

8921477325

8891616424

9495956797

9785609767

00919446116241

7558859587

97455290658

8714888285

7907532800

0508983254

9747735168

8590633890

8590633890

9447813367

9495991439

9605896876

9895928396

8592881949

9497688127

7356355995

9744546147

9895479206

8547029118

8943321820

8921369684

9446811481

96599703497

7736191480

7012995565

8943428936

7306595363

6282374122

9446255982

9188171481

7907850891

96555922361

9567979882

8848353953

8281286780

9920672022

8590339496

8714054792

8939923455

9961513803

9495570810

9495400752

8943448945

7034115057

7306675400

8921644017

8086124461

9847305561

7558860412

9778728655

9745503205

6381949553

8075530725

9901633256

9946633599

8547263046

7902765563

9847611417

9188591129

8547147814

8891568562

9048830894

7736200837

6282376370

8848410043

9495467637

9446811481

94997060020

9544344848

6282753285

8078944764

9447208565

9495150095

8547134649

9188837638

7994160289

8129088991

8111983311

8606132904

7293361122

8089458962

9048812657

8086754109

96899659946

9207004788

9447342873

9496180293

6238473945

9495157834

9745965993

9387557775

9207033010

9400137984

9633472572

9633227619

9447608572

9645532710

9747577374

9778593270

9037590223

09995608731

6238576977

9400577857

8113027853

9995709955

9497043125

8086385486

7736989129

8281991206

9946423573

9611237512

96895685354

9495960078

7559035310

9582827767

8943431999

97339292177

8330821044

8921042077

8848654450

7012058169

9562291975

9633491333

8075859340

00971569122209

9961724369

9847773337

8891257097

8157898733

9952121202

9562757383

9744556656

9961724369

9207413009

9745641710

0096871177482

9496586554

00919746126654

8129430045

7907173096

9947657130

9495554628

9778191375

7034090168

9995577208

9961724369

9747155995

7994421647

9349896979

7736800350

7736800350

9400238745

9447349529

9388880028

9495812223

9567558394

9048184064

7306211214

7561063787

9061329074

7025027987

9074022798

7510513605

9496236307

8848250341

7012524060

8590275618

9544087355

8590635125

09447247510

09447247510

8590123862

7907886387

9447391742

9447159979

9847085545

8848275679

8891377890

9072938333

7306150072

0096895245472

9745854134

9446618480

9847183452

9188409230

6235225166

9947732197

9744729056

9048676083

8547619692

9746447514

9207806351

96565519210

7907279555

8590173610

9496228911

8590303225

9745451543

9526914220

9447293042

7902203585

08606774852

9447131949

8593932322

6238709198

9072046585

9746850677

9947701159

09447859734

971504213449

9447602874

9847192434

8590578895

8281540120

9074734244

9544667923

9961125435

7736562307

9495157834

9946639802

9495667456

9946548175

9037081160

9946673854

9447629388

9567875946

09544184236

09591670779

9495852427

8075295471

8129495863

9495637752

9567447163

9709352396

8086762243

6282314221

7909159803

8078995323

8547054383

9048956354

9961537715

0097430546076

7012683533

9846022472

7012708679

8921323033

9947657764

8547866009

9847569890

9961700657

9645585757

9188566728

9526557422

6282741435

9946832937

9061855850

8590656308

9946361581

8547072094

9605710801

9778756353

7994131558

8590242757

9895514978

9562751749

7736123688

971507539313

9400337369

9495995072

6238188265

9446427929

9048956354

8330068600

8590739218

9745910106

6282081322

9895068231

7561060265

9995538510

8078986751

9497631878

9539491360

9349921747

8156963739

9847853769

9074586054

9446781962

9946644479

8848755890

9566280833

966504483284

9447811575

9048756765

9895159758

7306474293

8590578895

9074646886

8089287533

7306735903

9778736517

9188414616

9745555017

9061715103

971528630513

6238820238

8606001347

9447716309

9496871900

9567408435

7559937817

9656250620

9449730003

8086884390

8075792430

6235820589

8547070269

9632174510

7972385706

9958735408

9778236832

9447803488

7909155873

9495066346

9037343279

8089630436

8138818110

9946071305

8281450604

9778236832

9447674659

9497787433

7902237250

8075957017

00971552001099

7561017873

8848786407

8547728695

7012004613

919447891527

9846504152

7907571833

919447891527

8921023261

9895119992

9446600936

9995193089

7306722367

9544458672

7978803120

9048654131

9072159187

8848896152

9446231167

00971505880562

00971505880562

7907866793

9633211692

9567534497

9895221212

9495468670

8606365129

96895478012

8547294920

0096567050252

9447990839

+916282700430

8281382270

8281382270

971589212005

9947039142

9995750126

8301906746

6235789063

8157062407

7012148073

7025541041

7306779702

9074767569

7736637593

6282957435

8547029118

9446897674

8590305617

8113932202

944689868

96895851920

994600785

773622135

8086966647

8848616029

9526364267

9746488370

9846344309

919847010144

9995599528

8075546670

8075455963

7907340750

9497891426

9447608237

9048121365

8111897128

918891051646

7736277029

7561839070

8547852557

7902791553

9207524855

9946898035

8943428936

9895771101

96892572680

6282202700

8138818110

6282725589

6282922971

9946954989

9961472869

9895046312

8075943671

7306275861

7560995172

8921870116

8590538083

7204347729

7736597340

8592052005

9446341235

971582292599

9496862873

7012151864

9846070636

9947364580

9207009044

8078823617

00971564152467

8078726350

9656977073

9446177324

9562202004

7305235401

9620902248

9495285002

9847727616

919746139792

9037418994

7034962164

7306595363

9633911656

9020994455

9818441302

7975273285

7736379349

9746717626

9447134176

8089433165

8754218735

9497873650

9037955468

9060857591

9447352943

8301913339

8921331311

9605014310

9446868440

9446868440

8590581792

6282263762

8547693284

9544566633

8139857316

7510855194

9526191461

7012050186

7012114661

7736154343

7592054575

8921952800

8078340847

9048369667

9447035998

9497167692

8848416496

9539220177

9895993856

8921988735

9539333388

9544152299

9447291449

8943938808

8589862838

9446605625

7306253847

7356996063

9496032762

9645691312

7994572151

8590978742

6282532203

8921952271

9567644111

9645015097

9400078304

9995611168

9730757629

9605987101

9446531742

8089326399

09447329765

9188451720

8078353119

8157965615

9745197829

9964753816

8078079684

8075934204

9846738131

9497685140

8590993574

9615222333

9496824282

9747711349

8129083199

7560883587

8301917349

96560477060

7561032005

9539494769

9745608438

8547000351

9188762290

9746198550

9188762290

9400655014

9526849013

96569306610

9516232180

8089654183

8089737196

9074703413

9495501315

9495205550

9744403406

09995149065

9846855355

9895078649

9496118686

7561017873

8714740689

6235463029

9539007475

0543288202

8848694882

9961231198

9446552705

9544447981

8590873762

7012690039

7994304344

9496702508

8590511453

8281854134

9562732788

9447133127

9605488113

9947580201

9656614940

9747291655

8921639017

918129474212

8921639017

919061570573

8156945189

8590346993

6238049083

8606816427

9846306661

9074457949

8113831412

8281575277

8301975044

8547063133

9995540549

+919061542159

9447646449

7012124852

9744497361

9496148102

80787606

9778335793

9495276784

7306414569

7306947722

9446873437

9048623161

9995940816

00971527557550

8075379545

9846358988

8129745254

6282606092

9656828835

9895144498

9497688175

8590346993

9495851084

0097336699165

8590750043

7902687402

00971552001099

9495677670

09995419343

9946123772

8547353265

8590991197

7012958200

8281108350

9446555865

9947604688

8848532039

00971505461734

+919446477103

9037600627

8590968115

8138082695

8589852233

9448817930

7736637593

6282129733

9447528212

9310024624

971589212005

09495882949

9447575152

-

966509907650

918075903392

919946894206

9544810691

9496451115

7907135526

7012592504

9446800913

8848679075

8848650158

00971505453188

8943916594

9946524164

8589092682

9605351525

8891178741

9037996372

8589852233

9895178418

8943692818

8943692818

9747497940

7012476346

09446179393

+919562827263

9048333196

00918129677184

9946065500

8921467076

966533637374

9037900586

8547867912

09497688127

8129692179

9497362790

9539651901

97466868156

9446235283

9061954173

8129118777

8714250967

7025087639

6235935115

9847110815

8606825667

8086066481

7034136065

7736877205

8089966224

9562668979

0096899270817

9447603547

6238110704

9605601434

8714101348

+97338861678

6282506566

07356325197

9342649580

9947609043

00971557207436

9656947498

9391679940

9391679940

7994666092

9447884843

09744749676

7994958329

9846169139

6282831879

9847422939

6238438662

9947662708

9656104224

7356519227

9995021636

9037125347

8714157359

09495576025

9496226439

918593811853

9446589269

8086782650

8547012612

09895998870

8590787733

9567620632

00965-97630205

9048782301

9739829720

9388085100

9037579420

9496587770

8593090306

7025656202

7561848936

971505680638

09846407720

9037197977

9037469626

9496790430

966566525501

8590212547

9400656110

7559871580

00971529736162

7012970402

8075609830

9447960010

966594392550

09447891527

8078249730

09947972940

9496356176

9447380812

8589068099

8589068099

8089318857

9400237015

9447701848

9159074412

8547934436

9446501700

09074579019

9746524060

9709352396

9846625958

9847963399

9846095070

9895076577

6282110891

9400173097

9040024064

9605819172

9744932659

8075861995

7559871580

9778495441

9188623213

9074299639

07736374585

9544318243

6235718771

8281688736

919495559351

00971507592079

8281831679

9656927612

00919744514292

0096566933744

9207381604

7907186244

8547251714

971559942466

8075861995

9947426868

6282279941

9847014243

9873751828

9633647969

9946581704

9995599545

9847227758

9496229380

7306150072

9188414616

9995267987

8129726965

9495394184

9567180500

9447784567

9495669595

9447784567

9495669595

9447784567

9447784567

9447784567

09633824557

9633824557

9747273978

9633824557

9747273978

7736687386

6282260595

9447365721

7907298605

8078418729

8606309161

9446023276

9961200720

8547204547

9947449944

9633094379

9495992637

9895680281

9048898100

7907752885

9497815700

7012933801

6235679202

8848581244

9061636848

9567539091

9995679520

8590593766

9778157971

7510323218

8089224458

8921117445

9567648788

9605153665

9447194004

9746124834

9778316795

9847038474

8281632271

9048033338

8547042783

9037795005

9037149658

9496112989

7012020723

9207495422

9061523587

9946490116

8921576904

9961624984

9633170669

9731479079

6235560984

7558862436

9562017171

9809003916

9074144456

6238098695

6282845158

8281934360

7306293989

9567063860

9544016744

8078145169

8304846273

7907146988

9037965107

8252022644

9895652934

7736005635

7012673042

9388255565

8907970780

8590795498

9995287972

8921179945

9496808917

9496808917

8089216054

7306289673

9496759654

9074722859

9605480867

9074667486

9873726430

8891601978

9746866097

8289975214

9544648297

9447588643

8590585832

9847478882

9497043761

9562244777

9552753896

9846794733

8590219486

9656313157

7561825021

8590833396

8590068942

9142111020

9495801430

9562451416

9947725142

8891413363

9400246376

7076678463

7025124104

8289940377

6238131970

7306051385

6238691341

9961248906

8137884324

8921511829

9847529517

8590113689

8590773083

8714266991

9074100803

8848032626

7994668472

8848994241

6282163771

9847227758

9496106351

8547140935

8848897903

7356625664

8113933153

9447011034

8848286981

7907651937

9744418965

9497830695

7592966762

8590033605

8075215749

9061034413

9605003302

7560865076

9847664984

9995673036

6238963257

7907581446

6238912503

9995136033

7012771701

8089736769

6282989288

8129938715

7034313002

6238027880

9037541725

9400526712

8547414340

7907945866

7306715634

9188621244

9846468195

7356519227

9447269141

8590505609

9947061540

8075750634

9496025869

9895956435

9048930750

7356666430

8921462329

9656586301

7902441746

9747066040

8330822465

9074340875

09747031385

9496449342

8281548112

9497065579

8075462066

8301812844

8590503417

9061545805

8301905339

884860676h

9539151667

9567327524

7907773606

9787291019

9446632025

9037222746

6282548655

9004665872

9633043970

8547523986

9895430404

9468182230

9947296488

9072230656

9496438256

9846231974

8589878940

8075855899

9048088458

8606374976

7012672563

8281515149

7306375183

8289948254

8129317768

9207441714

9061645950

9061005753

8089871649

6282423361

9446493550

7511139770

9496879301

9645968275

6282099838

9846422286

9188171481

9952121202

9048184064

9544667923

9400337369

8075957017

8138082695

9544810691

7012592504

09446179393

6235935115

702525874

9495669595

9495669595

9446494015

9895221220

9495503305

9446217955

9846002328

9895096355

9447601172

9446593941

9895556974

9947859711

9495669595

9495669595

9446494015

9895221220

9495503305

9446217955

9846002328

9895096355

9447601172

9446593941

9495669595

9495669595

9446494015

8590776933

8848599680

971509021837

8848264861

9946410207

9495703150

9656490813

9037465400

8590212633

7306069338

9995321462

8281962336

7736595603

07356789971

8921850771

9526575656

8848665540

7907153293

9447499339

9037031655

9400188475

9746034475

7561044034

8075761113

8921694245

8848228585

8848576058

9037410976

9048148443

7012194410

7034782909

7907658297

7012672563

9446580660

9387330298

6238177713

8547559917

8590940675

9048865011

8590776933

8848599680

971509021837

8848264861

9946410207

9495703150

9656490813

07356789971

9400532654

9633829294

9447577580

8281330114

9037007500

9048075641

9714448584

7592943260

9400901606

8330048324

9633400702

9995822407

09947119178

7025158589

9591611444

7907934787

7306689851

7558077355

8078000314

07025416639

9496690635

7994483308

9400450683

9946800851

9995594241

9746191844

9846852907

8590454916 

9074582620

8157831783

8891206059

9539696746

8129086409

8606180832

7012713316

9061642941

9495964098

7025093682

9544530982

9605965264

8714082242

9207881087

8590479668

7736975013

7559915845

8714220996

9995824145

8891054547

8147799449

8147799449

8078071753

9539506671

9633647969

9946581704

9846211123

9846621075

6235098101

9900344011

9037646076

9562813961

7994399210

9809712285

9497773053

9539528425

8547648599

6235110282

8848352087

9447738264

9447966708

9497178029

6235900759

9037432005

8089230420

9539662142

8590856124

9562238368

8078785732

8078785732

7558065988

9746072207

8921681866

9747838052

94002 47242

9995689455

9056050441

7901916674

7488008513

8078272899

6238772671

+91 9847354465

8848015876

8848111065

9947182954

7902251756

8848918419

9048228642

8590753088

9304730167

9947704946

9605213379

9562421260

7736372057

7034983672

6282408305

9048674860

9747911807

8075357335

7902253589

9207067910

9656891605

6282929549

918891453829

8330899418

7736295504

8880007828

6238982456

8089789466

7907787695

9995789394

7907917513

6238250699

07306745406

9778503230

9745605737

9745605737

918138927803

9961972164

8714412545

9987000965

9946326921

8891674545

9539701061

8590605486

9645653620

8921108766

7736548966

9526331383

8547608665

6282688253

9946431368

9946851409

09048604194

7736198973

7510665585

917994520103

8075326149

6282364779

9995775977

9645871824

9778787263

8089563948

9037405204

9061270232

7592966762

8891448554

9446569585

8848529301

9400022578

9074904992

8281751917

9074485419

9037545133

9567161835

9562387593

7994783861

8592058119

8137925595

9846779478

9846240684

9605707603

9961195240

9497410798

9446007383

9495780121

9605736567

8078083833

6235019318

8137050001

9778497260

9846946495

9037378902

7012166811

9207357093

8281836398

9446826636

8714743491 

8921652733

7902302801

9744489904

9307078779

9188577645

6235385904

8943946773

9778264525

9495138015

9074451725

8848450785

9778736059

9188084812

9497263647

9446155515

7356676973

9656498135

8848090703

9074701012

6235065053

7306331300

9037152081

7356926788

7561070374

7736249150

917560881054

9961733416

6282028033

9633132498

7561825906

9447794833

9497663531

9633303359

9207062160

8921752487

9188566870

8547414325

9895154242

9446829810

8281083830

8301054125

9446435062

06282435862

9074726574

9188200585

8078150708

8281035227

7306158497

7907159714

9061208214

6282820647

7012063550

7994463047

9561201269

9846373152

9562856902

9188561588

8921874438

9562856902

9188561588

8921874438

9778361556

9446552122

9995443899

7736731311

8921104924

7510588417

7736869312

09656349660

9061782398

9061381867

7510588417

8138014887

8921018642

8590780978

7736869312

09656349660

9061782398

9946524164

6238982456

9074472146

8590787733

9847014243

9037125347

9562827263

9656947498

8113831412

7561848936

8547000351

8547693284

8589862838

8078823617

7561839070

9048121365

8301906746

9562751749

9778191375

9188837638

8943321820

94473605657

9846253168

8939923455

949553934

8714587582

7902424588

6235504845

8590572533

9400127398

8078082061

9387040241

9400428059

8281874154

8590700440

9778303184

9447116588

9605819172

7593919473

8921266938

8593090306

8075284316

9539567379

9745792180

9447718177

8139808218

9656420993

9846556932

6238445045

9947608314

7012426423

7561867740

9645540005

7012088519

9847646597

9526559449

8129107661

9446372165

9995770018

6238789357

9810893538

8921262971

9947440781

8589024812

7736831768

9544082940

7994504485

7994666092

9567447163

9947900249

9207033010

9037733903

8078588674

8137949864

8547810115

8075781547

8281751917

7012748581

9745605737

9037545133

8138927803

9048830894

8075943671

8592920111

8921266961

9037222746

9496215010

9495463548

7907818238

6235787719

7012062621

9446227860

9495080994

8078472541

9605498274

9778145708

9544696140

7356826055

7012578303

9037528494

9946220927



6238982456

8191086064

8089590083

9497692529

8547513203

9072910612

9446674864

9497712099

7907941137

9544170934

9746072207

9995976729

7736211079

9496104812

9846406932

9037123688

9895396436

7034796052

7510273152

8281139936

8138918485

8921449944

7736723468

9526708419

9447346928

9446094798

9496646750

9037355998

9496276383

8606122189

9946633599

9048066350

9567025747

8590369410

8590569190

9074472146

9447479440

9061994548

9447676985

9746023684

9778532013

9633878583

7012613528

8590784402

9778073621

9778074215

9400551111

8590303225

9074023860

8078782533

8891551891

9947811507

9562079789

9847023725

9072207336

9633683271

8078430186

9656223220

9778799417

9496227183

8137880126

9995264998

9949036618

9746888809

9495385935

8281868658

9846004515

8075325878

9633450304

9633494407

8129118777

9400404894

9446288809

9495218840

9778594278

9895083700

9447818993

8547436790

9946364020

9495429093

9847699126

9744706484

7025539902

7012740167

8129878123

7356845038

7403286634

9447815468

8547179476

9605020500

7306199908

9947704946

9495997899

9895174621

9846870225

8075901856

8921870116

9567495149

9745641710

9747823817

8590693346

8590540204

9446470551

9961531395

8089880584

9544954380

8921779157

8714835473

9947151016

9746925855

7907035703

9495979535

9207236691

9544358069

9633035733

7306766246

9746905775

9188524233

9074379563

9946444958

9995907038

8590535853

8714534970

8301053850

9495682915

8075788324

9656250620

9495332305

9847654639

9495002112

9846937876

9846732779

7510684920

9645666923

9447348461

9747717990

7736289955

9744088692

8289860623

9656811580

6235210803

9744629220

8921051731

9074003781

9400166886

9995303464

9020455500

9846341605

9446206410

9447921306

7907457192

9995554185

9446391698

9447890131

7356594813

8156849202

7034983672

9645783223

7907629368

8921080922

7736799875

9567804887

9020864399

7594845401

7592940704

6238132278

7561862636

9048320040

6235234722

9847069013

9946039334

9400196753

9497661669

7591921036

7907558012

8281818290

9895427987

7356916641

9645726176

8113080119

9539163295

8590681449

9061290916

6282663227



9188623213
7012970402
8086066481
9188623213
8590787733

Contact Number

7907186244

8547251714

8089318857

9400237015

9388085100

9188623213

Contact Number

9447163793

7907079940

7736193906

8547900552

8848444055

9036224200

8848037001

8606383725

7306085733

8606383725

9447784567

9495669595

9447784567

9495669595

9447784567

9744950976

9744950976

9747921306

9497026176

8289800860

9847370336

9207968778

7025141722

9645312900

7025141722

9443333732

9349126627

9048860611

8301053850

9947344855

9645824316

9539877457

9074593174

9447890131

9605729066

9446714842

9446605212

9605390736

9074971202

9446871970

9562236949

8589805860

9995692424

9745584254

9048153981

9207168558

8848572755  

9447700000

9846732779

9947164328

9539338899

+972 55-921-8681

+39 375 804 6501

8086260548

9400225012

81388 20392

9447348461

9744629220

9567404888

9995879402

9961734470

9037738546

9544954380

6282679297

7561070374

9895436573

9048686056

8086636399

6238261080

9995303464

+918606921093

9061151203

9656250620

9048800470

9061468718

7356686778

9747649493

9747046468

9567062105 

9746400000

9074991943

8547403222

9447528416

9400971416

8590759280

9567318036

9037100440

9961934398

9645836625

9544678292

9746628977

9895483166

9446541880

9446708747

9446006230

9895053490

9446723570

9447171619

9496603412

9495254237

9446541880

9446708747

9446006230

9895053490

9446723570

9447171619

9496603412

9495254237

9447359232

9447152906

9495070069

9447715453

9447784567

9495669595

9447784567

9446012296

9447454111

9400261509

9846903320

8593888361

9447755461

9645559181

9496325655

9544527241

7603968040

9846622308

9447718040

9901533232

9895885354

9972610249

9895885354

9972610249

9446024613

9447077865

8086452055

8289947156

9995955569

9747265686

9745758970

9496177381

9449634934

9496862241

9447048633

8592979720

9972331082

9746654266

9867170775

8547252256

9400153814

7738400211

8547981968

9495218611

9495675262

9446434427

9446265992

9497025409

9447991524

8547370661

9961991545

8547865945

9744977192

9930796659

9446434342

9495614016

9446321148

9497197987

9846397138

9446522545

9446875677

9447022456

9447596653

9998164654

9846110722

9567049593

9876219673

9895394469

7022120234

9645844449

9447162171

9446458500

9447917728

8761900350

8291202055

9644471444

9847954646

9811430349

9745364990

8921988780

9846957586

9447811409

9847164863

9495019951

9443550508

9526362184

9562590105

9446239363

9349916212

9447720817

8277063317

9447061487

9961467536

9656164999

9900842118

9400049665

9446436052

9947400030

9846162740

9746190871

9847604706

9447434848

9446468401

9497106601

9408112136

9947152056

9495747223

9446274821

9744120425

9495669595

8652738052

9446287141

9495395109

9447834034

9496270317

8606621100

8105294774

9447348565

9871913973

9446419091

7506056899

9446756241

9946091360

9567432774

9288149810

9048196429

9497193568

9446967249

9447973003

8089512620

9400930308

9567429282

9745182603

9447351843

9656887509

9446338045

9544635479

8606396386

9400404450

9446901219

8893972045

9400834469

9447946746

9544045566

9446089819

9446128178

9895081971

9446374126

9446166930

8281196967

9496123446

9746858111

9447377965

9446227511

9847431254

9497073197

9446143382

9446031309

9884560792

9922496926

8281881099

9833537584

9986819046

9847518005

9447658687

7034499000

7738394325

9443312606

7842355366

9562278222

9810711072

9495376308

9946464576

9447657430

8281296056

9952035122

9495603316

9446540303

9447618155

9495921727

9447843390

9605337398

9497336077

7738109566

9496414941

9930928162

9819276764

9061046584

9946180819

9447563522

9970261662

9447343797

9495188440

9447978677

9446586557

9746166628

9446468101

8089089015

9847702232

9447874936

8281134905

8547727357

9895226119

7907067480

9847504513

8056184383

9447551238

9846614733

9847979779

9804330652

9495669595

9846230550

8390334839

9447382924

7042125533

7738434116

9495612077

9497296912

9847271034

9446564640

9444051135

9847089493

9847555105

9447592787

9847082195

9447115929

9446150109

9747110830

9745604601

9633324730

9446509577

8086332257

8886572229

9961087768

9747546733

9946055109

9447401088

9947717348

9495254301

9446543619

9447859949

9447110542

9895560693

9946662608

9495395619

9599699598

9495551672

9744221198

9449161469

9449029683

9847710132

9911196960

9446903393

7025110220

9048906891

9495344555

8281667692

8547746485

9496782288

8086700548

9496121699

9946203347

9537572524

9447359101

9446342992

9447364209

9003272280

9947830328

9747970529

9809259479

9745433553

9497777205

9447694632

9446135358

9427342332

9447033921

9496283587

9895136863

9447064016

8156899461

9886746085

7558856580

9447501660

9497734170

9920766313

8281809260

9947578994

9540149097

9880757057

9769348198

9447104442

7506065789

9544710701

9495337010

9746155460

9482831012

7900917540

9446015913

9567764395

9895190568

9847932702

9446330332

9496081278

9447035398

9447570908

9167647382

9446350315

9447832235

9446637063

9446111542

8879337767

9495669595

9819166682

9605002412

8606076201

9446542717

9446584640

9446761818

9961653383

9400381867

9495859390

8605255668

9830632212

9446009071

8129021009

9847864852

7397343973

9895023371

9963397166

9495335879

9562656898

9895347533

7559050407

9447794200

9744990799

9745143366

9497768013

9446017417

9497787433

9446568425

9895577127

9995676004

9447978913

9447463967

9495209234

6238908093

9447993264

8086737813

8714096734

9745197829

9447768388

9539601118

9388888940

9447884843

9847505852

9946486545

9633708245

9400550238

8089503009

9447106509

9446334395

8156981950

8301049340

8137006168

9495108314

9495152082

9895334089

9995255767

9744029170

9895089040

9605971777

7559008004

9645095228

9946353060

9895414826

9847124218

9946522289

9895768353

9947104282

9447354639

9895447874

9447059932

8281583458

9946671780

8281483974

9447797481

7561876502

9497182455

9895126265

9446313379

9656223194

6238691267

9847766224

9847992205

9544799899

9645195903

9840153403

9895762522

9037601884

9539671222

9495219432

9447829712

8606668610

9400621732

9744418879

9744723186

9745492728

9947219426

8547611076

9349420333

9495060189

9567671643

9495669595

9447213084

9961197888

8291886477

9447685038

9946919092

9846858049

9447062386

9320277979

9745622421

9961331337

9947034591

9167969596

9633330181

9495080786

8593914960

9495814030

8281821638

9744146038

9447732823

9496206891

8762801412

9447835399

9656765735

9567763527

9947597577

9846416555

9895777890

9447741812

9995185397

9947780414

9747913860

9847858162

9961367261

9446203354

9526191801

9447530919

9526365825

9947465113

9447772640

9962112720

8129444319

9387524232

8301051634

9895103702

9847574564

8281383316

9663378350

9898106390

9495874642

8113069900

9656285208

9971218227

9495212388

8879603883

9961760882

9447600316

9961005908

9446354399

9633198227

9745756688

9961124100

7506009273

9895345945

9747530385

9446567895

9495347750

9947449662

9995164643

8378997058

9633115951

9846472243

9656835486

8301024607

9847704367

9901904926

9526158999

9769590942

9495765526

9745207702

9947194499

9900632302

9645755999

9895302041

9947695411

7034402568

9946856330

9995715446

9495636652

9447654232

9495594712

9447511009

9495563332

8891795030

7463885520

7559903904

9846951172

9846775483

9946502900

9947892188

9895126295

9495669595

9995058864

9446397246

9447206928

8547142360

9496411326

9846320724

9995294665

9447370940

9987427161

9656208789

7510530967

9946327520

7411400086

8281346913

9495327732

9947070963

9846665594

9961942828

9961490888

9995173814

9539002245

9496258007

9895787033

8078059134

9995497741

8281705938

9605060123

9496322802

9947042055

9995598463

9846242273

9961043112

9447868376

9447124666

9497665070

9387211183

9947524460

9895569394

7598347543

9946635128

9633840110

8714484325

9605020209

9961750815

9895262912

963394949302

9496465518

9496464694

9995344208

9567635534

9947262511

9895869138

9048048692

9746543906

9495563227

7012832055

9846818124

9400650211

9961344380

9846443377

9746995233

9552515031

7560881649

8547612996

9920483555

9496326151

9037500151

9447309358

9995006976

9061820099

9645545191

9995105690

8606508993

9447250300

9847363414

9995412096

9846653472

9946328924

9496328184

9645758951

8086108076

6282291008

8086735924

9633258457

9497362137

9946979868

9400729897

9947170133

7736403899

7012161237

9447512538

9445480979

9895849643

9995855017

9995646741

96334606025

9496335767

9496461778

9496335708

9400666689

9495669595

9747838423

9496360456

8113038889

8907906256

9895736344

8156904423

9895874878

9526750547

9037733887

9400428755

9947328970

9847488346

9846169139

9446984919

9446086608

9388652949

9995473064

9446347882

8943944376

8377960600

8547720840

9967351551

9895950528

9497312730

9447745599

9496337757

8589031073

9895419713

9895886850

9746066168

9496369660

7593033233

9605118881

8281520465

9567240442

9995654015

9847142414

9895524678

9745705009

9400725812

9846770033

9447711748

9961541024

9496461934

9744605767

80/89277017

7339053262

9567215418

8220344455

8301892438

9946555367

9895587708

9809341506

7012859139

8893281759

9995102846

9946730294

7356496002

9895005744

9400948486

9895686569

9539014656

9447854728

8778698775

9496805481

9995220247

9871427600

9847708030

9400481585

9846465490

9400508170

9159779778

9176390204

7083349856

9995673130

9447618117

9566525443

9081548144

9960051934

8281582185

9446905063

9747309609

9567033097

9496461904

9995208261

8893883386

9567317818

9061858899

9567045931

9895656671

9809293329

8893275735

9656162616

9747363630

7012705964

9072315243

9895064621

9744170608

8281127898

8281505161

9495669595

9995201113

9020705755

9961154438

9947160669

9400474023

9074467460

9846853475

9080903822

9496081391

9048838217

9645199684

9400758318

7025187393

9072318441

8086596911

9744870918

9446026881

9746120250

9744620395

9995963615

8848381040

9048221621

9847497615

8891248406

9544143666

9846712002

9946737387

9497365940

9947247234

8086390755

9400655240

9539913283

9961312380

9446493263

9496800731

8281391154

9746412810

9497277691

9446490291

8547783663

8593997499

8075604239

9496932426

9645556870

9495240850

9447785239

6282578252

9995259254

8137832872

9895601690

9995345559

9400400306

8129643937

8075152672

8111931558

9562020985

9446883596

8547316222

9400474622

9961722098

8086383377

8907524147

8592847999

8075316805

9895629696

9496718741

9656337863

9446795000

9496332241

9496094862

9400165261

9048235649

9539449334

9744243470

7510868549

9809112255

8547628139

9495286624

9074047989

9895177866

8593877747

9061000299

8129988813

8129526996

9656267206

9746797077

8592066389

8592010130

9633884916

9633103434

8589081325

9645346161

8086556222

9495938670

8089258194

8589067269

8281960839

7415973630

9447813853

9995141163

9495669595

8289878223

9645860889

9048111381

9995138166

9074527121

9744323072

8129312436

9847824795

9495896081

7760578360

7045385250

8086901232

7907608205

9946727882

9744950875

8921348685

9072389193

8547262501

7510148760

8592889699

8129233476

9447061857

8714810256

7558899145

9497871732

8399983565

9895689388

9745629639

9562085148

9746010714

9746294328

8111849633

8714441131

9446908564

9446085585

7025786613

9048120116

8086278272

8943382058

9739042835

9946039212

9496079798

9656662849

9560040440

8281031288

9496571187

7012010365

9400538472

9496803622

7907912881

9447783842

7483573938

9744277002

8593041887

9496803781

9400457539

9447509789

9895824094

9645257045

9387872839

9497071414

9995371188

9497276544

9207046145

6238070519

9746583526

8848869125

9446026355

9400649954

7736669207

9446494015

9895221220

9495503305

9446217955

9846002328

9895096355

9447601172

9446593941

9895556974

9947859711

9447654426

9567877077

9447435438

9400052086

9447185380

9847358365

9946146672

9847907939

9747834838

9446116663

9447988194

9895284567

9387179058

9447710518

9744850607

9496433203

9447605168

9895041535

9947772486

9447812012

9495669595

9446206868

8891919910

9995028301

9446927007

9048343117

9447062684

9400191676

9447186275

9446128216

9048817635

9497028979

7813058419

9495966440

9447500681

9447265798

9447202855

9447447743

8848804292

9446289234

9995801824

9447755777

9495496685

9447768248

9447819262

9447206691

9744343463

9447292058

9495876124

9447459972

9447500681

9447579201

9446260626

9495603806

9446013306

9847514766

9847273420

9447173805

9847212954

9446830396

9446573013

9961629888

9847914356

9447370478

9961733650

9544344174

9846928515

9895463760

9388367967

9946211804

9446934469

9947281934

9447090977

9496884226

9447291030

9447032017

9995893261

9446571482

9447289129

9388635902

9645560130

9947699879

8547536985

9447721524

9495083520

9447527591

9388608028

9447604656

8111937650

9544403007

9995940720

9495273678

9447722714

9605954777

9769003219

9446967922

9447464672

9495256363

9495481127

9446181311

9846042922

9447739715

9495674376

9947987700

9747545299

9447869965

9895566927

9961991002

9446526463

9447749264

9061530572

9446538118

9446041160

9447811878

9447739870

9495537009

9388892278

9447918381

9497073702

9961732211

9496475994

9495669595

9446954408

9847414698

9495636655

9446210054

9895820438

9447036033

9447122571

9895741666

8281162017

9447062174

9447599279

9847093729

9447455770

9446927024

9486609561

9349170185

9447434847

9447465782

9995602843

9895377058

9495330271

8281569387

9495315315

9446427484

9496577633

9446462815

9447662298

9495602156

9495492545

9446230340

9995477862

9486609561

9495362180

9447976767

8943454137

9446371213

9447661680

9446517306

9895924643

9562780280

9961666263

9447158058

9495555155

9497025290

9447005977

9447958705

9447312822

9495447023

9446756959

9446135546

9447171411

9847921381

9495486939

9778043479

9497277757

9446924810

9447404333

9447426792

9447566130

9633890257

9961481172

8136850761

9847516092

9496177411

9846400252

9961086213

9446541880

9446708747

9446006230

9895053490

9446723570

9496603412

9495254237

9447359232

9447152906

9495070069

9447715453

9447319616

9961744931

9847076804

9946246330

9920739407

9447398658

9446523270

9746923448

9444022549

9846408877

9446101656

9447972667

9847062879

9447146630

9447833867

9447174416

9480026966

9895456298

9995637539

9447960958

9846406564

9961380344

9495814040

9495669595

9746468101

9188599046

9447663079

9961644783

9048443035

9446863585

9496449161

9447914627

9447981698

9447177049

9961481337

9446538712

9847062264

9447961717

9388818360

9995508457

9447303051

9388228309

9747705407

9446287982

9446277307

9841706206

9446011680

9349011777

9895808320

9846333830

9447086833

8921335114

8848591403

9847955598

7025893868

9920704844

9447962123

9447893832

9447962433

9895781950

9446424271

9811831643

9497228403

9447981697

9447364764

9605029140

9746395464

9446355833

9447131071

9447428594

9447041948

9846066884

9995820201

9961456168

9895589369

9495621155

9847854971

9995777549

9447874985

9495577078

9446228259

9633693389

9846603229

9446128326

9446745665

9446555330

9447704308

9886701001

9447519422

9886023648

9495791383

9447460518

9447784146

9497597676

9446870427

9895802889

9961966399

9249400110

9446472876

9447985502

9496432385

9447529122

9388134087

9446201716

9446360441

9447478058

8943906393

9495503487

8547629181

9746260490

9846369241

9652346719

7559008283

9747637393

9400965660

9809604575

9947689878

9446535593

9447283369

9947177635

9560835511

9961323188

8547672586

9446717494

9495669595

9633646619

8129628855

9930009458

9447517670

6282672796

9447727564

6361749709

9447852679

9447816161

9447812576

9994709801

9895852423

9447875131

9446855773

9447948549

9961657465

8281385650

9447776593

9447782643

9810719339

8281021331

9562412395

9495640220

9400516197

9495054220

8838559962

9447915466

8879253446

9447163641

9447378991

9447346850

9846120566

9495062832

9895380425

9447187615

9446448089

9449446005

9526633799

9895048891

9809020653

9895116011

9995069676

9446861682

60142704708

9495849226

9496141700

9746390952

9447793137

9387803304

9496862590

9846786580

9444080725

9847249077

9447186731

9446434050

9447263135

9388482039

9847362289

9442830404

9495216362

8606244441

9446504801

9446889737

9400506526

9562871710

9895656846

9895777563

9895117337

9961475326

9442076841

9895604388

9446128659

9847994498

8902782111

9447168885

9744399789

9495024951

9633531542

9633058399

9846902403

9048050158

9446442282

9447364831

9447482681

8281258793

9946586927

9961742916

9447220983

9746804139

8075566226

9447233678

9447420918

8754475846

9447135156

9961807566

9446455154

9947324564

9846154555

8197235852

9446288130

9495669595

9061057906

9747343474

8281602890

9447123835

9895605046

9947323734

9496550111

8113992537

9447500518

9447094530

9947876464

9946669833

9447762884

9843408100

9447232121

9496662739

9633235327

16307654201

9447735226

9447827909

8281283833

9847546427

9496229960

9446331790

9496168283

9447356018

8903888966

9176287006

9447812046

9176253306

9447599972

8879330049

9446117305

8592982323

8943432035

9400261566

9447823203

9895867635

9947531531

9446127444

9846350555

9961713344

9447051798

9446206524

9447985472

9447168352

9446718619

9495791558

9447807471

9446205456

9400515479

9947299399

9447120272

9446040625

9446579560

9447031175

8075433850

9446832717

9387527610

9447981388

9847089675

9446041421

9995342408

9865796602

9645116544

9895326998

9567465963

9946665106

9353354389

9895223604

9986757800

9446169729

9846726986

9447484005

9846174674

9447459789

9447703848

9846793170

9946555214

9400333689

9995031785

9446345275

9400110731

9400987562

9562508508

9495565455

9446206153

9930099540

9446952807

9446507906

9447582343

9447062382

9946744033

9446563240

9447312072

9446210714

9447607252

9946400399

8547548997

9447854533

9495669595

9940093153

8086112544

9495547285

9446560530

9446172392

9447142357

9446561701

9560022697

9567568694

9446120376

9747976644

9445330015

9847115062

9446086866

9008222992

9444402829

9746119399

9446055121

9562522106

9447087134

9447280990

9446643423

8075191925

9656959758

9447461887

9846580651

9605375870

9447150532

9447474758

9846600104

9961444701

9400503922

9947449465

9745915734

9446128565

9446186580

9846385685

9495069715

9605067000

9895323828

9847340027

9495189091

9446289000

9895286016

9387630345

9769099662

9446217465

9633227860

9447792893

7034470278

9447710237

9446287636

9895144061

9895281284

9495559167

7306880834

9747340966

9961886133

9633287444

8589036868

9847765665

8589077615

9495326716

9447958910

9846441196

8078815453

9496403112

9446185001

8921181276

9496577797

8281275506

9895769092

9947117503

9446605617

9995034417

9910876330

9943566258

9444073280

9947516954

9633124292

9645074489

9444339898

9840219251

8281327153

9497483992

9846336112

9446446288

9840971060

9895469602

9447213750

9446818547

9495020596

9961989709

9167940051

8281193495

9496118741

9447151611

9995990354

9847575722

9497186908

9495669595

9447333345

9833696550

9495212592

9895080896

9446546458

9745235036

9447157713

9446236351

9497080470

9496177901

7907506328

9447525271

9446718548

9947265229

9947142889

9447148065

9446766105

8281236282

9496108437

9496427029

9447987056

9633978044

9446251349

9447178426

9446232654

9495604970

9446402092

9446791943

9446045877

9947300501

8156998652

9447568359

9567483481

9447567658

9846130315

9840962709

7738183435

9947292945

9745017985

9567403111

9745027911

9446334807

9446209495

9447704051

9744636597

9400431143

9447110180

9446234923

9447987466

9400702600

9447256047

9916958444

9495129127

9496441136

9495114088

9447916444

8590248417

9495233144

9061033132

9495086495

9447186165

9447054727

9495850258

9495315949

9495532997

9400050551

9447962420

9447679837

9447130489

9447129020

9249335929

9567900491

9747397136

9447327100

8891781741

9819438603

9447447502

9846096389

9946241945

9895864272

9449042904

9847414065

9895654429

9744758314

9447751126

8921704919

9895150450

9447330463

9746886305

9847758008

9496121410

8220086111

8903472498

9995372332

9446465169

9446302767

9443542666

9633041927

9495472252

9495172044

9495669595

9486245551

9748894650

9961168686

9447081756

9947591347

8891181137

9447404549

9446557499

8848880813

9496168171

9946404020

9895228181

9447248428

9867773998

9445375634

9447665937

9400766868

8547447614

8289969277

9447828990

8089506438

9847072693

9446533299

9947047222

9496812585

9847042978

9656022100

9447357037

9605875566

9846103519

8281501603

6360076291

9847167937

9037722553

9446086452

7511193004

9841003469

9810081883

9446206985

9447940237

7902203401

9446102368

9747567511

9092342177

9446105763

9847059015

9495690606

9994760212

9846128344

9446206330

9995252073

8943523025

9446817280

9946445275

9446044041

9605004633

7025155106

9895394900

9895086176

9447375693

7278050837

9633538038

9446709252

8697365633

9446892008

7306251917

9447666719

7012083349

9447357332

8943179953

9633116152

9496126657

9447091803

9567223800

9847083415

9495504085

9447578251

9495713415

9481621962

9961229846

9495675930

9446128117

9061541111

9447570564

9567426236

9446562845

9446564291

8589098890

8606338488

9946330588

9446165388

9495894694

9446323199

9995036872

9341030360

9961990855

9497277386

9447123610

9961349439

9488762467

9495669595

7012704876

9833838498

9947352626

9895880895

7012227669

9447322278

9446209329

9446502885

9446870458

9446517783

9447457548

9447050284

9446067511

9496208163

9446535602

9562736108

9446105556

7034627240

9496093630

9846066525

9495966568

9744555300

9446151600

9447925212

9495660232

9447943129

9495429596

7907777670

9446413399

9447826744

9895575704

9447741165

9447363714

9400191384

9061035566

9446525297

9946902625

9526142190

9847347390

9446325143

9846414488

9995981034

9447067775

9496301265

9847198705

9447045405

9447617933

9744618816

9947211966

9446128554

9446536352

9447418032

9447493319

9895697892

9633438900

9447141752

9539158077

9745565470

9447518797

9686075370

9446769333

9447458132

9447156060

9562578333

9995528298

9961253837

9995677634

9400965803

9880066646

9605732148

8547204541

9038211705

9789389679

9447490299

9946563998

9446128109

9496787221

9820293312

7907505771

9446515361

9495093440

9447349385

8089191089

9447474293

9769963796

9497458058

9567787371

9495244676

9744440484

9446357202

8281874982

9003204045

9980493694

9447764566

8879294827

8281926676

9895392716

9446544493

9447701508

9495603061

9495669595

9446693652

9495574151

7034570153

9811831643

9895103631

9447744442

9446960645

9895046469

9895776578

9447407567

9343585257

9995047332

9605649091

9895169424

9567471100

9324780751

9349085850

9447327450

9846368900

9447806356

9480611376

9544010148

9739047736

9447394347

9526668121

9940669897

9767544777

9961744721

8589930777

9446213436

9900146850

9940648554

9496177565

9600044506

9895162194

9446571273

9871984200

9810806588

9495677481

9946908437

9048837735

9567292541

9447965529

9447478997

9446870460

9447809686

9847445776

9447046781

9995301480

7506939323

9746274743

9847757557

9446025132

9567901834

9388609187

9961241290

9496414627

9446566119

9847763327

9744192348

9995617747

9895352628

9497185579

9446231898

9895453852

9946135123

9447569411

9744240208

7676332533

9847473649

9447893752

7406139962

8606488630

9447860686

9845597901

9846455777

9744256359

9446128214

7899835739

8138905089

9446218241

9495750421

9444972602

8970584666

9789389773

9947252911

9995749102

9544621234

9446488204

7558862347

8547784903

9447576068

8888388333

9745478998

9495604149

9447987560

8547701892

9446413884

9961210034

9447868503

9495669595

9447154587

8547219621

9447960388

9746796306

9902546006

9446540603

9663460910

9847709241

9656868899

8137020478

9961312011

9656112018

9884474713

9544692293

9843926746

9447828083

9446119866

9952832980

9495442352

9496791720

9847088582

9447991154

9958544644

9447716456

9188187844

9836599385

9895155277

9167955474

9495571141

9539003995

9447140470

9496457457

9447808188

8304966781

9497219764

9947440538

9400395085

9900122630

9497663286

9840791091

9544471922

9566257115

9447631804

9995473964

8337000666

9846939671

9447820705

9446149531

9946859014

9447893877

9961991148

8089755785

9447197257

9746549564

9447086462

9654159548

8547203537

8547510777

9847649450

9446002398

9995188910

9447258543

9447052813

8547424552

9495442884

9447166480

9940440263

9846824890

7776903717

9404919359

9886553813

9895756671

9447580132

9995349107

9840851964

9447340311

9447736640

9995431329

9496077208

9446529125

9980010563

9020028533

9446867699

8547626707

9895473117

7593072036

9495964180

9847517826

9495159676

9820196667

9496680097

9969491362

9400606506

9400142546

9486251899

9495024744

9544892687

9447069676

9447214215

9497458676

9495669595

9496967396

9846456778

9446932023

9400235751

8547681366

9946445631

9842685302

9847530287

8281222589

9961991192

9496178568

8848074368

9495429616

8281457679

9387873236

9400890632

9544922152

9744716400

9497200020

9447805535

9447159576

9846520349

9447455333

9495033512

8281814076

9567264737

8547634062

9497258920

9495042530

9900417712

9446535599

9495548926

8891593677

8281806352

8075365739

9847346750

9446544459

9446113338

9961083838

8547477336

9633421888

9656935270

9847839333

9567268085

9446544644

9961992298

9446219761

9447937450

9496457657

9447239444

9496261605

9447913881

7012884235

9495919668

7022971492

9447529144

9495440963

9433101189

9964259751

7774821151

9051558397

9446623897

9447598484

9656588566

9447883647

9446197946

9446128443

9446062430

9447927875

8105635994

9495393905

9447050702

9961990171

9495603261

7907072801

8281814458

9496862721

8089968057

9447586860

9446203455

9495169540

9567569206

9820454821

9446596403

9088041000

9400236369

9495838789

9496889457

9388893335

8281047876

9747027170

9447932564

9496225088

9495443662

9447181948

9747595209

9446115002

9447958430

9447274834

9995011093

9495669595

9447101805

9847320336

9446305434

9446428443

9447879746

9447670545

9446330833

8113868899

8281874767

9744957252

9995922100

9480116307

9846454511

9446396441

9446611442

9447168887

9447605384

9526309202

9847171173

9910454635

9810308137

9747064250

9446841005

9447212993

9448038179

9446202623

8547418238

9539390956

9446276499

8547978917

9447359240

9446955060

6290519314

9995155377

8129550866

9555152535

7012323366

9446612359

9447796565

9500128097

9846908454

9946339911

9995639570

9447469811

7838006133

9446858798

9447908585

9674334438

9330123900

9746120220

9496828818

9846045932

9446401807

9645160190

9446468620

9446212315

9961894002

9895166544

9447977510

9349402115

9400489456

9447088106

9446292112

9847416600

7708658828

9061912244

9846133130

9037772968

9881749596

9446437289

9443192422

9435012298

9176368862

9495503447

9020593315

9944907781

9567768096

9445311427

9895344922

8592942626

9567293364

9447217813

8291886377

9880322377

9496281159

9496208563

8281867776

9447619710

9497178657

9446515107

8281865793

9447543927

9497587477

9895398864

9446757211

9567819383

9497367675

9562329930

9645284505

9447351248

9495669595

9446120565

7043037700

9447208165

8075578523

9847662125

8427292625

9995537879

9496226227

9969457485

9446273884

9496109265

8075730646

9447042239

9869430424

9874195212

7736803799

9910096682

9497732948

9446539172

9495603322

8281812575

9847238185

9496177383

9447558186

9745327660

8007497995

8217634033

9447845738

9446197656

8129797015

9747877841

9433354224

9446128295

9496488475

9847850157

9447057171

9446463233

9495362411

9744856290

9495016065

9446177512

9446275312

9595537372

7506473959

9447381231

8547875700

9447596556

9447403990

9746733592

9167924876

9495472048

9447916266

9446816684

8281261285

8547632995

8157944443

8547419788

9496108253

9447103479

9447741237

9947728992

9446836844

9911382082

7576012143

9818861867

7506015037

9895670335

9846062330

9995556383

9605094107

9747573257

9048192211

9447868518

9633034768

8800548121

9447985387

9446409293

9447005281

9447575552

9495518960

9496151904

9496233698

9847423328

9447455004

9446897674

7042366833

9496987252

9496740530

9447663922

9497312540

9447944210

9497683341

9446382620

9447352666

9847288118

9495613481

8758204764

8156085233

9961035017

9539673248

9495669595

9946488298

9447047247

9048611166

9495875339

9961160117

8943996684

9400459590

9447769797

9446456054

9444110363

9446996280

9747593380

9847116428

9495704888

9995308255

9400458872

9947248466

9400548964

8547627623

9447888326

9349445550

9495452377

9656034808

9495801266

8281670624

7558983163

9497775184

9446079471

9446041955

9847977723

9562067503

9495690825

9447440141

9820586780

9447558634

8281239491

9446120581

9446322356

9961992532

9447829218

9446459861

9495454285

9446635929

9847116210

9947133063

9846799435

8156828163

9495359019

8138029014

9895378557

9447963779

8281145085

9495429095

9446480567

9447508383

9447608845

9447565508

9495674325

7736275515

9544823717

9495643932

9895263301

9444002011

9895449088

9446618366

9447853230

9447737171

9496213404

9447602433

9946349145

8129072898

9447826909

8308360239

9446277767

9920964566

9744000944

9496419833

9446437294

9446074031

9447458757

9656841492

7045325497

9605329281

9447428924

9495560624

9446431830

9961491665

9447400628

9446369976

9495045228

9495268996

9946702875

9447032855

9446384522

9747531326

9446884675

9447020671

8547879484

6282057232

8891916979

9495669595

9899137889

9497823551

9496417843

9446086255

9497743430

9811142936

9747555868

9495673099

9880946676

8281589546

9444857576

8891115141

9497789402

8879290279

9847416546

8078745174

9447593653

9447188271

9746820414

8281815138

9847295336

9962013352

9495975153

9447576535

9447234485

9744104145

9643981477

7708538999

9446913220

9495257401

9446859018

9847119458

9447211288

8547148281

9895622044

9605002622

9447245878

8281285604

8547698836

9847018283

9446243139

9846119826

9446068985

9496858665

9447980110

9711190781

9446088118

8617766918

9495315958

9895780962

8086268324

9400513463

9633712535

9656965619

9447209433

9037000517

9526251237

9946492583

9539003680

9900236579

9495995056

9847736778

9899804518

9446276044

9895222006

8086662233

9074954090

9497357176

9895885354

9972610249

9446024613

9447077865

8086452055

8289947156

9995955569

9747265686

9745758970

9496177381

9449634934

9496862241

9447048633

8592979720

9972331082

9746654266

9867170775

8547252256

9400153814

7738400211

8547981968

9495218611

9495675262

9446434427

9446265992

9497025409

9447991524

8547370661

9961991545

8547865945

9744977192

9930796659

9446434342

9495614016

9446321148

9497197987

9846397138

9446522545

9446875677

9447022456

9447596653

9998164654

9846110722

9567049593

9876219673

9895394469

7022120234

9645844449

9447162171

9446458500

9447917728

8761900350

8291202055

9644471444

9847954646

9811430349

9745364990

8921988780

9846957586

9447811409

9847164863

9495019951

9443550508

9526362184

9562590105

9446239363

9349916212

9447720817

8277063317

9447061487

9961467536

9656164999

9900842118

9400049665

9446436052

9947400030

9846162740

9746190871

9847604706

9447434848

9446468401

9497106601

9408112136

9947152056

9495747223

9446274821

9744120425

9495669595

8652738052

9446287141

9495395109

9447834034

9496270317

8606621100

8105294774

9447348565

9871913973

9446419091

7506056899

9446756241

9946091360

9567432774

9288149810

9048196429

9497193568

9446967249

9447973003

8089512620

9400930308

9567429282

9745182603

9447351843

9656887509

9446338045

9544635479

8606396386

9400404450

9446901219

8893972045

9400834469

9447946746

9544045566

9446089819

9446128178

9895081971

9446374126

9446166930

8281196967

9496123446

9746858111

9447377965

9446227511

9847431254

9497073197

9446143382

9446031309

9884560792

9922496926

8281881099

9833537584

9986819046

9847518005

9447658687

7034499000

7738394325

9443312606

7842355366

9562278222

9810711072

9495376308

9946464576

9447657430

8281296056

9952035122

9495603316

9446540303

9447618155

9495921727

9447843390

9605337398

9497336077

7738109566

9496414941

9930928162

9819276764

9061046584

9946180819

9447563522

9970261662

9447343797

9495188440

9447978677

9446586557

9746166628

9446468101

8089089015

9847702232

9447874936

8281134905

8547727357

9895226119

7907067480

9847504513

8056184383

9447551238

9846614733

9847979779

9804330652

9495669595

9846230550

8390334839

9447382924

7042125533

7738434116

9495612077

9497296912

9847271034

9446564640

9444051135

9847089493

9847555105

9447592787

9847082195

9447115929

9446150109

9747110830

9745604601

9633324730

9446509577

8086332257

8886572229

9961087768

9747546733

9946055109

9447401088

9947717348

9495254301

9446543619

9447859949

9447110542

9895560693

9946662608

9495395619

9599699598

9495551672

9744221198

9449161469

9449029683

9847710132

9911196960

9446903393

7025110220

9048906891

9495344555

8281667692

8547746485

9496782288

8086700548

9496121699

9946203347

9537572524

9447359101

9446342992

9447364209

9003272280

9947830328

9747970529

9809259479

9745433553

9497777205

9447694632

9446135358

9427342332

9447033921

9496283587

9895136863

9447064016

8156899461

9886746085

7558856580

9447501660

9497734170

9920766313

8281809260

9947578994

9540149097

9880757057

9769348198

9447104442

7506065789

9544710701

9495337010

9746155460

9482831012

7900917540

9446015913

9567764395

9895190568

9847932702

9446330332

9496081278

9447035398

9447570908

9167647382

9446350315

9447832235

9446637063

9446111542

8879337767

9495669595

9819166682

9605002412

8606076201

9446542717

9446584640

9446761818

9961653383

9400381867

9495859390

8605255668

9830632212

9446009071

8129021009

9847864852

7397343973

9895023371

9963397166

9495335879

9562656898

9895347533

7559050407

9447794200

9744990799

9745143366

9497768013

9446017417

9497787433

9446568425

9895577127

9995676004

9447978913

9447463967

9495209234

6238908093

9447993264

8086737813

8714096734

9745197829

9447768388

9539601118

9388888940

9447884843

9847505852

9946486545

9633708245

9400550238

8089503009

9447106509

9446334395

8156981950

8301049340

8137006168

9495108314

9495152082

9895334089

9995255767

9744029170

9895089040

9605971777

7559008004

9645095228

9946353060

9895414826

9847124218

9946522289

9895768353

9947104282

9447354639

9895447874

9447059932

8281583458

9946671780

8281483974

9447797481

7561876502

9497182455

9895126265

9446313379

9656223194

6238691267

9847766224

9847992205

9544799899

9645195903

9840153403

9895762522

9037601884

9539671222

9495219432

9447829712

8606668610

9400621732

9744418879

9744723186

9745492728

9947219426

8547611076

9349420333

9495060189

9567671643

9495669595

9447213084

9961197888

8291886477

9447685038

9946919092

9846858049

9447062386

9320277979

9745622421

9961331337

9947034591

9167969596

9633330181

9495080786

8593914960

9495814030

8281821638

9744146038

9447732823

9496206891

8762801412

9447835399

9656765735

9567763527

9947597577

9846416555

9895777890

9447741812

9995185397

9947780414

9747913860

9847858162

9961367261

9446203354

9526191801

9447530919

9526365825

9947465113

9447772640

9962112720

8129444319

9387524232

8301051634

9895103702

9847574564

8281383316

9663378350

9898106390

9495874642

8113069900

9656285208

9971218227

9495212388

8879603883

9961760882

9447600316

9961005908

9446354399

9633198227

9745756688

9961124100

7506009273

9895345945

9747530385

9446567895

9495347750

9947449662

9995164643

8378997058

9633115951

9846472243

9656835486

8301024607

9847704367

9901904926

9526158999

9769590942

9495765526

9745207702

9947194499

9900632302

9645755999

9895302041

9947695411

7034402568

9946856330

9995715446

9495636652

9447654232

9495594712

9447511009

9495563332

8891795030

7463885520

7559903904

9846951172

9846775483

9946502900

9947892188

9895126295

9495669595

9995058864

9446397246

9447206928

8547142360

9496411326

9846320724

9995294665

9447370940

9987427161

9656208789

7510530967

9946327520

7411400086

8281346913

9495327732

9947070963

9846665594

9961942828

9961490888

9995173814

9539002245

9496258007

9895787033

8078059134

9995497741

8281705938

9605060123

9496322802

9947042055

9995598463

9846242273

9961043112

9447868376

9447124666

9497665070

9387211183

9947524460

9895569394

7598347543

9946635128

9633840110

8714484325

9605020209

9961750815

9895262912

963394949302

9496465518

9496464694

9995344208

9567635534

9947262511

9895869138

9048048692

9746543906

9495563227

7012832055

9846818124

9400650211

9961344380

9846443377

9746995233

9552515031

7560881649

8547612996

9920483555

9496326151

9037500151

9447309358

9995006976

9061820099

9645545191

9995105690

8606508993

9447250300

9847363414

9995412096

9846653472

9946328924

9496328184

9645758951

8086108076

6282291008

8086735924

9633258457

9497362137

9946979868

9400729897

9947170133

7736403899

7012161237

9447512538

9445480979

9895849643

9995855017

9995646741

96334606025

9496335767

9496461778

9496335708

9400666689

9495669595

9747838423

9496360456

8113038889

8907906256

9895736344

8156904423

9895874878

9526750547

9037733887

9400428755

9947328970

9847488346

9846169139

9446984919

9446086608

9388652949

9995473064

9446347882

8943944376

8377960600

8547720840

9967351551

9895950528

9497312730

9447745599

9496337757

8589031073

9895419713

9895886850

9746066168

9496369660

7593033233

9605118881

8281520465

9567240442

9995654015

9847142414

9895524678

9745705009

9400725812

9846770033

9447711748

9961541024

9496461934

9744605767

80/89277017

7339053262

9567215418

8220344455

8301892438

9946555367

9895587708

9809341506

7012859139

8893281759

9995102846

9946730294

7356496002

9895005744

9400948486

9895686569

9539014656

9447854728

8778698775

9496805481

9995220247

9871427600

9847708030

9400481585

9846465490

9400508170

9159779778

9176390204

7083349856

9995673130

9447618117

9566525443

9081548144

9960051934

8281582185

9446905063

9747309609

9567033097

9496461904

9995208261

8893883386

9567317818

9061858899

9567045931

9895656671

9809293329

8893275735

9656162616

9747363630

7012705964

9072315243

9895064621

9744170608

8281127898

8281505161

9495669595

9995201113

9020705755

9961154438

9947160669

9400474023

9074467460

9846853475

9080903822

9496081391

9048838217

9645199684

9400758318

7025187393

9072318441

8086596911

9744870918

9446026881

9746120250

9744620395

9995963615

8848381040

9048221621

9847497615

8891248406

9544143666

9846712002

9946737387

9497365940

9947247234

8086390755

9400655240

9539913283

9961312380

9446493263

9496800731

8281391154

9746412810

9497277691

9446490291

8547783663

8593997499

8075604239

9496932426

9645556870

9495240850

9447785239

6282578252

9995259254

8137832872

9895601690

9995345559

9400400306

8129643937

8075152672

8111931558

9562020985

9446883596

8547316222

9400474622

9961722098

8086383377

8907524147

8592847999

8075316805

9895629696

9496718741

9656337863

9446795000

9496332241

9496094862

9400165261

9048235649

9539449334

9744243470

7510868549

9809112255

8547628139

9495286624

9074047989

9895177866

8593877747

9061000299

8129988813

8129526996

9656267206

9746797077

8592066389

8592010130

9633884916

9633103434

8589081325

9645346161

8086556222

9495938670

8089258194

8589067269

8281960839

7415973630

9447813853

9995141163

9495669595

8289878223

9645860889

9048111381

9995138166

9074527121

9744323072

8129312436

9847824795

9495896081

7760578360

7045385250

8086901232

7907608205

9946727882

9744950875

8921348685

9072389193

8547262501

7510148760

8592889699

8129233476

9447061857

8714810256

7558899145

9497871732

8399983565

9895689388

9745629639

9562085148

9746010714

9746294328

8111849633

8714441131

9446908564

9446085585

7025786613

9048120116

8086278272

8943382058

9739042835

9946039212

9496079798

9656662849

9560040440

8281031288

9496571187

7012010365

9400538472

9496803622

7907912881

9447783842

7483573938

9744277002

8593041887

9496803781

9400457539

9447509789

9895824094

9645257045

9387872839

9497071414

9995371188

9497276544

9207046145

6238070519

9746583526

8848869125

9446026355

9400649954

7736669207

9446494015

9895221220

9495503305

9446217955

9846002328

9895096355

9447601172

9446593941

9895556974

9947859711

9447654426

9567877077

9447435438

9400052086

9447185380

9847358365

9946146672

9847907939

9747834838

9446116663

9447988194

9895284567

9387179058

9447710518

9744850607

9496433203

9447605168

9895041535

9947772486

9447812012

9495669595

9446206868

8891919910

9995028301

9446927007

9048343117

9447062684

9400191676

9447186275

9446128216

9048817635

9497028979

7813058419

9495966440

9447500681

9447265798

9447202855

9447447743

8848804292

9446289234

9995801824

9447755777

9495496685

9447768248

9447819262

9447206691

9744343463

9447292058

9495876124

9447459972

9447500681

9447579201

9446260626

9495603806

9446013306

9847514766

9847273420

9447173805

9847212954

9446830396

9446573013

9961629888

9847914356

9447370478

9961733650

9544344174

9846928515

9895463760

9388367967

9946211804

9446934469

9947281934

9447090977

9496884226

9447291030

9447032017

9995893261

9446571482

9447289129

9388635902

9645560130

9947699879

8547536985

9447721524

9495083520

9447527591

9388608028

9447604656

8111937650

9544403007

9995940720

9495273678

9447722714

9605954777

9769003219

9446967922

9447464672

9495256363

9495481127

9446181311

9846042922

9447739715

9495674376

9947987700

9747545299

9447869965

9895566927

9961991002

9446526463

9447749264

9061530572

9446538118

9446041160

9447811878

9447739870

9495537009

9388892278

9447918381

9497073702

9961732211

9496475994

9495669595

9446954408

9847414698

9495636655

9446210054

9895820438

9447036033

9447122571

9895741666

8281162017

9447062174

9447599279

9847093729

9447455770

9446927024

9486609561

9349170185

9447434847

9447465782

9995602843

9895377058

9495330271

8281569387

9495315315

9446427484

9496577633

9446462815

9447662298

9495602156

9495492545

9446230340

9995477862

9486609561

9495362180

9447976767

8943454137

9446371213

9447661680

9446517306

9895924643

9562780280

9961666263

9447158058

9495555155

9497025290

9447005977

9447958705

9447312822

9495447023

9446756959

9446135546

9447171411

9847921381

9495486939

9778043479

9497277757

9446924810

9447404333

9447426792

9447566130

9633890257

9961481172

8136850761

9847516092

9496177411

9846400252

9961086213

9446541880

9446708747

9446006230

9895053490

9446723570

9496603412

9495254237

9447359232

9447152906

9495070069

9447715453

9447319616

9961744931

9847076804

9946246330

9920739407

9447398658

9446523270

9746923448

9444022549

9846408877

9446101656

9447972667

9847062879

9447146630

9447833867

9447174416

9480026966

9895456298

9995637539

9447960958

9846406564

9961380344

9495814040

9495669595

9746468101

9188599046

9447663079

9961644783

9048443035

9446863585

9496449161

9447914627

9447981698

9447177049

9961481337

9446538712

9847062264

9447961717

9388818360

9995508457

9447303051

9388228309

9747705407

9446287982

9446277307

9841706206

9446011680

9349011777

9895808320

9846333830

9447086833

8921335114

8848591403

9847955598

7025893868

9920704844

9447962123

9447893832

9447962433

9895781950

9446424271

9811831643

9497228403

9447981697

9447364764

9605029140

9746395464

9446355833

9447131071

9447428594

9447041948

9846066884

9995820201

9961456168

9895589369

9495621155

9847854971

9995777549

9447874985

9495577078

9446228259

9633693389

9846603229

9446128326

9446745665

9446555330

9447704308

9886701001

9447519422

9886023648

9495791383

9447460518

9447784146

9497597676

9446870427

9895802889

9961966399

9249400110

9446472876

9447985502

9496432385

9447529122

9388134087

9446201716

9446360441

9447478058

8943906393

9495503487

8547629181

9746260490

9846369241

9652346719

7559008283

9747637393

9400965660

9809604575

9947689878

9446535593

9447283369

9947177635

9560835511

9961323188

8547672586

9446717494

9495669595

9633646619

8129628855

9930009458

9447517670

6282672796

9447727564

6361749709

9447852679

9447816161

9447812576

9994709801

9895852423

9447875131

9446855773

9447948549

9961657465

8281385650

9447776593

9447782643

9810719339

8281021331

9562412395

9495640220

9400516197

9495054220

8838559962

9447915466

8879253446

9447163641

9447378991

9447346850

9846120566

9495062832

9895380425

9447187615

9446448089

9449446005

9526633799

9895048891

9809020653

9895116011

9995069676

9446861682

60142704708

9495849226

9496141700

9746390952

9447793137

9387803304

9496862590

9846786580

9444080725

9847249077

9447186731

9446434050

9447263135

9388482039

9847362289

9442830404

9495216362

8606244441

9446504801

9446889737

9400506526

9562871710

9895656846

9895777563

9895117337

9961475326

9442076841

9895604388

9446128659

9847994498

8902782111

9447168885

9744399789

9495024951

9633531542

9633058399

9846902403

9048050158

9446442282

9447364831

9447482681

8281258793

9946586927

9961742916

9746804139

8075566226

9447233678

9447420918

8754475846

9447135156

9961807566

9446455154

9947324564

9846154555

8197235852

9446288130

9495669595

9061057906

9747343474

8281602890

9447123835

9895605046

9947323734

9496550111

8113992537

9447500518

9447094530

9947876464

9946669833

9447762884

9843408100

9447232121

9496662739

9633235327

16307654201

9447735226

9447827909

8281283833

9847546427

9496229960

9446331790

9496168283

9447356018

8903888966

9176287006

9447812046

9176253306

9447599972

8879330049

9446117305

8592982323

8943432035

9400261566

9447823203

9895867635

9947531531

9446127444

9846350555

9961713344

9447051798

9446206524

9447985472

9447168352

9446718619

9495791558

9447807471

9446205456

9400515479

9947299399

9447120272

9446040625

9446579560

9447031175

8075433850

9446832717

9387527610

9447981388

9847089675

9446041421

9995342408

9865796602

9645116544

9895326998

9567465963

9946665106

9353354389

9895223604

9986757800

9446169729

9846726986

9447484005

9846174674

9447459789

9447703848

9846793170

9946555214

9400333689

9995031785

9446345275

9400110731

9400987562

9562508508

9495565455

9446206153

9930099540

9446952807

9446507906

9447582343

9447062382

9946744033

9446563240

9447312072

9446210714

9447607252

9946400399

8547548997

9447854533

9495669595

9940093153

8086112544

9495547285

9446560530

9446172392

9447142357

9446561701

9560022697

9567568694

9446120376

9747976644

9445330015

9847115062

9446086866

9008222992

9444402829

9746119399

9446055121

9562522106

9447087134

9447280990

9446643423

8075191925

9656959758

9447461887

9846580651

9605375870

9447150532

9447474758

9846600104

9961444701

9400503922

9947449465

9745915734

9446128565

9446186580

9846385685

9495069715

9605067000

9895323828

9847340027

9495189091

9446289000

9895286016

9387630345

9769099662

9446217465

9633227860

9447792893

7034470278

9447710237

9446287636

9895144061

9895281284

9495559167

7306880834

9747340966

9961886133

9633287444

8589036868

9847765665

8589077615

9495326716

9447958910

9846441196

8078815453

9496403112

9446185001

8921181276

9496577797

8281275506

9895769092

9947117503

9446605617

9995034417

9910876330

9943566258

9444073280

9947516954

9633124292

9645074489

9444339898

9840219251

8281327153

9497483992

9846336112

9446446288

9840971060

9895469602

9447213750

9446818547

9495020596

9961989709

9167940051

8281193495

9496118741

9447151611

9995990354

9847575722

9497186908

9495669595

9447333345

9833696550

9495212592

9895080896

9446546458

9745235036

9447157713

9446236351

9497080470

9496177901

7907506328

9447525271

9446718548

9947265229

9947142889

9447148065

9446766105

8281236282

9496108437

9496427029

9447987056

9633978044

9446251349

9447178426

9446232654

9495604970

9446402092

9446791943

9446045877

9947300501

8156998652

9447568359

9567483481

9447567658

9846130315

9840962709

7738183435

9947292945

9745017985

9567403111

9745027911

9446334807

9446209495

9447704051

9744636597

9400431143

9447110180

9446234923

9447987466

9400702600

9447256047

9916958444

9495129127

9496441136

9495114088

9447916444

8590248417

9495233144

9061033132

9495086495

9447186165

9447054727

9495850258

9495315949

9495532997

9400050551

9447962420

9447679837

9447130489

9447129020

9249335929

9567900491

9747397136

9447327100

8891781741

9819438603

9447447502

9846096389

9946241945

9895864272

9449042904

9847414065

9895654429

9744758314

9447751126

8921704919

9895150450

9447330463

9746886305

9847758008

9496121410

8220086111

8903472498

9995372332

9446465169

9446302767

9443542666

9633041927

9495472252

9495172044

9495669595

9486245551

9748894650

9961168686

9447081756

9947591347

8891181137

9447404549

9446557499

8848880813

9496168171

9946404020

9895228181

9447248428

9867773998

9445375634

9447665937

9400766868

8547447614

8289969277

9447828990

8089506438

9847072693

9446533299

9947047222

9496812585

9847042978

9656022100

9447357037

9605875566

9846103519

8281501603

6360076291

9847167937

9037722553

9446086452

7511193004

9841003469

9810081883

9446206985

9447940237

7902203401

9446102368

9747567511

9092342177

9446105763

9847059015

9495690606

9994760212

9846128344

9446206330

9995252073

8943523025

9446817280

9946445275

9446044041

9605004633

7025155106

9895394900

9895086176

9447375693

7278050837

9633538038

9446709252

8697365633

9446892008

7306251917

9447666719

7012083349

9447357332

8943179953

9633116152

9496126657

9447091803

9567223800

9847083415

9495504085

9447578251

9495713415

9481621962

9961229846

9495675930

9446128117

9061541111

9447570564

9567426236

9446562845

9446564291

8589098890

8606338488

9946330588

9446165388

9495894694

9446323199

9995036872

9341030360

9961990855

9497277386

9447123610

9961349439

9488762467

9495669595

7012704876

9833838498

9947352626

9895880895

7012227669

9447322278

9446209329

9446502885

9446870458

9446517783

9447457548

9447050284

9446067511

9496208163

9446535602

9562736108

9446105556

7034627240

9496093630

9846066525

9495966568

9744555300

9446151600

9447925212

9495660232

9447943129

9495429596

7907777670

9446413399

9447826744

9895575704

9447741165

9447363714

9400191384

9061035566

9446525297

9946902625

9526142190

9847347390

9446325143

9846414488

9995981034

9447067775

9496301265

9847198705

9447045405

9447617933

9744618816

9947211966

9446128554

9446536352

9447418032

9447493319

9895697892

9633438900

9447141752

9539158077

9745565470

9447518797

9686075370

9446769333

9447458132

9447156060

9562578333

9995528298

9961253837

9995677634

9400965803

9880066646

9605732148

8547204541

9038211705

9789389679

9447490299

9946563998

9446128109

9496787221

9820293312

7907505771

9446515361

9495093440

9447349385

8089191089

9447474293

9769963796

9497458058

9567787371

9495244676

9744440484

9446357202

8281874982

9003204045

9980493694

9447764566

8879294827

8281926676

9895392716

9446544493

9447701508

9495603061

9495669595

9446693652

9495574151

7034570153

9811831643

9895103631

9447744442

9446960645

9895046469

9895776578

9447407567

9343585257

9995047332

9605649091

9895169424

9567471100

9324780751

9349085850

9447327450

9846368900

9447806356

9480611376

9544010148

9739047736

9447394347

9526668121

9940669897

9767544777

9961744721

8589930777

9446213436

9900146850

9940648554

9496177565

9600044506

9895162194

9446571273

9871984200

9810806588

9495677481

9946908437

9048837735

9567292541

9447965529

9447478997

9446870460

9447809686

9847445776

9447046781

9995301480

7506939323

9746274743

9847757557

9446025132

9567901834

9388609187

9961241290

9496414627

9446566119

9847763327

9744192348

9995617747

9895352628

9497185579

9446231898

9895453852

9946135123

9447569411

9744240208

7676332533

9847473649

9447893752

7406139962

8606488630

9447860686

9845597901

9846455777

9744256359

9446128214

7899835739

8138905089

9446218241

9495750421

9444972602

8970584666

9789389773

9947252911

9995749102

9544621234

9446488204

7558862347

8547784903

9447576068

8888388333

9745478998

9495604149

9447987560

8547701892

9446413884

9961210034

9447868503

9495669595

9447154587

8547219621

9447960388

9746796306

9902546006

9446540603

9663460910

9847709241

9656868899

8137020478

9961312011

9656112018

9884474713

9544692293

9843926746

9447828083

9446119866

9952832980

9495442352

9496791720

9847088582

9447991154

9958544644

9447716456

9188187844

9836599385

9895155277

9167955474

9495571141

9539003995

9447140470

9496457457

9447808188

8304966781

9497219764

9947440538

9400395085

9900122630

9497663286

9840791091

9544471922

9566257115

9447631804

9995473964

8337000666

9846939671

9447820705

9446149531

9946859014

9447893877

9961991148

8089755785

9447197257

9746549564

9447086462

9654159548

8547203537

8547510777

9847649450

9446002398

9995188910

9447258543

9447052813

8547424552

9495442884

9447166480

9940440263

9846824890

7776903717

9404919359

9886553813

9895756671

9447580132

9995349107

9840851964

9447340311

9447736640

9995431329

9496077208

9446529125

9980010563

9020028533

9446867699

8547626707

9895473117

7593072036

9495964180

9847517826

9495159676

9820196667

9496680097

9969491362

9400606506

9400142546

9486251899

9495024744

9544892687

9447069676

9447214215

9497458676

9495669595

9496967396

9846456778

9446932023

9400235751

8547681366

9946445631

9842685302

9847530287

8281222589

9961991192

9496178568

8848074368

9495429616

8281457679

9387873236

9400890632

9544922152

9744716400

9497200020

9447805535

9447159576

9846520349

9447455333

9495033512

8281814076

9567264737

8547634062

9497258920

9495042530

9900417712

9446535599

9495548926

8891593677

8281806352

8075365739

9847346750

9446544459

9446113338

9961083838

8547477336

9633421888

9656935270

9847839333

9567268085

9446544644

9961992298

9446219761

9447937450

9496457657

9447239444

9496261605

9447913881

7012884235

9495919668

7022971492

9447529144

9495440963

9433101189

9964259751

7774821151

9051558397

9446623897

9447598484

9656588566

9447883647

9446197946

9446128443

9446062430

9447927875

8105635994

9495393905

9447050702

9961990171

9495603261

7907072801

8281814458

9496862721

8089968057

9447586860

9446203455

9495169540

9567569206

9820454821

9446596403

9088041000

9400236369

9495838789

9496889457

9388893335

8281047876

9747027170

9447932564

9496225088

9495443662

9447181948

9747595209

9446115002

9447958430

9447274834

9995011093

9495669595

9447101805

9847320336

9446305434

9446428443

9447879746

9447670545

9446330833

8113868899

8281874767

9744957252

9995922100

9480116307

9846454511

9446396441

9446611442

9447168887

9447605384

9526309202

9847171173

9910454635

9810308137

9747064250

9446841005

9447212993

9448038179

9446202623

8547418238

9539390956

9446276499

8547978917

9447359240

9446955060

6290519314

9995155377

8129550866

9555152535

7012323366

9446612359

9447796565

9500128097

9846908454

9946339911

9995639570

9447469811

7838006133

9446858798

9447908585

9674334438

9330123900

9746120220

9496828818

9846045932

9446401807

9645160190

9446468620

9446212315

9961894002

9895166544

9447977510

9349402115

9400489456

9447088106

9446292112

9847416600

7708658828

9061912244

9846133130

9037772968

9881749596

9446437289

9443192422

9435012298

9176368862

9495503447

9020593315

9944907781

9567768096

9445311427

9895344922

8592942626

9567293364

9447217813

8291886377

9880322377

9496281159

9496208563

8281867776

9447619710

9497178657

9446515107

8281865793

9447543927

9497587477

9895398864

9446757211

9567819383

9497367675

9562329930

9645284505

9447351248

9495669595

9446120565

7043037700

9447208165

8075578523

9847662125

8427292625

9995537879

9496226227

9969457485

9446273884

9496109265

8075730646

9447042239

9869430424

9874195212

7736803799

9910096682

9497732948

9446539172

9495603322

8281812575

9847238185

9496177383

9447558186

9745327660

8007497995

8217634033

9447845738

9446197656

8129797015

9747877841

9433354224

9446128295

9496488475

9847850157

9447057171

9446463233

9495362411

9744856290

9495016065

9446177512

9446275312

9595537372

7506473959

9447381231

8547875700

9447596556

9447403990

9746733592

9167924876

9495472048

9447916266

9446816684

8281261285

8547632995

8157944443

8547419788

9496108253

9447103479

9447741237

9947728992

9446836844

9911382082

7576012143

9818861867

7506015037

9895670335

9846062330

9995556383

9605094107

9747573257

9048192211

9447868518

9633034768

8800548121

9447985387

9446409293

9447005281

9447575552

9495518960

9496151904

9496233698

9847423328

9447455004

9446897674

7042366833

9496987252

9496740530

9447663922

9497312540

9447944210

9497683341

9446382620

9447352666

9847288118

9495613481

8758204764

8156085233

9961035017

9539673248

9495669595

9946488298

9447047247

9048611166

9495875339

9961160117

8943996684

9400459590

9447769797

9446456054

9444110363

9446996280

9747593380

9847116428

9495704888

9995308255

9400458872

9947248466

9400548964

8547627623

9447888326

9349445550

9495452377

9656034808

9495801266

8281670624

7558983163

9497775184

9446079471

9446041955

9847977723

9562067503

9495690825

9447440141

9820586780

9447558634

8281239491

9446120581

9446322356

9961992532

9447829218

9446459861

9495454285

9446635929

9847116210

9947133063

9846799435

8156828163

9495359019

8138029014

9895378557

9447963779

8281145085

9495429095

9446480567

9447508383

9447608845

9447565508

9495674325

7736275515

9544823717

9495643932

9895263301

9444002011

9895449088

9446618366

9447853230

9447737171

9496213404

9447602433

9946349145

8129072898

9447826909

8308360239

9446277767

9920964566

9744000944

9496419833

9446437294

9446074031

9447458757

9656841492

7045325497

9605329281

9447428924

9495560624

9446431830

9961491665

9447400628

9446369976

9495045228

9495268996

9946702875

9447032855

9446384522

9747531326

9446884675

9447020671

8547879484

6282057232

8891916979

9495669595

9899137889

9497823551

9496417843

9446086255

9497743430

9811142936

9747555868

9495673099

9880946676

8281589546

9444857576

8891115141

9497789402

8879290279

9847416546

8078745174

9447593653

9447188271

9746820414

8281815138

9847295336

9962013352

9495975153

9447576535

9447234485

9744104145

9643981477

7708538999

9446913220

9495257401

9446859018

9847119458

9447211288

8547148281

9895622044

9605002622

9447245878

8281285604

8547698836

9847018283

9446243139

9846119826

9446068985

9496858665

9447980110

9711190781

9446088118

8617766918

9495315958

9895780962

8086268324

9400513463

9633712535

9656965619

9447209433

9037000517

9526251237

9946492583

9539003680

9900236579

9495995056

9847736778

9899804518

9446276044

9895222006

8086662233

9539449334

9744243470

7510868549

9539449334

9744243470

7510868549

9809112255

8547628139

9495286624

9539449334

9744243470

7510868549

9809112255

8547628139

8129988813

8129526996

9656267206

9746797077

8592066389

8592010130

9633884916

9633103434

8589081325

8129988813

9447784567

9495669595

9447784567

9495669595

9447784567

9495669595

9447784567

9495669595

8129988813

9496079798

9656662849

9447784567
9495669595
9447784567
9495669595
9447784567
9495669595
9447784567
9495669595
9447784567
9495669595
9447784567
9495669595
9447784567
9495669595
9447784567
9495669595
9447784567
9495669595
9447784567
9495669595
9447784567
9495669595
9447784567
9495669595
9447784567
9495669595
9447784567
9495669595
9447784567
9495669595
9447784567
9495669595
9447784567
9495669595
9447784567
9495669595
9447784567
9495669595
9447784567
9495669595
9447784567
9447784567
9495669595
9447784567
9495669595
9447784567
9447784567
9447232320
9496142063
7025621264
9388385464
9447363714

9495314994

9947032227

9447363714

9847347390

9947211966

9495314994

971529286262

9495592164

9633714443

96597274346

9447947286

9605889407

9633466758

9656028857

9656241835

9605889407

9633466758

9656028857

9446409430

9446517909

9446796099

9446808280

9446848280

9446851129

