9605889407
9633466758
9656028857
9656241835
9656838720
9744010671
9744453160
9744528229
9745497766
9745641536
9745900999
9745903697
9746093744
9746163365
9746195108
9746436993
9746476981
9746481890
9746583927
9746587224
9747215730
9747703617
9747776249
9747934337
9809547248
9847078585
9847464427
9895030737
9895093816
9895169624
9895223571
9895744450
9946941691
9947150877
9947258364
9947395274
9947888409
9961049715
9961121320
9961478259
9995581399
9995813695
9995813917
6235720728
7736270728
8111901032
8111929488
8113086646
8330863819
9036721085
9037815628
9497251148
9497251149
9847732819
97455095715
8848800328
8330065950
9400135950
6282291290
6282501045
7592972531
7902505982
8086167170
8086439393
8496824362
8547514996
9048962033
9074490285
9074694002
9074923193
9188206052
9497532677
9605044929
9645308727
9645421678
9645865464
9745416595
9745641000
9747127913
9747728296
9778576328
9895030790
9947271895
9446192048
8086610494
8089610337
8129848013
8281252817
8590597197
6235243368
6238237376
6282972293
7012914847
7306678518
7306755471
7510112846
7593939636
7907632804
7909145413
8078808994
8086990837
8330089930
8590497216
8590905389
8921247636
8943039216
8943825466
8943837130
9048935879
9074451024
9447225258
9447429555
9447909150
9496021268
9496491268
9539389771
9562716725
9605343370
9645112839
9747523529
9846542675
9846938326
9895741904
9946829379
9946978598
9947673462
9961349035
9995677339
6238646283
6282668920
7025003033
7025768350
7025945481
7034592859
7305654603
7306816783
7548863079
7736922995
7907239644
7907771428
7994510742
8075891275
8078591275
8089481187
8129087354
8139834428
8157806211
8281998940
8547557976
8590613819
8590785703
8606937725
8714180658
8848582303
8848889644
8921920654
8943330418
9037221422
9048037300
9048287896
9048900585
9074070904
9074380065
9074475488
9074844359
9088236009
9400514613
9446144199
9446616643
9446937294
9495084790
9495440221
9496395045
9539241227
9539647728
9539842346
9544938929
9633181181
9633615152
9656604924
9744154002
9746585053
9895193533
9895714214
9947332498
9961301641
9961592538
9961753786
9961989758
9995105483
9995492446
9995937957
8606571843
9747554976
8281080898
8714212134
9446193945
9745593594
9048389132
9526260255
6235185764
6238131961
6238332815
6238470901
6238841890
6282452218
7025458547
7034631985
7510539941
7561063616
7736740227
9074502736
9495211767
9544059975
9544085455
9562308909
9562309561
9562553501
9567610856
9633657394
9656051172
9656446300
9656744614
9744728408
9744750911
9745649624
9746572856
9747837468
9778075346
9778237662
9847000641
9847693613
9946662403
9947555070
9961422062
9961573667
7558996248
8921348837
9400724561
9496230061
9495209179
7012285838
7025172646
7306266512
7306785144
7306998407
7356995425
7510183237
7510476501
7510512639
7558040217
7559982821
7561833804
7594831285
7736362461
7736503548
7902378576
7907148803
7907304656
7994178201
7994292041
8075822925
8078707138
8078913548
8089460306
8138840682
8281496321
8281854253
8281925681
8304084365
8590029876
8590719747
8590737177
8590743775
8848631566
8848718069
8848823463
8891323395
8907793771
8921010122
8921146175
8921586202
8921589504
9061559830
9072450339
9188048689
9349784433
9360770077
9446575654
9446793151
9447264870
9495007693
9497335221
9526806769
9544031942
9556292794
9562915695
9605112462
9745173515
9745274628
9745718542
9745808321
9745821282
9747204265
9846433305
9846740252
9847569131
9847863734
9847960306
9946162523
9946953625
9947644812
9961317138
9961496690
9961756792
9995242437
9995295805
9995984118
6282356664
7025410461
7025936947
7034525096
7034525469
7559053668
7736758954
8075712483
8086607211
8089606639
8157076312
8157887689
8606878975
8848203087
8907846032
8921172395
8921272594
9037171525
9037860060
9048051737
9061517163
9061750047
9072746007
9188775245
9288137345
9446348408
9446695133
9447701857
9495585011
9497112413
9497290436
9497867524
9526150531
9544722315
7736413083
8089506251
9562418511
9895793206
8301019121
9447827391
7510867093
7511186058
9497247516
8129450839
9074504018
9072216563
7592825356
8089531662
8157980855
9847984951
9946090142
6235613482
8590314633
9747501561
8129760296
9656910315
9048177108
6235767404
6282931653
7012489680
7025398689
7025628659
7034491327
7306585910
7558811037
7736506235
7736623087
7902301720
8078027959
8086829278
8089507754
8089746500
8157983174
8281352429
8281624525
8281693587
8281829204
8547494413
8547515995
8547594413
8590510475
8590566226
8848600709
8891770699
8891777550
8921434717
8921847440
8943691731
9018438819
9020965063
9048438819
9048923290
9072475969
9188636785
9207654234
9249288261
9400776660
9400982231
9495524443
9497569685
9544153433
9562338852
9567830690
9605603884
9633822832
9656787544
9744308967
9745801945
9747154758
9747686601
9747969197
9946744373
9947395810
9947721868
9995421828
8848761421
7594831346
7909108803
7909108806
9947228047
6282708298
7025163297
7025759350
7034663173
7306809584
7356875757
7510744797
7559057531
7736853601
7736938927
7736954682
7736991648
7902609745
7909131103
8078576357
8086612494
8138090577
8281350565
8547950296
8590426827
8592871158
8848374104
8891839265
8943559231
8943914277
9048552010
9061553964
9061764867
9142587568
9207612277
9526848560
9539139284
9539361411
9562073505
9562396461
9567342342
9567729919
9633262562
9645072192
9645789780
9656649007
9744048654
9744116176
9744438547
9744548604
9745183164
9745962591
9747040727
9846361596
9946125404
9946289012
9947323915
9961496997
9961873526
9995499881
6235728166
6238339246
6282922861
7510711724
7902871920
7994787858
8089073830
8089192853
8089988731
8129981791
8138966751
8547165561
8921629246
8921681782
9048279231
9061092879
9061510339
9072309686
9072347365
9074082940
9074309686
9400823534
9446125977
9446141727
9446403592
9495950515
9496411757
9496951958
9497534846
9526585166
9539445806
9605127598
9605312788
9605959968
9633582514
9645410664
9645410665
9656718545
9744480337
9744858722
9745148319
9745721149
9746582531
9747003922
9778765313
9778769717
9846735298
9846999851
9847048081
9895902775
9947439833
9947885023
9961503149
9995433521
9995435481
9995844600
7012464024
7025010739
7025634884
7025713133
7558985081
7736150957
7736565513
7736933524
7902456403
8075664895
8089890263
8089962088
8111903076
8111973504
8129873341
8129970563
8157819692
8281624547
8281880941
8589818338
8590029467
8592944713
8921339472
9048915874
9072176754
9074979398
9142472056
9142478100
9142529295
9142720287
9142795948
9446356339
9446686010
9447117702
9447265654
9447987337
9495890079
9496155526
9496230287
9496963786
9497816393
9526187159
9526982879
9539349474
9544337558
9544421169
9544475279
9562106386
9605605098
9645301757
9656769975
9744448351
9744464164
9745351255
9747033913
9847080763
9946198790
9946273137
9961215415
7994699082
9037365604
9446118472
9446144516
9446418516
9947383299
6238456097
8089122393
8848521281
9544798952
9562015611
9562859380
9746590704
9809049723
9809945316
9400490748
9446215851
9495840204
9947117171
6235820286
6235902570
6238517366
6282256854
6282436587
6282806135
7012816457
7025328660
7025649463
7025833389
7034246750
7034375733
7306811851
7510885863
7594061078
7902737382
7902815904
8078059203
8078273883
8086039590
8089663015
8129241244
8129906632
8156804131
8330870331
8589036094
8590339737
8590414181
8590755492
8590778199
8606035764
8714011927
8778857605
8848781612
8848935548
8921358834
8921548354
8921857570
8943244261
8943511698
9037918170
9048123914
9048518164
9061197930
9061958274
9072324139
9207640345
9383472229
9387793159
9400575853
9400673612
9446877732
9446933081
9447676448
9447957995
9495572946
9495761751
9496691202
9496802863
9497480860
9497635445
9544062695
9544484384
9562477429
9567475509
9605037818
9605189710
9633089931
9645047759
9645472745
9645619604
9656091197
9656277121
9744621788
9747598361
9747618401
9778209872
9778215217
9845289728
9846652269
9846881706
9846881760
9846887482
9847514971
9847641190
9847967499
9895486369
9946219280
9946252305
9946743661
9946912022
9947480385
9947482235
9961351169
9961563834
9961886060
9961961429
6282034592
6282495799
7012620758
7025415420
7306203774
8078075185
8078280686
8086346200
8086679250
8136995635
8137041797
8547318004
8547432745
8943904674
9048884206
9048964535
9061300568
9061858164
9446819322
9495157988
9495442781
9495477692
9496959891
9497684584
9526317959
9526697921
9526972891
9544596575
9562018842
9562562695
9562730104
9605029174
9656471263
9656948379
9744738640
9744739824
9744786826
9747182270
9747937732
9778471840
9846066501
9846384711
9947149725
9947857585
6235469641
6235742652
6238164846
6238537915
6238819646
6238887610
6282030783
6282269520
6282483981
7012334012
7012548830
7012751495
7025141156
7025438580
7025464984
7025656681
7306299984
7306539488
7558844123
7558871929
7559873632
7559887028
7559888362
7559967741
7560869408
7560959890
7591968757
7594909774
7736482548
7907839135
7994403830
8075458764
8086720991
8086993944
8129072601
8139041818
8157018798
8157040683
8157828320
8157834373
8281205810
8281521407
8281550913
8301934523
8547246970
8547429255
8590174854
8590350076
8590435305
8590512684
8590514458
8590597894
8590655415
8590694391
8590715539
8592915128
8606263735
8606315343
8606565525
8606573046
8891949490
8921392271
8921765332
8921994165
8943075200
9037100766
9048481533
9061216638
9072156415
9074228725
9074953287
9188186154
9207551059
9349245254
9400621270
9446616705
9447349014
9447359807
9496075082
9496858237
9496950739
9497048621
9497108688
9497279402
9497624261
9497678176
9526325129
9526536893
9526626217
9526711361
9539017698
9539090520
9539205717
9539225534
9539264697
9539298572
9539327289
9539492933
9539813017
9539869683
9539951766
9544002565
9544642751
9562011615
9562203759
9562666261
9562708090
9567725345
9605175631
9605256831
9605609162
9605761133
9605983577
9605989456
9633095171
9633240553
9633471811
9633557603
9645019276
9645262787
9645615440
9645647214
9645680216
9645680219
9645749066
9656230352
9656483220
9656487057
9656512970
9656850796
9656906025
9744273074
9744388690
9744406206
9745158152
9745183517
9745386905
9745408909
9745560535
9746553102
9747023626
9778229186
9778401876
9778534017
9778747530
9809746200
9846039682
9846161800
9846195562
9846493130
9846583483
9846635778
9847271639
9847705799
9847918570
9895017716
9895325457
9946017126
9946423135
9946588986
9946749055
9947045903
9947172997
9961451951
9961883027
9961951502
9961970230
9995304397
9995819994
9995869200
6235249521
6282722265
6282848828
6282993168
7012471375
7012997920
7025419713
7034369650
7034914795
7356675173
7356746225
7356917908
7403580999
7510617848
7558077485
7559853997
7592906533
7736107686
7736158722
7736565326
7736728890
7736892059
7902358633
7902631884
7907037961
7907116680
7909184795
7994344629
8075297975
8075918445
8086449152
8086608717
8089127099
8089997952
8129330699
8129655715
8129695976
8131050913
8281413017
8606389461
8848172005
8907408959
8921559852
9037870732
9388867636
9446661096
9447234571
9447759082
9496179744
9497097679
9526028019
9544545142
9562268887
9562968131
9567182980
9567992972
9605433762
9744228354
9745793420
9946263953
9995723476
6282930852
6282964381
7012318324
7025837568
7736383009
8089199667
8089376435
8113837186
8113952640
8129352186
8138800936
8139833401
8590393028
8590615111
8590620609
8606083304
8891635755
8921290438
8921779108
9037495226
9072730234
9072785975
9074191380
9074506719
9074559644
9400671981
9447155926
9544700885
9562488985
9633456763
9645297251
9645789606
9656165174
9656190140
9656291079
9745404843
9745898219
9745919280
9745943645
9747499063
9846061876
9846594360
9847930121
9895005095
9895632400
9895735548
9946370381
9947239571
9947708082
9961007840
9961495592
9995230860
9072871699
9207016070
7909159154
8547028364
8590475891
9400507191
9656419452
6235002846
6235419057
6282274130
6282695347
7012307395
7012637177
7034485974
7306103053
7306145955
7308038174
7510152168
8086476986
8111860228
8129365118
8136866462
8281297311
8281431770
8304094762
8547142736
8589960597
8590496549
8590833243
8606158058
8848333411
8848756504
8891524332
8921507152
8943817502
9020553317
9048538093
9048852782
9061849971
9400199729
9400438223
9400587070
9400928945
9446892066
9447265450
9447644126
9495351307
9495567515
9495610473
9496889750
9497827257
9526095327
9526713801
9526966341
9528095327
9539343482
9544264803
9544291527
9544406471
9562036017
9562780051
9562880461
9605400701
9645932185
9656615611
9746591921
9746691921
9747129388
9747165477
9846009128
9846455131
9846627371
9847125800
9847973152
9895318266
9895318268
9946120011
9961184029
9995958403
6282710646
7593858015
7994374302
8139892342
8157096159
9048256570
9349372460
9446379852
9526685545
6238204497
6282493548
6282568123
6282704926
7012595013
7034823607
7306173055
7306715731
7356632732
7510568137
7902685185
7902736192
8075874465
8078329442
8086199088
8086616127
8139040294
8139098085
8281957021
8590308542
8590783717
8943417529
9037805603
9072070814
9072969581
9074047997
9207620589
9249333829
9249931172
9288127912
9400218357
9400649630
9400903132
9446372929
9446634331
9447463882
9495255057
9496570656
9496920382
9497544649
9497634281
9526397075
9539063900
9633218865
9633268357
9656474572
9744018902
9744856319
9744938936
9745528918
9746210688
9778246265
9847103132
9847574129
9895816937
9946045751
9946275856
9946634281
9495054146
9496883101
9526932276
6235847101
6238489356
6238955879
6282314371
6282427424
7025056744
7025344435
7306010317
7356741347
7558836859
7736752101
7909106505
8330066044
8547185035
8547238617
8606005084
9037069422
9048667101
9061412239
9446190826
9633666810
9745438400
9947028380
8547613630
9495873061
8304809780
9048740780
9544678008
6235308970
6238130623
6238591571
6238889195
6238987211
6282701557
7012771691
7025685024
7306471092
7306582460
7306609979
7356630883
7558087389
7558099009
7558850811
7558897856
7559048688
7593031064
7736763803
7736827200
7907002820
7907020645
7994856481
8075672197
8129535563
8139883218
8157835802
8157845732
8330847131
8590342441
8590846689
8590961262
8592061014
8592919702
8593913174
8594073036
8606571476
8606597507
8714269419
8714298576
8848473056
8848656739
8891622093
8921431334
8921484857
8921786628
9020406311
9037021372
9037186471
9037189108
9037325036
9037367325
9037398529
9037862301
9048563657
9048577301
9061919702
9074334638
9188151361
9188873485
9207868569
9249774694
9287522718
9288008583
9288061060
9400259457
9400471030
9400565227
9400988650
9446042905
9446284871
9446387731
9447194918
9447232005
9447411757
9447562919
9447597237
9447673411
9495429286
9495557174
9526129756
9539024657
9539346178
9544143831
9562376171
9567080835
9633092549
9656089054
9656130539
9656362720
9656635598
9744197456
9744406959
9744455821
9744535206
9744562842
9745791202
9746675525
9746843062
9747084845
9747309697
9747732566
9747764414
9747976258
9846010954
9846026832
9846858220
9846903013
9847042756
9847365736
9847965736
9946142389
9947398528
9947403366
9947430182
9947691915
9947859598
9947997558
9961387684
9961446688
9961967181
9961990906
9961998437
9995787440
7907719950
8848794923
9497532452
9895619281
9995892625
9037277477
9447662059
9497042188
8921949095
8138809489
8075620507
9447234471
9526535329
9744030036
9539561455
9539563320
9495108063
9562694259
9747929590
7736293972
8089423971
9020956463
9947053971
9961276596
6235926908
8281206747
8921990033
8078737277
9388314277
9846576053
9847672277
7012518453
8086344135
8590776050
8606447276
9809974414
7012983633
8590818907
9633111833
9633266677
9633665998
9744883577
9847039390
9847927955
9567298488
9633872466
9745008500
8075022109
7559849819
9633333025
8590560915
9846761880
8921304544
7012331638
9037705859
8281228410
8891413833
9446906832
9388373727
7994095050
9072774709
9446584591
9388256033
7994597752
8547046111
9947846828
9895673755
8590111351
8139032231
9895357797
9846493901
9633973324
9895940123
9656440077
9995448247
9495935887
9061246397
9349661235
9387535496
9895088202
9846692899
9846150537
8129164275
9061161126
9895206619
9400167807
8089833199
8606808747
8138024181
9895638284
9249963078
9995009415
9746708638
6238365730
9846527595
9846095393
8590499072
9847312459
9074953468
9544407982
9895387440
8113947212
7025204454
9895198031
9947053189
9447597826
8157056233
9048411117
9809723516
9526866922
8590909218
8547709525
8547113924
9567615170
98954171783
9847132859
9895987514
9446979206
9847851828
9847355557
9895243038
9846294124
9995397788
9645548828
9947241097
9895521636
9539017173
9037097003
9447381723
8129687768
8921719721
9074043664
9645410200
9995555425
8589035259
9947830099
9072559126
9846048866
9895329552
9995331796
8594063765
9446033975
9544570511
9037614605
9847013274
9895907808
7907874167
9847280732
9946060490
8137806580
9809579884
7736179626
9947381831
9745333545
8921099584
9633981931
9539906731
8138697612
7558819520
9746390948
9562861621
7907575559
9995018739
9048252700
9745234523
9946184566
9961650511
7025735336
9846307353
8075419746
7907260021
8078778619
9847342871
9947655463
9446463803
9497182681
9497187048
9656310505
9656318768
7592094853
7736260757
7736565877
7907088767
7994111895
8075493126
8075568401
8089687870
8111810837
8111810839
8111971065
8281100097
8547336318
8589818478
8848736092
8848745897
8848898761
9037060134
9074203223
9207057688
9207080081
9400926065
9446475427
9447095953
9447195953
9447305656
9447408083
9447408086
9495650858
9496088717
9496704253
9562799500
9567296450
9605587638
9633366666
9656855898
9745076630
9746041369
9746800253
9746802387
9778107008
9846104853
9846177602
9846550022
9847453400
9847629992
9847805430
9895014514
9895088202
9895174636
9895382765
9895487122
9995012351
9995047470
9995123458
9995278926
9995301463
9995722351
9995922303
9995970097
7012737366
7736236341
7736516758
8089715442
8592859141
9188394418
9496451566
9645447293
9846730079
6282543090
9495950037
9846759784
971504407224
8281794113
9142227248
9846550428
9895934906
9995326528
9995343320
9995625580
9995633502
8139804115
9061417759
9895521816
9946044027
6235529259
9400654355
9447206355
9847337576
8078549814
8921984047
8943439202
9249991146
9446610020
9495159429
9526750660
9562874553
9605092323
9745813474
9747069311
9961874879
6282063389
6282147577
6282309854
6282412758
7012015201
7025177462
7025609147
7034402883
7034651879
7306091358
7306153687
7306185511
7306390191
7561826702
7591936773
7593918542
7594879679
7736817895
7902602476
7907045582
7907046966
8075665507
8078256985
8086784651
8086847340
8089008373
8089914972
8129404829
8129856002
8157848768
8281564316
8281577590
8281706606
8289977719
8330049249
8330084780
8547504841
8547520397
8547749801
8547759669
8547782928
8547804131
8589044428
8589050520
8589066496
8589820563
8590097890
8590141598
8590214334
8590430012
8590433576
8590433906
8590505657
8590506812
8590702606
8590703840
8590719972
8590775380
8590780298
8590884531
8592865507
8593072315
8593080938
8593083748
8593809025
8606049385
8606458871
8606677604
8606698231
8606861349
8921099654
8921101451
8921133431
8921162737
8921163842
8921202965
8921891197
8921894323
8940042853
8943032522
9048321416
9048328032
9048328425
9048703545
9061010636
9061203454
9061369173
9061870802
9072586027
9072890118
9072906603
9074270459
9188255776
9188445724
9188486639
9188722384
9188820907
9188825046
9287528744
9388421395
9400424540
9400806450
9400808261
9400811548
9400940014
9407962293
9446048672
9446462055
9447069926
9447165494
9447170719
9447815916
9447871345
9447876285
9447879959
9447916485
9447926903
9495045153
9495061153
9495151334
9495151390
9495470577
9495481306
9496274876
9497181893
9497251695
9526029193
9526042665
9526493173
9526728581
9526730259
9526922909
9539351485
9539356607
9539477056
9544670719
9544675261
9562602325
9562949375
9562953213
9567319495
9605117127
9605728010
9605968826
9633934295
9744627251
9745129826
9745327739
9745477984
9746634892
9746688015
9747044252
9747114130
9747171879
9747172134
9747410137
9747411388
9747427822
9747769045
9747770387
9747931944
9778146591
9846394600
9846486200
9846842028
9846859266
9847088114
9895964297
9946361641
9946528409
9961067356
9961098080
9961598153
9995785168
8281345436
9061550277
9446067027
9947400858
9562676851
7510214638
9048220867
9388604525
9747338962
9747541110
9847110110
9895872477
9895992479
9947462384
7025340298
8592072680
8848396719
8943015485
9048923426
9048928080
9142716699
9207957374
9349268832
9496457374
9567494234
9605092937
9645896592
9745415958
9746117369
9747685747
9895225824
9895646099
9895902496
9895942881
9947983070
9961724456
9995799500
7994619180
8330815215
8547509047
9048857327
9188143185
9388596808
9447209796
9447609632
9526030531
9539007733
9544459418
9567976040
9567991266
9746229342
9809178645
9895751900
9946184463
7902720752
7994236991
7994546126
7994579376
8078954155
8086691454
8089048177
8089325391
8111866006
8129198934
8138098563
8156875235
8281194822
8547033642
8547085032
8547831522
8589970466
8590761296
8590806083
8606068582
8606730558
8893871110
8921701864
9048441979
9072836685
9074115604
9074670148
9074700531
9188208323
9249389477
9249971517
9388256159
9400175882
9400830801
9446284963
9446314050
9446978438
9446995704
9447164283
9447292076
9447307502
9447900015
9495042458
9496495070
9497336518
9497642614
9497687870
9497777870
9497793836
9526114261
9526248443
9526279973
9539025886
9539269494
9539567021
9539872190
9539997786
9544565443
9544749198
9544814790
9547033642
9562271090
9562689670
9567498238
9567579331
9605413408
9633615704
9645258024
9656105128
9656462074
9656573699
9656731406
9744859411
9744875028
9746483303
9746564859
9746732379
9747151721
9747275367
9747938030
9778313326
9778586994
9846438870
9846676507
9846746438
9847304977
9847979507
9895356561
9895621698
9895627752
9946118930
9946134449
9946405677
9946683115
9947876688
9961309767
9961430027
9961961020
9995173798
9995228084
9995567092
6238382894
6282094591
7012165564
7012338576
7012630903
7012788238
7012796907
7034309967
7034370925
7306000190
7306967307
7510511437
7510845122
7558836772
7561863865
7592842375
8075951015
8086001787
8086280985
8086691850
8089048686
8089327875
8111874962
8113956988
8129204789
8129877073
8138925801
8156898314
8156914655
8157971373
8289877986
8301812758
8547096705
8547385592
8547831700
8589973137
8590370565
8590764877
8590810543
8590866209
8590867623
8590950400
8606076214
8606162365
8606853772
8903211504
8921573121
9037559218
9037770076
9037779308
9048444264
9048776842
9048849081
9061824308
9072517229
9383457435
9388601160
9400833216
9446338046
9446983926
9447304804
9447580924
9447784617
9447901258
9449690272
9496094129
9496858520
9497348906
9497376227
9497484919
9497654005
9497788658
9497793895
9526132037
9526229287
9526250073
9526275505
9526289021
9526310973
9526974113
9539038162
9539297879
9539470816
9539567482
9539879839
9542460137
9544750175
9544831805
9556982303
9562290192
9562693407
9567238784
9567572258
9567586842
9567675001
9567815466
9605042801
9605424129
9605551338
9633588696
9633622783
9645261531
9656108639
9656409295
9656737747
9744864764
9744875481
9744876303
9745283070
9745479101
9745493548
9745704812
9745876057
9746491853
9746567888
9746737047
9747073405
9747155404
9747276032
9747376082
9747475823
9747939434
9778315907
9778538485
9778587223
9809223331
9845751302
9846281609
9846440975
9846445732
9846678796
9846738642
9846747358
9847319716
9847572988
9847790617
9847980631
9895223305
9895358429
9895622120
9895855607
9895982254
9946121740
9946148665
9946407684
9946695900
9946836763
9947122208
9947235278
9947366499
9947405947
9947885813
9961313595
9961355210
9961430335
9961656285
9961964176
9995092275
9995230323
9995538161
9995570060
9995660840
7306279583
8156846202
6282898549
6282906545
7025927103
7034775695
7510777902
7558899838
7561092338
7594002733
7902824788
7907881927
7909255635
7994000138
7994775805
8075842100
8075843495
8078919655
8086619071
8086841073
8086858478
8089574592
8089580558
8113014207
8113033530
8129190048
8129190152
8129247625
8156953965
8156996487
8547448741
8590460637
8590461177
8714049207
8714075267
8848476608
8891109664
8891109918
8891111797
8891114257
8891123058
8891123554
8891704775
8891709920
8921032197
8921041514
8921259292
8921336738
8921398449
8921399131
8921434845
8921435490
8921770048
8943253856
8943255443
8943369398
8943483707
8943485216
9037356797
9037366369
9061074911
9061641215
9072057306
9142935247
9188363895
9446721285
9526255753
9526261512
9526477459
9544648305
9544663834
9562500953
9562504505
9567943434
9593928305
9605164324
9605180039
9656289973
9656392724
9656395176
9656523973
9744203313
9744313102
9745291675
9745867331
9745873672
9746269158
9746625783
9746629441
9746928993
9746929994
9747350539
9747677332
9809722720
9809730550
9847628448
9847728655
9895542808
9947889728
9947890943
9961394731
9974084781
9995079015
9995649076
6238285328
9447588859
9744036265
9846036845
9846376221
9847478943
9946644879
6282959441
7012061228
7907675765
9048264652
9048264655
9539679477
9961169827
9995821812
6282802530
7025759625
7561099955
8848928455
9446515734
9495315734
9847499957
9895957283
9947099955
9961893333
9745640644
9656123904
9446597446
9846536430
9847976155
9497062471
9567158478
9846090134
9995130819
9995350527
9497675727
9895101862
9895127867
9446079595
9447897584
9846741424
9061694004
6282156669
8547237061
8870642420
9400635989
9995558857
9895083787
8129240808
8086848855
9446802844
9037475865
9895157357
8943346364
7025144537
9207207218
9495221193
9846075756
9605677494
8289877731
7736509946
8547377192
9746242047
9495212005
9846069932
9526488326
9349442213
9447103499
9884088118
9539007090
9142000700
9947298091
8547066363
8943693249
9947433412
7306950377
7736005195
9447886313
8139878741
8089532664
9495500441
9744397694
9495024555
9497654889
9847542762
9608696958
6238283302
7034459846
7561050190
7736493650
7736660545
7736963701
7746493750
7907770648
8086466655
8089557389
8095679812
8129011144
8129408303
8129510722
8136997534
8138900142
8138907999
8281022793
8281543644
8281706306
8330842850
8539226555
8567200231
8606556778
8848585378
8848648410
8891051834
8891338116
8893490868
8921497074
8943347831
9020365327
9037010319
9037899415
9045362009
9048112506
9048536084
9048894142
9061587556
9061906290
9100742637
9142170643
9142845790
9188016314
9349227380
9349558566
9349911694
9382249327
9383466458
9387214270
9387904285
9388543472
9388600923
9400281599
9400333963
9400606754
9400944464
9400944469
9446001490
9446043245
9446046734
9446064594
9446067943
9446090387
9446104692
9446232948
9446262089
9446373431
9446411928
9446572588
9446580075
9447049272
9447067748
9447170607
9447176736
9447228784
9447377896
9447574283
9447694098
9447797770
9447799757
9447818879
9447961586
9493067452
9495157663
9495175324
9495273767
9495400776
9495677247
9495737238
9495884268
9495994212
9496031211
9496086341
9496157468
9496181293
9496327293
9497025498
9497395309
9539226555
9539510262
9544825361
9562209991
9562950360
9605263465
9605390450
9633050544
9633141658
9633170607
9633244177
9633302168
9633726816
9633864845
9633908400
9633913877
9645641141
9656111404
9702003150
9711972633
9744000259
9744152408
9744311134
9744337333
9744377228
9744455551
9744557958
9745105218
9745851083
9745957574
9745997309
9746139418
9746195146
9746849886
9746954670
9747210596
9747655456
9747974755
9787579456
9809082002
9809219893
9824366212
9846007770
9846156380
9846158668
9846191612
9846364916
9846372008
9846576477
9846674572
9846877788
9846973641
9847095609
9847102188
9847251879
9847280440
9847328310
9847447402
9847470719
9847504443
9847592924
9847738345
9847782431
9847809601
9873674091
9895005688
9895108059
9895126090
9895126830
9895138818
9895138818
9895144177
9895245253
9895326951
9895410855
9895419357
9895574179
9895584149
9895636546
9895705174
9895768617
9895804842
9897461391
9906067035
9907384258
9946000063
9946271956
9947058227
9947266231
9947393520
9961403536
9961424186
9989068856
9995007763
9995112326
9995192782
9995192787
9995396049
9995528196
9995802765
9995804295
9995820686
9995824099
9995894274
9995915080
9995969666
8943885505
9037805349
9496575505
8884408152
9445964892
9895907478
9074846733
8281440799
9447911013
9633200210
9497796538
9495184237
9495577531
9495186066
9447378502
9809042834
9388709719
7907157324
9946903003
8921132171
9447991223
9447301279
9447655222
9188770590
8139856182
8129330779
8281233469
8547437293
8590319862
8606111441
9656924905
9947002441
8089011389
9207608168
9495361182
7012041932
7045132584
7356131066
7510167113
7561026181
7561803609
7592826807
7907170179
7994146303
8075666049
8078917104
8089669471
8540433576
8547031297
8590507287
8592934124
8891781125
8921049413
8921611394
8921651235
8921878493
9037189587
9037850620
9072241830
9446420338
9446725492
9446919528
9446948104
9446948423
9495427546
9496270788
9496968928
9544262439
9562228947
9567529471
9744946885
9744959587
9744962340
9747084170
9846369359
9846469976
9946763330
9947300309
9961458189
6282537026
7034431008
7353707478
7510674952
7558099593
7558926454
7594017875
7736275656
7736276510
7736280938
7736282297
7736566624
8078856286
8078884258
8086160049
8089030889
8089036368
8089422650
8089449057
8089459996
8113949422
8547062940
8547097566
8547106893
8547160917
8547228744
8547252207
8547444322
8547445875
8547468537
8547504851
8547513924
8547622812
8547772715
8590414418
8606056141
8606062867
8848025203
8848147449
8943883405
9037217952
9037218454
9388880028
9400161719
9400940041
9400991822
9446073229
9446073299
9447394646
9495361863
9497083531
9497756203
9497962293
9500670014
9544600929
9544618453
9562231775
9562232364
9562303145
9562305128
9633231533
9633245326
9633543656
9633544042
9656039170
9744818937
9745169570
9745332779
9745333150
9746658547
9747191236
9747209848
9747744007
9747749496
9778409148
9778435691
9846199618
9846541417
9846545445
9847409447
9847409874
9847847386
9947214297
9947654001
9947665382
9961170476
9961176481
9961477416
9961482293
9995323381
7736961206
8943778689
9072422861
9249911261
9400262404
9400336354
9544647016
9656002585
9744108536
9847689695
6235306871
6282607817
6282630656
7012655160
7025264369
7510466175
7560834052
7593972405
7736189101
8086297196
8086871315
8086878192
8281250075
8590323512
8590330348
8590452120
8714364170
8848014035
8848979037
8848986634
8943756753
9048759607
9048908641
9048935917
9061350836
9061355556
9072431584
9072661207
9388193886
9400109353
9446015271
9447135365
9496225867
9496507978
9496530848
9544200574
9544220332
9544527731
9562781217
9562997490
9567191020
9567194527
9567767183
9567770951
9605750320
9633610423
9645007843
9656238012
9656244387
9744111508
9744200676
9744765562
9744765563
9745508407
9746510284
9746684343
9747038369
9747285746
9846081600
9846082987
9846491600
9846534074
9995170135
6235549084
6238087896
6238486526
6238977471
6282346724
7012766204
7025225259
7034531145
7558932732
7902408137
7974559398
7994842654
7994903616
8075861144
8111945533
8129323127
8281251519
8547400793
8848112732
8891233732
8921243030
8943174815
9061782310
9400445700
9446116149
9496492654
9496717080
9497236841
9656591743
9656622436
9745593989
9747734523
9778088515
9846025427
9846054329
9846391818
9846406196
9846406197
9847310941
9895134523
9895917841
9946789705
9961187974
9961563937
9995174131
9995865567
6235139365
6235141719
6238335145
6238354500
6238534707
6238725194
6282320862
6282350784
6282484365
6282565939
6282915072
6282931441
7012272046
7012780642
7025112265
7025209567
7025525261
7025760690
7025761073
7034127258
7034159410
7034312267
7034510558
7034533389
7306036213
7306953465
7306988130
7356863057
7356877471
7510690286
7510762757
7510773373
7736163055
7736282694
7736377410
7736408352
7736482858
7736607886
7736678950
7736704284
7736859548
7902917661
7907290680
7994155373
7994239381
7994822392
7994846897
7994860377
8075240374
8075755693
8078468518
8078547243
8078835849
8086187705
8086204005
8086209636
8086401829
8086503151
8086714142
8086738033
8089012248
8089022322
8089403677
8089410323
8089888976
8113099154
8113804327
8129007354
8129121870
8129295539
8129298177
8129869270
8136847678
8136862868
8138086972
8139834990
8156923750
8281470933
8281632545
8281634871
8301026102
8301928191
8330044318
8547832831
8590205709
8590205986
8590564800
8590599721
8590657732
8590672816
8590672820
8590676959
8590971540
8590980267
8593074728
8593988273
8606016270
8606026084
8606063216
8606586529
8606587120
8714202742
8714203462
8714363926
8714403594
8714438689
8848204278
8848873441
8848890799
8848894409
8848996205
8870906423
8891442750
8891447051
8891520662
8891527175
8891664644
8891773565
8891774257
8893792016
8921153001
8921282694
8921294026
8921373053
8921422867
8921424469
8921719469
8921737297
8921843673
8921855258
8943106366
8943200275
8943670042
8943937042
9020234249
9037151241
9037158235
9037243113
9037272456
9037272769
9037377669
9037388252
9037503747
9037897031
9037959407
9037969815
9048035082
9048040297
9048100655
9048124419
9048124908
9048169261
9048236476
9048296222
9048494414
9048495502
9048716207
9061432521
9061750319
9061975356
9061980034
9061980910
9061981654
9072284919
9072361515
9072378116
9072783245
9072797198
9072865570
9072872619
9074045064
9074179223
9074205096
9074564936
9074595840
9142433757
9142793481
9188166250
9188216093
9207148645
9207317167
9249205971
9249222030
9249761464
9249771141
9349195478
9387107873
9388882939
9400245863
9400664414
9400753804
9446083464
9446391067
9446392320
9446409430
9446517909
9446796099
9446808280
9446848280
9446851129
9446968504
9447136475
9447654793
9447879254
9447979980
9447981901
9496094163
9496576635
9496655939
9496939475
9496965090
9496965256
9497294934
9497707671
9526025474
9526129150
9526195512
9526251357
9526290125
9526293655
9526538353
9526673434
9526724395
9526726623
9526793491
9526803256
9526946951
9539350448
9539509215
9539513856
9539515270
9539699157
9539782817
9539784757
9539900388
9544438095
9544759591
9562164928
9562183552
9562553487
9562564041
9562594737
9562594791
9562626446
9567053140
9567055942
9567057117
9567116942
9567125174
9567157809
9567158507
9567165988
9567166996
9567335216
9567377855
9567384113
9567461642
9567472620
9567480033
9567612211
9567615573
9567658353
9567673440
9567676550
9567685872
9567697598
9567864481
9605119945
9605347373
9605648618
9605649569
9605859760
9605997610
9605998235
9629884393
9633003474
9633068879
9633355958
9633446923
9633452729
9633472186
9633480079
9633759949
9633761973
9633874336
9633876077
9633972103
9633973086
9645185886
9645240634
9645392751
9645404061
9645470616
9645513845
9645519894
9645584823
9645651964
9645986099
9656163186
9656170595
9656183992
9656786597
9656974657
9656977375
9744969720
9744977320
9744981191
9745088640
9745362463
9745371623
9745674283
9745715032
9745859670
9746129447
9746211419
9746212886
9746230445
9746233288
9746272914
9746272926
9746480761
9746530380
9746530587
9746588658
9746600994
9746660427
9746665389
9746754187
9746756866
9746787589
9746958758
9746985418
9747040300
9747149820
9747475714
9747560308
9747563837
9747668583
9747693392
9747697558
9747709254
9747736308
9747915349
9747945492
9747948013
9778020599
9778063033
9778350631
9778367132
9809373407
9846005405
9846006223
9846079258
9846080388
9846094525
9846136273
9846178442
9846235109
9846367334
9846406871
9846637833
9846643139
9846644722
9846867626
9847192505
9847268374
9847270310
9847477409
9847866766
9847870491
9847990801
9847995104
9874024547
9895180693
9895271504
9895306925
9895308694
9895330204
9895330686
9895358838
9895364761
9895570641
9895609621
9895613208
9895658650
9895660990
9895989032
9895996939
9946040994
9946053127
9946095151
9946177925
9947070588
9947424989
9947442035
9947445948
9947687902
9947689871
9947746914
9947749730
9947757896
9947762949
9947835153
9947844961
9961097984
9961189569
9961472856
9961473856
9995077572
9995078712
9995174141
9995175294
9995203287
9995246885
9995321531
9995436554
9995440805
9995440808
9995451376
9995650741
9995650800
9995767798
9995907287
9995938001
7736623799
8129038002
8907986257
9249962918
9605225522
6082079678
6238206338
6282211805
6282353844
6282353846
7012110573
7012234754
7012287090
7012404621
7025228728
7025690346
7034708382
7293429339
7306019956
7736966450
7909177479
8075624016
8078083005
8078314826
8086242955
8089146332
8089196439
8089366476
8089727660
8129895170
8138003336
8138075585
8138095703
8156934444
8281403953
8301915541
8589827520
8590006485
8590061523
8590791296
8606750671
8848321911
8921008220
8921323405
8921380084
8943399788
9037107724
9037133891
9037933743
9048020841
9048406740
9072175523
9074681056
9207592819
9207592820
9446741774
9447459829
9447814826
9447981479
9495285002
9495356658
9495774128
9495790729
9496197726
9496279786
9496824050
9526678915
9526893498
9539074921
9539113820
9539378937
9539548547
9562098189
9562501692
9567211791
9567349589
9567393366
9567776465
9605704224
9605707390
9605737571
9633411199
9633419409
9656033336
9744019908
9744051525
9744222359
9744778937
9745787520
9746052916
9746271125
9746387366
9746409072
9747218805
9747849001
9778478126
9778495310
9846176068
9846424149
9846781427
9846882079
9847033336
9847212455
9847267894
9847370642
9847409900
9847409908
9847430887
9847633634
9847891246
9895057388
9895204222
9895483200
9947180265
9947431522
9947598274
9995038689
9995115038
9995351499
9995553160
9995991640
7909176558
8089363387
8848777097
8921320242
9020654354
9037932467
9048406379
9074102545
9207815019
9288500388
9383458812
9446428569
9447458976
9495352842
9496194050
9539070990
9567337151
9567337673
9744048044
9746052679
9746268080
9746386355
9746401632
9778495142
9846172775
9846881501
9847266983
9847427727
9895194001
9895628628
9947597204
9995106081
9847992368
9605049520
9447303227
9447455507
9495382780
9495394754
9745134955
9946919419
9961174120
7510963112
8078974084
8281426628
9349402880
9388601917
9633822112
9656731231
9747172684
9846052326
9895169539
9895624479
9895718804
9895733660
9995168821
9447077904
6235488331
7012154561
7356082408
7736249347
7907080818
7907556246
8089030459
8089245453
8137811627
8138065231
8281003518
8304809508
8589850904
8594093479
8606656922
8921528909
8921789957
8921848618
8943436551
9020566075
9072451676
9388840282
9400889499
9447045096
9447831658
9496430620
9497067513
9497822096
9526944520
9567322408
9567600001
9633111907
9633119643
9656854800
9744236977
9847014569
9847320361
9847547772
9847733331
9847832133
9847852121
9847894052
9895098570
9895360228
9895997672
9895997673
9947230061
9947477900
9947482777
9947844569
9947874340
919746661470
971505340919
6282935410
8281929005
8921504735
9447050657
9495106092
9495950657
9656693765
9778260343
9846193763
9446016693
9446840902
9497791093
9656482753
9895533939
9846915948
9447814850
9495748801
9895051700
9074839255
8589897589
9633755251
9633335349
8089080089
8547332559
9495970344
9745614223
9846241818
9387025757
9846892767
9995869744
9895224002
9446517933
9846039154
9037873810
9946479846
9495740776
8848988432
9846122998
9400084433
9847231288
9496557041
9207771505
9539855557
9496573886
9400335302
9846519242
9567530966
8879979088
9895531778
9846318880
7506644522
8606051030
6238867465
7357135963
9074666904
9497481454
9349492706
9447459497
9895765902
8547383252
9446311804
9446208222
9188014546
99461438402
9633366399
9020910957
9188353152
8111851029
9895633917
9895509333
7736216265
9895824376
9497680656
7994968593
9447795572
9446929477
9539077891
9020401677
9633760510
8848259469
9995822378
9497459653
7025331678
9446565746
9207093688
9946347421
9961304305
9995584494
8281239195
9605675122
9037013621
9526567535
7012057419
7034808987
9048705100
9447390935
8075763958
9567850408
8590349945
8848983595
9446309605
8589077761
9846939944
8594840057
9207674507
9995779182
8891110080
9447140339
9501528328
9446720686
9447362195
9497644221
9447039070
8590639703
9895356097
8590603473
8589987305
9895933331
8111820002
9895164444
9847721259
9495501040
8129695499
9446595867
9745974974
8590288749
6235432219
9837161516
9895734375
9745251607
9847009995
9847904803
9747104586
9947969524
9895710929
9895265928
9446586075
9995661628
9495676896
8870014813
9745704111
9400499861
7736000363
9846192817
9387101501
9447730725
9995023350
9447576915
9446050800
9947774317
6238509702
6282504872
6282620634
6282955038
7025433039
7025518449
7025732489
7034268095
7306257183
7306968840
7356391899
7510121105
7510204473
7510366187
7510457002
7558876918
7559819092
7560983132
7592929341
7593950692
7594086119
7594939775
7736097554
7736280321
7736280462
7736550913
7736606635
7736767876
7736875899
7736938486
7902704860
7907010612
7907809661
7994071589
7994336873
8075270454
8075619304
8075969229
8078540287
8078593640
8086038882
8086129630
8086256006
8086307764
8086466133
8086671302
8086749996
8086825297
8086829474
8089152107
8089240513
8089344850
8089567216
8089638464
8113087092
8129345185
8137910414
8139866758
8156936169
8157063087
8281051085
8281057264
8281222102
8281295125
8281388897
8281868985
8281992588
8301814873
8304027062
8304967971
8547433405
8547580124
8547805430
8589867841
8590135691
8590224583
8590351308
8590418602
8590437014
8590490750
8590518300
8590553928
8590578346
8590660215
8590711014
8590859262
8590889512
8590917982
8590947878
8606187259
8606380972
8606915193
8848381832
8848509254
8848550602
8893721282
8921244969
8921335832
8921503884
8921645125
8921691545
8943006139
8943076288
8943378163
8943526770
8943624095
8943630637
8943794485
8943838357
8943981170
9037042350
9037199603
9037393446
9037547231
9048256575
9048446760
9048633346
9048659927
9048886760
9048936854
9061511408
9061863783
9061973149
9072196870
9072322024
9074714067
9142048717
9142743322
9188284523
9188606653
9188717837
9349255443
9349803028
9400031318
9400262987
9400275772
9400722614
9446194606
9446360074
9446718581
9447328221
9447569143
9474759882
9496144191
9496174358
9496181393
9496290867
9496613622
9496744747
9496753821
9496893674
9497189165
9497189175
9497189960
9497665346
9497716113
9526437149
9526742128
9526870463
9526969726
9539169145
9539182647
9539450104
9539474737
9539545363
9539567504
9539567707
9544093212
9544094619
9544188283
9544509470
9544713692
9544888561
9544912107
9544936436
9562144125
9562624948
9562674964
9562803371
9562818572
9562945744
9567303734
9567449313
9567569244
9567587067
9567776625
9605014614
9605058550
9605062395
9605111552
9605325364
9605403917
9605424274
9605562864
9605915906
9633191761
9633397292
9633426389
9645055917
9645147496
9645475414
9645768110
9645829222
9645921601
9656065202
9656116728
9656185652
9656363266
9656439711
9656521992
9656741451
9656905105
9744006863
9744132552
9744202839
9744306031
9744352531
9744424283
9744592684
9744600536
9744671184
9744699589
9744711369
9744907592
9744907963
9745124441
9745521916
9745527031
9745812956
9746035213
9746383261
9746677245
9746686291
9746828090
9746946794
9747044403
9747202944
9747204687
9747313020
9747878573
9778596258
9846227468
9846289960
9846357073
9846606080
9846826614
9846878793
9847271299
9847272199
9847347544
9847487036
9847637677
9847704228
9847815261
9847887987
9847888814
9847937917
9847944243
9847967866
9895066709
9895340321
9895552536
9895755961
9895818199
9895881192
9946062508
9946166301
9946369504
9946519337
9946574851
9946615289
9946641096
9946825881
9946904790
9946970293
9946975637
9947038011
9947181377
9947278491
9947348459
9947350085
9947431747
9947585347
9947656398
9947925116
9947932639
9947995272
9961212789
9961721776
9961782592
9961818079
9995522078
9995567010
9995583028
9995844659
7592862806
7902538432
7902933697
7907383513
7994536456
8075748456
8075952298
8086738940
8086743141
8089256337
8129780347
8136863956
8136998380
8281201402
8590424027
8592996068
8848436106
8891175126
9048252026
9074191945
9207151827
9207265002
9388017003
9400601165
9446838445
9447626027
9447837728
9495183838
9495739130
9526465373
9539078297
9539846525
9539913727
9562227709
9562580119
9605055814
9605697150
9633543299
9656877230
9745312258
9745334899
9846287756
9846741009
9846958107
9895079378
9895135516
9895352471
9946222375
9946304908
9946510662
9947616479
9947861805
9995375040
9995451878
9995957618
7034540089
7902831388
8547493576
9072039070
9446548830
9447378830
9495218586
9495820968
9539818356
9605818491
9632087087
9846049399
9946818127
9947607621
9961204106
9995032721
6238920416
6282280160
7025568892
8281928911
9037002142
9400375357
9446504545
9567629397
9645081791
9745646533
9747016266
9747144444
9778105489
9778434852
9846146974
9846954526
9895536889
9895857555
9946724189
9446483037
9447602356
7593935249
8590598620
9074245998
9746589962
9847514498
6238328255
6238573846
6238626542
6238656254
6238820135
6238937369
6282100141
6282344760
6363673590
7012228014
7020438504
7025057784
7025105614
7025147329
7025622192
7025632911
7025977247
7025977838
7034180634
7034581183
7306012933
7306926277
7306998724
7353423424
7356176515
7356470415
7356474877
7356475116
7356526056
7356533064
7356822727
7510178238
7510619987
7510661445
7510770366
7559810019
7559847180
7559943021
7560855358
7561060489
7561838607
7591944501
7592811341
7736302240
7736420010
7736538317
7736655788
7902762172
7902820641
7907334357
7907595630
7907755876
7907903596
7994164179
7994180536
7994315939
7994335614
7994358479
7994522636
7994855889
8075031634
8075172125
8075389790
8075621307
8075815217
8078456643
8078558979
8086121769
8086297185
8086464150
8086468073
8086791383
8086891992
8089363635
8089401537
8089849840
8111812459
8111864005
8111917068
8111927913
8111931833
8113063468
8113809349
8113934784
8129156903
8129247599
8129248188
8129255665
8129346515
8129402427
8129439773
8129518656
8129579076
8129626837
8129627966
8129989095
8137018417
8137942559
8137965601
8137974870
8139098306
8156850345
8156851539
8156873397
8156951921
8157984683
8157985216
8281084505
8281085440
8281507457
8281623993
8301036576
8301825134
8304088794
8547039225
8547046576
8547049532
8547318583
8547453136
8547957343
8589850519
8589890356
8589936424
8590005475
8590089642
8590537168
8590645813
8590882041
8592934524
8594034030
8606015951
8606041373
8606065044
8606285271
8606629966
8606899424
8714297781
8848156913
8848444562
8848550267
8848748055
8848804010
8891449451
8893905665
8921025959
8921648130
8943083474
8943937333
9037457185
9037595001
9037832559
9048214053
9048425387
9048826159
9048905013
9061053444
9061490339
9061855739
9072076845
9072195176
9072836448
9188061208
9188365652
9188686665
9188782855
9189430443
9195445446
9197449618
9198950497
9207557641
9207696863
9249302277
9249586590
9288459261
9349765708
9349967168
9387403933
9387505074
9387757563
9387776658
9387995747
9388099630
9400519179
9400519717
9400519973
9400686454
9400918417
9425123004
9444021769
9446014426
9446409447
9446423579
9446423679
9446460031
9446605510
9446717880
9446719376
9446742210
9447158953
9447717068
9447812270
9495280176
9495426056
9495472159
9495666802
9495884018
9496087809
9496148711
9496170883
9496170889
9496177583
9496429717
9496655799
9496663082
9496713479
9496757501
9496896192
9497438480
9526158549
9526255620
9526679720
9526843696
9539039627
9539042567
9539155561
9539192995
9539411308
9544034821
9544350441
9544385256
9544583241
9544585035
9544962041
9544968201
9544973618
9562023008
9562038117
9562416838
9562498416
9562674097
9562775742
9567152153
9567439738
9567617110
9567660625
9567722575
9567829837
9567860387
9605050928
9605061359
9605089344
9605201861
9605447123
9605476929
9605478238
9605507437
9605544093
9605629220
9605668703
9605668718
9605681776
9605747100
9605967344
9605994599
9633009239
9633350040
9633479086
9633517345
9633648156
9633705614
9633709742
9633814267
9633955665
9645196452
9645220981
9645740884
9645856027
9645885565
9645990360
9656034983
9656108029
9656115843
9656122858
9656696863
9656760822
9656808741
9656877838
9656901240
9656946122
9656956376
9656960814
9656962238
9744166051
9744238145
9744273160
9744415243
9744417432
9744423101
9744423253
9744423544
9744504129
9744540580
9744613431
9744615085
9744716802
9744722987
9744905044
9744908275
9744908820
9745237182
9745430405
9745527020
9745554186
9746046041
9746151386
9746750873
9747009818
9747100019
9747107846
9747193529
9747412575
9747428416
9747559967
9747572118
9747652479
9747857217
9747900186
9747901208
9747997720
9846430493
9846441007
9846522128
9846788436
9846969775
9847218145
9847275086
9847282727
9847312411
9847360549
9847404159
9847448615
9847464017
9847470782
9847533206
9847535293
9847755739
9847758777
9847865111
9847874711
9847919098
9881540255
9895211393
9895216688
9895299797
9895374836
9895401061
9895565097
9895783198
9895799872
9895814625
9895932605
9946242489
9946724363
9946852403
9946855177
9947028783
9947090283
9947180117
9947187072
9947195657
9947218905
9947263643
9947283643
9947415339
9947846639
9947855652
9947898794
9947903149
9961169348
9961203314
9961248158
9961257412
9961273137
9961413486
9961524858
9961735472
9961798411
9961803881
9961849372
9961881481
9961936292
9961966643
9995079678
9995301551
9995471537
6235003271
7012277062
7012792277
7034188710
7306470631
7306768424
7356963588
7510890439
7736034262
7736244181
7736489487
7907183753
8075050604
8078883358
8086162689
8089354781
8089888245
8129064769
8129116171
8129182850
8281425240
8281736299
8301036322
8301951318
8330019701
8547129621
8606082979
8606367627
8714242427
8714371741
8921516966
8921559544
8943168398
8943302004
8943488642
9061090477
9061335897
9288657204
9447846019
9495217776
9496483947
9497320487
9497798078
9539164791
9539193070
9562479701
9567324909
9567662509
9567843497
9602215254
9605736714
9605855196
9605981054
9633461049
9645268760
9645490107
9656898041
9666229143
9744024448
9745761348
9746072231
9746398484
9747998869
9778249200
9846152713
9846481986
9847485881
9847666456
9847700632
9847787795
9847806623
9847952154
9895159804
9946438540
9946779052
9947449729
9947512487
9961196206
9961289775
9995055766
9946209249
6238292175
6282144123
7012317084
7012845745
7025040186
7025308017
7025398404
7025939643
7034922932
7306014784
7306091354
7356664424
7356787939
7510220496
7558988740
7559045296
7736878169
7907335901
7907350587
7994180551
7994980273
8075067492
8075359378
8075807494
8075818860
8086129810
8086171719
8086554247
8089138967
8089174087
8089530481
8089800305
8089951712
8129215908
8129291906
8129664788
8281508274
8289881356
8547994250
8590592416
8593046678
8593872277
8606471605
8606709455
8606831988
8606891634
8714256474
8848080054
8848184406
8848221055
8848253239
8891111694
8891131056
8891299810
8891334437
8891681008
8943080988
8943433112
9020199965
9037103926
9037127322
9037226144
9037279463
9037530305
9037598887
9037605913
9048085926
9074198567
9188842058
9207366561
9446076606
9446329778
9446384595
9446491436
9447368729
9447532934
9495316656
9495688194
9495719904
9495971436
9496060839
9497274512
9526408692
9539361967
9544046568
9544619899
9544754263
9562572812
9567730578
9595709904
9605713244
9605898557
9628084083
9633153057
9633373084
9633377204
9633446181
9633448817
9633658096
9633762476
9645164149
9645168341
9656208260
9656394916
9656746637
9744373982
9745229245
9745954702
9746636291
9747736609
9778030612
9778175534
9778489343
9778729653
9825523184
9846067437
9846400770
9846470990
9846811934
9847214653
9847411527
9847770162
9847771106
9895188294
9895272303
9895807253
9895928062
9947023463
9947492817
9947533816
9947722764
9961475242
9961518918
9995101312
9995249647
9995511753
7994347435
6235193051
6282108193
6282387149
7736574742
8086823174
8547763261
8589958807
8590390991
8590688286
8592983360
8593813604
9645066221
9778797443
7012590035
7306901164
7592951148
7907570035
7994225471
8089726188
8589892880
8590344809
8593909111
8891307880
9020542034
9048038741
9048090050
9142244588
9495691281
9633566966
9633887232
9633992223
9847636574
9895632900
9895656203
9946251805
9961755027
9995475086
9995975838
6235692404
6235726277
6238301114
6238838352
6282019904
7012527789
7025755100
7025990065
7034420290
7306420981
7306933158
7356464635
7559986235
7561010451
7592962536
7736077440
7907296862
7907796205
7994213235
8075553514
8078117027
8078381684
8078825471
8086017868
8086168352
8086202310
8086280256
8086324572
8086456504
8086745010
8086753148
8086760998
8086813651
8086841879
8089274566
8089645577
8089819871
8136914964
8139025226
8139876170
8157091207
8281161341
8281234900
8281561675
8301013675
8330870702
8506726902
8547244508
8547334857
8547375104
8547434761
8547897661
8589029070
8589883035
8590182877
8590343767
8590523904
8590552064
8590776546
8592800891
8592900800
8592994247
8593061487
8606174457
8606454055
8606579964
8606662717
8848657301
8891329939
8893321160
8921054497
8921518064
8943128146
8943372242
8943628068
8943980653
9020052310
9048021431
9048309797
9048442437
9061993140
9072441557
9180868434
9188669130
9198462622
9207231813
9288904323
9400210121
9400272086
9400384302
9400574207
9446115690
9447119379
9447292120
9447550546
9447871312
9447959092
9493357436
9495307104
9495310191
9495404472
9495422433
9495423700
9495425557
9496029498
9496067167
9496450973
9496918398
9497187198
9497444253
9497684317
9497791684
9497791689
9526258371
9526311534
9526845582
9526862517
9526895312
9526987488
9526987692
9539081879
9539103949
9539306196
9539458665
9539547584
9539636405
9539636433
9539922123
9544006281
9544154173
9544300602
9544308221
9544352760
9544909030
9562505568
9562880469
9567163447
9567920394
9567968169
9605316445
9605646131
9633457577
9645653882
9645753018
9656437926
9656489250
9656937151
9656938556
9744027078
9744481515
9744485790
9744589543
9744595047
9744649619
9744687427
9744906621
9744995800
9745013176
9745074674
9745078805
9745258445
9745660632
9745667309
9745891995
9747100386
9747138400
9747152755
9747412369
9747467334
9747545891
9778004492
9778076398
9778569523
9805236316
9846601773
9846614260
9846626601
9846812666
9846896003
9847021820
9847046256
9847086012
9847118198
9847200334
9847270970
9847272804
9847322293
9847389497
9847406381
9847452508
9847473610
9847489243
9847498711
9847600651
9847892965
9847900791
9847940109
9847950844
9847997693
9895188468
9895250640
9895293024
9895447032
9895790127
9946019070
9946066426
9946088188
9946474477
9946482567
9946494585
9946519521
9946527686
9947009989
9947037238
9947084505
9947117542
9947127804
9947208945
9947359164
9947554048
9947577269
9947660999
9947993820
9961191573
9961270970
9961280957
9961369891
9961720201
9961723476
9995636410
99995164233
7356129530
7594959895
8137815740
8289911885
9037551190
9495336631
9495956513
9526062200
9539075503
9539090686
9539487603
9567676444
9633903650
9895233125
9895301896
9995053866
8714072437
7592916575
7907403833
8592918814
9496513035
9895077046
6282339274
6282730082
9074159035
9447048889
9447231816
9447293862
9769490043
9833408824
9967415085
6235289021
6235458029
6235737694
6238022380
6282367347
7293331424
7510804191
7560972032
7561093207
7561824753
7736174785
7736823031
7902538379
7902665361
7907722121
8078744017
8086050680
8086499437
8086852218
8089105380
8089286100
8111893470
8139853049
8156969305
8157996383
8281943033
8301947664
8547598318
8547983805
8590276017
8590285052
8590368099
8590458770
8590594419
8590694035
8590999608
8592037006
8606279733
8606327071
8606490712
8606554326
8848274703
8943487804
8943579317
9037337061
9037808308
9048122573
9074857509
9188346773
9207281511
9400775169
9446115226
9447100330
9495139263
9496088265
9496451752
9496565056
9497063878
9526004120
9526670347
9526695636
9526810024
9526834090
9526934571
9539104870
9544373184
9544375780
9544436577
9544916601
9544970126
9562158276
9562347339
9562378284
9562979244
9567302593
9605030433
9605438770
9605566164
9633727697
9645714864
9656053341
9656754682
9747108438
9747397022
9747544090
9747682895
9747833734
9747968819
9778220448
9809475914
9846061428
9846071333
9846272727
9846704717
9846806351
9846888057
9847259057
9847460101
9847555389
9847576357
9847594792
9847818601
9895336455
9895705906
9895989473
9895994326
9946532552
9946589545
9947420721
9947668307
9947988137
9961059309
9961064398
9961423395
9961540900
9961873546
9995549309
9995559803
9895236039
9495119992
9895605549
9567413801
8907521544
9656181301
6238034234
6238555901
6282375013
6282845465
7012161397
7025180484
7025761709
7034842193
7306321355
7559918667
7592827604
7907470017
7907563916
7994012500
7994018945
7994897623
8075844618
8078559337
8086865760
8156856706
8157802684
8281216517
8547371035
8590397993
8594087926
8606060889
8606575684
8921672053
8943328447
9037759181
9048598435
9048911416
9061365771
9072738397
9207868373
9207868383
9400162994
9447113396
9447576492
9495007323
9497879033
9526436590
9544461478
9567392027
9605037562
9605040276
9605061947
9605439572
9605931987
9633866863
9645027117
9645776945
9656368348
9744524071
9744889479
9744908945
9745123390
9746342632
9747474207
9747641881
9747669781
9747924878
9778730150
9809925583
9846285813
9847251490
9847471895
9847686097
9847938005
9895017945
9895042849
9895042889
9895292564
9895326718
9895357613
9895457027
9895467819
9895558135
9946527101
9946894919
9947420386
9947814964
9961052562
9961256507
9961496900
9961710047
9961723396
9961800137
9995541037
6282918818
7012846616
7012874405
9020758631
9074084899
9387654750
9447050538
9496826956
9496845792
9746623188
9747433389
9847495890
9995521512
6238122069
6238712284
7025688480
7558994227
7902816740
8089700885
8129093590
8136924718
8606247490
8943151284
9446415680
9447256940
9495914527
9496077282
9496082138
9496243803
9497624224
9567745123
9633034283
9633110770
9633511615
9633557677
9645495051
9645639358
9744720652
9744760746
9746220256
9746447949
9747434714
9747449834
9809181533
9846962839
9847024785
9895127838
9895516560
9947139075
9995955538
9037473001
9961435490
6235743708
9745269704
9961143553
6282229387
6282669752
7012545282
7025174230
7025390459
7034482191
7510322438
7593824524
7736179187
7903514081
7909133567
7994463167
7994894277
8075836377
8078426422
8078752270
8089640892
8111858696
8129100651
8129137453
8137878321
8137983105
8304012100
8590026696
8590529171
8593887848
8593906856
8606156491
8606448066
8606804929
8606914685
8714981976
8848700801
8848893740
8921158930
8921163399
8943381482
8943529651
9020221801
9048061381
9048090616
9072428563
9188058739
9207673008
9400708903
9446179716
9446231354
9447739979
9497889750
9526417598
9544435473
9544857047
9562133635
9567284250
9567522462
9567923173
9605575052
9605666701
9605987277
9633436153
9633542307
9633917984
9656063538
9744990224
9745522827
9745560741
9745614079
9745620308
9746346722
9746725830
9747270192
9747277823
9747599730
9747935043
9778026497
9778436327
9847663203
9895909544
9946263395
9946618988
9947176423
9947277313
9947324805
9947475680
9947519094
9947677505
9947703469
9947763432
9961297739
9961665182
9961794492
9995159302
9995243467
7736054417
8301958221
9446538221
9747328742
9605570612
9895391167
6238081957
7025712060
7560858526
7736828785
7902826610
8075793046
8590454744
8590857113
8891442014
8907952551
9048076529
9072030663
9387760918
9495953131
9496059892
9526618022
9562374105
9605422400
9605623974
9633174979
9633783467
9633923921
9656071773
9656933091
9744893133
9746240699
9746249081
9746832418
9747053682
9778182429
9847294288
9847518151
9847683331
9946054928
9946553569
9947359944
9961036492
9961259832
9961520921
9995307350
7012402918
6238884157
9778494410
9656432268
9895466738
9020920021
9349977313
9388670297
9446414972
9645012782
8943368927
8075237834
9961841926
8590483891
9072836331
8848594010
9495787602
9745551852
9961394098
6235014742
9995893374
9037680130
7909115414
8592977669
7561059544
8891516386
9048211585
9895069020
8606604607
8891521055
9567545543
9946700105
6238231092
6238323753
6282166651
6282356146
6282850882
6282930768
7012594816
7025572641
7356892954
7511102705
7736235623
7736270969
7736567571
7736772175
7902688251
8078098886
8078596165
8078956927
8086459193
8086988933
8111966825
8129568487
8136831383
8281842400
8281870246
8547084483
8547703477
8590809170
8590968447
8592020169
8606334012
8848022915
8848476552
8893737949
8943257534
9020366680
9037149713
9048064655
9048114025
9048114834
9048400757
9048601050
9061594128
9061628833
9061878569
9061954994
9072173079
9074301828
9074882717
9188593320
9388821246
9400173079
9400600156
9446131981
9447213431
9447718473
9495105369
9496177274
9496446526
9496876197
9497355800
9530554422
9539332969
9539554423
9544663647
9562969918
9567074399
9633022680
9656060042
9656085405
9656930115
9744213431
9745653158
9746464989
9746869911
9778037011
9778142968
9778501558
9846130183
9846972183
9847842170
9895404041
9895510441
9895596965
9946857727
9946877767
9995285218
9995446503
9995517233
8547553038
7736058967
9539524219
9539814149
9544524219
8086715278
8129512639
8129675125
8136836736
8301825778
8590361758
8592058764
8594087484
8921674403
9037572766
9037590939
9037901227
9037993009
9048501939
9061266138
9074279232
9446388705
9495962433
9497457469
9539919625
9562286436
9633806143
9744671087
9745615603
9746673891
9746990103
9847421570
9847859258
9961684346
9961985303
8156965740
8848412677
9037674285
9037774434
9061779074
9400054906
9496015094
9496637816
9633028954
9847155222
9847900001
9847900008
9995742282
9072411098
9383448293
9744852722
7356833592
7594863783
8075079628
8089118665
8089317182
8089668871
8089676595
8111848461
8113804945
8281003796
8590523015
8590952101
8848955244
8921046876
8921133023
8943627596
9048064238
9048097694
9048267321
9048699088
9207577078
9207601911
9496017497
9496716370
9526132245
9539753254
9567744949
9605957128
9633363954
9645383760
9645766305
9744241683
9744308814
9744781914
9846595948
7034778014
7907022618
8078191999
8078258409
8078374868
8086324150
8086407231
8089509415
8137850098
8156833907
8157076835
8590573284
8590841210
8943192432
9037284712
9037390445
9048595190
9497495403
9544300971
9605488842
9605559817
9645146022
9645286109
9645808638
9744074387
9747386444
9846072250
9847263100
9847311053
9847495546
9847709458
9947321529
9947422886
7463479496
7902534574
7907492135
7994379993
8589988985
8590588568
8606804914
8606912639
8943755814
9037330428
9048288028
9526720564
9526855239
9747236751
9961100233
9961817773
9495466944
9895711599
6238327401
6282352078
6282886767
7012329425
7012354680
7012687239
7560942889
7736265469
7736794144
7736797237
7736892448
7902765971
7902833187
7907242990
7907851941
7907916367
7994043877
7994859641
8075292850
8086152689
8129456821
8281052282
8301840794
8590002539
8590934955
8714445122
8848540207
8848859762
8848967003
8891102014
8891173843
8891216479
8891380771
8891384925
8907757572
8921195417
9020299587
9037377732
9048124231
9048870728
9074282531
9074452299
9074710435
9388602981
9388894049
9447205918
9447958249
9497210863
9526331273
9567425421
9567614024
9567838346
9633409235
9645566533
9656686921
9778360725
9846062133
9846544544
9847368155
9847762840
9895028133
9895331668
9895752621
9947373417
9995338724
9995661730
8129020273
8590855166
9037546561
9061123202
9061390566
9495425565
9605373843
9847323826
8921951236
9645216629
6235408075
7025176492
7558094653
7558941693
7559068770
7561813737
7994630511
8086032517
8111804730
8129256582
8136841462
8589027777
8590363517
8590399845
8606079898
8606735470
8606779634
8921344579
8943966355
9037485575
9048284810
9048547010
9446766155
9447453280
9447586069
9448874232
9495127034
9526527177
9526914605
9544876257
9544944863
9567049743
9567141427
9567829532
9567936570
9567966546
9605080821
9633389604
9633715139
9633799356
9656506610
9656595459
9656915280
9658811934
9744199359
9744685230
9744875654
9744877852
9745651819
9745690014
9746993060
9747385640
9747519115
9747727236
9778341890
9846482854
9847294604
9847547088
9847550905
9895619151
9946199599
9946252818
9947251008
9947359824
9947432526
9961416910
9995301145
9995540234
9995661002
7025960377
7736183841
8281120231
9020330555
9048908902
9446963645
9846300103
9048770122
9447512808
6282507984
7025872240
7306562368
7306810183
7591905372
7593097089
7736970993
7902912855
7907571473
8072674513
8075533997
8078225893
8089928027
8129630403
8129967691
8156889876
8281144799
8281288068
8281683826
8590646017
8590914655
8848114799
8907196666
8921582150
9048125386
9061046227
9061946227
9142403933
9207056046
9387386410
9387480687
9400836320
9447036186
9447928794
9496697610
9496913649
9497578889
9526746093
9526835977
9544053299
9544715426
9562418276
9605273722
9605681782
9633636712
9633849468
9645480551
9656423722
9656914730
9744828019
9744840153
9744904558
9745202131
9746011531
9746183642
9746830353
9847895043
9847895093
9946112291
9946682131
9946998592
9947114024
9947615715
9947894515
9961721455
9961817089
9995388597
8921564367
9496788013
9526035447
9526035448
9633013146
9746133997
9947236858
9995019406
9995625435
9388253044
9387109959
9496075052
7902884689
9605680548
9961207765
7560836869
9567904549
9847641002
7994359656
9946087392
9544050405
6235075632
6235229689
6235485112
6282037980
7025691025
7034803524
7356013794
7592825267
7736524833
7739482902
7994988784
8078458974
8078950758
8086089671
8086393531
8086432143
8086567514
8086923483
8089496612
8089543724
8089989429
8139866299
8156842344
8156878725
8156970957
8281820470
8544087314
8547645281
8589954315
8590370110
8593021541
8593959224
8594046545
8606361586
8606594048
8848964522
8891100699
8943014215
8943213409
8943522107
8943632809
9048215637
9048988435
9061010618
9072114525
9072161163
9072213417
9072921320
9400467123
9446987599
9447662269
9447786822
9526333182
9526557053
9544194755
9562324171
9605244056
9605801673
9645433147
9645726920
9656027321
9656370801
9744015231
9744968944
9745292556
9745628817
9846163500
9846256100
9847513849
9946917467
9947166383
9947250142
9947372165
9947650585
9961510542
9995356737
8157981195
9961145956
8281035405
8281148453
7025405469
8020952592
8086107359
8086548142
8086949341
8089392719
8089547906
8111875249
8281292750
8547362297
8589956146
8590310961
8590646011
8592029207
8921168683
8921627485
8943766647
9061001009
9207165861
9447905074
9497600553
9526861903
9539078821
9544118324
9544224792
9562164118
9562473623
9567474785
9605116822
9645185008
9645739692
9645828787
9656538541
9656782471
9744558430
9744612814
9744658046
9745685762
9809314219
9847211615
9847642739
9895499594
9895738951
9895940527
9946672617
9961110855
9961638184
9995821620
9946370926
9946370929
7592883735
7736553404
9207295446
7736610201
9846023011
9846023012
9895630430
9961737206
7558854550
8075017969
8113938929
8301054989
8547087026
8848109737
8891651907
9072198972
9388634989
9526176311
9605902889
9656668929
9846322889
9895176313
9895464711
6238497079
6282203032
7012042153
7012384314
7025145497
7510977490
7561822479
7994047267
7994469353
8078068706
8113090667
8129900524
8590914867
8590965532
8848005939
8848206753
8848358613
8891627661
9037307236
9037475614
9048127430
9048315154
9048335999
9074190227
9074339644
9497230446
9544068113
9544949417
9567722299
9567728729
9605102717
9605720548
9633863986
9656384936
9656609536
9656724900
9656869206
9744112500
9747103079
9846196105
9846913145
9946149992
9961710721
9995193032
7593036531
7994887674
8075229045
8086375954
8089415435
8089790994
8139855741
8281417398
8547604356
8589063242
8590536270
8592011423
8606662822
8943485178
8943612806
9048551114
9061199939
9188374361
9400173007
9447529827
9497791760
9544065331
9562936173
9656840569
9689245154
9744540641
9745712500
9847056117
9847380930
9847390994
9847443005
9947372743
9961628961
9995403599
6235948684
6238205306
6238492816
6238606755
6282343436
6282721152
7025050942
7025809500
7025869373
7025878943
7034572302
7306091043
7306823232
7306847132
7356095010
7356891856
7510747441
7593040685
7736244388
7736478040
7902473183
7902564145
7907154685
7907333327
7909174204
7909254776
7994291765
7994565915
7994629781
8075071633
8075124408
8075834438
8078181923
8078379055
8078426760
8078454250
8078466542
8078984869
8086380321
8086417098
8089417223
8089511361
8113063914
8129280516
8129553475
8137812454
8157996341
8281226577
8281520670
8281887605
8301894883
8589887777
8590262268
8590281061
8590516316
8590537174
8590662526
8590731347
8590860485
8592820127
8592869597
8593840712
8594012125
8606664064
8606666406
8606881907
8638031338
8714277109
8848238560
8848473831
8848965963
8891515628
8891587185
8893633449
8921970693
8943123714
8943540605
8943641336
9037211449
9037510573
9037718982
9048153990
9048375087
9048494794
9048811882
9048946461
9072065303
9072140238
9072254224
9388213560
9400407256
9400790545
9400821916
9447533297
9447580695
9447600223
9447691866
9447733352
9447830015
9447849351
9447854267
9495263645
9495453379
9495677076
9495716301
9495855562
9495875415
9496092756
9496905884
9497030616
9497068767
9497705663
9497796639
9526145702
9526324151
9539193957
9539801630
9544117168
9544194923
9544210032
9544231813
9544399863
9544774132
9544782487
9544783549
9562087260
9562632932
9562970435
9605511876
9633260013
9633369461
9633626202
9633628173
9645640365
9656255168
9656740341
9744249474
9744638834
9744886892
9744974345
9745073771
9745965026
9746729604
9746774510
9747235261
9747276113
9747430697
9747468739
9846154448
9846289198
9846317390
9846344842
9846357969
9846371213
9846538001
9847060092
9847146746
9847282595
9847443576
9847596003
9847650042
9847791028
9847858674
9847940802
9946680305
9947299825
9947315328
9947380293
9947888804
9947898648
9947981448
9961245914
9961323253
9961833929
9995198237
9995376733
9995419314
9995886546
6238281139
6238307206
7593970399
7994889990
8078284620
8086463647
8086705318
8547618160
8589930726
8943293815
8943394350
9048025801
9048309247
9074217905
9074298366
9207027864
9207403177
9207473779
9446684263
9447576258
9495376536
9496308286
9744572801
9783462990
9847471025
9895086783
9947000799
6235006347
6238250956
6238525823
6282458442
7012197826
7012370364
7034105036
7510988052
7560994169
7592026369
7736699360
7907231712
8078264217
8078855173
8086086047
8156841694
8290886289
8547670460
8590792933
8606716451
8714129116
8714228464
8848442966
8848668294
9072069053
9074198100
9188136926
9388445531
9446151225
9447583634
9495288489
9495700715
9526499661
9526604794
9526966514
9544631564
9562699255
9656023764
9744929163
9745696805
9745936895
9746707486
9746801003
9747009356
9747282172
9747809128
9846009660
9847129114
9895427114
9946064828
9946188007
9947328403
9947941422
9995738715
7025159942
7902245042
9388825721
9605338911
9947750104
6235716250
7012246181
7025598928
7306374109
7356013156
7510597710
7510919783
7907119929
7994517247
8089059878
8089067656
8281820753
8606167387
8606816922
9037368905
9061784623
9074652801
9446201259
9526192138
9562260117
9562316147
9562548982
9567239883
9605498211
9744375537
9744855825
9744904524
9746278285
9746806787
9746930675
9847204613
9847472008
9946050906
9946381669
9947087019
9947585554
9947675815
9961166384
9995872477
6235112675
6282285409
6282672718
7306513061
7511104356
7736358185
7902686855
7902935285
7994120565
8075109790
8089690328
8113093753
8129340393
8129829047
8129885758
8137877028
8330068200
8547143307
8590066585
8593802795
8593809879
8848418519
8891713896
8943231134
9020500225
9048663083
9061231263
9061747327
9061773780
9074288201
9074707813
9207312611
9400167050
9447369220
9495736878
9526918083
9539946427
9562234681
9562331083
9562668929
9567443563
9633338692
9633379067
9633448064
9633528656
9633586994
9645110036
9645917228
9656103162
9747716033
9847094093
9894737582
9895426216
9895485662
9895663083
9895706225
9895711083
9895835346
9946133216
9946953310
9947470150
9961035070
9961371550
9961886547
9995693310
6238390290
7356829628
7592828724
7736744855
8078105824
8078588237
8086856819
8111913589
8129022178
8289829962
8590939119
9142441200
9142534368
9446568983
9446578983
9526500482
9539871150
9562096285
9744513704
9746397654
9778549852
9947391059
9961202037
9961301587
6235759183
7034542657
7510344354
8025680151
8089298031
8129122288
8547495657
9048060412
9188248247
9400858631
9526051675
9526570658
9567441953
9605744444
9746349778
9846813698
9847695437
9895522210
9946993890
6282168876
7012049015
8075953233
8943449413
9895160786
9947634324
8089429808
9072180179
9744514522
9846314815
7306440154
7506143254
8590667258
8594004380
9061868069
9961656009
9526369124
6235284806
6238915104
7025097244
7034887739
7356130863
7356237482
7560807813
7560808336
8086361079
8113064800
8129073395
8129184052
8129316491
8547899855
8590637841
8590994482
8714193037
8891179583
9207859534
9388478585
9526583866
9539311605
9544310572
9544885095
9562684285
9562955347
9605548898
9633626027
9645262020
9744678627
9745567208
9747598534
9847325293
9895915634
9974215569
9995331853
6238139781
6282044151
7356433042
8590383008
9061690581
9400691764
9400758129
9400857486
9495429050
9497128129
9544883181
9633178393
9744492720
9947492720
7994142594
8086594183
8129598350
8547814496
8589853919
9400737540
9447203140
9495753033
9526525644
9645802397
9847635950
9947430389
8086613058
8547815692
9744014404
6238218530
7034283060
7306870132
7594882864
7736833767
8075576183
8075691796
8089357156
8089591556
8219025865
8547314743
8547510940
8547524971
8547696154
8590352362
8606438055
8714227697
8848601078
9037472783
9048171645
9447970673
9497865019
9497881667
9526138964
9526984772
9539399474
9539522129
9539791923
9567409995
9567570667
9567841335
9605475393
9605769381
9633125950
9633212649
9633921402
9645036624
9656138953
9744202508
9744282630
9744430487
9744653263
9745311574
9745346157
9745669050
9746865653
9747599507
9778237460
9809833244
9846225444
9846310408
9846411078
9846662590
9846981515
9847472296
9847616183
9847711668
9847816824
9847875966
9847954868
9895152909
9895834033
9946270794
9946277894
9947550431
9961577704
9995152113
9995421654
9995774412
6235879901
6238263738
6238272129
6282254890
7012287975
7025110121
7034671953
7306283550
7356991463
7510643216
7510983717
7558996429
7559029530
7560984265
7736235172
7736271005
7736737042
7736891673
7907377728
7994331856
7994331872
8075611895
8078567913
8078593752
8078840476
8089174246
8089793774
8111807769
8129014592
8129063818
8129249835
8129354047
8129668149
8129900228
8137851339
8281524107
8281552932
8281704592
8289859530
8304098348
8547624709
8547693289
8547725369
8590196961
8590202498
8590484705
8590608264
8606042857
8606546429
8606670334
8606758091
8848055401
8891448404
8891707042
8943884251
9037318687
9037561253
9061458278
9072214310
9185903176
9188732170
9207436120
9249516120
9400579828
9400678457
9446217543
9446376158
9446400584
9446715994
9446795988
9446894512
9447475220
9447582003
9447607725
9447812680
9447928670
9495220778
9495251694
9495781261
9495885405
9496767365
9497794991
9526500715
9526507042
9526998429
9544583672
9562497880
9605720768
9605895374
9633953682
9645492595
9656425180
9744225220
9744358228
9744422891
9744446098
9744694816
9744763454
9745874430
9745971170
9746655642
9746761553
9747112722
9747142620
9747204028
9747318634
9747412574
9747819403
9747819583
9778039697
9846229461
9847264410
9847308091
9847316924
9847884279
9847889019
9847927200
9895156806
9895246864
9895932835
9946889019
9947062164
9947070107
9947137525
9947407001
9947482353
9947614389
9947844861
9947855613
9947884832
9961245102
9961533004
9961815410
9961981872
9995136487
9995136851
9995205752
9995540261
6235469187
7025760087
7306890602
7306932683
7561831455
7736234778
8075503650
8111804444
8129258567
8590759982
8593869841
8921275913
8921340905
8921500204
8943308845
9037592235
9447092649
9495076302
9526225164
9526502211
9526818147
9544063823
9544558687
9544976430
9562428898
9656395088
9656873009
9744906028
9746944352
9747331421
9747668501
9847562407
9895056110
9961104527
6238147642
7356391513
7736592505
8157897190
8592005718
8606891980
8848255864
8848821624
8921744351
8943307545
9037377696
9061171284
9074985975
9400533218
9539488350
9645893646
6282160242
6282160292
6282166292
7012226551
7012934551
8089989173
8606882683
9074294709
9508475767
9526689173
9746967943
7012149381
7907761108
8129804033
8589822043
9188367650
9400402781
9446287572
9633686686
9747371692
9847282105
9847289093
9847354342
9947229006
6238654873
7306180951
7356466424
7356823186
7510235866
7510260950
7510958213
7561033037
7561049829
7594845825
7907204159
7907649450
7994506390
7994529201
7994903292
8086390227
8089110727
8089513997
8157988759
8589856212
8590196679
8590386450
8590897207
8606771749
8848138171
8921907364
8943228348
8943426294
9037102434
9037173342
9037612375
9037694196
9037704997
9048104010
9074639889
9142789928
9400705441
9446036202
9447664978
9495772096
9495939825
9497493856
9497844135
9526215092
9526309193
9526467417
9544939798
9544996712
9562111816
9562768276
9562955427
9567734086
9605094599
9605400265
9605836241
9633631833
9645185319
9645597194
9645992066
9744245795
9745694823
9747040178
9747674645
9778302841
9846131127
9846443267
9847358737
9847431653
9847438425
9847772345
9847832227
9895588060
9946088478
9946645248
9946651521
9946876876
9947207306
9947242079
9947312295
9947439359
9961224084
9961354079
9961376944
9961668154
9961912146
6238316598
7356995364
8075081704
8714446885
8921482432
9048264884
9495736599
9496640546
9605275412
9605355011
9633358188
9744581343
9846827672
9847944924
9947530468
9961163554
6238625201
6282906507
7012256763
7306432793
7356997390
7736213805
7902595607
8086168029
8086187561
8089041427
8111844104
8113061304
8304099355
8589873158
8590631304
8590913213
8593834543
8714304979
8848170135
8943093065
8943098960
9020960753
9037320131
9037848095
9072325751
9072548149
9188546409
9207036004
9387127693
9400264299
9495780940
9497789424
9526827273
9539299018
9539530424
9539718635
9539919424
9544907495
9562126778
9562140811
9562370834
9562977365
9567181635
9567588635
9567666201
9567926421
9605945377
9633295764
9633323332
9633441145
9645104857
9645270596
9656819668
9656925498
9744298548
9744419540
9744918485
9744993965
9746316676
9746794647
9747332393
9747716834
9778024059
9778561832
9846313282
9846944631
9847336755
9847470381
9847505475
9847876413
9947276032
9947372628
9947811184
9961493351
9995177261
9995291429
9995861797
7025053649
7025407023
7510328587
7561043467
7736423122
7736429939
7736606002
7736671278
7902818854
7907120347
7994978088
8086185421
8089623635
8089721533
8137018621
8590260923
8590491829
8590596955
8590820778
8593976641
8606494322
8921243223
8943764091
9037369154
9037399283
9048565302
9048992015
9061119285
9061953461
9072263641
9188368160
9288605466
9349850208
9446132084
9496719189
9497376515
9526740569
9526976442
9539297367
9539439251
9544862898
9562184702
9562485946
9567566258
9567599374
9567778150
9567875754
9605658659
9633223522
9633623071
9645639839
9645731621
9645770268
9656164385
9656972269
9744104553
9744678530
9744680488
9744768278
9744869765
9745649758
9746707269
9746947782
9747158876
9846072639
9846901089
9895330838
9895853455
9946092339
9946859459
9947264145
9947381446
9947924370
9961572657
9995301243
9995576497
9995830144
7510576001
7558895030
8129732145
8281148196
8594086539
9400074043
9544733538
9562047962
9633196465
9744682343
9747435096
9747864806
9847468234
9947335001
9947892409
7012014902
7025209124
7356315959
7510120090
7561895641
7592016175
7736266814
7736518098
7736598641
8086250548
8086957418
8089271484
8089316244
8089434590
8111937890
8281879176
8590440702
8590459622
8590544744
8714190610
8848581370
8921316319
9061735478
9287596792
9349249997
9400407891
9446384532
9447830627
9495152072
9526500718
9526715440
9539047060
9539632674
9544708489
9544978266
9633935471
9656896526
9656951127
9744159805
9744541461
9744643531
9744846966
9746274998
9746473374
9746524667
9778118825
9846535762
9846549572
9847321996
9946218109
9947180908
9947222604
9947300874
9947855789
9961458398
9995281525
9995696970
6282094388
9037648257
9497026631
9847611224
9995853124
9995912244
9778175386
9895038572
6238506580
7510207539
7510733089
7510834629
8086523374
8281859466
9388853034
9605620215
9895425269
9947654043
9995250859
6235607348
6238095162
6238424891
6238475485
6282606917
7034467841
7592963462
7593930435
7902545380
8075106305
8129195856
8921236834
8921447792
8943488635
9037573539
9048284532
9072402404
9288133036
9446925465
9544851014
9562594428
9567932950
9605387862
9747674474
9750054573
9778588018
9847688728
9847830658
9946319831
9961839678
9961943511
9778031559
7012794273
8089926887
8593099193
8848916189
8943256962
9072205504
9544643249
9645210074
9847041869
9895712393
9895716393
9995271216
6235414437
6235789536
6238655941
6282691430
6282883178
7012296733
7012436219
7025442414
7034549169
7306702776
7510423822
7510828941
7594838855
7736292283
7736425667
7736636309
7736891970
7902816139
7907398810
7907714737
7909238122
8075041338
8075832682
8086077010
8086818537
8086965052
8089211587
8089479387
8089966950
8090303562
8129610865
8137035173
8137859722
8281496661
8301028880
8301959887
8590083201
8606435016
8891136480
8891628900
8921151495
8921985862
8943095285
8943224512
8943826940
9037197370
9037606613
9048472267
9048659820
9048903478
9048964359
9061964561
9072038628
9072189323
9074767424
9400455167
9447424893
9495466488
9495664848
9495737817
9496282697
9496588849
9497060094
9497633191
9526885737
9539774458
9562244254
9562453011
9567049070
9567251442
9567489136
9605710396
9605876706
9633264365
9633624223
9645240271
9656196033
9736423773
9744177434
9744236924
9745816128
9746156424
9746225258
9746366664
9746842068
9746907384
9747099405
9747760182
9747761845
9747883421
9778566767
9778780084
9846425585
9846583082
9846698500
9847086957
9895108416
9895140483
9895947580
9947221488
9947733222
9961868103
9995030565
9995444543
9995452121
9995650157
7736840925
7907339833
9074201925
7736190299
8113959280
8137014446
8547106828
9142237346
9446943419
9895603419
9895909856
9947905961
6235276997
8089751527
8590713596
8590784673
8891309508
9544483661
9745710982
9747211661
9961250564
7356302684
8891535672
8943502428
9037319984
9562034751
9645260791
9745337964
9846618439
9846618539
9847419021
9446892642
9656382232
9497461205
8943219964
9562993759
9645559911
7034706640
7902851527
6235491551
6238460713
6282611219
7012706185
7025809279
7025893744
7034671497
7306591817
7356360570
7356438524
7356874741
7510251923
7560949785
7907598276
7994553569
8086401903
8089891770
8129484164
8129980055
8137069661
8139072615
8157851499
8589949785
8590344931
8590949839
8606161398
8714406997
8848248619
8891449425
8921236542
8943369308
9037284492
9061825769
9072198948
9188465270
9207856874
9446037954
9447168798
9447539018
9544372565
9562380514
9567206785
9567389279
9605376412
9633557920
9645427056
9645719688
9715016703
9744078919
9744355700
9744491006
9744908126
9744950148
9744954691
9745016703
9745230991
9745395594
9747063658
9747380514
9747648097
9747863079
9747881452
9846059918
9847007988
9847013781
9847434745
9847506006
9847737944
9847887637
9895713824
9895856098
9945274889
9947274889
9947463084
9961210862
9995145095
9995160925
9995786451
6235317314
6235355249
6282327628
6282734824
6282968238
7025738902
7510308686
7561037647
7902404194
7994544145
8078300283
8078331562
8089275095
8129185943
8289976761
8547010492
8593098897
8921012636
8921108955
8943016862
9048059584
9048604479
9048990446
9074584776
9562045375
9567718562
9633963640
9656110539
9744014192
9744154502
9745343715
9747630059
9747670840
9778196037
9778212132
9778589537
9846239824
9895173368
9895445525
9946148936
9947531861
9947855305
9961476448
9986333465
9995909418
6235187697
6282812887
7025994749
7306250054
7510387364
8073597374
8089584741
8714181528
8848783645
9048700108
9061172172
9074910378
9446037995
9446937289
9745669576
9746149891
9995636719
9037519188
9037557292
6235463175
7736273163
7994914357
8075093573
8129073146
8129268669
8129590908
8547944421
8589818710
8592890734
8921212229
9061443586
9072030850
9526384825
9526674182
9539088713
9562180653
9605110450
9605704945
9656715903
9746250599
9746826686
9846860583
9847676377
9895299523
9961504606
9037205405
9495505848
7012827302
9495466918
9895558028
8547401662
9496200919
9846172461
8547939335
8590567509
8921258867
9246278697
9447192871
9744024401
9744041350
9497365601
6282014095
7012848332
7306308470
7306366141
7306982465
7902231682
7902762854
7907113492
7994488920
7994577657
8075835826
8089218726
8089739184
8111805639
8129722563
8137011651
8137028309
8138059024
8281845405
8301970429
8590210473
8590320995
8590510769
8590797925
8594027879
8606824496
8891516141
8891653075
8943304432
9037301652
9037564584
9037877560
9048235294
9188872009
9400293415
9447645551
9495872338
9496325405
9497286770
9497739688
9497789314
9526179300
9539340772
9539685153
9567470245
9567639689
9605483930
9605595047
9645107971
9656074373
9656339333
9656728278
9656773065
9744369612
9744495541
9744630111
9744680711
9744945032
9744949694
9745165740
9745166169
9746347870
9746949480
9747413687
9747961155
9778031286
9895814884
9946558619
9947919417
9961072081
9961342627
9995054310
9995375576
8590309068
9207932772
9633398546
9633818470
9846445553
9895432772
9778318643
9562459957
8086570521
7907121673
9446922269
8089606878
8589838101
8590578276
8606125378
9744008668
9744051480
9744236077
9747691059
6238298401
7012596420
7012813145
7025332158
7306476054
7403481762
7448878418
7736687830
7736797455
8089864533
8089885765
8139084378
8589843528
8590269944
8590406829
8590564400
8590754351
8592046510
8592915606
8593826577
8606179486
8714309059
8714391785
8848629373
8848830800
8891598249
8921328340
8921697643
8943710981
9072205521
9074870996
9188145296
9207606990
9349458957
9539321826
9539644865
9544745774
9544747048
9562471784
9567146260
9605949455
9633135449
9633801082
9645281003
9656071168
9656811216
9745108087
9745641627
9746851738
9846584834
9846959845
9847383154
9847568869
9895572308
9896166881
9946057007
9946530758
9946747011
7012930025
9745502887
9447582368
9645243250
9946252443
6282016261
7012923927
7561020349
8086101624
8129662156
8281228974
8606111330
8921022792
9061861624
9288075944
9447379758
9495791857
9526711074
9562970575
9645279181
9645430322
9656685435
9847713898
9895518974
6235172598
6235431371
7025832253
7356492015
7510394024
7736112808
7736378751
8075910228
8086687472
8089790536
8281011555
8547820938
8589990223
8590260250
8590422239
8590498318
8590556637
8590716244
8590718288
8590793547
8593945262
8606808659
8714141517
8714718959
8848480265
8848765024
8848855903
8891494972
8891569533
8921028300
8943271348
8943354996
9048179967
9048502007
9061903846
9388463395
9446267969
9446957116
9447573660
9495216390
9496570392
9496720066
9539422845
9544059268
9544420025
9544825349
9544917487
9567048340
9567502052
9567781527
9605365523
9605391493
9605999375
9656850298
9742795948
9744697116
9745122371
9747771982
9778214355
9846066939
9846225755
9846245101
9846817419
9847294035
9847456337
9847804670
9947215569
9947501782
9961263406
9961937785
9976045192
9995774278
7025148287
7510184562
9745123751
9895723787
9961629987
9961818052
9961984645
6238435285
7736313983
8281220543
8547999769
8921541858
9400475543
9447207577
9496884169
9544885067
9562326295
9656631667
9656951667
9744746007
9744868846
9747043983
9947293782
9947300456
9961111034
9961492134
9961535436
9995180920
8891334789
6235012254
6235443071
7356431192
7902488095
7994301278
8078518611
8089288126
8089730517
8113980926
8129223288
8129290684
8129948774
8138972109
8547307699
8589973585
8589986099
8590186990
8590405212
8590412784
8590925644
8606396741
8606636321
8921331707
8943708243
9037447141
9037743906
9048079341
9048127778
9061125938
9061475016
9072062035
9074995973
9188145796
9387069506
9400802669
9447513406
9447565230
9447579775
9447595058
9495128172
9495287706
9495839558
9497433216
9526319691
9526439037
9526723948
9526835502
9539098279
9539214162
9544720599
9562240086
9562573724
9562673246
9562816598
9567774085
9582605350
9585621578
9605738377
9605890664
9633426041
9633448636
9645281545
9645552526
9656861703
9744074616
9744297808
9744443836
9744757281
9744846010
9744849599
9746800536
9747247526
9747762308
9778044599
9778307705
9778318106
9846084031
9847862501
9895212313
9895274756
9895440565
9895575616
9895679583
9946826406
9947074432
9947296090
9947830533
9947958089
9947995079
9961488494
9961597287
9995017930
9995296595
9539262407
8078333092
9495270745
9605668103
8891980940
8281019818
8891518548
9544927127
9061862854
8547255595
9946355376
9895970565
9995844752
8891329331
8547543193
8714347642
8943842497
9181370499
9400453193
9495036477
9633015140
9744328742
9745194617
9846049307
9846607193
9847155587
9946797954
7034284756
7034494537
8086306977
8086719068
8089298655
8157045875
8281382933
8590684174
8637463494
9287597851
9446172261
9495064778
9496557111
9496831418
9497611450
9526681262
9526888659
9539378979
9544001806
9544017164
9544321329
9562722066
9567225424
9656123582
9656429275
9656800259
9661372536
9747117315
9747398073
9747631125
9747906831
9846682777
9847120087
9847495543
9847676315
9847740214
9847865093
9895859418
9895879578
9946264590
9947064205
9947150047
9947196238
9947227937
9961202150
9961654296
9961897359
9995037721
9995976056
6235156394
7558895674
7558921677
7736525267
7994640179
8089774001
8089895796
8111978177
8129263797
8281742058
8330848977
8590048315
8590406345
8590566673
8590573538
8590599286
8590633713
8592922960
8594031136
8606131893
8606657521
8848953828
8891657812
8907090807
8943452549
8943557216
9037284119
9048686135
9048931844
9072193904
9207653534
9446505770
9447578086
9495587847
9495687040
9496451028
9526598657
9526774678
9526972047
9539063918
9544106873
9562276894
9567322015
9567937642
9605701299
9605933287
9633271885
9645425534
9645535334
9656955914
9744192884
9744683843
9744837473
9745164132
9745503014
9745598824
9747069816
9747522894
9846095237
9846988511
9847254424
9847405731
9847472796
9847539428
9847541854
9847748236
9847784182
9847824562
9895231154
9895854344
9946193170
9946306071
9946523947
9946528368
9946554358
9947101075
9947270928
9947364880
9947483231
9947793106
9961706505
9961806898
9995179186
9995217403
9995331814
9995538372
9995906950
9562712725
9947231762
7025144554
7736348957
8086954158
8590861784
8592828375
8848460235
8891535673
9042792000
9048086960
9447510084
9526559179
9526889983
9526962945
9539378609
9562788645
9567839767
9567887413
9605678840
9605731204
9633036004
9633432273
9645282162
9645531661
9645955591
9645997234
9656117966
9778082079
9846923997
9847111438
9847144399
9847797310
9847949176
9847983990
9895265217
9895284716
9946847657
9947863190
9947988955
9961245367
9961967465
9995241499
9995529649
7560981269
9539565107
8129028696
9048368550
9846440825
9946812024
9947229245
9995141066
6282462615
6282512464
7736454939
7736523006
7902497883
8078315503
8078548615
8086951802
8129336037
8304907203
8589850691
8590312418
8606489899
8714298932
8943980912
9048450912
9048778686
9061280190
9188744615
9207056203
9387368443
9388118981
9447604939
9447718671
9497680751
9497766216
9526452657
9539470860
9562978933
9645227451
9656951486
9744830957
9747198553
9747275811
9747670956
9847035232
9847100190
9847261942
9847293660
9847403438
9847514589
9847640467
9895841031
9895970544
9947350812
9947497883
9947901236
9961098932
9995550754
6235467785
6282417237
7592022244
8590581370
8606741367
8943814420
9072390959
9387638393
9497594301
9526234196
9744680450
9778724798
9846440999
9846498956
9847096756
9847365319
9847599232
9895184689
9895184699
9895866116
9946224804
9946934946
9947370834
9995301555
97339228734
6282172910
7736240243
8075399733
8086152224
8086254499
8089733979
8111873903
8129866488
8281714487
8590739185
9497641858
9497761598
9526216675
9526580977
9526985838
9539890994
9633254273
9633372910
9633708335
9656286595
9846543705
9847201098
9847542830
9847825252
9847929972
9895399028
9895399029
9895866607
9946616206
9947745745
9995228837
6282663862
7560922518
7593916826
7736569788
7736648090
8078781118
8086521211
8089183920
8097018323
8157932831
8281766157
8606164821
8737942559
8891712950
9020935252
9034936693
9037552771
9048252548
9074709743
9446162700
9496538834
9539520465
9544394005
9567665495
9605560697
9645012723
9645415140
9746577948
9747252039
9747810677
9847704283
9961143158
9995200545
9995369611
9995425825
9995926682
8848525968
7034749511
7736410931
8086565278
8136814433
9020527235
9037372780
9048133853
9316464931
9388461188
9526495010
9747487127
9946112856
9961123765
9961944594
9961959676
6235012505
6235132545
6282516263
7025892306
7034606201
7034866169
7558082916
7736199121
7902315065
7902947669
8075780630
8086375225
8086414306
8089806459
8111945355
8129373412
8157063718
8157867648
8281751103
8301891379
8547567725
8547822376
8590515991
8590774094
8590937517
8606087562
8606282462
8606783472
8848831822
8921067991
8921874773
8943168146
8943501761
8943517769
8943685492
8943966018
9037497768
9037606929
9048048607
9048270057
9048640977
9061003145
9061777195
9188376742
9349480793
9400895649
9446865492
9447548620
9495206832
9495939778
9497255508
9497811474
9526325995
9526481017
9539490735
9539515591
9539581418
9544147529
9544667900
9562322963
9567571708
9567959319
9605507449
9633445983
9645079170
9645760276
9645784844
9656210546
9656373798
9744129100
9744848073
9745109846
9746393659
9746477224
9747864598
9846196768
9846211451
9846481562
9846665777
9846858317
9895274671
9895527073
9895638703
9895675320
9895828196
9895947643
9895995289
9946106608
9946115712
9946200722
9946439085
9946788103
9946830479
9946833054
9946835503
9946889948
9947078448
9947165064
9947482992
9947625675
9961055300
9961124021
9961712322
9961824997
9995020710
9995134774
9995311216
8943042156
8111930469
9567921747
9605886144
9947146139
9961148025
7012610698
9207299466
7012426096
7907286595
9349101587
9946756002
7034317719
8281166342
8590873266
9446822135
9495149030
9496228342
9605249022
9846526517
8086406781
8129159778
8156948687
8281038866
8301027725
8921649884
8943926126
9048482778
9048672996
9207034012
9207388889
9446400770
9447897725
9496234819
9496281006
9497525594
9526667788
9526746070
9567180535
9656803623
9746053525
9746583306
9847582037
9847781492
9895105852
9895447597
9947361039
9961555326
9961555371
9961611208
7510691474
7902396653
7902442517
7902823854
8078390031
8113916365
8129363861
8129619766
8129676319
8138833431
8590629269
8590688832
8590846793
8921079034
8921723740
8921890542
9061957579
9074585061
9400724389
9495112751
9495575539
9496784758
9605048374
9633814087
9744556494
9744994618
9745121533
9747915355
9846781378
9847225485
9895218297
9895345212
9895417844
9946677362
9961002059
9961357603
9995464142
9995470940
9995537163
9995794831
6235228779
6238140075
6282266309
6282695841
7025095150
7025147240
7034828579
7306781325
7510128546
7559035296
7736240039
7736470927
7736682234
7907578176
8075206135
8078229414
8086382903
8089077496
8089343220
8129960835
8137051314
8301047830
8547275571
8590091169
8593851790
8606680031
8606726117
8714994673
8848943045
8943575417
9048686008
9072139821
9188264513
9207885799
9447305490
9497248786
9526045392
9526840289
9539458025
9539556759
9544707955
9562353891
9562579171
9567942833
9633426504
9633666940
9633683719
9645462435
9645550745
9645727923
9645784411
9656951754
9744386576
9744712883
9744715338
9787141414
9847754570
9895112346
9895438936
9946271212
9946504509
9947332076
9947942155
9961365011
9961797748
9961976850
9995701483
9995718337
8943072234
9746575112
9947098342
8891477108
9497499197
9995079092
9995705238
9072801463
9072113592
6282468159
8129452605
8139810855
8289916784
8714459700
8848155002
9037853637
9349769664
9349819603
9446096085
9446116784
9446119581
9447406422
9496659008
9497682828
9645105160
9744172493
9846191813
9846272714
9846610666
9895501786
9895999008
9946835035
9995486537
9995874388
6238305862
7012300602
7034874312
7356822422
7510715584
7736959939
7994119779
8075229726
8086342724
8281015475
8281094352
8281325914
8281899171
8547240706
8589078772
8590495866
8590959364
8606584585
8689864660
8689874800
8891807698
8921088417
9400028730
9400722904
9400943218
9446022009
9446044730
9446046705
9446105914
9446472322
9446690481
9446909653
9446982224
9447061218
9447890204
9495748304
9496429540
9497022995
9497127325
9497376198
9526258354
9536996200
9562434759
9562476831
9621390992
9656010424
9744554424
9745600526
9746694446
9747739936
9778721527
9846068502
9846205066
9846311726
9933296066
9947788974
9995435584
9995803171
9995907877
7025114536
7736804044
8086865566
8281980367
8593016694
9061365821
9400499374
9446573534
9447482130
9447664392
9447753535
9495188996
9497025151
9497849786
9526733748
9717158478
9895933034
7338769656
7736663549
8089749359
8156878893
8281938689
8301837673
8714221270
8921853173
9004919991
9037119991
9446209425
9447005176
9447426331
9447575167
9447704168
9495940608
9497005872
9562964262
9846022270
9847038318
9895048744
9895343794
9895780678
9947989795
9995978127
8078218541
8281154581
8281744116
8547456363
9048943692
9446051322
9446432692
9567092237
9645135133
9745187836
9847661468
7025871040
7356484147
9446611255
9447194100
9447226203
9605301104
9605634447
9744499465
9847708913
7907632254
9444717719
9446693320
9496449898
7025461217
7025831930
7025940721
7034384550
8086963032
8089351356
8089352921
8089755402
8113064725
8129358747
8129658979
8156855953
8588084622
8590997493
8592084967
8592094365
8594009673
8606685055
8606692768
8714291808
8848306827
8891300662
8921927831
8943213708
9020488165
9037605655
9048652560
9188235088
9496271627
9496276431
9497718301
9526262940
9526876577
9562068379
9562265905
9562406178
9562467176
9645592725
9645696776
9645700570
9645896586
9656023834
9656118581
9656162501
9744196779
9745816301
9746423934
9746495299
9746721961
9747677865
9846116020
9846221902
9847673719
9892075990
9946457924
9947073851
9947490504
9961550958
9961563915
9961649995
9961804921
9995323391
9995326297
9995345225
9995683461
9072205041
7356767173
8075874259
9048122591
9048367366
9048909163
9497664963
9526033343
9539925190
9562197595
9567301662
9567650185
9633197660
9633544174
9645991987
9677630912
9744421448
9745687263
9745963353
9746141474
9809182322
9847839177
9895043882
9961881309
9400931304
9037888065
9847555923
6235462928
6235765472
6238715543
7012662118
7025103345
7025205154
7034715423
7306087007
7306099814
7306225089
7306651907
7306778944
7510257569
7510697044
7560911223
7736343127
7902207745
7907544091
7994684008
8075154855
8075320439
8075695372
8078256045
8078784768
8078850281
8086077005
8086384857
8086485067
8086586788
8089949948
8089982305
8111928372
8129939491
8129982999
8137854595
8138873055
8138918401
8157839703
8547125392
8547229210
8547531570
8547627550
8590043811
8590131377
8590174755
8590333133
8590565288
8590579993
8590667301
8590730003
8590737995
8590822673
8590965517
8592948930
8714226848
8848142971
8891632692
8921052671
8921089805
8921712228
8921834221
8921996143
8943487288
8943504963
8943924119
9037522015
9037772524
9037893917
9048287136
9048509084
9061492322
9061985568
9072195148
9074193510
9074256582
9387490081
9446405856
9447873928
9495182901
9496025717
9496489983
9526581099
9526896627
9539079620
9539622493
9539883568
9544118271
9562235095
9562477923
9567311900
9567523991
9567597170
9567663602
9605453895
9605707967
9605868057
9645029965
9645031030
9645444689
9645885507
9656054597
9656114769
9744122864
9744181019
9744416528
9744768166
9744937771
9745094289
9745600455
9746528475
9747017704
9747047899
9747109501
9747253906
9747625437
9778021817
9778374306
9778374378
9778407400
9778568781
9846699176
9847218466
9847308042
9847486912
9847507036
9847543721
9847690332
9847863057
9847910815
9895446207
9895463339
9895642131
9895731350
9946153347
9946247282
9946289767
9946514584
9946795215
9946804592
9947901415
9961277088
9961417663
9995023932
9995579780
9995653463
9995663630
9995683658
7025619827
8089522738
8156801325
8590434372
8590889568
8943965971
9400550071
9495463525
9496620061
9526009018
9539063885
9544351521
9562063914
9605370679
9744174462
9744425557
9746979900
9961255122
7356405044
6238428193
6282471719
6282879403
6282982144
7012366583
7012417326
7012840613
7012884086
7025496334
7025778906
7025790958
7034120078
7306319062
7306573948
7306669520
7356446923
7510200051
7559029529
7593931145
7736118646
7736563513
7902912925
7994827943
8075102570
8111867371
8111930486
8129521446
8129664366
8137945997
8138002737
8547000861
8547052629
8547871723
8547976724
8590671958
8590833490
8606068433
8714137821
8848162713
8848441834
8848863733
8891157123
8921058778
8943019820
9037318296
9048249051
9048598022
9048857176
9048926545
9072321999
9074555208
9142870225
9188381478
9207221050
9207619223
9349483527
9349483572
9387174084
9400714081
9446156999
9446166724
9446216982
9446331966
9446605565
9447021428
9447053084
9447305219
9447369863
9447719244
9495118616
9495429678
9495514316
9495780472
9496702446
9497029944
9497282434
9497530917
9497686181
9497797917
9544071234
9544625521
9562878501
9605024611
9605315171
9633402389
9645810090
9656514508
9744258315
9744781171
9744871122
9744912340
9744970346
9745648433
9746693532
9747533023
9778328933
9809500065
9847203833
9847362389
9847610096
9847864927
9895326888
9895359300
9895700982
9947012391
9947217840
9947779643
9961202564
9961204329
9961257123
9961991592
9995121428
9995304548
9995980896
966546185900
971507032942
7510882922
7306106600
8590681094
8891672583
9207451789
9539710596
9745997330
9847194630
9947472785
7025642870
7559017940
8547530207
8590181595
8590531253
8590558504
8590843719
8592880079
8606846275
8921811312
8921883038
9447531726
9526719387
9605840152
9744418848
9744694372
9746401848
9747173553
9961724963
7025771167
8848001056
9349963162
6238328512
7736132637
7736496451
7902277589
7994316044
8086152112
8089801548
8921216051
9020852450
9037528858
9072081335
9495522579
9544043009
9562694733
9567469575
9745588124
9746017873
9746867882
7012150412
8547602873
9048757283
9188304024
9349781086
9496974261
9539192716
9539689611
9539892758
9846066027
9846279017
9947066735
6235009357
6235136787
6282485169
7558896752
7561060132
7736445200
7736732442
7902439113
7907841734
8078546841
8089504097
8089826519
8113812346
8590987557
8848768164
8943162653
9207969280
9400855505
9447974276
9495189443
9539892449
9544310095
9544344025
9562712822
9562969112
9633011516
9656751427
9656883778
9745012669
9745894129
9745926680
9778293721
9846009958
9847091850
9847522192
9946756719
9946773512
9946957083
9947243463
9947337338
9400925099
9447606151
9496822474
9497847004
6282455372
6282707445
7012363074
7025128071
7025342253
7025601409
7306087184
7306329722
7306379693
7306387876
7306618697
7356030157
7510500182
7510624460
7558912491
7559815910
7593929461
7594836343
7736571985
7902452931
7902784947
7902913115
7902945920
7907320098
7907605653
8007592616
8075227937
8075731481
8078491428
8086046265
8089026004
8089727298
8089831590
8089882925
8130903095
8281863288
8281872093
8281949214
8304844742
8547261306
8547355057
8589973949
8590381131
8590458137
8590535938
8590588938
8590672902
8590744548
8590929975
8594047321
8594089689
8606108076
8606210404
8714223213
8848725294
8848998614
8891305251
8921489022
8921875586
8943875410
9037585512
9037590784
9037607089
9037607446
9048185375
9048575068
9072007231
9072402683
9074120950
9074563090
9074609345
9074670278
9142318924
9400829048
9447582709
9447607511
9495217474
9495222062
9495248687
9495967170
9496420183
9496946635
9497116062
9497398343
9497668142
9526535186
9526651642
9526750726
9526804203
9526834851
9526924923
9539050170
9539069595
9539671337
9544095762
9544248192
9544258395
9544755066
9562375113
9562643389
9562718086
9562779205
9567784624
9605066532
9605365731
9605431162
9605796590
9605991019
9633188150
9633406741
9633916566
9645154851
9717560308
9744218115
9744395113
9745244923
9745828567
9747057064
9747227854
9747270157
9747317392
9747321391
9747935843
9747996063
9778541724
9778779504
9778793688
9846636372
9846705035
9847247895
9847373247
9847414659
9847614309
9847629776
9847640074
9895029827
9895282957
9895420258
9895715327
9946638275
9947048493
9947114775
9947177336
9947449802
9947552235
9947849827
9947987281
9961244597
9961320665
9961424997
9961494140
9961606985
9961827531
9961953658
9961964033
9961971450
9995233184
9995272570
9995797275
6238726204
6238760382
6282936603
7012388984
7012719851
7025937919
7306076912
8943929586
7025005870
8593052166
8848638881
9400475755
9847755216
9895683620
9961887067
9995147878
6235023406
6235433839
6238530902
6282748557
6282975457
7306473465
7560903985
7591995343
7592843428
7902347741
7902969853
7994924800
8075516558
8078266229
8078563787
8086468212
8086808538
8089705803
8111996521
8281180375
8281358909
8547440225
8589830535
8606566199
8848003135
8921008655
8943010858
8943040313
8943686585
8943862009
9037247265
9037264967
9047108097
9048350008
9048927064
9072416576
9400794149
9446904389
9447870841
9495194626
9496032379
9496078203
9496180343
9496266432
9496447058
9497543077
9526108940
9526966512
9539439830
9562910500
9567329385
9633742724
9645689673
9645715818
9745004812
9745367516
9747600160
9747624866
9846789222
9846822958
9847011206
9847178412
9847388527
9847599604
9847655681
9946089769
9946524777
9946883874
9947334747
9947959132
9961555985
9037207818
8129954414
8891427910
9744630652
8281522339
9544912526
9895509214
9947168347
9995957603
6235294323
6235536549
6235687409
7025676085
7025682274
7025750414
7034049801
7034680688
7306128068
7560837880
7736097570
7736123930
7736152565
7736154604
7736640458
7736705229
7736730078
7736745263
7994364030
8075318808
8075653036
8075734294
8078064058
8078349290
8086032647
8086073279
8086562975
8086694861
8086698492
8089424010
8113034218
8129732039
8157841055
8157846305
8281604116
8330036736
8547640843
8547741156
8589006255
8590138820
8590169635
8590348304
8590567492
8592825339
8606358862
8606424735
8606485973
8606937524
8714179909
8891103811
8921187403
8943057470
8943390925
8943422472
8943753537
8943811470
8943874675
9020707274
9048392648
9048665492
9048812492
9061169499
9061508767
9061987865
9072183752
9387451094
9388959523
9400599913
9400711024
9400926699
9446072354
9446933908
9447988156
9495168776
9495400852
9497322001
9497821573
9526451469
9539232155
9539566243
9544064609
9544393509
9544599297
9544788378
9567310034
9567697736
9633166496
9633378715
9633438370
9633933544
9645130364
9645233114
9645947576
9656464616
9744202103
9744887094
9744913900
9745026736
9745205122
9745932060
9746480261
9746813096
9747472572
9747898306
9747927093
9747983858
9846081515
9846478062
9847053337
9847055894
9847160361
9847443672
9847586908
9847829461
9847841232
9847923618
9895128694
9895186890
9895187014
9895310189
9895340556
9946041676
9946215715
9946465596
9947118420
9947182266
9947323685
6235784551
9747762160
7306113187
7592080479
7736676303
7902368454
7994182953
8086805693
8086870952
8089556775
8089738188
8129323412
8590359914
8590509382
8590904561
8921407298
8921767510
9037631074
9495447738
9496724231
9526954336
9539880620
9567260656
9567651043
9605050980
9605703089
9605769582
9656875843
9656972396
9746896394
9778092482
9778195929
9809918309
9947443492
9961030111
9961277035
7034476047
7510220598
8086402206
8113013431
9400617086
9447160876
9495505287
9947301343
9961617086
7034308234
7034311645
7907034662
8086064635
8086193648
8086404832
8086410474
8289852329
8330881827
9048683529
9074589335
9539180883
9747031251
8281557249
9048946250
8086351566
6282670820
8129452028
8921658009
9037500441
9074093965
9074293585
9192079319
9400732016
9400807343
9446868259
9447267001
9447289555
9447433726
9447678097
9496790071
9526992518
9567263261
9745050822
9846095470
9847397909
9895956325
9946534555
6235713152
6238535817
6282278216
7012886254
7306237571
7356525928
7593951949
7902976088
7907217443
8075420729
8075890401
8078739225
8086826741
8086835098
8089919197
8111813710
8111949948
8157807253
8289951355
8290950295
8547401692
8547487267
8589993422
8590190003
8590677481
8606469134
8606618280
8848628140
8921603852
8943282975
8943379081
9037500855
9048877786
9188910006
9400263423
9497812032
9526761154
9539251360
9539892799
9544916982
9562702139
9567057898
9567467956
9567639402
9605252116
9605592154
9605634801
9605859423
9605903749
9633126727
9633431005
9645999469
9744631049
9744881989
9744974151
9745631780
9747643546
9778202826
9846963255
9847690249
9847931125
9946111504
9946623109
9946791336
9946840428
9947220516
9947345843
9947654362
9961303493
9961350651
9400488265
9400488268
7510401151
8547580500
9037442204
9446128309
9447112444
9447433998
9605909601
9656269194
9744493732
9746762255
9778014105
9895141514
9895441917
9895674103
9947847886
9961815660
7907650536
9847924180
9947274180
8891752314
9074970515
9188411378
9388441507
9446710636
9496356836
9496742527
6282422132
7356162465
8078237388
8113950533
8138096375
8547195375
8547726032
8921574788
8943011063
9048059628
9048804207
9061352792
9388202181
9388968897
9446837644
9447053228
9447096375
9447796406
9495216617
9495794454
9495996375
9496493438
9544455080
9562201379
9562992235
9567340465
9633065949
9846304190
9895371063
9895679542
9995600831
9995955785
7012630615
7306658594
7902638755
8129354141
8921757211
9061929929
9188663370
9400873561
9469217852
9567183801
9567336477
9744480105
9847448321
9847686818
9847789409
916006297143
9645882019
6238531654
7736010125
8075180989
9562002224
9745107907
9400410090
9072194673
9388477880
9946586700
9447621540
7019778854
7012964568
8848357609
9605271236
9037203677
9648888786
9061324802
8148616862
9562006243
9600056842
8078300331
8281224070
8281440849
6238799267
7736332595
8281690599
7907804360
9539601383
8848540796
8137099555
9495862996
9645794215
9495111491
9037660251
8075976957
8075360711
8589954758
9446939539
9495021749
7510767484
6282794645
9447833615
9037614861
7592815649
9447404702
9446146674
7510667786
8332875808
9544115188
9061507937
9633823069
9496720795
9061266236
9037428985
8606483098
9188080256
9961354852
9744520836
8606049294
9645106502
8086071644
8547095957
9447387110
9497197335
9539665390
9633886934
9846043352
9846186440
9946042229
6282228410
6282326354
7907574243
7907862525
8089354226
8129589044
8301014056
8590314459
8592902282
8848498660
8891778464
8921047365
8943547254
9020212392
9048175342
9446155030
9497378982
9544791931
9562827971
9567763435
9633480566
9646928225
9656448596
9744478735
9744499235
9744546508
9744608802
9744827148
9745814651
9846925332
9847707703
9847716174
9895151540
9895225068
9895258142
9895740603
9895981367
9946197184
9947662243
9961885089
9995196657
9995204703
9995923530
9074021350
6235390316
7306125005
7736028522
7736282958
8089332706
8606735488
8891505022
9207136061
9388826525
9447991161
9516666669
9633484889
9633693421
9633840314
9746401038
9778372658
9846732860
9847888888
9890102020
9895015675
8921460765
9747042100
9847042100
9633088188
9847892319
8943359626
6282306063
9037301993
6282095855
7012211077
7034687217
7306081558
7356038777
7510227759
7560904847
7736624483
7907315982
8590307051
8590689157
8593893315
9037379255
9195672980
9207428048
9288888488
9388331513
9400921911
9446665859
9446740413
9446914819
9495193656
9497252973
9562080578
9567013513
9567077001
9605112251
9605172348
9745253885
9746710537
9895348214
9895981155
9946148114
9947061117
7594862100
7736585145
8089102266
8089580942
8129172117
8891175070
8891815968
8891837915
9020731785
9446077057
9447579671
9495157779
9495603115
9496916558
9544906968
9605545806
9645155799
9745254394
9745603661
9745604513
9746713331
9747394733
9847009902
9895175763
9895214536
9895711401
9895776401
9946426005
9946460063
9961449987
8590341869
9074681424
9526015139
9645835558
9648835558
9778241904
6235720635
7025220358
7356802922
7510297147
7592949355
7736964083
7994249682
8129598955
8547084996
8590860549
8606004897
8606006808
8606007713
8848460388
8891292097
8921691808
9037818285
9048484415
9048988959
9447216685
9447749045
9495113450
9496137101
9496301849
9539065497
9539436650
9544039551
9544305566
9562495282
9605520515
9605836795
9633341714
9645225520
9645592004
9744494473
9746738847
9746827867
9847115891
9895639447
9946344606
9946952220
9947135333
9947329025
9961818134
9995431396
9496018877
9562698331
9946572479
6282946529
7306577695
9387577770
9722540214
9520443458
9440587157
8921987456
7510252612
9072106975
9037498146
8078991730
9995987507
8089244283
7736364288
9961782140
7994796086
9645903419
9605113302
6282946529
8157003412
9349133747
8129856135
9633681766
7907286633
9526401128
7736299672
9207060003
9447416064
9895719011
7736897467
8921354274
7907401933
9633270071
8304065881
9895776323
9447529179
8921008520
9074608596
9778338261
9188381784
9496823418
7306223939
8547135851
8590338584
9526436689
9605131997
7306631923
8281289908
8330822908
8590459288
8590818430
9567736450
9895014075
6238727711
6282657992
7012874472
7034036091
7306441216
7356134855
8281546357
9400574180
9447816879
9495556161
9605184220
9645758223
9747037814
9747873706
9846803744
9847772467
9946881134
9961724985
7025113672
7306485627
7306738225
7510748283
7909190910
8086365427
8086471558
8086603534
8113832828
8547275585
8547536476
8590716578
8590984938
8606928653
8848196258
9037327992
9048342007
9061038571
9400250335
9446191372
9447576742
9447578216
9447744615
9495595004
9496172261
9497635762
9497670998
9526278296
9526749696
9526846595
9544384773
9562223958
9562314775
9562526688
9562977998
9605011722
9605355712
9645204944
9656120799
9656569636
9656750157
9656925549
9656978269
9744486045
9747434174
9747762249
9846480978
9846927530
9847778766
9895952977
9947044192
9947256353
9947491103
9947921076
9961327800
9961378671
8606118548
9061879474
9446419379
9446464007
9495254209
9497683390
9567480050
9605643940
9746164472
9746430222
9746754218
9746947472
9746973492
9447590340
9605714589
9746431217
9747378715
7558802439
8089371387
8137996191
8281191997
9400968067
9495636422
9496005444
9497106524
9497374724
9544712973
9567037196
9846386191
9847346346
9961203146
919539067036
919846390670
919920450770
966546445920
7356092003
8281460028
8289829231
9037026313
9562644829
9744097542
9895592391
917736053016
971507511623
7025962833
7592940936
8156881395
8590197143
8592026386
9846934592
9847200200
9895110103
9895881535
9961009108
9995536958
8129354585
9447855333
9496212812
6282821417
9048179737
9447567319
9447573911
9539549518
9846282662
6005705581
6201796791
6235140238
6282419942
6303051397
6361783903
6398848939
7012027439
7012225702
7021788509
7032200601
7077807902
7330676159
7488432349
7498348275
7588666259
7661838098
7702570589
7715890552
7736490864
7738435368
7738550116
7899146730
7989147668
8075950652
8089672693
8089899626
8179097858
8281101848
8281927207
8291352482
8297317888
8328533087
8454921187
8500063368
8500266631
8547002983
8547862320
8547880353
8591486359
8692062188
8779972508
8838924320
8900930530
8910048460
8919272897
8943697629
8985113042
8989463977
9022292598
9061065646
9069300812
9072115558
9072160516
9074679278
9121493533
9136305934
9137425184
9140914821
9149789231
9167765239
9288164321
9304917230
9326884636
9391439592
9400652981
9400924088
9434289030
9441871614
9442935847
9443079458
9446476515
9446755346
9468291406
9474208445
9487809051
9494770141
9495735856
9495777449
9495850955
9495887316
9502003986
9511649208
9531811294
9531921743
9531923082
9539114569
9539151014
9539548245
9544219761
9544671977
9548109310
9567186162
9567855755
9596840238
9599378062
9604473800
9633404557
9638000826
9650137232
9650294676
9673572724
9730555718
9746321432
9746400197
9769562159
9778562269
9833700951
9846577635
9847033917
9847614818
9847966666
9869721022
9869866049
9870860049
9871662688
9871842356
9912103942
9923290745
9933253619
9933273828
9946202104
9947191025
9953022361
9969035525
9969054946
9969293383
9969307904
9995446153
9995521713
6238566593
7736404050
9061757396
9074290793
9188433202
9447049189
9645781097
9745347524
9747640491
9847385452
6235756298
6235980351
7025562323
7994945505
8086944337
8089024675
8129429145
8547566403
8590438458
8606014341
8848241825
8848675516
9446856701
9495223484
9497028935
9522693089
9526282633
9526647247
9526685423
9539240858
9605428255
9633850624
9645416603
9656877238
9656882289
9744018440
9744261559
9745056508
9745778672
9747502977
9747543226
9847095487
9847537153
9847796829
9847909834
9847930248
9895432034
9895465152
9946450019
9947123995
9947205471
9400514113
8089863574
7736681207
8129902395
8075854545
9778353861
9746770915
9526807285
9778039704
7736511520
7994244360
8089655643
8330805083
9847060726
9991352214
9995136460
9562074944
6282145638
7012366792
7306941203
7356157375
7592857903
7736350944
8089016002
8943950665
9539132764
9544293750
9746902606
9747342220
9747565189
9946025246
9995032606
6238069651
6238431077
6282230587
6282795735
7012009468
7034099921
7034615124
7034770275
7306607815
7306847278
7356527126
7356687618
7510722794
7559075965
7592093735
7736200883
7736482248
7736737897
7736767747
7902412968
7907934460
7994898610
8075271989
8086263712
8089859860
8113813240
8113946425
8129224242
8281446730
8547923038
8589099163
8590207587
8590224381
8590506426
8590717169
8590992316
8593007523
8593907534
8593982725
8606188217
8606330446
8606655849
8606899318
8610166218
8714143822
8891309233
8891379106
8943201835
8943840873
9037107439
9037117200
9037379047
9037524536
9037640612
9037764143
9037926818
9048068622
9048991167
9142219517
9207094539
9207461587
9387241878
9446292338
9446406478
9495802511
9496135973
9497894710
9526373088
9544448017
9567133972
9567439895
9567642582
9605706591
9605933782
9633021176
9633463302
9645306940
9645375641
9645511316
9645512660
9645618651
9645989072
9656114730
9744261792
9744315301
9744517544
9744687939
9745052117
9745074193
9745806682
9745969518
9746127733
9746465430
9746869894
9747063983
9747086081
9747151502
9747359394
9747427010
9747663845
9747676834
9778160410
9778500753
9809771447
9846181334
9846296139
9846446743
9846620404
9846802442
9846822536
9846955263
9847141930
9847585742
9847754531
9847782527
9895084942
9895099381
9895292636
9895597699
9895917027
9946095956
9946108158
9946555470
9947136543
9947600942
9961125343
9961139100
9961154883
9961331731
9961723226
9961763473
9961839497
9995371709
9995482425
9995693925
9995814427
6235093790
6238654177
7025305306
7034749234
7356421971
7510334910
7736219937
7736343889
7736761849
7907610705
7994588525
7994681973
7994740837
8075974648
8129007757
8138097362
8156987691
8157984991
8281866099
8590711492
8714767971
8921374578
9037747771
9048953216
9188449614
9207865489
9388549837
9388841926
9446487851
9446976188
9495856840
9526192864
9526963258
9539704916
9544113889
9562594710
9605131064
9605190588
9605309637
9645413288
9645598202
9656107896
9744524095
9744865489
9745068728
9778139481
9778195205
9847452619
9847460184
9847929729
9895350837
9947192864
9995768528
9544402215
6235368444
6235468926
6235622589
6238799027
6282409095
7025380278
7025563167
7034689377
7306383742
7306787145
7356100311
7356469159
7510543912
7558884306
7736282509
7736286907
7736563226
7994892770
8059583686
8078449575
8086192697
8089049178
8089838733
8139838511
8281974813
8281983393
8286892672
8304969107
8590147129
8590492181
8590630929
8592946436
8606260817
8891449182
8921331542
8921518465
9037220240
9037727241
9048575771
9400255734
9446372964
9446405661
9447260216
9447266047
9496226695
9496885540
9526188653
9539913711
9544193454
9605305165
9633036483
9633457775
9633677036
9744306275
9744388214
9744865258
9745129878
9745705582
9746072874
9746695246
9747088085
9747150575
9747831512
9778024362
9778208493
9847075078
9847220251
9847339893
9946114585
9946170731
9946271709
9946486007
9946511313
9946831680
9947632976
9961056992
9961903708
9567630550
9947049958
6282223649
6282652338
7025076041
7025599307
7306237644
7356414327
7356477239
7356887676
7510267147
7510431496
7510622671
7511139506
7593959491
7736330244
7902399458
7907724032
7994177008
7994754106
8075063471
8078523994
8078599384
8089088990
8089100865
8089386509
8129077317
8137937849
8289826871
8301058848
8301095179
8301902652
8304856557
8590019276
8590111479
8590777453
8592954650
8593874308
8595601373
8606444091
8714150562
8714367195
8848464208
8848592051
8848607964
8891580608
8893712343
8921124286
8921279532
8943477670
9020234848
9034774698
9037274602
9037309297
9037377076
9048416887
9048750557
9072197373
9074889583
9188742100
9207324475
9388761540
9446337997
9447684532
9447993453
9495686732
9495968004
9496575667
9497678506
9497833009
9539018149
9539634057
9544334777
9544368048
9562293924
9562712142
9562724077
9562893728
9562894681
9567065271
9567087002
9567661068
9567679552
9567712319
9567948454
9633173970
9633443117
9633667593
9645200662
9645696773
9645773208
9656451019
9656649875
9656882846
9744397681
9744470941
9744563629
9745003520
9745375546
9745602693
9745615840
9746264612
9746368503
9746445186
9746667982
9746723641
9746926229
9747764950
9778131716
9778202829
9778527847
9846272181
9846457288
9846941163
9847385673
9847577590
9847599511
9895078340
9895246052
9895464846
9895527278
9895697481
9895738969
9946123858
9946911079
9947008815
9947073462
9947535017
9947699213
9961244886
9961261132
9961571474
9961989194
9995321550
9995474645
9995636442
9995852376
9074762830
7560941082
9544700530
918547184083
7558839519
9447945749
8943571717
9861539763
9946381190
9947928727
8606364575
8921316509
9446224785
9497189704
9567713132
9746230815
9747966666
9846604416
6238449950
6282052207
7012668831
7356804375
7356886913
7736473392
7736785262
7902825087
7907454652
7994550839
8086083949
8086135578
8086146646
8086689110
8089040346
8089445679
8136876211
8137852878
8547380383
8590179078
8590359469
8590654351
8590787915
8593024298
8606525100
8606809450
8848753867
8907024244
9037310686
9037451659
9037542665
9037985326
9048475968
9072178156
9072798034
9207120324
9349299018
9349894511
9446196964
9446993140
9447432572
9447440727
9447462469
9447469530
9447667652
9495403909
9495674514
9495813612
9496115051
9496125804
9496213526
9496280430
9496781952
9497188401
9497681113
9497852198
9539632316
9539647896
9544291447
9562123365
9562363748
9567145460
9567725422
9567964619
9633128853
9633259587
9645464735
9567678416
9744051530
9744496260
9744635373
9745039753
9745547584
9745583335
9745665049
9745852068
9746081081
9746200871
9746248372
9746465941
9746519760
9747015162
9747190291
9747232289
9747373639
9778442651
9809605022
9844561584
9846020764
9846033944
9846042373
9846124282
9846310795
9846845978
9846966628
9847012205
9847070779
9847071208
9847140639
9847414322
9847933343
9876773393
9895006313
9946011649
9947201356
9947734677
9947922907
9961246738
9961485777
9995074839
9995159407
9995403464
9497332783
9036050050
9946910478
8281013827
9995390211
9495042349
8113065780
9846523552
9495921362
9745610103
9895986259
9495953744
9995390211
9447889688
9746830372
8593979763
9847005076
9496241886
9846198486
9847243235
9074853485
7034380301
9562709080
8086379989
9995805502
9847009983
9446053068
9249499000
6238027840
9746615902
9495051975
9910585508
8086789949
9895014010
9495254174
9497482812
9544378988
9446802882
8606039595
8893777591
9995301072
9995685640
7558097442
7356353808
9847058139
9447955155
9400056006
9539344335
9497680722
8921162621
9447799389
9495040663
8078359578
8157081402
9447707999
9447297306
9947470309
9446206879
9495017110
9495971934
9349184113
9447539700
9847041648
9447242789
9496576721
9995449835
9400133326
7356069630
6282610886
9746162941
9947991788
9037957547
9544563111
7306501955
9447180876
9495947281
9895939780
9884176672
9995398518
9495690369
9446574314
9895356276
9895822455
9567783214
9895910377
9947033300
9847611243
8606905666
9495537981
9446406942
7736456838
9048893004
8086480534
9961033300
9495962145
9526876803
9633415100
9746865631
8111944879
9495807607
9895032684
8606311012
9495958652
9895120581
7306538848
8547605879
9847020144
8129209996
9809815740
9496125488
9947143900
9847580017
9847089779
9846291322
9446095460
8289950492
9847743212
6238840584
9400541979
9947114489
9447051745
9446131444
9447271900
9846666199
9495922795
9895086264
9995420000
9995399986
9633958262
9446584144
9446743026
8943351555
9349614081
9400076259
9447797442
9847638503
9497243376
9496828010
9656064740
7356823212
7736098285
8137967169
9349133421
9387640891
9446187332
9447056383
9447184073
9447705255
9447753401
9496177822
9645751327
9745077925
9746008859
9846746323
9895150430
6238448871
6238594976
7012818820
7306487561
7559953074
7994894467
8051889123
8075694979
8089538602
8089921958
8129477703
8129965599
8139072927
8281740527
8590022504
8590029598
8590451655
8891580827
8921142705
8921786887
9037462291
9037753714
9072989189
9074862170
9207682356
9400890330
9446559735
9447711750
9488312719
9495277309
9495425578
9495800063
9497191661
9526284772
9539234240
9544800000
9544829976
9544880062
9562247391
9585412509
9605576063
9605876063
9633603655
9633675453
9645226039
9655205689
9447749735
9745639246
9746489397
9747983347
9847535416
9946286139
9946340796
9961897836
9585412509, 
7994465022
8592959737
8848293584
8848518023
8921582405
9446520909
9447382283
9447578127
9495272534
9539439935
9562788835
9605856520
9633314737
9745306419
9746116638
9746620690
9747850502
9778368395
9846055691
9846377885
9847620909
9847750043
9847890564
9895991652
9895992652
9947471242
9995741554
6238587694
6238956436
7012543987
7025148320
7025601297
7356279573
7356822952
7510748293
7736532998
7907019869
7907097895
8086750409
8089897216
8113037828
8304829885
8547944054
8590670476
8590871855
8593934402
8606419773
8848109207
8921130157
8943372401
9037158511
9037765692
9048028717
9048168590
9048301501
9072186008
9072201539
9447608328
9496161342
9496449572
9497533042
9497893367
9526266969
9526727133
9526861747
9544039471
9544350948
9562491213
9562738507
9562984142
9567353487
9567867334
9605928465
9645718667
9645767672
9744114855
9744422155
9744632973
9744837614
9744976602
9745697660
9745878912
9746169417
9746793198
9747175705
9778152567
9778770720
9846166514
9846399343
9846566122
9847267971
9847403553
9847519034
9847819096
9847988188
9895133545
9947176464
9947639872
9961301554
9961495886
9946063717
8078309460
8547179460
8547830220
9447578244
9526144043
9633864244
9847126616
9847949460
9995991339
7356891781
9446316991
9496428596
9497789310
9633437683
9995856362
8547920579
9447829965
7510505226
7558905480
7994850954
8848855648
9048412253
9446170575
9446728288
9496492670
9496688075
8606288526
9400071913
9747886897
7306238510
7559887396
7592035624
7593962677
7736510014
8075554123
8281271872
8589042534
8606872420
8907684030
8943745856
9207393220
9447602714
9447700382
9495220812
9495766445
9497020398
9497024436
9526537576
9539123187
9539446286
9544119934
9544621822
9544621833
9633450135
9746492223
9747541241
9846751223
9846936623
9847505715
9865023911
9947127718
9947127952
9947969748
9961285595
9961342966
9961580014
9961886134
9995788293
9947538483
9074932660
7025020677
7025026677
7430958993
7902652640
8608408372
9074048418
9526379310
6238232292
6238273693
6238315385
6238316903
6238873097
7012001916
7012588270
7025231731
7306650410
7356328161
7510998363
7592991840
7594076258
7736370046
7736429053
7907343278
7907751308
7909178292
7994389461
7994614220
8075151576
8075202053
8086416740
8086595142
8086647001
8089049986
8089647439
8089995586
8111939157
8113934286
8129022705
8129041367
8281472858
8301923384
8547966205
8590213450
8590528227
8590650519
8590702990
8590712437
8590717748
8590848768
8592020138
8593826551
8593832864
8593908045
8606726902
8714104798
8714221302
8848519595
8891893060
8921176809
8921453906
8921822520
8943046487
8943197264
8943640854
8943698270
9020956200
9037673435
9048030206
9048068672
9048204661
9048336720
9048684560
9048742305
9048816418
9048883424
9061175565
9074175206
9074942627
9388869679
9400228710
9447843335
9495660534
9496026843
9496947711
9497026624
9497383722
9497457837
9497681934
9526053967
9526505352
9526619211
9526624629
9526836369
9526968832
9539407738
9544456493
9544556695
9544993649
9562202168
9562490437
9562573206
9562594308
9567396071
9605037308
9605256348
9605298129
9605307428
9605432713
9633277844
9633358522
9633682705
9645045232
9645309404
9645810180
9744153204
9744254163
9744301737
9744534771
9744575069
9744680253
9744942037
9744990344
9745031412
9745046596
9745321597
9746017672
9746053350
9746510637
9746525788
9747417844
9747991603
9747997203
9778441247
9819345597
9846213060
9846405069
9846405321
9846413769
9846556345
9846921964
9846956067
9847118254
9847176566
9847846650
9895040576
9895089842
9895142977
9895967695
9933335007
9946049335
9946145813
9946156144
9946266932
9946340434
9946355046
9946897133
9946903690
9947064645
9947206422
9947848661
9947898465
9947967458
9961016287
9961629179
9961697900
9995200740
9995246417
9995847866
9995912103
6235241379
6238144305
6238209711
6282929877
7025707418
7558957831
7592900931
7736618188
7736648540
7902606319
7994042040
7994789185
7994852567
8111942253
8113938263
8547072769
8606484137
8606608263
8714542039
8848286161
8848973092
8891080178
8891289433
8921120546
8921312439
8943078026
9037113797
9037837283
9061710644
9061915275
9072012832
9074219852
9074333190
9207745416
9447577585
9495131860
9526514273
9526805069
9526999414
9539513279
9539737117
9539853787
9539890908
9562483938
9562713393
9567125038
9605042628
9605051477
9605511662
9645110587
9645392109
9656006508
9744761385
9746124631
9746172975
9778500711
9846016012
9846695533
9846743120
9847048200
9847159516
9847255809
9847345275
9847577907
9895437661
9946213290
9946733534
7736655058
9388836155
9562391440
6235696584
6235858925
6235887191
6238065932
6238216524
6238313478
6238770826
6238807183
6238901191
6282197259
6282210400
6282505187
6282578199
6282733074
6282876293
6800000000
7012182794
7012553101
7012622550
7025012669
7025256986
7025480608
7025515234
7025565206
7025842843
7025893762
7034154706
7034172531
7034826115
7293400330
7306309641
7306696464
7356368974
7356398498
7356433084
7356442524
7356509629
7356534636
7356583067
7510332509
7510507824
7510619979
7510625207
7510989431
7510996059
7511103252
7558053754
7558868375
7558927200
7559040875
7559940508
7560894326
7561810150
7592984753
7593012068
7593982814
7736085154
7736228660
7736280424
7736280436
7736412750
7736611287
7736611658
7736616114
7736651210
7736655137
7736799324
7736799798
7736800135
7736931370
7736951170
7902312669
7902789949
7907299762
7907302306
7907362294
7907644596
7907761775
7994055838
7994103270
7994146273
7994146292
7994716752
7994890633
8075034405
8075080849
8075318723
8075461535
8075582102
8078065212
8078552686
8086085529
8086125103
8086159937
8086261658
8086570727
8086785482
8089013478
8089220470
8089372017
8089488808
8089510553
8089703474
8089853332
8089996509
8111800525
8111801877
8111872257
8111877661
8111917199
8129043790
8129147007
8129450664
8129929852
8136046648
8136883968
8137904449
8139046648
8157075363
8157085851
8157909554
8281370527
8281370559
8281654482
8281717563
8281767580
8301861186
8301943247
8330817185
8547014976
8547240061
8547266507
8547541314
8547663397
8589035751
8589035759
8590190661
8590510282
8590631945
8590954398
8592042136
8592815359
8592918022
8593926806
8594095897
8606013781
8606148460
8606455915
8606478116
8606840370
8606841722
8714251370
8848615207
8848660569
8848778169
8848982512
8891036998
8891290633
8891350815
8891378890
8891448456
8891613785
8921074769
8921098065
8921277329
8921292515
8921819883
8943121826
8943554435
8943915634
9020470810
9037406509
9037460307
9037667395
9037748512
9048736389
9061317660
9061425219
9061746055
9061938854
9072027266
9072201956
9074079911
9074168544
9074573039
9074732330
9074973378
9142604505
9142676639
9188247057
9188670559
9197457325
9207318221
9207412560
9207465749
9207518221
9207578322
9207853809
9249227919
9249325943
9249431669
9249571720
9249669666
9287561973
9349966398
9387297000
9388176584
9388774613
9388827991
9388848498
9400380877
9400393720
9400947915
9446092343
9446218725
9446275499
9446340508
9446344130
9446612643
9446922952
9446926806
9446952204
9447153955
9447302567
9447331430
9447563361
9447584522
9495157824
9495586405
9495591490
9495630882
9495771681
9495775300
9495793912
9496173378
9496177358
9496301176
9496810457
9497070287
9526052023
9526261808
9526439032
9526470810
9526695650
9526772955
9526811915
9526843708
9539203516
9539563050
9539876933
9544200824
9544420405
9544692093
9544728762
9544832387
9544953068
9544979555
9562062897
9562150253
9562179470
9562188685
9562189308
9562189424
9562259293
9562463264
9562500330
9562620931
9562671865
9562775220
9562995355
9567202560
9567248842
9567286488
9567316580
9567358230
9567498225
9567641335
9567690281
9567704283
9567704299
9567704963
9567714709
9567882880
9605046893
9605046910
9605051325
9605206967
9605615093
9605668711
9605715353
9605715732
9605716556
9605747008
9605780416
9605920827
9605920857
9605957100
9605965900
9633212764
9633390307
9633429288
9633597855
9633900522
9645150617
9645493785
9656019337
9656114473
9656154009
9656174473
9656241340
9656259608
9656313627
9656430033
9656589954
9656770623
9656906514
9656965823
9743142812
9744016352
9744062307
9744090995
9744133425
9744317600
9744404953
9744419511
9744423345
9744428425
9744428654
9744444087
9744447970
9744489836
9744828965
9744843429
9744855271
9744876857
9744904451
9744907057
9745177751
9745190695
9745204875
9745286568
9745848157
9745951400
9746086961
9746107389
9747153683
9747198383
9747235589
9747248418
9747357269
9747369501
9747520077
9747530077
9747564133
9747564134
9747648109
9747742738
9747764387
9747928350
9747943447
9778206476
9778325592
9817391709
9846294798
9846577288
9846617570
9846898756
9847024045
9847048824
9847064340
9847095717
9847125386
9847193777
9847273770
9847311738
9847316498
9847354813
9847400274
9847408387
9847409564
9847508207
9847508410
9847566231
9847582234
9847602244
9847623535
9847639398
9847640040
9847656509
9847660955
9847665076
9847683484
9847754303
9847754813
9847755989
9847774661
9847841362
9847849119
9847930478
9847948835
9847989374
9895069921
9895080654
9895278982
9895343756
9895348076
9895378754
9895831038
9895862677
9946101792
9946200675
9946254117
9946290645
9946976041
9947138548
9947154006
9947176183
9947192763
9947192827
9947249959
9947351115
9947421384
9947447588
9947471486
9947509777
9947652006
9947748269
9947748826
9947827997
9947847662
9947849776
9947855638
9947865308
9961040875
9961101210
9961106834
9961139288
9961168337
9961223057
9961253193
9961254886
9961332222
9961502220
9961513754
9961633474
9961656089
9961728245
9961791651
9961815544
9961832057
9961962230
9961962310
9961962318
9995550489
9995616294
9995776491
9995880424
971528669789
6235003972
6282402735
7012184325
7012378064
7025015085
7306694664
7558011580
7994627138
8086203942
8086885701
8089104649
8089186937
8089362291
8089479487
8089899225
8111843211
8113014200
8113808496
8129061866
8137951403
8157992626
8330892053
8517238250
8589070655
8590601114
8714517997
9400852873
9446344337
9495306811
9496114988
9526147857
9526826495
9526860269
9539439422
9544118853
9562082858
9567756612
9605080035
9605112224
9605393055
9656896013
9744786262
9744917502
9745033944
9746913032
9747768702
9847752277
9847764154
9946992892
9961216749
9995350080
9995702601
6235346022
6238428479
7025565630
7356350888
7592057649
7902706342
7994584082
8086355308
8089500307
8129051321
8129170678
8547996443
8593006937
8921451537
8943379040
8943923472
9567817064
9895926543
9995706066
6238514821
6238593824
6282177973
6282427589
6282492361
6282525014
7012250175
7012357369
7012625771
7025095461
7025449701
7025729747
7034047141
7034190462
7034218439
7293038164
7306211725
7306222123
7306226874
7306503731
7306581015
7306620241
7356149016
7356155324
7356764681
7356895500
7403925308
7510702137
7510749825
7558097894
7559834124
7736757312
7736919357
7736959006
7902256458
7902736570
7902816554
7907275409
7907458307
7994122765
7994696238
8075237751
8075538596
8075591907
8078550003
8086362009
8086391310
8086688046
8086872767
8089103297
8089217153
8089361242
8089784656
8089977081
8111804377
8129074652
8129100134
8129319943
8129450027
8129856913
8139824511
8157060548
8281720132
8281733074
8301828390
8547102947
8547189911
8590151105
8590181994
8590211669
8590439716
8590524226
8590532624
8590662780
8590744736
8590823259
8590841066
8590938129
8592088997
8593842397
8593985708
8606616602
8606782911
8714128206
8848255540
8848612915
8891700920
8893098962
8893302498
8893638273
8907976251
8921075854
8921128704
8921269806
8921369246
8921431884
8921682383
8943031396
8943421690
9020259719
9037074185
9037602679
9037616875
9037642480
9037981227
9048027141
9048145896
9048388783
9048669162
9048840045
9061750308
9072273012
9188086628
9207142679
9207242004
9207329650
9207388583
9387454327
9400114102
9400341670
9400377813
9400842146
9446147105
9446278268
9446684259
9446723038
9446869932
9447574632
9447602737
9447643615
9447665304
9495130568
9495541976
9495774125
9495824766
9495853636
9496160508
9496427255
9496561798
9496928658
9497077683
9497275294
9497372856
9497382881
9497823766
9526227058
9526684905
9526866645
9526919017
9526945793
9527084238
9539113154
9539446056
9539995410
9544366709
9544443182
9544773409
9544839969
9562114571
9562153438
9562295737
9562355422
9562400650
9562790750
9567104196
9567257201
9567419394
9567533312
9567832816
9567990620
9605437627
9605451992
9605981124
9633115441
9633453515
9633656055
9633773379
9633802381
9633865322
9633888820
9633944261
9645381057
9656091026
9656104282
9656135093
9656261027
9656873621
9744161924
9744208139
9744450163
9744649527
9744656284
9744706874
9744836983
9744883251
9745073434
9745138452
9746026678
9746032197
9746187406
9746193989
9746195459
9746246868
9746330507
9746414654
9746747916
9746976935
9746985641
9747125007
9747338056
9747532211
9747963162
9747986626
9778020250
9778037056
9778061397
9778084819
9778114368
9778165146
9778350356
9778387376
9809463005
9841527975
9846212218
9846455227
9846546823
9846578601
9847113562
9847287075
9847661806
9847783597
9847795477
9847837237
9847857066
9847881217
9895039393
9895465010
9895627756
9895920647
9946245861
9946307058
9946378135
9946396725
9946400145
9946448020
9947097331
9947141136
9947351069
9947382336
9947583788
9947742414
9947818896
9961029124
9961277604
9961321078
9961346286
9961350346
9961434994
9961470355
9961487053
9961575972
9961889839
9961893093
9961943911
9995009328
9995132214
9995170751
9995267138
9995348871
9995431142
9995447601
9995788318
7994316474
9400835220
9847116203
9544350717
9495213297
6238010781
6238216391
7012883054
7025200759
7025920899
8129783851
8590444265
8590686018
8848630556
9037411440
9037500221
9188325036
9288758050
9447001716
9447577036
9447826036
9495843784
9567741908
9567976006
9895020496
9747282321
9846278778
9846744265
9895041908
9895383875
9995323454
7025642709
9037446628
7025859025
9567326960
6235802350
6238643416
6282838231
7560918997
7736536465
8089609164
8089621029
8606240666
9037544352
9400822304
9497801343
9744595111
9747038827
9778340813
9847039933
9847221231
9847763733
9847898092
9895618945
9895772545
9946489091
9947369392
9961113983
9995911972
6235144387
6238953069
6282486106
7012870125
7012996925
7034454060
7293210812
7306404134
7356286573
7510818731
7561020303
7592049568
7736505400
7736640219
7736819866
7907684752
8075380800
8075676827
8078447795
8086125382
8089116178
8089318224
8089343597
8089358185
8089549276
8089731183
8089929844
8113939181
8129218729
8129291047
8129733198
8590989862
8594055909
8714213134
8891355661
8891367342
8921073228
8921152662
8921914908
8943627909
9020210819
9037397612
9072004211
9072967882
9142474291
9188182375
9388802006
9400222580
9447604655
9447947206
9495767559
9495964324
9496913810
9497844230
9526020638
9539261304
9539292478
9544313855
9544640239
9562027971
9567555567
9605425267
9605454927
9633255543
9633436313
9633952181
9645523614
9656374124
9744224148
9745503028
9745958433
9746222852
9746396126
9746535083
9746617688
9778128429
9846149450
9846211986
9846305147
9846479960
9846697471
9846707927
9847292320
9847556922
9847568155
9847690712
9895014134
9895030283
9895310508
9895315793
9895398127
9895425862
9946340109
9946670350
9947304872
9947585744
9961344390
9995072318
9995199966
9995456043
9995473831
9995604674
9995886274
9995895181
7994280916
7994055724
9656958724
7025193790
7025544778
9544173172
9605152162
9656152612
9656818590
9847486029
9947025373
9947106047
6235429358
6235522476
6235737477
6238044043
6238468949
7012299564
7012596400
7025174280
7025381344
7025429546
7025605312
7025620042
7306471022
7306606236
7356803145
7510277455
7559982538
7560911233
7560915862
7560938767
7561059166
7736147538
7736183861
7736354405
7736995447
7907067371
7907094760
7907707330
7994042591
7994042596
7994042636
8075416510
8075505763
8075742760
8078141770
8086019393
8086408251
8086610254
8086697475
8089192700
8089487677
8089628023
8089649879
8089854081
8111802313
8129002477
8129030498
8129069530
8129310396
8136887771
8281352641
8281773568
8289863542
8301061822
8547264243
8547274248
8547333469
8547438335
8547714272
8547746288
8547994976
8590043538
8590102378
8590308276
8590398515
8590459812
8590604471
8590694792
8590832194
8590993757
8606189604
8848281988
8848358340
8848637853
8848670362
8848883726
8891132561
8891776469
8891828715
8921140037
8921146697
8921520967
8921633256
8921997690
8943811772
9000000000
9037043353
9037285078
9048101461
9048144940
9048707617
9061449211
9074576405
9188537022
9188739877
9207072833
9207142062
9207839235
9400294199
9400677149
9400718742
9400824919
9447222373
9447474659
9447506303
9447593839
9447817747
9447819206
9467202023
9495903920
9495996303
9496039909
9496693396
9496754794
9497039121
9497372841
9526411390
9539016268
9539946380
9544524244
9544593793
9544913323
9562195629
9562352440
9562546750
9562699073
9567081184
9567491015
9633134492
9633135961
9633204840
9633803835
9633815539
9645076828
9645599230
9645834459
9656894971
9656988858
9744366151
9744469561
9744703174
9745205531
9745211111
9745460734
9745588828
9747398078
9747638604
9846016011
9846043030
9846061049
9846114899
9846191673
9846319933
9846700568
9846822957
9846839553
9846860020
9847328689
9847843332
9847952171
9895135743
9895194630
9895211119
9895227423
9895542598
9895568839
9895768890
9895840904
9895863953
9946754014
9947276933
9947329822
9947584661
9947641346
9961267738
9961368924
9961571855
9961691462
9995160865
9995663114
9995922288
9544283384
9605337698
9995713011
7012596164
7034558603
7356656110
7356689844
8086274442
8113992386
8129556621
8547323503
8547577614
8547582311
8547585311
8590541672
9061987740
9188373134
9207088486
9447604498
9539360210
9544289288
9605077115
9656237442
9745473577
9961575479
9846053440
9846457520
9847989520
9946093323
9946335470
9946402025
9995212738
6235735348
6235912494
7025050623
7034016529
7034522436
7034897873
7510500444
7558091524
7594832491
7736014364
7736037832
7736530440
7736655141
7994461778
8086053307
8089660591
8089698641
8129281533
8129968170
8129996551
8139078169
8304924277
8547031449
8547343086
8547427044
8589815849
8590412442
8590662792
8590720136
8590990241
8606405705
8606861185
8714255469
8714297425
8825990323
8921096933
8921274284
8921348163
8921562962
8943184689
8943544126
9037184585
9037612806
9037700567
9048180010
9048311100
9048458409
9061855168
9072411974
9074484272
9074516572
9446822504
9447507196
9495764054
9495969926
9526641957
9526673608
9526823640
9526936869
9526989208
9562659928
9562738375
9562964901
9567532536
9567545299
9605274833
9605735282
9608800295
9633541780
9645091831
9645225497
9645602017
9645760630
9656468383
9656966753
9744123979
9744200574
9744300520
9744422765
9744442039
9744515358
9744586970
9745098530
9745250742
9746018662
9746387533
9746778435
9747542424
9778294163
9778791739
9847044943
9847318300
9847413520
9847492419
9847569006
9895032228
9946236678
9947139110
9947165890
9947418719
9947624679
9947909283
9947910439
9961294993
9961584491
9961655573
9961724478
9995350943
9995632787
9995834799
9995935188
8281127374
9645403321
6238120940
6238203128
7034665392
7736106902
7736249269
7736621425
7736803655
7736935744
8089419505
8113013287
8848683938
8921692402
9037015298
9495389453
9562034329
9562497290
9562975953
9567355643
9567932640
9633076486
9633141743
9656108067
9656576486
9744475189
9961820512
6282096436
6282927284
7306073994
7994940862
8089298750
8089940113
8113950534
8590311019
8590477620
8606123959
8606212041
9048137963
9072181392
9074986932
9400404140
9447048210
9447251386
9447579422
9496078285
9496719092
9605271592
9656060082
9747266304
9747568638
9778304705
9895504053
9947182070
9961806729
9995799287
9995946915
7558847050
8075094057
8921125409
6235464588
6238083195
7025750785
7034828538
7510830237
7559072633
7594816420
7902309458
8086545994
8086558422
8129861229
8157083585
8304042721
8569655707
8589011603
8592844611
8891998879
8943712836
9048151519
9061524281
9544712615
9562636321
9645343117
9645757306
9645770097
9744238037
9744561024
9746738399
9747601975
9846307363
9846695334
9846697616
9895523058
9895854972
9947649500
9961532385
9961725090
8921500427
9447665845
9495603504
9633749166
6235080333
6282956335
7012313320
7012593514
7025038169
7306940581
7356181789
7356233834
7558014248
7736236463
7736587958
7907574132
7907848480
8086265800
8086265933
8089124004
8089127854
8089360334
8089439882
8089559008
8089979387
8113934828
8281503800
8547531572
8590677918
9037613003
9037946934
9072429155
9074605113
9400521657
9447387008
9447574111
9449531078
9562411578
9567081424
9633463862
9746215974
9746241887
9746779166
9746851211
9747355165
9846177583
9846670921
9846712468
9847375259
9847734809
9847765722
9847914468
9895053267
9895113753
9895213800
9895465894
9895836423
9946334411
9961040046
9961115025
9961199444
9961738482
9995156519
9995482114
9995556456
9995872608
9995930523
6238015492
9995890086
9633180344
8606439986
9447611994
9900118688
8138895675
9447077129
9745877740
9037280337
9687472557
8589850005
9037177710
9495369955
9447579437
9447077129
9388572737
9526252339
9567787820
7561868753
9847754965
9895715701
9567295549
9061452981
8089605409
9995521407
8606976060
9037503347
9249494962
9447692000
9847853950
7012609042
7306372945
9947028867
9388623509
8089776790
9847015431
9995511331
8086891269
9995518242
6238792265
9746721716
7034322477
8895804269
9539379822
9447890516
9496446573
9947053453
9447793916
7306451690
9747605532
8289867090
9400666311
9847859868
9846908973
7012592711
7012903089
9526516940
9567718777
9895679072
9847662527
9446067733
9037420069
9747561585
9526100102
9444979798
9037590843
9400789845
8129901784
9847056521
9447783538
7356076010
9567165822
8075510849
9037797490
9895204255
9645825321
9497709500
7025110089
9605148135
7907061730
8547871698
9995266742
6282189860
8129052288
9824759719
9442582325
9447133644
9496079147
9497241394
9544507288
9846718205
9400010462
9847140602
7306765511
9048807566
8089220534
9037251570
9744650928
9400410366
9791182455
9995893885
9946357007
7025063330
9567962440
7306231891
9946115511
9447740613
8870297988
6282494299
7012996066
7907774518
8589948022
9633704853
9633705248
9895702526
7907773588
8547547692
9400777519
9447292390
9744221009
9847158256
9847337639
6545933272
9746241735
7736577940
9737020188
9526924853
9744357440
6282884404
9447810468
9072906528
9388617527
9074446758
9846070104
6238314105
9846330061
9744036430
9846004550
7034001002
7907681422
9656644449
8940087010
8921528929
9446114076
8138862240
8848397084
9787979000
9846522222
7736786843
9846655155
9778352057
7909299539
8129201003
9388764814
9446746340
9037745396
9562260297
9656120799
9633372339
9746451821
9048724370
9249504894
7012056158
9495527006
9746762333
6238892157
9037386018
9048325275
9387419245
9947900990
9447103677
9847303359
9847262061
9846441446
9495272744
9037630371
9539920850
9947569429
9961239888
9746965242
8089491554
7736334028
9447510589
7025617034
9895588071
9497058270
9633687296
9249301233
9778585609
8921358014
8129805010
9995802803
9497687224
9497788929
9790998962
9597313121
9746592025
7902851168
7007468652
6282475554
9645330370
9526913120
9447722734
9846080806
6235534747
6235716606
6238203704
6238553656
6238651904
6282186227
6282726757
6282883980
6892620416
7012845677
7025119863
7025502654
7025648231
7306566138
7510125020
7561023350
7561808464
7593954802
7594823825
7736454335
7902685969
7909254781
7994468214
8086037001
8086148637
8086163691
8086562537
8086568408
8089263787
8089437570
8089752132
8129072360
8129189133
8139052731
8157072364
8304015975
8547097338
8547308171
8547883700
8547887900
8547919350
8590009846
8590168876
8590180933
8590676242
8590780148
8590838819
8592056477
8592094269
8594096831
8606100173
8606266073
8891655239
8943119439
8943192989
8943438177
8943545756
8943572994
8943585610
9037265945
9037575559
9037789349
9072164920
9207392905
9349271330
9387575245
9388410031
9388658108
9400441687
9400500785
9446486958
9447152229
9495482402
9496745044
9497358547
9526251351
9526452810
9526517785
9539664273
9539678628
9539897270
9544042649
9544413164
9544642425
9544644585
9544884157
9567368608
9567973620
9605031765
9605047626
9605300818
9605363136
9605389876
9633107121
9633925819
9645399596
9645647142
9645779451
9656134510
9656183009
9656645859
9656756229
9656852660
9656931019
9744152283
9744421753
9744746249
9744843506
9744940568
9745105197
9745323375
9745502814
9745761153
9745992049
9746273212
9746369902
9746619626
9746872944
9746973538
9747075526
9747145255
9747215105
9747613551
9747717823
9747857830
9778246087
9846098777
9846200221
9846541878
9847196206
9847280597
9847513350
9847968632
9847982902
9895525236
9946932259
9947118762
9961120371
9961241658
9961245595
9961355017
9961476283
9995036990
9995617604
9995737326
9995820720
9995987523
7306594721
8714805076
8590668453
9746255154
8086411110
9388861523
9020554909
9074880324
9446820630
8824700536
9995914061
9387534343
6282964920
9846237908
9846010767
9446809758
628218646
7736365586
9020883139
9961436674
7994903576
9745046715
9895697623
9895790332
9349819599
6282078345
9746672619
8137047727
9037217511
9388603199
8089050412
8281627432
8893436910
9995266999
9567471173
9074381131
9995857630
9497391696
7025427569
9962994807
9994333873
9995906678
8943883980
8921684022
9995544986
9995989295
8590184478
9447608309
9745791521
9895111713
9809306430
9150857007
9446455122
9446254078
9495035400
9633752082
9833484842
9037097776
9847445742
8075073496
9605550642
8129313568
7994578033
9074491320
9744420266
6238038648
6238442182
6238951083
6239299962
7012063374
7012642202
7034099620
7034923097
7306635086
7386760328
7560995056
7736071098
7736987787
7907152077
7907301173
8075134310
8075331998
8547619754
9020424302
9074274707
9249942055
9388199608
9388328620
9388805068
9447305129
9496772649
9544425091
9746070916
9846781990
9847757787
9895133227
98498570630
8281253641
9961991292
7025868164
9037368497
8943173381
9778013480
9847104139
9497581001
8089185551
9846714022
8089484745
7736945507
8075617346
8075536143
8089885846
8943040867
8848194492
9633593043
7594822371
8590981892
9526827339
9747260038
8891828976
9846638989
9946037989
7907208387
8590457134
9496015810
7558986589
7593958498
7907433269
8129379350
8547044938
8606486491
8891709141
9037199939
9037989780
9496311190
9497044938
9746989900
9961976491
9947176190
9947359964
6238194686
9947639623
9961454080
6235213810
6235370457
6235491727
6238065812
6238087962
6238140083
6238155037
6238191638
6238423234
6238524188
6238637258
6238761757
6238784434
6238855213
6238966037
6282067539
6282186513
6282286741
6282369507
6282377076
6282499723
6282621292
6282641038
6282647121
6282902235
6282979324
7012063180
7012115319
7012278742
7012319274
7012437445
7012604864
7012692006
7012708021
7012818730
7012992703
7025022556
7025107459
7025107520
7025149256
7025324161
7025501622
7025508118
7025581193
7025721245
7025757033
7025809266
7025894380
7025935876
7034161794
7034183722
7034413225
7034798020
7306008156
7306044270
7306083262
7306339901
7306409187
7306685175
7306814510
7306863622
7306917736
7306956032
7339025413
7356041596
7356070790
7356207606
7356296504
7356417292
7356513429
7356528530
7356533990
7356716627
7356891566
7510157432
7510667909
7510931971
7510952977
7559895002
7559937059
7559943687
7559976326
7560804079
7560843907
7560929715
7560956437
7560997071
7561819770
7591923467
7591935219
7591947023
7592085892
7592916081
7593909211
7736173628
7736191455
7736191477
7736304024
7736337197
7736407837
7736470460
7736503437
7736654420
7736659159
7736685594
7736709221
7736829915
7736865149
7736926557
7902212840
7902337351
7902419443
7902484095
7902686032
7902820386
7902978995
7907005065
7907206154
7907224652
7907410778
7907427687
7907430664
7907793757
7907831997
7907870590
7909165356
7994081345
7994083180
7994157648
7994273873
7994384701
7994608410
7994725346
7994800126
7994915610
8075193579
8075384674
8075441835
8075813509
8075827897
8078031560
8078413208
8078522308
8078593524
8078786122
8078821359
8078833941
8078868487
8078889814
8086182717
8086300231
8086347850
8086376245
8086386892
8086404183
8086520806
8086528319
8086555278
8086711562
8086891531
8086892314
8089100834
8089246375
8089344957
8089351326
8089539429
8089637751
8089650529
8089650843
8089674521
8089698217
8111813720
8111849629
8111863023
8111866848
8111869059
8111971862
8111973936
8113012305
8113067709
8113805465
8113805562
8129006173
8129079903
8129112440
8129248998
8129348375
8129535411
8129542041
8129628408
8129678156
8136853389
8136895254
8136955874
8137002102
8137837520
8137924440
8137946819
8138072484
8138917529
8139026934
8139821474
8139894291
8156873714
8156940386
8157046881
8239894291
8281068865
8281288323
8281419486
8281464297
8281677305
8281784209
8281793733
8281887089
8281972140
8289861335
8301059954
8301078731
8301848589
8301888032
8330093022
8330848047
8330875890
8547051977
8547052384
8547156332
8547208622
8547231567
8547267877
8547341647
8547403780
8547408380
8547484563
8547513297
8547585582
8547594384
8547611989
8547614957
8547855132
8568359427
8589007097
8589851009
8589871782
8589882187
8589886242
8590039123
8590274224
8590304565
8590305646
8590332485
8590374966
8590380366
8590388146
8590389821
8590392252
8590427354
8590432208
8590556298
8590620528
8590640591
8590752542
8590759328
8590766424
8590792908
8590825012
8590856251
8590866774
8590911931
8590927504
8590938495
8590942599
8590948610
8590970834
8592097670
8592880367
8592993294
8593099195
8594045114
8594086647
8594089126
8606056458
8606175173
8606201340
8606310069
8606558977
8606641216
8606723376
8606811769
8606899338
8606899443
8714359320
8714418441
8714474521
8714500297
8848616305
8848653991
8848710836
8848997834
8891232497
8891272852
8891297728
8891378871
8891449194
8891449267
8891506503
8891707184
8891813416
8893296022
8893397361
8907672770
8921122137
8921217856
8921262115
8921343342
8921420651
8921628642
8921687752
8921698424
8921782755
8921890619
8921927503
8921938672
8943322990
8943372133
8943471807
8943521902
8943579203
8943665048
8943815230
8943840470
8943846955
8943910439
8943916501
9020544885
9020812272
9037042201
9037042202
9037066593
9037235921
9037437696
9037442203
9037444478
9037506503
9037541130
9037588401
9037608410
9037636130
9037710120
9037819474
9037842030
9037951947
9048107184
9048165937
9048347451
9048438299
9048476405
9048698084
9048844789
9048900679
9061003576
9061262728
9061313169
9061318073
9061318700
9061449629
9061578788
9061581339
9061586729
9061613583
9061858503
9072036360
9072078214
9072142974
9072248705
9072761502
9072940314
9074018035
9074037321
9074039688
9074099529
9074116586
9074211653
9074424449
9074497411
9074603812
9074698084
9074754727
9074862956
9142222125
9142500577
9142878298
9150278372
9186067847
9188016098
9188227764
9188449611
9188827574
9207026972
9207107559
9207139461
9207421462
9207465894
9207591402
9207912125
9207969411
9249325724
9249876559
9349740677
9349916375
9383427182
9387530716
9387854275
9388629486
9388642685
9388843697
9388848008
9400037085
9400172860
9400176258
9400406159
9400449183
9400603814
9400608407
9400843826
9400962138
9446020452
9446069388
9446227527
9446472541
9446506044
9446514384
9446612655
9446648731
9446672988
9446720834
9446772412
9446782052
9446895173
9446969046
9447050529
9447078311
9447094986
9447160196
9447160589
9447167246
9447209264
9447375890
9447417542
9447459910
9447524378
9447574130
9447578006
9447594384
9447604382
9447622101
9447736368
9447829926
9447913296
9447934090
9447985628
9447985713
9447986292
9458149030
9494177713
9494266326
9495027829
9495045476
9495177713
9495204208
9495254269
9495374972
9495389421
9495603472
9495950529
9496088401
9496119631
9496234208
9496279985
9496410813
9496454006
9496580381
9496745456
9496867623
9496886416
9496952737
9497150250
9497360734
9497458759
9497488729
9497583722
9497686143
9497709781
9497932764
9526193212
9526212442
9526257339
9526278731
9526316046
9526324115
9526398731
9526500737
9526502940
9526610141
9526617211
9526619194
9526667097
9526679918
9526695945
9526735049
9526741046
9526762278
9526810159
9526811477
9526811600
9526811682
9526877494
9526934679
9526970017
9526995735
9539044205
9539094223
9539098714
9539101986
9539147757
9539174774
9539345753
9539505326
9539622029
9539884687
9539885246
9539945258
9544112575
9544112597
9544112935
9544132935
9544141971
9544150397
9544406148
9544430869
9544484410
9544663887
9544699827
9544769102
9544774120
9562007893
9562010132
9562102129
9562135519
9562161270
9562168392
9562227778
9562416712
9562442865
9562512023
9562637211
9562729546
9562779208
9562949373
9562955471
9562992846
9567084102
9567451395
9567669411
9567765485
9567792691
9567897753
9567914339
9605050989
9605054700
9605113372
9605142144
9605261779
9605288794
9605340717
9605398473
9605448237
9605473453
9605506953
9605542366
9605585292
9605601755
9605641566
9605715342
9605728958
9605790215
9605871621
9605953146
9605993936
9609539964
9633071414
9633105596
9633195426
9633457949
9633507877
9633601597
9633624345
9633630292
9633631327
9633651337
9633656978
9633683101
9633722377
9633839186
9633942123
9633954813
9645017841
9645049740
9645169852
9645218476
9645330387
9645526518
9645556801
9645712511
9645856654
9645870126
9645901303
9645997807
9656003315
9656091337
9656116352
9656168240
9656248638
9656251357
9656286599
9656297916
9656336869
9656416401
9656425596
9656433268
9656449781
9656505069
9656585481
9656604985
9656825829
9656929511
9656932138
9656944088
9700000082
9744139511
9744218398
9744229189
9744237998
9744238069
9744238182
9744273923
9744402978
9744416272
9744423287
9744425531
9744480396
9744485435
9744511314
9744537549
9744559744
9744616469
9744630429
9744636283
9744682239
9744765618
9744769222
9744828938
9744837920
9744904610
9744908371
9744908889
9745148492
9745231351
9745489286
9745605628
9745606584
9745686032
9745811598
9745873962
9746011356
9746032917
9746186926
9746195291
9746195756
9746262536
9746376617
9746427198
9746448392
9746535674
9746596914
9746628228
9746647906
9746661350
9746731606
9746865277
9747024470
9747033381
9747042962
9747085288
9747248705
9747284833
9747404010
9747434214
9747464487
9747557097
9747738379
9747743012
9747743049
9747823610
9747843907
9747993994
9778064648
9778233208
9778249801
9778395100
9778405403
9791123377
9809910587
9846083329
9846160605
9846167265
9846239099
9846441057
9846470993
9846548899
9846611474
9846618239
9846696602
9846738470
9846822392
9846841139
9847002018
9847006897
9847007097
9847033061
9847037470
9847041977
9847073353
9847075219
9847123950
9847143550
9847217265
9847266851
9847279882
9847289825
9847295428
9847296982
9847331022
9847337197
9847343650
9847388383
9847419443
9847436758
9847438294
9847447416
9847464326
9847498073
9847502851
9847509747
9847511030
9847529065
9847533767
9847583093
9847593301
9847601657
9847610061
9847619049
9847631238
9847671862
9847739971
9847752832
9847757404
9847764153
9847764163
9847766823
9847781645
9847800979
9847801997
9847831371
9847852421
9847858581
9847882109
9847919153
9847922609
9847923932
9847923942
9847938331
9847943605
9847949815
9847962720
9847991322
9847997520
9895008854
9895033755
9895041845
9895100023
9895204503
9895225822
9895288623
9895401237
9895431605
9895449099
9895573847
9895589684
9895598439
9895647291
9895682343
9895754776
9895759260
9895848001
9895871041
9895876297
9895889713
9895917673
9895961582
9895983416
9946136879
9946162994
9946207586
9946293245
9946296712
9946469802
9946702018
9946709134
9946778754
9946917003
9947070422
9947188947
9947201898
9947215787
9947219264
9947240409
9947274299
9947301847
9947308659
9947315294
9947321038
9947331733
9947359260
9947471920
9947503503
9947516040
9947538070
9947552120
9947614615
9947615238
9947628337
9947663541
9947671350
9947746293
9947786729
9947790937
9947790957
9947855906
9947858024
9947865798
9947898196
9947900389
9947956593
9947993686
9961201886
9961202856
9961284962
9961364212
9961410507
9961426232
9961487500
9961553467
9961588701
9961599195
9961639366
9961707659
9961729735
9961804096
9961816432
9961846988
9961874116
9961928472
9961990317
9977817553
9995023788
9995027513
9995086464
9995090159
9995125347
9995129336
9995132217
9995165275
9995255257
9995272852
9995299106
9995328770
9995329807
9995385244
9995480923
9995538205
9995618047
9995681036
9995801360
9995830580
9995858024
9995956133
9995961572
9995984616
9995998133
9995998682
6282142601
7012403363
7025713043
7025758580
7306874303
7306938344
7356038962
7736264359
8075698373
8089128898
8089245496
8089434967
8089721025
8138837046
8157072474
8281132970
8281174770
8590053561
8590324452
8590830818
8590958096
8606448137
8848542708
8891354067
8891555983
9037241592
9037557922
9061885249
9074107671
9074564733
9074588709
9074632900
9207048191
9207601775
9447204146
9447608978
9496266434
9526810825
9526876398
9567454919
9567672458
9567679099
9633072013
9633309564
9633520806
9645220008
9645697633
9746281197
9746715310
9747339212
9747376709
9778055885
9846605656
9847621681
9895766155
9946300776
9946503737
9946505767
9946737660
9961009810
9961969137
9995135814
9995296765
9995773029
8136964189
9497555620
7559926231
9074084305
9947066231
8281255288
8590442574
9207138378
9446189466
9446506704
9446937375
9496453739
9539222311
9562150220
9656168798
9847540583
7510624461
8075868573
8281255653
9446204532
9495582135
9846608930
9895664515
9946369855
9961056654
8078713948
8129566526
8281135385
8590465934
9847874910
9995849456
8075688132
9400709574
9745145361
9747109574
9847418727
9847448727
9847594341
7559032307
9446221057
9446902571
9633771823
6282002156
7909160718
8547546389
8590620227
8848634793
8891559078
9061481227
9074727384
9207590608
9349133126
9387649760
9388403656
9446572055
9496525364
9526403666
9544113946
9544131394
9633150534
9633252191
9744133345
9746624333
9846060718
9846681223
9846823360
9847757020
9895666162
9946459963
9961254854
6238979117
6282217483
7012539548
7034769841
7736718441
7909249540
8281284994
8547246113
8547788887
8592085937
8891795492
9207875492
9447041127
9495310644
9495471940
9496239875
9496984710
9497320834
9497872688
9544936318
9567767968
9605601283
9659052692
9745963636
9747145719
9846018444
9846979326
9895150834
9895225753
9946748064
9995229849
9995467491
9544053210
8891945570
9447607595
9495748599
9446687882
8086551754
6238240621
8086499783
8547987214
8590343639
8848266933
8848358265
8921920832
9446228190
9645105548
9946548388
9846121854
9447009161
8848511862
9048103595
7012211911
9656431099
9539095559
8848196405
9539055513
9447166879
9745744719
9447505357
9994636942
9895884075
9447873766
7909106718
6238792692
9633809344
9446120082
9061167364
9446211162
7558046164
7807892713
7907781045
9995538716
7907797969
9037081357
9946610227
9946501441
9947155349
9946635774
9656423828
6238205050
6282682582
7012375614
7012994747
7559883540
7736195501
7736425972
7736505207
7736744305
7907999299
8086620553
8086726007
8089366006
8089803205
8129339704
8129585034
8281105436
8281237482
8281432973
8281778308
8594037875
8606601547
8714329202
8848179500
8893889422
8921016442
8943593065
9020689484
9037388570
9037807798
9061341966
9061390322
9072254137
9074001846
9074468768
9074468768
9188774115
9207024164
9387446944
9400938794
9446005227
9446529104
9446612012
9446997507
9447138991
9447211584
9447216641
9447769993
9526016903
9544098719
9544117501
9567823680
9605988265
9633683143
9633699287
9633776621
9645286455
9645684477
9744783214
9744907042
9745028184
9745167274
9746310128
9746667415
9746914275
9778184180
9778488458
9846620404
9846713856
9847023283
9847247558
9847347946
9847607823
9847725516
9847754853
9847895857
9847910324
9847918357
9847921565
9847933958
9895461515
9895464345
9895592729
9895754149
9946120050
9946547057
9946868729
9947098543
9947181367
9947334099
9961183104
9961361282
9995779069
9995997562
9447599292
9496063015
9188436550
9446608362
6238404328
6282118779
7012652592
7025595882
7034188165
7034887436
7305594039
7510552983
7510895247
7560914690
7561072496
7561860168
7736799297
7902412725
7902816608
7907488753
7909159939
7994124270
7994900616
8086272960
8086366376
8086546673
8089358642
8089542194
8089556087
8089725459
8113969404
8129023481
8129091775
8138066792
8139009440
8301048309
8589983379
8590428154
8590742415
8590912064
8592086616
8606215503
8606407494
8714251314
8714382369
8714418255
8848595424
8878226710
8891127152
8891325385
8891671639
8921414609
8943449027
8943480227
9037500896
9037508077
9037548233
9037909896
9048272336
9061971610
9072309288
9072366442
9142879012
9198473361
9447580152
9495040995
9495658133
9495695261
9496180513
9497248890
9526430528
9539347866
9544390481
9544554001
9544917092
9562215686
9562756643
9562922701
9567264151
9567319656
9567983626
9633134594
9633445993
9633716865
9633908004
9633998453
9645378910
9656461582
9744192106
9744858915
9745301158
9745379418
9745615265
9746082477
9746797993
9747278249
9778294676
9846147300
9846565556
9846611101
9846661313
9847263852
9847445132
9847876548
9895341654
9895345867
9895466163
9895466428
9895644086
9895837569
9946832931
9947836499
9961967973
9995060613
9995139127
9995165136
9995497942
6238191415
7034278985
7736532591
7736998975
8086290294
8086441363
8891687437
9446570880
9496073065
9656278985
9778008368
9895184747
9995481951
9995686878
9995694295
9539089538
9746992888
9895552225
7012145309
7994821232
8078520811
8129137763
8136907280
8156919734
8281431535
8281644261
8547891535
8590190772
8590479426
8921069649
8943913886
9061637019
9288158046
9447305082
9447305775
9447319650
9645422282
9846638608
9847200881
9847305039
9895509131
9946998555
9947493446
9947850788
8075014273
8281912367
9446202367
9544111745
9744232741
9747401304
9747901304
97339710959
8547295241
8590401605
9526072912
9846093940
8111950489
8111950849
9249508447
7736464911
7994613299
7012648833
7559945533
7736299458
8089022992
8129204594
8943802170
9388603578
9846114858
9847804600
9778021922
7994496891
8078555092
9562435092
9400201231
9446033213
9539472282
6238655311
7012512322
7012729835
7025117066
7025358511
7025429545
7034070654
7034828865
7306087027
7306397133
7306475250
7356376926
7559907176
7561847366
7736813054
7736911686
7907333782
7907916824
7994183369
7994459240
8075866130
8078320695
8086028874
8086869313
8086988033
8089030244
8089103235
8089110239
8113930272
8113951553
8129012949
8129343832
8129928401
8136977290
8137030134
8157882643
8281161994
8281252077
8281584076
8281979363
8301958847
8304051861
8304838701
8330097973
8330838547
8590322201
8590490667
8590735731
8590879571
8606132481
8848975557
8891195372
8891227587
8891531967
8891651661
8893814700
8921285128
8921634304
8921786599
8943403277
9037826399
9048015659
9048778773
9048867398
9048969796
9072239366
9074291810
9074383972
9074863254
9142418924
9188598176
9400300402
9446063909
9446174824
9446262588
9446343320
9446783767
9447433848
9495272884
9496023750
9496381059
9497128644
9497458399
9497465161
9497675461
9526233985
9526637964
9526654262
9526853121
9539303836
9539418771
9539556826
9544740495
9562198918
9562253011
9562473227
9562857932
9567051316
9567323107
9605091179
9605339343
9605362202
9605448850
9605859646
9633119970
9633328208
9633586571
9633754130
9633771710
9645224240
9645291017
9645508381
9645671686
9656131347
9656227970
9744194273
9744524694
9744801543
9745078771
9745236776
9746178580
9746210775
9746433066
9746457030
9746588349
9746833324
9747307637
9747511624
9778477335
9845682514
9846552649
9846693086
9846734943
9847034011
9847134419
9847254431
9847327607
9847708088
9847825513
9895025755
9895179771
9895222393
9895323458
9895450871
9895515715
9946027623
9946658599
9946713407
9946891574
9946959871
9947023180
9947361509
9947439738
9961289899
9961449873
9961764048
9961997912
9995033347
9995300866
9995402788
9995880105
9995919215
6235855390
6238005743
6282640843
7012293727
7034287583
7356429408
7356897670
7510594601
7558825948
7559055150
7559940969
7560973882
7561029227
7561808706
7592939556
7736005761
7736173574
7736191436
7736654990
7902593641
7902611543
7907647183
7994077125
7994392625
7994626232
8050360532
8078059518
8078202841
8078568442
8086275674
8086467371
8086892304
8089330285
8089531783
8089582918
8089938268
8111967371
8113032733
8129062346
8129295500
8129865102
8136974091
8137015703
8139099124
8139873592
8281539303
8281564866
8281582762
8281639909
8281849575
8289832160
8304026199
8304852951
8547475530
8547845655
8589850845
8590433741
8590650796
8593990659
8594055515
8606372580
8714122252
8714131126
8848639748
8848881340
8848930818
8848969116
8891448697
8891460470
8891878982
8921354921
8921469308
8921659431
8921665503
8921862188
8921990855
8943640406
8943668695
8943883414
9020902044
9037088745
9037570569
9037628699
9037667413
9048060606
9048154359
9048711313
9061204649
9061448438
9061640406
9061678706
9072733238
9072885024
9074570972
9074881627
9074929180
9142306559
9188360516
9207054751
9207223649
9207966597
9349177439
9349521634
9387505949
9388223707
9388481988
9400047963
9400094429
9400171866
9400947337
9446687582
9446766408
9447157794
9447213176
9495089035
9495367420
9495680026
9496062505
9496121016
9496349026
9496500224
9496825385
9497019303
9497171086
9526001025
9526223707
9526324596
9526441941
9526912596
9539008553
9539347927
9544135141
9544337771
9544473085
9544973065
9562180147
9562346562
9562778720
9562870498
9562973904
9562976074
9567039526
9567185799
9567268952
9567615404
9567648224
9567718952
9567813132
9605036814
9605047397
9605294497
9605571841
9605632909
9605677592
9605737040
9605741160
9633156806
9633326670
9633373521
9633551201
9633556540
9633556806
9633559543
9633763351
9645016703
9656016583
9656108535
9656114256
9656221056
9656307548
9656672950
9656809211
9656898065
9656907548
9656978172
9744119430
9744133779
9744174725
9744213915
9744238656
9744249978
9744457272
9744557351
9744557978
9744904687
9744958259
9745065565
9745517499
9745818657
9746226540
9746392577
9747052951
9747198570
9747419088
9747509865
9747564121
9747570281
9747629303
9747671831
9747709565
9747805751
9747809931
9747881447
9747924797
9747965565
9778132853
9778292849
9778364287
9778523874
9809864320
9847081850
9847109873
9847111543
9847221146
9847322174
9847363519
9847388745
9847403310
9847433744
9847451381
9847454243
9847496162
9847599035
9847620868
9847674778
9847739430
9847752353
9847772312
9847773641
9847800641
9847928823
9847946281
9847989423
9895118449
9895487003
9895799793
9946329088
9946690868
9946882031
9947197816
9947360063
9947376435
9947433744
9947439147
9947468645
9947552561
9947912118
9947958422
9947970200
9961204649
9961274368
9961303415
9961325621
9961424277
9961929725
9995472160
9995555796
9995623901
9995861026
6282002758
7012445462
7902748572
7994126455
8078906381
8086440720
8606559429
9497618879
9526152363
9539717335
9562349527
9605666831
9633407494
9645048595
9645474573
9747011886
9747637982
9846609655
9847602276
9947039346
6235348711
7025767811
7356092640
7736938984
7907141662
7907953832
7994706364
7994890281
8075134420
8086921729
8138038565
8606422247
8656282484
9048777759
9072334848
9072411778
9446487025
9447811614
9447930994
9495254395
9495336259
9495814779
9496640338
9526173443
9526735977
9544385478
9567955492
9605060388
9633103103
9633548131
9633991411
9645034817
9744713314
9744940702
9745690839
9746008028
9746211219
9746610336
9747164625
9747382936
9747584202
9846345172
9846355455
9846953848
9847070262
9847514225
9895379711
9895667597
9946123203
9946358388
9961150099
9961821405
6235162284
6235169978
6235445283
6238060169
6238345370
6238389494
6282560392
6282640086
6282819178
6338319571
7012403286
7012523733
7025170242
7025204188
7072365094
7306253519
7356469170
7403813354
7558960681
7561011540
7591900434
7594948103
7736399864
7736529380
7736618416
7902998130
7907358034
7907687359
7907940250
7909197881
7956354618
7994095295
7994532401
7994653823
8075681366
8075758115
8078008468
8078521552
8078705747
8086677333
8089353649
8089481521
8089527705
8089566078
8089601898
8111970179
8113013466
8113985968
8129490888
8129626864
8129706451
8138064057
8138962344
8139893433
8281182722
8281611137
8281825528
8547147422
8590376157
8590386371
8590643198
8590862056
8592074371
8592881122
8606200620
8606448872
8606609023
8606912647
8714010153
8848349636
8848896613
8848951596
8891106849
8891511048
8891720072
8891746054
8891932292
8921296585
8921403679
8921545963
8921691936
8921785607
8943352867
8943403558
9020121976
9020188739
9020193578
9020464722
9037427552
9037493853
9037641190
9048108275
9048192662
9048323390
9048500204
9061409171
9061952340
9061954937
9072163255
9074208561
9074245208
9074359936
9074602827
9074836889
9349483571
9387414773
9400247013
9400444516
9400510106
9400678616
9446466425
9447706605
9447976148
9447982227
9495234559
9495306134
9495630918
9496491587
9497034224
9497099559
9497226610
9497736959
9497872123
9526056822
9526403208
9526564831
9526810104
9526981018
9539048901
9539052529
9539079995
9539123827
9539245589
9539341948
9544516026
9544846116
9544984905
9562389143
9562722296
9562913335
9562913503
9567030459
9567053194
9567066417
9567230651
9567242217
9567409956
9567444407
9567798836
9567878029
9567910398
9605083043
9605497184
9605668212
9605751256
9605812041
9633017665
9633090727
9633161101
9633649341
9645079500
9645134772
9645621601
9645807081
9645961022
9656039370
9656142765
9656883771
9744159235
9744601404
9744675464
9744924243
9745051814
9745272212
9745465157
9745690505
9745721209
9745747950
9745894295
9746164473
9746195154
9746447095
9746630401
9746643102
9746653397
9746681803
9746686518
9746805486
9746858247
9747076699
9747284939
9778395044
9846066839
9846152728
9846196830
9846577661
9846602215
9846622560
9846646922
9847197164
9847386976
9847401618
9847530765
9847765878
9847831653
9847905240
9895231116
9895267982
9895446165
9895459944
9895525425
9895546169
9895552551
9946148832
9946151271
9946611265
9947030645
9947061335
9947414827
9947611942
9947614289
9947701437
9961210591
9961253643
9961325772
9961365445
9961412588
9961985309
9961991886
9995088405
9995212387
9995216930
9995398499
9995528372
9995599553
9995710678
7994318784
8281829896
9037538350
9400080450
9446380450
9746168350
9961098896
9995599621
8075486409
9539431447
7012368144
7012426028
7025456418
7356855329
7907280040
7907691528
7909101415
7994137801
8075355413
8078582181
8086713539
8089012928
8129100885
8129132215
8129586848
8129692656
8281621200
8301840297
8330815504
8594047906
8606643526
8907875540
8921948259
8943569856
9037430605
9072202822
9074302303
9188770221
9349193187
9447871055
9495087580
9495257120
9495382598
9496457171
9497282102
9497545424
9539777260
9633855750
9645028676
9645148654
9659919294
9744400260
9746153572
9746199433
9747332939
9747511232
9747644126
9778374663
9846253243
9847072573
9847456501
9847557457
9847591699
9895085046
9895123427
9895202089
9895410027
9895420871
9895547533
9895622903
9895624208
9895973933
9947142708
9947672773
9947800215
9961302298
9961477901
9995392743
9995399966
9995592884
8086389647
9562468768
9744863589
7012208495
9388068056
9633420602
9747212640
9947004885
7994346139
9048106504
6235728969
6235902490
7012258751
7025497208
7510935962
7558849432
7592804244
7736573978
7907251195
7907420035
8078835457
8086019298
8086580332
8089925655
8113819268
8113920789
8129655707
8138074966
8139824199
8301885778
8590285718
8590664135
8590792929
8590841064
8593914827
8606669055
8848572643
8848831961
8921298326
8921591864
9048535066
9072155625
9072177093
9074695495
9446140234
9446300766
9447115646
9447964316
9495780726
9497899009
9526506922
9526852645
9526984591
9605899280
9656889047
9745666806
9961002153
9974213715
7902371502
9562358150
9562723701
6235099056
6282298970
7012554467
7012651862
7306244015
7306402885
7306807349
7356020285
7510190669
7592820439
7592915920
7594871487
7736549687
7736645372
7736783618
7994127230
7994182321
8075515998
8086143026
8086465846
8089357376
8089674855
8113935018
8129264861
8129686454
8156885959
8156941041
8157088400
8547172646
8547341068
8547529099
8547708890
8589850448
8590013177
8590434161
8590634549
8594084114
8606099515
8606131940
8606604445
8606651263
8921228779
8921694426
8943125285
8943317329
8943353627
8943398686
8943648539
8943846024
9033774512
9037035131
9037046235
9037077429
9037643887
9037936086
9037957536
9048068384
9048296722
9048907160
9188833597
9207060548
9207111989
9446963037
9447119241
9495560313
9495714571
9495865335
9497032585
9526258490
9526783962
9539186362
9539611510
9539964550
9544152183
9544709285
9562314773
9562642370
9562746085
9562784142
9567106517
9567545313
9605859453
9633066178
9633091784
9633314907
9645035419
9645155520
9656009369
9656045939
9656754332
9656757088
9656850120
9656956138
9744329048
9744358678
9744690742
9744906140
9745441148
9745813003
9746259084
9746653463
9746842882
9746856528
9747345234
9747812542
9778252616
9846310704
9846391879
9846418706
9846448255
9846618005
9846752433
9846921967
9846922246
9846939269
9847537319
9847645915
9847673393
9847723871
9847841110
9895088579
9895220640
9895521480
9895967865
9946063887
9946662805
9946756712
9946899566
9947324625
9947404644
9947410301
9947984327
9947995953
9958279600
9961037734
9961055816
9961246008
9961363836
9995370111
9995610495
6235535778
6238936659
7025299327
7034555220
7034770342
7306671467
8089798007
8113805733
8281711845
8301092220
8301883058
8606258954
8606363415
8921135145
9037391151
9037923099
9048246704
9048943890
9061477548
9072127750
9072931910
9447086974
9447301118
9447810316
9496575958
9526865277
9526869336
9539712180
9539829104
9544493788
9556734657
9567662681
9605754947
9633027303
9633550774
9633773246
9745116022
9746046670
9746222336
9746461439
9747350532
9747660361
9846095307
9847038651
9847971866
9895676948
9895767240
9895790288
9946412694
9947137014
9947694045
9961561855
9995051235
9995100879
9995941702
7558066417
9020981712
9388481800
9037301474
9061555589
9061620044
6238405914
7012897183
7034103996
8078419433
8590300797
8590385847
8590548688
8590553073
8606350195
8921810542
8921892700
8921933864
8943697017
9495272724
9497317015
9539314569
9539559259
9645525935
9645955430
9847408363
9847693818
9961975958
6235156941
6282587603
6282938079
7012879526
7510624911
7994935862
8078479379
8089232018
8129237623
8157871209
8590718551
8593843464
8606851460
9037242154
9072273745
9496020160
9497193661
9526228952
9544096206
9544174084
9562926371
9567351976
9605111793
9633557543
9645435438
9645577857
9656427939
9656927813
9746248415
9946296137
9947224378
9947531778
9947614573
9947818410
9947886266
9961209634
9961230254
9961933636
9961936895
9995155937
9995789992
6235134397
6235218398
6235568950
6238504787
6238642948
6282381209
6282927627
7012809219
7012949025
7025228398
7025311678
7025451948
7025725948
7306639912
7559883740
7561029290
7561833717
7594912557
7736704087
7736874606
7904542498
7994965213
8113948690
8129574600
8281983705
8289852846
8330883180
8589064039
8589905259
8590429882
8590576571
8593837537
8606803986
8848036989
8848231818
8921589302
8921592182
8943311710
9037075025
9037288640
9048142862
9048465409
9048957142
9061728398
9061855565
9061975677
9074778099
9188676483
9207025186
9207968214
9400651645
9446154320
9446704881
9446785227
9447232322
9447461342
9447463088
9447575092
9447581665
9447604180
9447609332
9447915496
9447984741
9495161312
9495307985
9495504077
9495524976
9495859798
9496150416
9496364535
9496381805
9496951438
9497769622
9526156267
9526436537
9539792418
9544371285
9544707526
9544749180
9544997881
9562328064
9562345517
9562593962
9562594224
9562634856
9562734965
9562737624
9562900602
9567029871
9567903964
9605355952
9605588023
9605668180
9645081535
9645561952
9645723099
9656145933
9656841245
9744192400
9744758716
9744857084
9744922668
9745536373
9745975121
9746412742
9746610024
9747139143
9747268620
9747344629
9747736589
9747900394
9747975677
9778217343
9778306735
9778563180
9846072906
9846104553
9846310391
9846423118
9846942220
9847038562
9847200838
9847324883
9895947946
9900161923
9946274070
9946353419
9946369863
9946619239
9946758183
9946979566
9947083782
9947724382
9947744742
9961499887
9961666945
9961714930
9961932367
9995370211
9995719378
8921346570
8943879311
9745465441
7012329091
7025310648
7025560127
7034367324
7034550698
7356946118
7592939772
7736525242
7994329511
7994578015
7994977141
8075644181
8078075406
8078281117
8078468346
8086264797
8086352383
8086368171
8086872915
8089042021
8089466132
8281769618
8547597613
8590095477
8590690580
8592918005
8714319433
8714525173
8921069478
8921422699
8921779418
8921994557
8943023139
8943023715
8943700490
9037047364
9037531531
9072139223
9447602735
9496526500
9496823996
9497479662
9526228153
9526401813
9526553376
9526978221
9539052435
9562495684
9567279095
9633594505
9645360995
9645955385
9656992742
9744443414
9744667982
9744843459
9745178814
9746326413
9746927453
9747613735
9847150354
9895184416
9895461166
9895516959
9946396610
9946850384
9947114576
9995289859
9995560390
7356423697
7558870764
7559810960
7736399180
7736761695
7907861074
8129914462
8304001909
8590392273
8590950671
8921558367
8921634326
8943430950
9072135494
9383432344
9446740146
9496671399
9526982771
9544095083
9562190626
9562239957
9605170321
9605667723
9633316826
9633331273
9656941374
9744485205
9746301462
9746978358
9778318686
9778472302
9847877637
9895435526
9895660846
9946394942
9947582816
9947914117
9961923229
9995787981
9995967447
8129693679
9142848684
9847788144
9995464442
6235295221
8089774106
8129313315
8921182697
9037101179
9048302446
9074684346
9495389408
9744271600
9744360723
9846671050
9847942755
9895519995
9995309074
8714116976
9400474551
9995201220
8111927346
8547138501
9526325967
9539917373
9562014352
9656193134
9744954444
9846307599
9946969277
9947855325
9961492365
6282013008
7560838231
8547514842
8891527530
9526848486
9605893259
9961060953
8943255815
9188493079
9539660298
7510465546
7559977895
7902401842
8075162981
8086543664
8086951028
8113911310
8113992446
8590632273
8606366790
8921379908
8943085285
8943316910
8943585083
8943619194
9495208051
9495509370
9496964705
9497443106
9497487421
9497500172
9497743050
9746858623
9846296976
9947310323
6238719652
7034552701
7510106076
7560880714
7736134231
8196927665
9387007727
9497188534
9497486968
9497682097
9544690426
9605123609
9744898218
9744958789
9746403365
9846613326
9895571874
9947268970
6238067372
6238943990
6238963624
6282626502
6282660183
6282760257
7012045415
7012097759
7012587272
7012924914
7034366485
7356144346
7510986962
7559914473
7591932435
7736668489
7736916795
7902941021
7907500069
7907625958
7907762637
7907844091
7994785187
8078008341
8078420511
8086046884
8086753147
8086923655
8089239073
8089402978
8089978386
8113808830
8113808836
8113811649
8113964680
8129009919
8129132267
8139035760
8157023852
8281442043
8281842534
8289850433
8547143783
8547819871
8589096885
8590213361
8593095817
8606321159
8714295627
8714332917
8848820699
8891161879
8891165130
8891227354
8891682607
8921301972
8921306288
8921479032
8921756984
8943568492
8943679933
9037268730
9037876770
9048002901
9048045167
9048194220
9048765860
9074304532
9188068919
9188563520
9188847019
9188848019
9349983696
9387123368
9388836663
9400041160
9400311234
9446094668
9446164452
9446227747
9446517488
9446605943
9446896957
9446909267
9447465591
9447538638
9447563600
9447839088
9495569828
9495571101
9495662209
9496076850
9496280365
9496875402
9497624603
9526367978
9526525597
9544398671
9544415149
9562423702
9562867760
9567311024
9567377394
9567395576
9567445787
9567669023
9605512312
9605706265
9633045276
9633169908
9633377850
9645096904
9645142671
9645377307
9645485624
9645623795
9645747247
9645943976
9656204769
9656424923
9656441571
9656940239
9686166881
9744202369
9744249630
9744368957
9744537112
9744555009
9744680485
9745664952
9746045842
9746089246
9746137112
9746187460
9746389515
9746640560
9747300799
9747353730
9747818738
9778014124
9778259347
9778352203
9778706957
9809923900
9846603723
9846635582
9846656345
9846722310
9846784414
9846800370
9846866603
9846979057
9847008416
9847128202
9847498915
9847552210
9847629463
9847711112
9847733332
9847863318
9847921936
9895114170
9895175850
9895219027
9895544825
9895576874
9895638284
9895680715
9895839005
9895951139
9918393961
9946106635
9946509972
9946739395
9947167660
9947225936
9947404435
9947763503
9947935439
9961165203
9972955200
9995078793
9995148443
9995549304
9995552933
9995667017
9995770009
9995781520
9995800909
9995802053
9995886846
9995893325
9995977429
9562564572
6238532141
6282362514
6282713886
7012192010
7012506783
7034055036
7034267585
7306081064
7306668722
7510402118
7594917947
7736437751
7736515025
7736590920
7736815412
7902288397
7907176572
7909254851
8086262854
8086487859
8089226537
8089234978
8089267652
8089804589
8111929078
8113953963
8281921871
8547060917
8547316442
8547774584
8590238549
8590580082
8590711561
8590999807
8606892175
8891825048
8907343344
8921360677
8921914087
8943602426
9037584933
9048195686
9048866416
9061170499
9061566385
9061624885
9061957710
9072439403
9400469385
9400822195
9446096281
9446745170
9447240599
9495427317
9495696223
9495851954
9496185179
9539162042
9544086686
9546425585
9562518253
9562753361
9562925449
9567529744
9605362404
9605412396
9605659222
9633805034
9645817437
9744723590
9744770798
9744939348
9745507127
9746084291
9747452865
9778379027
9778729081
9847680938
9847705985
9946337250
9946633754
9947071232
9947315835
9947356198
9947395487
9947425001
9947732221
9947925171
9947931395
9961590287
9961603795
9961658672
9995218676
9995219256
9995514616
9995743976
7012883622
7510994584
7736694210
7902702174
7907713601
7994031324
8075136393
8089291890
8547259423
8590185495
8590405594
8592808188
8606915195
8921123704
8921787897
8932001408
8943516554
9037771924
9048030073
9207104482
9495591182
9544132927
9544277869
9605273754
9659871932
9744325611
9745821940
9847405231
9895170367
9447510053
9947227804
9895621213
9895757701
9947430061
9961145475
7736057504
8078829596
8086753006
8281829236
8606164772
9037837204
9048474770
9061699021
9061881043
9180785621
9400501299
9400777223
9495013799
9496491285
9496827561
9526869470
9562488149
9633948561
9744593395
9745077626
9778083553
9847521597
9946261494
9947117580
9947162884
9947227337
9947590941
8129091593
9061380030
8848120670
6235187669
6238664381
6238990579
7012487526
7012592001
7034179055
7034596704
7306250985
7306936354
7306979118
7592816848
7902405635
8075890736
8086123970
8086468640
8089120801
8089551533
8089962441
8129100611
8156812759
8547250084
8590081422
8590291339
8590415300
8590713433
8590897392
8590934202
8592978597
8891550906
9048370674
9207838076
9387177771
9447049884
9447646923
9495487956
9526026937
9526464766
9526926959
9539057160
9539855356
9544342160
9544665419
9544856649
9562722251
9562729006
9567096695
9567359737
9605410475
9645411120
9656669922
9744311961
9744641439
9744874076
9744953115
9745655208
9745663234
9746125110
9746409656
9746498357
9746687384
9747010189
9747021577
9747238533
9747469905
9747506841
9747870619
9774716301
9778143647
9778403880
9846674845
9846871018
9847217501
9847357002
9847493566
9847560182
9847571381
9847628263
9847630500
9895696440
9895869432
9947074207
9961051459
9961100248
9961733052
9961782776
9995153244
9995623317
9995734138
9995811066
6235412777
6235989268
6238056148
6238208989
6238355097
6238486621
6238672679
6238732654
6238838914
6282081214
6282440273
6282814315
6945186766
7025080482
7025703306
7025962613
7034602474
7034696596
7034699109
7356261935
7510256442
7592825291
7592827563
7592863381
7593966297
7594006987
7594026987
7736053144
7736183825
7736569936
7907910874
7994618585
8075818496
8075932750
8078775625
8086033717
8086142166
8086172086
8086183705
8086190495
8086218503
8086298813
8086400306
8086420616
8086806754
8086950822
8086992379
8089122003
8089482735
8089542345
8089581521
8089583686
8089730073
8089903261
8111921620
8111954056
8113027443
8129071030
8129097259
8129501885
8136969813
8547157264
8547250439
8547290694
8547483907
8589897135
8590301906
8590388548
8590439458
8590457067
8590502697
8590616121
8590685835
8590693599
8590715242
8590899108
8592826260
8592935776
8593066142
8606306409
8606330935
8606337380
8606462610
8606497413
8606666121
8606667515
8714139964
8719107494
8848093552
8848453681
8848862849
8848899594
8891333608
8891620211
8891764871
8891774491
8891939643
8921011649
8921143394
8921439080
8921685887
8921692463
8921856390
8943500479
8943846328
8943946778
8943955185
9037279775
9037398381
9037567057
9037619151
9037772482
9048067800
9048263417
9048274679
9048379336
9048404480
9061422545
9072391681
9072967915
9072987510
9074254291
9142265431
9188030307
9188626389
9207475982
9207748586
9349493007
9383434395
9400249898
9400293772
9400482550
9446111080
9446221068
9446400022
9446922179
9447049618
9447055645
9447578018
9447814944
9495340224
9495429443
9495529388
9496551674
9496745015
9496920774
9497243442
9497546022
9497858301
9526133408
9526363066
9526637916
9526752588
9526775083
9526820579
9526865132
9534747468
9539006499
9539066575
9539077231
9539085529
9539487206
9539516688
9539552958
9539912721
9544001506
9544114169
9544369397
9544552763
9544673652
9544798755
9544987982
9545545043
9562041980
9562085965
9562213784
9562316474
9562671977
9562790712
9562851189
9562947094
9567524174
9567904434
9605262562
9605581045
9633121016
9633393324
9633422234
9633445427
9633488731
9633592709
9645015566
9645124950
9645186766
9645349355
9656060521
9656104126
9656111261
9656151785
9656189582
9656229644
9656624094
9656788340
9656886321
9656995112
9744246587
9744315295
9744346145
9744865458
9745094060
9745161417
9745309389
9745608777
9745651050
9745696211
9745713421
9745796198
9746108835
9746478112
9746584137
9746684436
9747050383
9747163070
9747459882
9747503830
9747572195
9747688955
9747761999
9747855897
9778062276
9778180833
9778438196
9778440081
9846168963
9846335939
9846404619
9846405108
9846432739
9846715098
9846887746
9846922052
9846976203
9847009029
9847028274
9847036935
9847044976
9847113535
9847126718
9847137884
9847198218
9847303152
9847453071
9847705984
9847769654
9847846688
9847875753
9895270500
9946104389
9946409962
9946554841
9946618956
9947136125
9947339682
9947462116
9947945523
9947991337
9961197915
9961487061
9961706334
9961846976
9961875633
9995006963
9995149356
9995307578
6235098181
6282183488
7356811591
7560976902
7994249931
8086838038
8089200664
8111849644
8281611326
8606292929
8606851980
8848516246
9349319658
9349930870
9400230664
9447450261
9496985110
9539760954
9562153153
9567094482
9633273511
9633483789
9744351469
9778357471
9895410831
9895713150
9994594831
9995494831
9995907851
6238525283
6238684640
7306174297
7594800433
8157827022
8606395248
9447332462
9495247377
9567508247
9605031214
9605700718
9633166771
9633977454
9656802932
9747091230
9747935288
9946335377
9946984494
9947808449
7909246864
9074525753
9746985577
9895947248
9995836531
7012932772
7012945302
7306429659
7306783972
7356439621
7561894649
7736531039
7907399849
8086475240
8089163525
8089609104
8129730298
8139816693
8139890919
8590171014
8590385959
8590493625
8848488564
8848922668
8943771065
9037533450
9400761846
9446358604
9447810545
9496042004
9496188880
9496440546
9633815899
9645837388
9746499343
9746791511
9747024843
9778556934
9847555800
9895135544
9946806756
9961009846
9961547084
9995032663
9995034693
9995904913
9995997578
8891007727
6235017128
7012977399
7025901623
7306760604
7356090688
7356906739
7561809524
7994124455
8075834343
8089494723
8089693606
8089705910
8089854216
8089910711
8113065144
8113065210
8129288528
8281025437
8281121007
8547559174
8547959107
8589843728
8590191581
8590301761
8590528145
8590609357
8592934574
8606188471
8714501567
8891696901
8891853861
8921744030
8943045260
8943567442
9037028045
9048091510
9048999202
9072019276
9188693474
9207885567
9526583511
9526832042
9539113645
9544250992
9544895535
9544979265
9544990524
9562586395
9562943376
9562956985
9567136777
9567801059
9567850501
9605637823
9605682277
9633377444
9633396068
9645031567
9656782310
9744238384
9744263749
9744384593
9744507888
9745475334
9746907782
9747085315
9747648532
9846468092
9847063359
9847472461
9847545930
9847631073
9847682972
9847780525
9847937417
9895365125
9947217965
9947325131
9947531686
9947666043
9947755464
9947939685
9961019519
9961105316
9961211016
9961812492
9961998235
6235278577
6235879097
6238104557
6238581994
6238656778
6282887794
7012004279
7012195496
7025166647
7025172297
7025497559
7306025017
7306473133
7306510237
7306641579
7510878545
7559948825
7593021297
7736134856
7736172073
7736206972
7736607022
7736708133
7736737179
7736951938
8075000615
8078541619
8086297871
8086298203
8086368470
8086781395
8089677567
8089765952
8089927357
8113913584
8129260982
8129805714
8138085886
8156867295
8281400474
8281732396
8301821793
8589085978
8590184634
8590406498
8590412955
8590752800
8590947329
8590963874
8593929328
8593966491
8606268121
8848564064
8848899783
8891109251
8891441448
8891722641
8907686546
8921191765
8943070721
8943359740
8943863978
8943920704
9037123757
9037262379
9037643982
9037675732
9037897034
9037906460
9048050463
9048089596
9048186135
9061827286
9061984981
9061985059
9072301731
9188154193
9188172708
9188173364
9188607486
9349717103
9387893538
9388616413
9400253958
9400262126
9400697559
9446782566
9447159510
9447448676
9447810570
9447972663
9474412008
9495004563
9495566768
9496042585
9496120634
9497157917
9497239984
9497683236
9526029178
9526403069
9526461616
9544949599
9562347646
9562502212
9567151847
9567463885
9605753536
9605823348
9633458749
9633510640
9633783503
9633791661
9633806334
9633866471
9645002666
9645320709
9645577875
9645658329
9645843834
9645994330
9656209735
9656219910
9656850601
9744382198
9744783161
9745000834
9745127170
9745171672
9746116872
9746576073
9746827612
9747002284
9748578568
9778086360
9809161075
9846031212
9846073549
9846090605
9846144552
9846198100
9846304943
9846355241
9846500989
9847002498
9847135321
9847238508
9847361591
9847396711
9847465695
9847619669
9847660827
9847730427
9895125176
9895221831
9895446111
9895508674
9895553405
9946528005
9946915675
9947150046
9947163216
9947261543
9947268474
9947813321
9961722754
9974304026
9995051872
9995164233
9995296060
9995333722
9995544929
9995583939
9995700968
9995866498
9995893571
9995924768
9995971537
8089376277
8089941259
8547976515
8589989700
8848088704
9142119264
9400849264
9447957055
9495254515
9847872775
6235399474
6235507982
6238026451
6238042892
6238078142
6238343852
6238473729
6238686139
6238857540
6282226878
6282578027
6282600419
6282605440
6282703955
7012455487
7012581987
7025241809
7025336825
7025752675
7034400106
7034542137
7034761809
7034951806
7306604322
7306956652
7356405262
7356416922
7356537701
7356628349
7356890474
7510111180
7510139852
7510972949
7511139509
7511191471
7560871545
7561023924
7591981741
7594898617
7736135760
7736158277
7736258494
7736269249
7736289769
7736478170
7736775700
7736840098
7736848649
7736941746
7902241358
7902686153
7902786098
7902808744
7907006365
7907030867
7907913539
7909253026
7994779707
8075060079
8075086135
8075698216
8075698925
8075987475
8078027287
8078322531
8078704517
8078867224
8086201494
8086244386
8089127569
8089314851
8089684537
8111932163
8129041712
8129091025
8129157726
8129195075
8129806561
8129957796
8137056121
8137979417
8157009144
8281211566
8281215038
8281672334
8291995454
8304826173
8330852904
8547105434
8547414460
8547555038
8547559662
8547588692
8590090563
8590313677
8590354123
8590422982
8590443743
8590513821
8590521018
8590786355
8592015831
8594045586
8606293020
8606598188
8606609902
8714430014
8714455977
8714802588
8767540308
8848152761
8848351180
8848561707
8848597832
8848637712
8848827539
8891164617
8891334060
8891369842
8891500917
8891655782
8921157853
8921402553
8921444523
8921458976
8921877050
8943040542
8943168105
8943705764
9037083443
9037328645
9037392365
9037442015
9037884962
9048262321
9048532804
9048782008
9048855637
9061091630
9061096288
9061983351
9074537339
9074734552
9188806580
9190721598
9207260238
9288895478
9349442312
9387442312
9387887670
9387893178
9400259321
9400334123
9400448218
9400633999
9400728237
9446134546
9446494421
9446789063
9447367318
9447721739
9447847630
9447912416
9447970452
9495255520
9495275209
9495421352
9495457553
9496230529
9497002244
9497026615
9497188486
9497443076
9497554351
9497591656
9497770497
9497789815
9526340853
9526577142
9526676148
9526811251
9539081541
9539190970
9539290263
9539356185
9539515017
9539849450
9539948234
9544079127
9544859291
9562366910
9562512980
9562525234
9562759402
9562877577
9562912574
9567077815
9567681794
9567763631
9605264452
9605390011
9605725645
9605824906
9633184787
9633214829
9633241777
9633266910
9633273090
9633521955
9633701363
9633940196
9645010406
9645298822
9656050742
9656051264
9656567551
9744237600
9744773136
9744777151
9744904532
9745133413
9745618883
9745722751
9745918018
9746045808
9746316242
9746325787
9746492761
9746497901
9746554919
9746555972
9746674625
9746715653
9746927691
9747100659
9747133257
9747236709
9747336293
9747667358
9747771434
9747882065
9747898894
9778052300
9778074129
9778194189
9778303431
9778332575
9846144948
9846286761
9846298899
9846504078
9846579222
9846618372
9846722053
9846808489
9846825065
9847044870
9847096339
9847162136
9847220633
9847316855
9847586535
9847643790
9895008480
9895053596
9895055887
9895223877
9895330051
9895343031
9895489172
9895489226
9895575427
9895636376
9895682356
9895743566
9895860375
9895862463
9895945427
9895967526
9895973298
9946089881
9946269933
9946364274
9946397662
9946591095
9946712127
9946845074
9946977791
9947259747
9947466756
9947990051
9961018600
9961093861
9961285019
9961516572
9961617118
9961701346
9961780883
9995033430
9995065767
9995123242
9995156436
9995263700
9995291477
9995378491
9995696896
9995768226
9995836563
9995841124
9995939942
9995984680
9645111218
9746464272
9947935386
7510273623
8086711345
8086789441
8137956647
8606525945
8848407571
8921449910
9048893647
9345311392
9495012327
9495324443
9495855992
9496276191
9497690595
9544935186
9567279274
9567353491
9567868921
9633178770
9746290382
9746692462
9746889437
9747903455
9847908098
9895442213
9946315932
9946432014
9947195155
6235960637
7306056416
7356061698
7356199941
7477869931
7510502098
7591952390
7593996669
7907692637
7907722380
8075463835
8590849862
8594067629
8891033034
8921418948
8921763655
9037247975
9048156794
9048653398
9061786543
9074482425
9074493517
9388643599
9400348076
9400731975
9400878665
9446359959
9447331845
9495800999
9496482258
9526689830
9526829812
9544375536
9567041974
9567149924
9633267152
9633802338
9633837578
9656618193
9656883560
9744014920
9745009252
9746091915
9746357666
9746591658
9746919219
9747044142
9747398942
9747527566
9747751793
9778100315
9846178493
9846207441
9846624184
9847139754
9847447688
9847944429
9895036832
9895137134
9895286562
9895326794
9895412639
9895599173
9895802241
9895812949
9895878188
9946011360
9946093129
9946278171
9946367800
9946668610
9947376639
9947852146
9961202160
9961468368
9995355083
9995519404
9995686280
6235108359
6235131128
6235499845
6282119919
6282320914
7012283466
7025205966
7025729367
7306623524
7306964712
7356627366
7356935184
7510115461
7558997473
7736837202
7902909120
7907130590
7994224816
8086586842
8086859833
8089276838
8089505595
8089821697
8129294114
8129767832
8137008113
8156936979
8281506648
8289891101
8289977592
8301932304
8547554201
8547706355
8547830147
8589886172
8590573868
8590706940
8592059453
8606497658
8606885028
8921530010
8943067168
8943099348
8943959385
9037248233
9037367612
9037848869
9048215414
9048767703
9495207902
9496189897
9497233203
9497706443
9526612483
9526612960
9526828161
9544061832
9544119285
9544854013
9562013019
9562284193
9562415372
9562494217
9605399014
9605474325
9605656970
9633218628
9645466898
9744041896
9744386497
9744475375
9744568940
9744687374
9745655438
9746328083
9746583444
9746836778
9747012222
9747993971
9778070037
9778087899
9778441922
9809599123
9846401089
9846423353
9847287364
9847657056
9847928185
9895043649
9895537262
9946330037
9946408979
9946552911
9946637181
9946948830
9947130885
9947171988
9961421635
9995056477
9995264683
9995511168
9995518694
9995933204
6235110649
6238568395
7034239395
7306097208
7306608373
7356513077
7736420956
7736927266
8138971580
8547377328
8590400827
8590452004
8590845199
8891232394
8943651401
9037127692
9048319875
9061159283
9072968968
9496361983
9539343802
9539383738
9539539250
9567339236
9567663900
9605858677
9633010426
9633211434
9633348401
9633547216
9744469890
9744774054
9744908120
9745842875
9746075112
9746527045
9778493664
9846449740
9846890870
9895281559
9946377119
9961656501
9961829054
8086109665
8089848794
8590523850
9074668462
9207234684
9567092023
9744564569
9809801458
9188789086
6238514723
7736950268
9645328907
9961933219
9037783018
9495218002
9633426940
7994611030
9495826073
7736799301
9497318564
9747515895
8086841545
8590729701
9562288430
8893658947
7034849710
7560825234
7994029498
8113016846
8129367348
8547644172
8714343068
8943354246
9048397434
9061075312
9188342641
9207089926
9388685959
9388818966
9400764767
9446238904
9544580543
9746093068
7510349263
7012306211
8078056021
8281389477
8330047708
9447305477
9447666021
9544828183
9656218219
9656218248
9946236855
6235863849
7012205151
7012336455
7025253905
7025314195
7025437864
7034198906
7356458128
7510676595
7510801924
7510883595
7510953910
7558928185
7559011242
7559826018
7559967366
7736240085
7736420409
7736963857
7736986762
7907189147
7909246945
7994522446
8075732284
8078547220
8078722594
8086057505
8086470510
8089357051
8089879971
8089957631
8113052468
8129635150
8129685716
8137021612
8137868947
8547816331
8590744125
8590956363
8590989427
8592061477
8592873165
8606760701
8606816603
8606879298
8714234938
8714295051
8714405957
8891292096
8891636707
8891655261
8891693832
8891787529
8907864030
8921371005
8921598683
9072835006
9349890164
9400484596
9400557931
9447812160
9495989044
9495989291
9496129406
9496633874
9496693027
9497246593
9526158245
9526227450
9526297941
9526584368
9526957613
9544055247
9544520299
9562553804
9562615750
9605513809
9605682853
9633730375
9645503735
9645841825
9656633222
9656790860
9744417110
9744419284
9744424186
9745509150
9745636003
9745886929
9745921967
9746337628
9746436180
9747036792
9747417173
9747661223
9747742014
9747764956
9747765121
9847137062
9847317812
9847462688
9847476796
9847675516
9895104557
9895471492
9946149276
9947117983
9947353511
9947481169
9961202531
9961205868
9961290157
9961449972
9961458473
9995911429
9995958967
6233772375
6235486710
6282125845
6282313148
6282942563
7012197975
7012854574
7034022963
7034075497
7356163910
7559035911
7592972033
7736743610
7907089422
8078456641
8089349482
8089759193
8089962810
8089970762
8111908511
8113011613
8129643346
8138892009
8590784518
8590984025
8606487459
8893222248
8921753944
8943808756
9037127541
9048029426
9072044852
9400152626
9446762906
9447466090
9495231365
9496226953
9497818291
9513695731
9539307579
9562117538
9562161682
9562161870
9562766516
9567264928
9567670838
9633746859
9645289448
9645616741
9745081156
9745452275
9745881866
9746037257
9746355430
9746781473
9747805810
9846110491
9846220764
9846348704
9846472573
9846794832
9847408495
9895133796
9895206393
9895718363
9946213897
9947025789
9947865060
9961620130
9961713055
9995084366
9995227068
9995326462
9947063947
8086289580
7736861841
7902352593
9447033012
9495340225
6282121931
8078886267
8086331815
8129038547
8281708996
8301038542
8547179638
8590138198
8921557886
9037888246
9400028851
9400867567
9444383883
9447548091
9447914716
9496466089
9497597573
9526752207
9526924990
9544108614
9605429559
9633781029
9744928854
9745160482
9745634747
9747388214
9846370725
9846735838
9847539718
9847849967
9895442533
9947028125
9947690400
9961424592
9995070502
9995221444
9995909128
6235095217
6235689562
7736740297
7907554144
8281469328
8560554863
8921303417
8943842442
9074237679
9142397504
9388966007
9447711654
9496077907
9496189176
9496873107
9539721847
9539861436
9544000505
9605455135
9656008875
9745593874
9747936144
9846366389
9846440797
9846969927
9847228107
9847378107
9847637578
9895527963
9947071519
9947732183
9947982322
9961323137
9961685431
9995713748
7736723428
8089517432
6235076980
6235964232
6238799301
6238881840
7012589141
7025222758
7025916623
7356451322
7510575837
7558997463
7561858123
7592967063
7593964174
7907406757
7994132945
8086165405
8086181958
8086445176
8113967748
8157973826
8220269779
8289855423
8547266604
8547536953
8590823731
8590840855
8592956300
8606044309
8606266392
8921796327
8921942156
8921982495
8943641548
9037245852
9037392527
9037402569
9048946432
9072058326
9072239420
9072311331
9074646936
9526307929
9526970775
9539138415
9544285321
9544708923
9544794082
9633539841
9656816020
9656923660
9744186698
9745416591
9747163011
9846081392
9846438777
9846670301
9895563627
9946496713
9947055307
6282692008
7025231411
8606623938
8848032465
9544717620
9946141711
6235880487
6238566576
6282037925
7510983914
7558842402
7561034803
7592828922
7736753736
7736861757
8089116486
8129623385
8547271162
8590716681
8592937589
8593065940
8606841078
8943759180
9048521431
9400270486
9446788971
9495201563
9497282995
9497789049
9526171766
9526400958
9526653525
9526832412
9526976892
9544172356
9633373150
9645034079
9645084813
9645103141
9744506435
9745230596
9745494104
9745784157
9745817555
9745850794
9745997908
9747685004
9748274679
9778011019
9847873051
9946417650
9946536240
9946654551
9946767877
9946898912
9961616419
9961992727
9995939379
9544432887
6238461025
6238988476
6282434965
6282968432
7012294345
7012297923
7025663034
7025914753
7034203791
7306837684
7356823297
7558944220
7594849337
7736264963
7736272305
7907451962
7907496850
7994952278
8075187658
8075806231
8075814950
8075880738
8086996933
8089123172
8089344387
8089964771
8089996042
8129427198
8301818736
8547137198
8547874767
8590883155
8891300447
8891476069
8891655110
8891823540
8893085911
8921018842
8921054640
8921155616
8921228095
9048124912
9048365716
9061800360
9061919922
9074392945
9074973547
9142094944
9188772982
9207423450
9349157388
9388660111
9388660114
9388981776
9400338384
9400575248
9400702823
9400752994
9400800135
9446206912
9446410135
9446567388
9446675991
9447059981
9447070382
9447232958
9447243442
9447251771
9447574305
9447710821
9447828486
9447959598
9447977725
9495467260
9495467326
9495828431
9495974188
9496171617
9496171712
9496208110
9496275772
9496585772
9496610421
9497024655
9497197889
9526267595
9539559123
9544466027
9544972262
9567152762
9605913559
9633241950
9645005725
9645818915
9715668773
9744236128
9746225661
9746272850
9746572750
9746821414
9746836921
9809993337
9846062667
9846199662
9846302278
9846317366
9846348878
9846613949
9847011225
9847024343
9847037593
9847639022
9895033180
9895056037
9895481746
9895523057
9895532059
9895533059
9895714753
9895799758
9895842528
9895939011
9946395177
9946881437
9947486996
9961257525
9961438384
9961938820
9995251177
9995593021
9995764105
7012238801
7025070530
7025135731
7034548430
7306329124
7306444569
7356152389
7356475852
7356992930
7510645517
7510872125
7558091280
7736868189
7909249395
7994327603
7994642470
7994958265
8078592952
8086171565
8086266187
8086875470
8086890329
8089110166
8089971646
8111969404
8113887729
8129431125
8129443801
8129572421
8129840854
8138023993
8157914879
8281796595
8281913793
8281942881
8304057593
8547168893
8589014363
8590320892
8590475758
8590490711
8590964478
8592016025
8592091846
8606043109
8714822910
8848207949
8848414024
8848520600
8848588961
8848739642
8848901550
8891047793
8891300780
8891808069
8891949708
8921057605
8921316480
8921446812
8921523723
8943071754
8943792504
8943846875
8943939219
8943993802
9037006176
9037035714
9037144352
9037146982
9037385880
9037437849
9037477348
9037851373
9037941285
9048020795
9048091640
9048168543
9048293503
9048351485
9048474915
9048476187
9061874208
9072823463
9072901003
9188563250
9400246887
9400286938
9400941377
9446002922
9446218414
9446410953
9446890867
9446939601
9447242949
9447831270
9447871131
9449389477
9495323066
9495881289
9496330972
9496707769
9497659674
9497660482
9497883619
9526081514
9526857754
9526953602
9532082858
9539155872
9539466051
9544148100
9544194794
9544232504
9544390591
9562149248
9562200490
9567151893
9567162755
9567263994
9567284017
9567328699
9567470155
9567698858
9567806250
9567894590
9567936697
9605007739
9605791143
9605803607
9633017447
9633053554
9633530805
9633800862
9633835881
9633906311
9633920691
9656123340
9656301968
9744601425
9745521262
9746040560
9746357336
9746804220
9746910830
9746936314
9747319579
9747975020
9747976458
9778233820
9778375005
9778473100
9846064230
9846353873
9846400549
9846862048
9846911278
9847086301
9847105310
9847140489
9847319074
9847331714
9895025107
9895116705
9895130799
9895156355
9946395763
9946741410
9947371586
9947669462
9947699222
9947949868
9961270831
9961424970
9961465897
9961512756
9961816189
9961832110
9995090620
9995212667
9995214620
9995310569
9995453850
9995761089
7012319887
7025378414
7306567626
8111896240
8547230565
8547528661
9074373724
9446072668
9496620428
9947005991
9526735905
7559977076
7902754166
7907799068
8078068988
8089818622
8547772148
9188368424
9188646667
9447160193
9447820726
9495094852
9497202023
9526666625
9562913325
9633369810
9645195018
9656342528
9744513624
9745772424
9778245938
9847962800
9947277516
8921750659
9400891170
9846874707
9847371917
9562328657
9349888823
9539113956
6238233423
6238354745
6238558542
9446866375
9947470068
7510820762
8129183617
8891007883
9387221766
9400518299
9895261324
9995441698
9539902089
7594014934
6235072166
6235087254
6235577235
7012336388
7012508229
7012903918
7356868587
7403227740
7560823986
7561071568
7736353817
8075716260
8078379482
8086152253
8086263167
8086878620
8086880924
8089484818
8089703619
8157002121
8281732907
8547196402
8547283559
8547693128
8590677378
8590900021
8593821602
8594075178
8606567534
8848725644
8891269765
8891384540
8891626240
8921135051
8921688268
8943296532
8943357887
9072189614
9072241088
9188078159
9188121115
9447565496
9447813160
9495057471
9497318567
9497330043
9497678698
9539200435
9539793347
9544366923
9544400409
9562408701
9567077481
9567474085
9567926155
9605391449
9633089806
9656514988
9656802119
9744136357
9744544051
9745341054
9745555948
9746438094
9746792021
9747777248
9778241558
9778408700
9846158415
9846178149
9846606051
9846947512
9847193454
9847625271
9847663904
9895057177
9895174633
9895971373
9946553682
9946722596
9947213715
9947654515
9947818838
9947920594
9961630819
9995328999
9995517192
9995574496
9995757779
8113033554
8113832422
8157855263
9188078911
9447724717
9544942250
9605533820
9693409164
9745774576
9745794837
9847328839
9847904071
9847907967
9946962987
9947477591
9947936136
9961761658
9961956411
8089728938
8590687274
9349151456
9846343532
8086865092
9946012959
7561103689
8089095091
8590509533
9747572916
7012795265
9645155846
9074538246
7994965806
7736522919
8078510299
9061412552
9846820205
8281855319
8289928325
9446745319
9446763988
9495159556
9446616995
9847927929
9645106114
9645675289
7994289809
8606827316
9037924536
9074159423
9495273002
9633051409
7510870163
7902730622
8086226776
8089056948
8281328473
8281522894
8281779229
8547201135
8590048907
8590520396
8606837926
9037936693
9048054210
9048107947
9048479380
9446122593
9447045854
9495526681
9526338845
9526412940
9526490239
9605482525
9656854001
9744040933
9744691139
9747687555
9747976973
9895524788
9947388071
9961463171
7025652968
8289972166
8893707077
8921564614
7593953417
9037233728
9446384434
9447021283
9447209253
9747110993
9747803654
9846669656
9946114115
971503729472
9447157326
8078172692
9037617615
9037644432
9446023402
9744882761
9744959769
9746654469
9895175050
9947023515
8129401687
8157086991
8129330204
8289949372
8891888467
9496341213
9539392663
9645627407
9746172767
9847356115
9946203241
9995419653
8547821459
9108905906
9895020145
9656675992
9961691712
9895272859
9895383727
9447745388
9895132640
9946393998
9074268093
6282286215
8589006133
9447025329
9495287357
9605636755
9895291091
9048760448
9947008898
9037449349
8848908361
9746514414
8921426938
8369263178
9746686446
7012870409
6282306308
9745496399
9846904435
9207593621
8281997714
9744540253
9846883571
7736183281
9400320889
9447157003
9483543755
8891130455
9387904256
9611059915
9995805656
9048194661
7019836210
9895234033
9447002260
8281192153
8281192153
8921627275
7356913250
9037494783
9746473521
9895632416
9995438625
9048542422
9995875681
9947110042
8848324624
8807073849
9847333590
9447001031
9495764127
9895915006
9745605778
9747596666
8903477497
9847115641
9447828826
9847387179
8893878700
9447818027
9895985122
9072327733
7510109183
9961466407
9037056768
7994603607
7715026235
9388657929
8156931340
9746879214
9605619737
9895953876
9946822022
9633916100
9895709567
9567830461
9895015353
9895272859
7902765955
9747908292
9446918535
9895775815
9869709713
8281403418
9995881707
8494898814
8884437400
8921352423
7012298429
9388698741
8129094664
9995893042
8086881591
9947219445
9995034926
8281992595
9995666895
9745611100
8848883726
9846127315
9633261148
7736283939
8943874963
7702298014
9373335516
9495976247
9447476046
9447494585
9562088881
7356478722
9747537710
9605706257
6238988454
6282413042
6282481324
7012429168
7012562778
7012609433
7045480315
7356065164
7356289848
7356444982
7356509150
7358290599
7510610677
7559853443
7559927927
7736658538
7736842680
7907437897
7907526080
7907985764
7994999959
8078121224
8086049305
8138081580
8138822002
8138979610
8281150323
8281310075
8281752391
8547226105
8547307858
8547521856
8590549496
8606099024
8714818562
8891651673
9037246404
9037502915
9048125684
9048542422
9048804686
9061774477
9388602963
9388960454
9400058944
9400247336
9400392027
9400560518
9443391374
9446117130
9446384145
9446410020
9446434263
9446494506
9447018523
9447044499
9447162046
9447434311
9447605178
9447761376
9447797684
9447799416
9447835146
9474585412
9495337080
9495583377
9495820660
9495934339
9495950127
9495973872
9496228509
9497373732
9497637616
9526201100
9544369296
9544668881
9544972837
9560042676
9567307984
9567469877
9599035975
9633927155
9645098460
9645198005
9744959089
9745323552
9745944489
9746114101
9746193920
9746475747
9746733813
9797191709
9810494923
9818087833
9820535250
9820777350
9840623035
9843301892
9846091659
9846165965
9846166661
9846610675
9846931766
9847033214
9847053985
9847133111
9847371719
9847459529
9847482823
9895015196
9895026647
9895028979
9895109702
9895116799
9895346382
9895489034
9895808690
9895856511
9895888599
9946042319
9946182701
9946445461
9946840376
9947180732
9961555622
9961680667
9995024763
9995060308
9995068507
9995170637
9995881707
971 564150393
9567763411
9744961296
9744422070
9446555898
9995103399
9447973872
9061663386
9847704954
9995528152
9567236374
9947676578
9895236053
9611910035
9995065632
7994999959
9645831335
9847294712
9895101222
8848947161
8891363184
9846142222
9947309914
9322787473
8589023231
9847085851
9495935448
8169553793
9388844121
8943422832
9895150880
8921455571
9447745388
9995188385
9447716828
9495315238
8157069957
9995029906
9447200474
9995074222
9745744467
9447398121
8129276339
9446500116
9447457605
9495943365
9895605089
8547393412
9847935345
9447294312
9846060577
9495568135
9821034947
9847277049
6238787411
9846958705
7034451234
8000486488
7982612894
9496179677
9846037677
9995023855
9847146111
9995794789
8848277012
9544022366
9895386008
9895469200
8086787343
9048947916
9567032515
9562304424
9447591515
9895295275
9567945111
9847389408
9895415882
9895783420
9846900522
9895845417
8848492114
99955991171
9946108020
9567864402
9846065326
9446716948
9496492762
9567864402
9846977205
9847860958
9633003888
9895523155
8129160503
9619819870
9619629142
9495643835
9846958243
9895803779
7012128955
8943351526
9388856340
9745918787
9349500612
8891842117
9447791275
9074789417
8606502532
8971613783
9745633320
9895403572
9746799977
9995666805
9846026526
8240151578
9947270670
8138847187
9496741159
8660465330
8495061670
7736273533
9846049223
7510714970
9446088286
9895590688
9648999657
8129740228
9895046629
8893914565
9961802244
9447704589
9745377874
9048184569
8089728625
9447035656
9946645777
7558943073
9946101772
9847890350
9497813116
7012920053
6235535597
6282569951
6282659866
6385712233
7012090116
7012139486
7034326733
7736602600
7907922895
7994352292
8056166111
8073446429
8078084321
8089893055
8089893055
8129377766
8129496900
8129740228
8138000489
8138031873
8138822002
8157824872
8547365234
8590110333
8606979845
8714137971
8821274836
8848908361
8891651673
8891790370
8891842117
8943761439
9020207722
9037016259
9037300754
9048542422
9051899094
9074081886
9074270225
9074703259
9074987715
9080097331
9096141234
9106429992
9323079957
9349078877
9387935949
9388567893
9400894725
9446411838
9446555756
9447054325
9447158968
9447344419
9447579670
9447586366
9447656459
9447694089
9495033432
9495093546
9495515060
9496651223
9544369269
9562295262
9562687648
9566869078
9605054368
9633036111
9633197099
9633346208
9633383877
9645168242
9645390410
9645536197
9645935599
9744075716
9744346914
9744376138
9744959089
9746290264
9746733313
9788859650
9809846122
9840018678
9846051199
9846127315
9846197788
9846416383
9846555848
9846599964
9846904435
9846945045
9847083223
9847293337
9847437272
9873096505
9885472277
9895012110
9895031555
9895099995
9895189100
9895291091
9895587178
9895709430
9895756263
9895757908
9895914031
9895973239
9898989586
9920473008
9945620123
9946030011
9946059692
9946182701
9947850063
9961449930
9961680667
9961819562
9961906831
9995772207
9995948351
7510109183
9400100275
9745372745
6238765307
6282781114
7012789989
7306041235
7306960736
7510197347
7510208945
7510625414
7561027388
7561834119
7592949196
7736466270
8075955791
8086802942
8086888146
8089278589
8111921551
8129355915
8157085177
8157900485
8281212271
8281476878
8281627873
8547968367
8590175208
8590189675
8590325821
8590561451
8606274571
8714452517
8891290336
8891380807
8891531895
8891919059
8943127575
8943390887
8943652273
9037334525
9048447925
9061165907
9061456616
9072311059
9072317196
9104032719
9207917403
9446969959
9495216599
9495389332
9495964571
9526217902
9526437056
9526810153
9526995816
9526997257
9539078617
9539085524
9539248990
9539418231
9544375430
9562192429
9562406191
9562662202
9633263125
9633620511
9633794438
9633919835
9645352101
9744184732
9744424507
9745052939
9745168622
9745207856
9745543437
9747487592
9846285350
9847181819
9847197347
9847557253
9847624945
9946303214
9946890409
9947466149
9961416398
8075925105
8714043074
9526992760
9544898376
9747386758
7025961938
7293422184
7306358206
7560935702
7994033771
8086182658
8089212496
8089642662
8113819755
8281594818
8289865568
8547037840
8714320908
8921603416
8921737354
9048432344
9048477034
9061331601
9074520938
9207163114
9388339060
9446247802
9446979571
9447380580
9495321030
9495411310
9495417400
9495953691
9497231147
9497292649
9497802346
9526049447
9539342134
9539372621
9539545715
9539677622
9562268239
9562685310
9567083771
9605727630
9633980872
9645596363
9656036350
9656662222
9744037990
9745008860
9746652316
9746856226
9747217951
9747474809
9747649088
9778367724
9809044363
9846504714
9847062926
9847540868
9895101848
9895925080
9946808814
9961524087
9446326065
8593036589
9495369643
9496178539
9037064143
8089579218
8590455143
8899916753
7558813576
9037452489
7012069726
8086378074
8301913233
9656781725
8714528770
6235529409
6238029729
7306135219
7559812595
7560954576
7594916598
7994089280
7994174708
8086770060
8113088399
8113924885
8157834091
8301919202
8547323004
8547434347
8547589133
8547806258
8593045732
8606532066
8606762935
8891629430
8891889174
8921365689
8921719504
8921879576
9037446432
9037935113
9048085065
9072272950
9188524448
9400436346
9447535529
9447913655
9495168678
9495256474
9495273491
9495464661
9526359885
9539590905
9544396722
9605595024
9633015527
9656014857
9656406225
9744771938
9745516416
9745655957
9746398475
9847756529
9946196127
9946342987
9946859777
9947907664
9961822336
9495791907
6238826250
6238111474
6238208627
6238750842
7510345828
7510601661
7907874815
7907989317
7994249286
8075288551
8078302882
8089978527
8301007896
8301042466
8547338199
8590363923
8590525013
8848011196
8848679636
8921249334
9142190427
9388808538
9446803747
9447382277
9447536474
9447549700
9495192669
9495771908
9495915541
9496112138
9496219240
9496729775
9497460822
9526286219
9526492520
9526844287
9567514068
9567996649
9605036866
9633210040
9633973989
9645483244
9656249750
9744418331
9745413913
9745705832
9747091162
9747234230
9747524719
9846460913
9847080148
9847317265
9847369774
9847470076
9847716128
9847920978
9946100578
9946880900
9947465611
9995083640
6238644998
6282420326
6379294606
7025585718
7406257183
7510848861
7539031064
7902977625
7907061041
7907389662
7907964676
8043583064
8075512822
8086310989
8089412208
8089595981
8089815696
8111906392
8111937806
8113086988
8113863383
8156853939
8157954629
8281237020
8547504269
8547546530
8547811517
8589855340
8590532638
8590982779
8606171923
8606652886
8941394747
9037810318
9037918281
9061084927
9072378033
9072380343
9400107004
9446925153
9496633457
9496853535
9496970468
9497457516
9526231895
9526912767
9539363194
9539468524
9539884546
9562106315
9562559652
9562579465
9567065920
9567092025
9567214164
9567235100
9605818429
9633359634
9633625888
9645285427
9656006449
9656041395
9656129613
9656832739
9656846658
9744407339
9744419293
9745133275
9745233601
9745843824
9745974595
9746310416
9746813174
9746827956
9746916871
9778483260
9809911789
9846187936
9847410288
9847718943
9946053352
9946058308
9946829440
9947015272
9947190394
9961763828
9961791193
9961898749
9995050081
9995472007
7025194765
9656431250
9446357543
9447577461
9746718618
9446976664
8589024990
8075053051
8547354773
9446606180
9048739998
9447605051
9496753562
9846112239
8589892086
8590699524
9645549733
9745474689
9946246955
7025105237
9447580553
7306908349
8075348763
8606587714
9447054154
9447604872
9544068647
9847053183
9947397877
6282194217
7558837131
7561808637
7736249364
7907510553
7907650112
8592946510
9037742471
9037772150
9526568074
9526578911
9544885824
9605270901
9605715771
9744289200
9778184461
9847189792
9847348668
9847359979
9847707131
9995776511
9072828608
9072844884
9447328286
9447731490
9495360772
9495931490
9746366521
9846344444
9995027955
9895881426
7356549897
9020101524
7736297130
9567298711
9446544779
8606339204
6238346648
8893304907
7736304591
9847874071
9995357220
8129497399
9995918470
8589972465
7356480182
8129609834
8289868001
9846322689
9567124858
7510897546
7902472418
8848305510
6238428783
8590797807
9061160186
9495819061
8281370679
9562829502
9847912551
6238759466
7025748872
7025748874
9747694410
919747694410
971552200954
8943737390
7902946529
8157980050
9544415546
6282466171
7510736546
7594883304
7736615159
7907159004
7907161102
8075811502
8086189499
8089396338
8089936726
8113943661
8139864993
8590404892
8590711594
8848136612
9207289957
9288098905
9388615840
9447347368
9497299317
9562853341
9565974857
9656756250
9961980402
7034916220
8593893745
9447777995
9746470339
9778594511
9961833745
6235634771
6282927990
7025086696
7025614677
7025805149
7025983933
7034248446
7306086205
7306088535
7306217649
7306346425
7306644061
7356875134
7510146523
7510163301
7558006954
7559096853
7736949089
8075210470
8157814695
8157828649
8281804286
8590476643
8590509652
8590945915
8592906391
8606048897
8921019881
9048252910
9074260406
9074821708
9074900464
9188383165
9207049334
9446521016
9447672221
9447826177
9447866797
9495813775
9496229569
9496234637
9496246467
9496247464
9496251049
9496253588
9496276039
9496277919
9526961224
9539263908
9539900159
9544362276
9567288069
9633101740
9656171525
9744783314
9744964363
9746971936
9778384332
9778519119
9846800600
9847700254
9895525532
9895603844
9946870970
9947176287
9961902760
7510425729
8547064966
8547772026
9447221960
8129463353
8593075143
9745927735
9074327623
9633625745
6235073834
7306314553
7510115195
7510450330
7736264290
7907019685
8139059018
8156974374
8590521773
8606521314
8606751207
8606936339
8848899052
9048046643
9074500409
9446608904
9446864103
9526915862
9744619581
9847213401
9946294232
9946902335
9633011956
9747694865
7306888696
8075631933
8078820639
8098093780
9074222748
9496752965
9497795411
9778232529
9809400200
9846300200
6361257241
7510738215
8075498464
8078547494
9446929075
9495736018
9496176767
9605659917
9747972760
7154446426
7306713342
7356740072
7736449575
7907560112
8075053085
8078859985
8089237950
8111949249
8129738225
8547521815
8547581634
8547881634
8590731214
8893586957
9037173615
9037315281
9037343997
9037715281
9037770057
9074392168
9188660354
9400593263
9446223240
9446553303
9446917134
9447567768
9526381623
9526800270
9539161876
9539360423
9544484382
9562800279
9567186859
9605084483
9605460256
9645141177
9645378903
9645664206
9656425048
9656623062
9656712006
9656820678
9711058342
9744018749
9744311850
9744323312
9744593761
9745425698
9745563987
9745849456
9745851594
9747508240
9747945208
9778039824
9846095179
9846194067
9947433640
9961082067
9961320579
9961895608
9526710994
9048661508
6282357569
9048129431
8304084927
9562405164
9744541136
9946461123
7306394109
9645343026
9744990825
9745665987
9946586821
6235390284
6238132665
6238369100
6238986128
6282801084
7012181041
7025069561
7025232921
7025675335
7034278464
7034823775
7356375926
7510628744
7559881061
7736367518
7902234128
7907104522
7907700217
7907963367
7909182952
8075342377
8075976309
8086031201
8086063406
8089243524
8129487750
8156824163
8281158522
8289897961
8547698037
8547940827
8590623199
8606048148
8606101128
8606473546
8714141042
8848041599
8848246034
8943473917
9020117580
9037371663
9048375011
9048830963
9074653910
9074691551
9207325335
9207971675
9249348352
9349392769
9388614382
9446067058
9446139204
9446529950
9447445610
9447602037
9447604099
9447761391
9495252536
9495514957
9495791419
9539173480
9656456860
9744525499
9744856406
9745058359
9745442413
9778167020
9847600714
9895446882
9946503899
9995886242
9656285015
6282986442
8281822141
7012479130
9400978668
9446995509
9447981338
9847296385
7902213516
7907208896
8281193849
8547268973
8592966382
9074510774
9400832905
9447091491
9645640412
9747783773
9847851436
6238025465
6238213709
6238826139
6282518848
6282532368
7012169430
7012571825
7012673715
7012982118
7025109694
7025669932
7034692546
7306170230
7306432909
7356883849
7510473881
7902778498
7907988272
7909142529
7909171140
8075188140
8078494503
8086304039
8086789193
8111958607
8281158860
8281446709
8281516585
8289854419
8590575617
8590863766
8592028905
8606530188
8848639086
8921461014
8921997964
9037573805
9061367801
9061921410
9207785133
9400452008
9400790140
9400990633
9446608898
9447209881
9447607434
9447613812
9447705715
9447822236
9447877245
9495012728
9495030038
9495414350
9496073250
9496181658
9496353192
9496418860
9496745855
9497027153
9497138295
9497194868
9497819006
9497892229
9544047840
9544756348
9656456167
9744052066
9744249095
9744771820
9745170079
9745971374
9778003457
9778558213
9778743246
9846988120
9847160229
9847461794
9895985932
9946969694
9961001391
9961073217
9961142377
9961217371
9961228353
9961316438
9961780035
9961959950
9995705230
7012447580
9539880220
9633606401
9746159802
9656137826
8078506254
8606889320
9447611809
8078425560
8086192560
9048842894
9249306741
9526859516
9567839277
9961159980
6235825190
6238018833
6238937297
7012503041
7025327469
7306409817
7559090759
7902238643
7902740397
7902864778
7994526993
8075130458
8078252952
8113938656
8547327059
8547496519
8606114687
8606306588
8921062241
8921508951
8921852290
9048204271
9048411048
9072770835
9207263735
9207271618
9207509204
9207917807
9249263735
9400286801
9446491988
9446864882
9496095585
9526348913
9526553057
9544023517
9645651599
9656665649
9745777049
9745781816
9747422794
9747464810
9946224140
9947164680
9995942094
6282178296
7012309581
8078369720
8281241337
8547704014
9447826184
9605055778
9744392337
6235270586
6238257099
7592921796
7994870057
8078350086
8086181462
8129209684
8281578440
8281946832
8590171925
8590514802
8891199434
9037876684
9074914675
9188672653
9188838658
9207359772
9249279515
9249718437
9267357468
9282409788
9287534802
9287974290
9288130537
9288450895
9400392154
9400490996
9446336326
9447108683
9447428758
9495060483
9495878306
9496217521
9496226069
9496226407
9496629158
9496793852
9497282993
9497442122
9544328284
7994648861
8086126915
8086416389
9061831960
9446609567
9446610470
9562837494
9744504476
8848896162
8848988543
8921175809
6238541090
7012117359
7558989529
7560841035
7560959962
8075992035
8086855013
8138894906
8547447205
8590859611
8606403436
9037785087
9074533604
9447823354
9495019657
9495169421
9495737625
9656371530
9747195903
9778165081
9778256372
9778394357
9847300151
9947613220
9947695407
6238727933
6238944858
6238992586
7034092301
7034517941
8075875288
8086888468
8089485556
8111859752
8281196101
8547004718
8590281434
9048026182
9072372180
9400867203
9447788305
9447827135
9447989642
9495491982
9526376171
9526703578
9526782627
9544248460
9544455118
9561418118
9645055171
9656055171
9656420863
9656645807
9744087821
9746681192
9747138428
9774871757
9847471550
9895385284
9895435945
9895851357
9946186789
9947471550
9995938099
7902396808
9562034108
9961150808
7306176398
7510724291
8606688118
9446418383
9447266863
9447875791
9562345535
9562805015
9744991721
9947577098
6235268478
6238027522
6238212840
6282812354
6282910751
7025837209
7306052281
7306208673
7306472793
7306848272
7510948954
7558839854
7594808497
7902578993
7902822063
7907173899
8075412874
8078521198
8113092166
8304883990
8547137635
8547619303
8547658976
8590506185
8592084950
8592939393
8593935104
8606117514
8848146269
8848990935
9037243683
9037417273
9061472448
9071365015
9072412645
9249266321
9400249687
9446564132
9447409401
9495111721
9495274779
9495454374
9496179010
9496319647
9496763140
9497161832
9497685790
9526451664
9526460232
9544098729
9544959975
9562100172
9562330492
9562405510
9562405945
9567077433
9605599051
9605621943
9633522704
9656992123
9744263754
9744375449
9744866682
9744910188
9744948823
9745137059
9745460246
9745466080
9747218296
9778195274
9778322811
9778793943
9947380334
9961072204
9961327661
9961757555
9961842101
9961921914
6238099312
8606349307
8921729741
9446441398
9544046469
9605319525
9847491004
9847515123
9847981004
9947618523
9961259969
9961494054
6238668591
6238870510
6282578037
7025090200
7025724840
7306330874
7306354453
7306388906
7356250218
7356305407
7558895078
7561845227
7736588259
7736713406
7736882821
7736962601
7902580015
7909220681
7994215378
8075680137
8078220215
8086085610
8086161427
8086464032
8113035646
8157990638
8281077093
8281549525
8547559584
8590350665
8590793099
8606165834
8921678715
9061250019
9387631503
9387913645
9446150856
9446802124
9496462265
9496745338
9496838169
9497797638
9526139542
9544485199
9562290840
9562898955
9562931656
9605047948
9605347503
9656665244
9746261810
9746323576
9846862592
9946725961
9946940085
9947222179
9947637735
9995572978
8078021362
8281703064
8281810956
8330048230
9446367362
9447006538
9447221689
9496292064
9497361689
9497520064
6238422410
6282637099
7012046843
7012719072
7025241392
7025590476
7025803806
7034271479
7034810662
7306252131
7559033731
7907787532
8075975064
8078024190
8111966512
8281548010
8281996798
8289831317
8304000794
8590327997
9048813968
9400039681
9400085555
9656096302
9656103421
9847303907
8547905129
9747694753
9747700109
6282923247
9074342273
9605194681
9605194684
9633985929
6282467963
7025370916
7034502765
7034928738
7306608012
7306908485
7510709668
8089782758
8281170107
8281565128
8301819174
8590347660
8606590530
9048265922
9048520414
9048707201
9207184134
9400127645
9447233891
9447509506
9447535393
9495421905
9496354073
9496355267
9496662798
9497708047
9544658419
9544860577
9562821679
9567878076
9567926256
9633068957
9656653020
9746181392
9746407256
9778139369
9847336683
9895171715
9895912695
9947929771
9961244962
9961829538
9961971708
9995262541
8113977697
9744036178
9947811581
8606192173
8606384586
6235097575
6235864383
6238003463
6238062519
7012014698
7025714467
7025809081
7034268283
7034280187
7306011329
7306049120
7306764626
7356418472
7510514591
7510603446
7559026461
7561051346
7592834977
7736188400
7907763853
8075937253
8086325776
8089538578
8113061486
8129386760
8137824758
8138850111
8156878743
8281333628
8281422939
8289874912
8289974166
8590214657
8590460114
8590481991
8592069161
8592965313
8848771054
8848950758
8943194679
8943375349
9048017151
9048203898
9048370099
9048646735
9048696685
9061016031
9061102579
9061140068
9074336185
9400546055
9400928550
9446812147
9446864961
9447530631
9447980422
9496158698
9497152231
9497177533
9497259860
9497679993
9497789742
9526374227
9526412196
9544321983
9544716136
9562622730
9562743359
9605252193
9605283683
9633057173
9633204653
9645808609
9656008644
9656286093
9656849620
9656924792
9744032057
9744209001
9744505171
9744745760
9744794936
9745716631
9747234520
9747517918
9747832284
9747857811
9846032448
9847939051
9947567608
9961090158
9961545233
9961837920
9961866542
9946585741
9946588772
9496799544
9446130740
8301966918
9947606356
6282129067
6282202349
7012517599
7306010931
7306124560
9037105402
9048731719
9544065873
9746924558
7025377448
7025377488
7736303349
8129235771
8156871929
8891999248
8921000510
9037179593
9048055091
9048132316
9048343351
9048819196
9188227964
9288758781
9526509553
9544594244
9562963570
9567480196
9605029831
9633065109
9656410300
9656567942
9656600941
9656910675
9741398425
9746440049
9746729984
9747261109
9747420557
9774844761
9778565662
9847062708
9847135599
9847537933
9895487470
9946390364
9947059578
9947387947
9961630107
9995785973
7034969288
7560875739
9446560049
6235405105
6238989441
6282272327
6282909983
7025222746
7034218898
7306451201
7306637235
7736670699
7902447737
7907045736
7907349958
8086080931
8281445603
8590459524
8590624288
8606365220
8606886954
9072087193
9446534638
9446601028
9446727526
9447916288
9495125716
9496250743
9496750733
9544376595
9544807887
9605693974
9645875130
9744522412
9778751547
9847338736
9847824263
9947496934
9947994595
9961388373
7012693640
8078008600
9061458040
9074490470
6282257479
6282329096
6282744260
7510758167
7592093029
7594092251
7736200478
7736678371
7902662905
7907092212
7907311420
7994342559
8075739219
8086334506
8129472100
8281253230
8281924896
8590580265
9020998587
9048732054
9249889383
9446688646
9446986916
9447376474
9447760693
9495129481
9526701963
9544948715
9567649369
9567975999
9656337405
9656457650
9656757267
9744286166
9744511834
9745536425
9745906464
9747099335
9747930611
9895497501
9895506032
9946146137
9947949195
8078818574
7012093479
7736547009
7907164866
9539348993
9745246009
9745987605
9746236510
9778083196
9995726113
6235438982
6238106240
6282046157
6282898597
7012304135
7293359115
7306180947
7306573131
7306866319
7560868416
7736962007
8086467547
8111927840
8281208057
8281279705
8281556915
8589935889
8590306603
8590643833
8592938859
8943919264
9048232939
9061989198
9207758948
9207845429
9207891463
9207896507
9207935889
9249938885
9387167188
9496761552
9526632407
9539323592
9539510516
9567632134
9605446228
9633538187
9656805310
9745412064
9745962173
9778537330
9846730536
9847213555
9895593770
9947051486
9947237247
9947703385
9947867182
9947934228
8547774666
8547776999
8590202822
8848079873
9446502196
9495078915
9539386696
9895262574
7034049213
7406066671
8086642925
8129861493
8547436356
8547471933
8593030475
8593053934
9447254650
9496781405
9656371865
9747340864
9846303182
9946152151
9946591941
9946755990
8590638036
8590795421
7306459953
6282943455
6235725852
8113949734
8590438844
8891333947
9400235175
9544068478
9746470685
9947260566
6235713218
6235735979
6282329607
7012051468
7306795144
7907427288
8281065567
8289965877
8589939450
8590877488
8891120865
8921808194
8943604660
9048063549
9048661796
9061745817
9074141113
9188239269
9207117750
9207180988
9539043866
9539952681
9562189262
9605107458
9605447645
9605485196
9605956329
9645717226
9744210785
9744488795
9744882474
9745651751
9745718106
9846968784
9946174790
9947318828
9061242258
9446213260
9496491260
7907198657
7994366914
8547639774
9544378963
9744574006
9745842535
9745942911
9745978573
9746488316
9747004136
9747198254
9747216693
9895447031
9961187732
7025804141
7510335804
7558879038
7558879634
7559079596
7559846939
7560989773
7902871746
8590434798
8590743359
8943458500
9048804491
9061514074
9207499481
9207667043
9400169774
9446887300
9447587227
9495066856
9495592677
9496494588
9496528198
9497186677
9497216066
9526941014
9562835238
9645178649
9645917381
9656120315
9656422474
9746187227
9747044814
9747280366
9778062612
9846861365
9847223791
9847580794
9961627099
9961655837
9961943664
7560968266
8078473351
8590012747
8592964395
9188340712
9526491978
9961906414
6238259775
7306523933
8281139517
8590614649
9188035382
9400178656
9447314538
9562277382
9605065702
9747688746
6235106761
6235438395
6235669532
6282668172
7012531366
7510570580
7559010777
7560942926
7561047340
7736188165
7736600951
7736762897
7902487910
7994228931
8078752767
8129556358
8157025669
8157848557
8281371124
8281601262
8330047627
8547265550
8547731412
8547803115
8547895227
8590566326
8590725681
8590989728
8606666396
8848321531
8848343381
8848424726
8848580380
8848586044
8921855157
9048163309
9048466946
9048598177
9048865617
9400108488
9400985613
9446563452
9447068916
9447745358
9495462088
9495535314
9496330013
9496354130
9544046760
9544133992
9544194409
9544487189
9544847144
9562683066
9567432771
9567582819
9605427983
9605807825
9605810354
9656631417
9656795100
9744371914
9744550720
9744583385
9744987900
9745728212
9745800894
9747631863
9947101676
9947331951
9961887576
9995998498
8848147243
9495194442
6235989106
9847691941
7012738181
7025189021
7559933443
8606268289
8606363514
8921088893
9072742123
9447611852
9526174232
9526859639
9526913467
9562851346
9605213595
9744837052
9847424638
9947840057
6238210231
6238507246
6238591849
6238638539
6238668846
6238701166
6238828924
6282089911
6282567723
6282896631
6282962019
6381598717
7012375811
7012934285
7025245649
7025718025
7034110344
7306718217
7356619660
7356943433
7510312811
7510797107
7560980183
7561804201
7592956022
7645885107
7736784853
7736800994
7736858025
7902889560
7907106205
7907552828
7907561727
8075478187
8086001642
8086328286
8089262013
8089543003
8089573151
8089687463
8089882740
8139846196
8156922114
8157013128
8157092376
8157835476
8547559082
8590423362
8590573886
8592884271
8606361876
8606398660
8667543601
8714077943
8714271972
8848986086
8891667775
8921626599
8921884585
8943591127
9037451174
9037465219
9037626299
9048585878
9061133896
9061146867
9061260723
9061601093
9061677573
9074700294
9207682047
9207957433
9400108334
9447827524
9495807494
9496410170
9496452387
9497649136
9497791369
9526051559
9526298263
9526972737
9539102751
9539516458
9539811419
9544137025
9544312132
9544358940
9562833556
9562857605
9567432397
9605342490
9605708925
9605719329
9605809341
9633236798
9645204142
9645836531
9656151833
9656342319
9656564605
9656597516
9656688082
9656902598
9744038539
9744218945
9744868409
9745950657
9746651681
9747383281
9747399337
9747595985
9775890998
9778022032
9778236524
9846075948
9846275320
9847214709
9946356740
9947239077
9947742750
9947796313
9947832101
9947855259
9961643755
9961833875
9961859365
9995011174
9995810146
9995957704
8086261656
8281945099
8301068556
8547929874
9061820905
9446131741
9446928556
9497151874
9497673877
9544606749
9605077398
9605617627
9656192139
9744196759
9744844348
9747111650
9778521484
9847328556
9895479899
9946096975
6235566439
6235727692
6238323674
6238796419
6238912736
6282661183
7012098239
7012684142
7012731697
7025154817
7025353368
7025782222
7025953751
7034329761
7306148407
7306525080
7306553273
7306867858
7306989420
7356367029
7510447069
7558914275
7559883841
7561006582
7592039704
7592096348
7592931438
7594015473
7736221823
7736461300
7736965842
7902244057
7907536036
7994363380
7994597190
7994598719
7994872855
7994959152
8075171733
8078842792
8078940640
8086288440
8089636934
8089694518
8111824709
8111867056
8129333070
8129493254
8138056674
8139875028
8156857894
8157099495
8281002507
8281691612
8281774056
8281774156
8281949050
8289916581
8330079941
8547117105
8547220502
8547231553
8589053928
8590110867
8590366012
8590369076
8590489497
8590542637
8592089947
8592804579
8593831605
8606056784
8606699555
8848030589
8848686635
8921282872
8921856011
8943067392
9037574233
9037715383
9048455371
9061152336
9061953543
9072385254
9188140247
9188171912
9188827955
9207614236
9207698246
9249334288
9388867417
9400254103
9400988604
9446243433
9446512793
9446687024
9446687121
9446975866
9447421888
9447590141
9447613722
9495041638
9495790078
9497086572
9497622952
9497668302
9497803641
9526030036
9526144665
9526163455
9526405904
9526413130
9526502787
9526538509
9526942003
9539297746
9539690525
9539744904
9544060603
9544277635
9544290834
9544549055
9544579432
9544581647
9544646698
9544649547
9544753133
9544781564
9562023708
9562120706
9562395509
9562679879
9562786927
9562865816
9567085604
9567131960
9567136489
9605019243
9605027591
9605034282
9605214477
9605327183
9605641449
9605823643
9605886159
9633133870
9633190438
9633316038
9633756066
9645141921
9645420446
9645466684
9645602818
9645790700
9656124060
9656183664
9656445276
9656448736
9656583426
9656592692
9656654104
9656705649
9656766790
9744099001
9744189625
9744336380
9744495529
9744577285
9744627524
9744782444
9744922808
9745068737
9745145042
9745710503
9747202052
9747217276
9747414210
9747959699
9778047105
9778480206
9846232195
9846693665
9847757456
9895886338
9946184627
9946332398
9946607473
9946631748
9946721953
9946726183
9946991518
9947048553
9947087389
9947113430
9947281201
9947348342
9961096423
9961451159
9961496610
9961863502
9961952882
9961960142
9995235926
9995769342
9995969906
97462430240
8590580124
7510136016
8086982559
8281255671
9048981070
9072063875
9605223474
6238963795
6282606021
7025190057
7025988364
7594011474
7736331169
7907785431
7994770344
8086143839
8086559589
8089120135
8129214552
8129451430
8136931563
8138891028
8139033709
8157043822
8589071703
8848758596
8943689034
9048359201
9048602728
9072276659
9074366052
9400095198
9446488517
9446578492
9446734624
9446795778
9446806954
9447422929
9526174139
9526895032
9539161083
9562057278
9562853340
9562964952
9633908430
9656974857
9745272772
9747385979
9778370812
9946039940
9744177904
9947297430
7025822664
9846846221
9744739207
7902427490
7510238779
8943361759
9447823079
9496647905
9605466347
9747961759
6238199467
6282414805
6282466941
7012369425
7012590280
7025256572
7306706534
7356874166
7559845641
7559947349
7560905788
7590341147
7592939392
7594954787
7594996384
7736675445
7907635955
7907986411
8075233925
8075286579
8075360790
8086049834
8129234669
8589885467
8592006249
8714012770
8848066062
8848246378
8943861933
9037209549
9048505476
9072587896
9074866851
9183020000
9188496722
9207200542
9207418553
9400234807
9446804918
9447309834
9447990737
9496230267
9496479157
9496950867
9526022028
9526152605
9526856540
9539620149
9544636736
9544792238
9544838056
9562747866
9567383801
9605130069
9645567736
9645790447
9656136448
9656436695
9745036933
9745427074
9745840524
9747472503
9778039368
9778374528
9778598656
9846621174
9847054320
9847315721
9847315751
9946423830
9946949980
9947282207
9947858638
9961146095
7012809605
8156840646
9744721906
9747692521
8606351692
9656586665
8590917479
9495526918
9847034091
6238824225
7025298897
7034076105
7306524264
7356515773
7558025135
9207755565
9400170709
9446212419
9495836826
9495839280
9526136904
9526207042
9526216499
9526543422
9544536825
9562699611
9605256288
9747458048
9847906036
8848666735
9400564741
9497292063
6235620070
6238549467
7025960835
7356870783
7400564741
7510244273
7558913498
7736707618
7902467149
7902504370
7907360400
7994768961
8129008631
8129789329
8157033330
8157046367
8281824480
8281902655
8590269089
8590625711
8606795627
8606799131
8848178231
8921227763
8943189473
9048423602
9074506388
9207330313
9400520671
9400527229
9446550263
9446579218
9446583583
9446588250
9446605184
9446612805
9446671889
9446673145
9446684513
9446687953
9446719968
9446734869
9446740695
9446741140
9446741796
9446806631
9446827963
9447853103
9496890111
9497047041
9497296367
9526128052
9526609523
9544056372
9562929125
9605089121
9605374452
9656003964
9656052949
9746943497
9847541143
9847598534
9895156477
9947198443
9961135394
9961511005
8590340242
9400484657
9400667014
9446653570
9446654368
9496410599
9567444610
9656494416
9778218428
9383494953
9747559618
8281192781
9400052171
9895686827
9946224938
6238934721
7012171922
7025023978
7025421074
7034667370
7306149844
7558896021
7736256702
7902602796
7909247105
7994091042
8078214890
8078522869
8078794373
8086809585
8111875641
8156880565
8281271504
8281385842
8281408411
8304921936
8304952293
8547042770
8547220154
8547858045
8547955713
8590483720
8606470709
8891989743
8921558838
8943242936
9048601172
9048791636
9061712918
9061747489
9061856119
9188393614
9207400925
9207653495
9400643826
9400662820
9400847761
9446189247
9446551401
9446696432
9447148590
9447202958
9447726170
9495066799
9496352119
9496545207
9496861195
9497041229
9497288566
9497395467
9497490420
9497706254
9526985520
9539712783
9562039023
9562882651
9567486293
9645418103
9645735919
9645786925
9656167811
9744360969
9744571083
9744586054
9744623971
9744637165
9745748122
9746211834
9746375990
9747248122
9747290636
9778071316
9778797414
9846009016
9846182108
9847347157
9847406070
9847632609
9847735098
9947021822
9947341889
9961353659
9961533826
9995043826
9995785563
8606268228
8921350996
9446672824
6238052053
7907558616
7907620849
9526862401
9656949487
9847093065
6235709065
6238361413
6282554664
7012287792
7025436799
7306388948
7306649049
7510296771
7510636523
7510703193
7510722992
7560865498
7902629421
7902798274
7902838466
7902920559
7994555490
7994636795
8075132178
8089150361
8113058194
8157071792
8281591638
8281831146
8547284852
8547807525
8590313597
8590537533
8590918005
8593083113
8921989240
8943776243
9048193123
9048465848
9048596726
9074124625
9207201667
9207283483
9207341205
9322197405
9400470676
9400480138
9400730855
9400916336
9446093661
9446651094
9446939831
9447102197
9447237101
9447349604
9447808357
9496946407
9497296525
9497414272
9497544480
9497654540
9497781031
9526178556
9526652942
9526672682
9544066719
9544066761
9544343374
9562543288
9605076217
9605240626
9605277603
9605762252
9605765122
9633206169
9645049725
9645528357
9656144058
9656167338
9656521844
9656863605
9656889987
9744743170
9744943071
9744952844
9745507167
9745630515
9745978200
9747175669
9747327556
9747386128
9747902932
9846995353
9847128900
9847140410
9847140470
9847273295
9847541805
9847601187
9946093100
9946806653
9946806663
9946904833
9946950986
9947060872
9947141067
9947834431
9961174441
9961174494
9961407090
9961514284
7510802660
9846266821
9895255204
9447114156
9544661823
7559007788
9008396206
9605852265
9847801456
9961376048
9961376084
9961376094
8943734222
9074680247
9388203734
9947468142
9074751357
9495222462
7902278243
9496607843
8848888239
8547572676
9544056084
6238134820
7020277010
7025753120
7034877901
7336963951
7356529747
7510231293
7560982102
7736132905
7736782981
7736928064
7907148864
7909212494
7909232130
7994395142
8075896996
8086375412
8089667783
8111924933
8129045337
8136874923
8139069521
8157038450
8590434609
8590676866
8590766067
8606318754
8606783530
8606862341
9037207677
9061450186
9072476903
9072975651
9074155950
9074541216
9207834071
9400561455
9446660764
9495911140
9544355331
9544766105
9562138680
9562348047
9562354761
9605002455
9605151106
9605469573
9656072657
9656224517
9656309127
9656628568
9744311300
9744750630
9746489721
9746618578
9746634045
9746781508
9746953604
9747471312
9747829467
9778138796
9778194328
9778331914
9778386071
9778775442
9846929543
9847114612
9847544202
9946090715
9946260174
9946429854
9947003944
9947174434
9947645433
9961270933
9961305571
9961388966
9995183822
9995455338
9048746629
97455796560
9895774668
7510108414
8078074055
8547151388
8547277041
9447487069
9495905069
9496327792
9562945972
9633101389
9744897481
9895343563
9947364536
9961461879
8943171992
9400559256
9495325614
9061447781
9400953774
9497591114
6238147008
8129963347
9605806543
9961947887
9074463592
9605038112
8086851064
9072954893
6282118891
6282432689
7356875215
7560855583
8086398551
8089245735
8089371920
8606289902
9526539877
9656695503
9747140966
9846614504
9895113861
9895427279
9947649406
9995229670
9995799869
9895033447
7736879218
9539553466
9544151534
9567550860
9633286059
7025120203
7025439856
7356669665
7356959471
7510348853
7510833269
7558838710
7907189376
8089264621
8129261328
8136815226
8547873208
9020652772
9037773120
9047002197
9048491774
9061597959
9061770966
9074845102
9139838878
9142063167
9142195180
9446747013
9496014144
9496756109
9526641522
9526969274
9544160211
9544232701
9567841830
9605230095
9605640384
9744315836
9744868371
9745388176
9746034760
9778501798
9847467925
9895140226
9895465308
9946961048
9947616654
9961084536
9961093688
9961871830
9995239468
9633427021
9074916922
9747691641
8078255628
8606940535
9544397240
9895767401
9946631705
9496522820
9656709067
9895375027
7034385018
7902839124
9496167870
9744806616
6235049631
6235073356
6235423870
6235426293
6238382450
6238507768
6238918303
6282918246
7012267779
7025168246
7025339729
7025387615
7025404535
7034293340
7510585364
7510837686
7560966293
7561071334
7561075412
7591994820
7592939087
7593091248
7902485296
8078134809
8086006262
8086082954
8086107623
8086138296
8086626294
8129087632
8129119951
8129952640
8137965684
8138072931
8147285727
8156927665
8157832274
8157877698
8281090263
8590260355
8590892543
8590994413
8592945681
8594073695
8606190957
8606440274
8606643461
8943164985
8943203489
8943929009
9037802188
9048132193
9048267769
9048822190
9061149057
9061567101
9061857015
9061971678
9072511788
9074132621
9074137581
9188266250
9188342968
9188426178
9446113900
9446142910
9495367280
9495444597
9495734877
9495938626
9496108551
9526110625
9526273145
9526356425
9526417990
9526434686
9526439328
9526677783
9526726940
9539349958
9562091027
9562105963
9567591832
9605139478
9605224061
9605286145
9605290682
9605728190
9605731040
9605780869
9633578959
9633904293
9645463669
9656323898
9656804599
9744854684
9744942867
9745817256
9747574605
9747584065
9778004746
9778091814
9778471960
9846520833
9846833438
9846843831
9846848880
9847535296
9847882952
9847890807
9946015658
9946518252
9947741926
9947905410
9961288311
9961667286
9656921308
9895239729
7025631667
7306659175
7356373023
8156963961
8590858152
9556819853
9633632283
9656682853
9847585604
9947539763
9400633421
9747601549
6238951067
6282304638
7356993415
7510475891
7510565271
7593908843
7736723761
7902298324
8075491819
8086151998
8086452261
8086818906
8089402064
8138882453
8606501899
8714583417
9207812880
9446717917
9447066044
9495744157
9496188727
9496289105
9526505885
9544365740
9562800154
9746582728
9809924904
9846499025
9847364903
9895284362
9946350776
9947330219
9947397292
9947452122
8281273731
9497300927
8281409081
8547220133
9048058216
9048598420
9446165831
9447641086
9495067192
9495151055
9497837912
9526272542
9544136109
9544497295
9562752802
9605215804
9645337833
9656671086
9744820133
9747671432
6235539589
6235690348
6235736691
6235749045
6238189541
6282724698
7012135136
7012285833
7012363520
7012888156
7025103072
7025104114
7074292466
7306274402
7306663900
7356289622
7356402613
7356693619
7510164395
7510304116
7510624384
7560897613
7561030097
7594901800
7736003530
7902366883
7902649973
7907150132
7907223960
7907636456
7907952706
8075095293
8075686781
8078040464
8078258274
8078317298
8086295608
8086397527
8113007950
8129071593
8129243190
8157036674
8281714328
8281715779
8281840308
8281966550
8547088581
8547615170
8547657619
8547672639
8547969006
8590395323
8590462554
8590490371
8590691682
8590968678
8592976951
8606447413
8606745521
8848892970
8921544985
8921715011
8921774648
9048846374
9061126311
9061315697
9074348575
9400453671
9400690728
9400755117
9446461550
9446696714
9447401976
9447536106
9447588853
9447853108
9486658545
9495647757
9495723890
9496137793
9496191033
9496241544
9496270787
9497232423
9497379899
9497564271
9497634838
9497765421
9497765575
9526491092
9526688610
9544050613
9544063791
9544151197
9544930970
9562581365
9562754038
9562803378
9595172045
9605339405
9656042452
9656176257
9656834014
9744104334
9744775595
9745357292
9745657506
9778062726
9778252899
9778332895
9846150917
9847089611
9847376854
9947560164
9947872036
9947881365
9961173876
9961412021
9961592158
9961976951
7025037310
6282155321
7012953332
7356145754
7736792924
7736803220
7736803482
7902587457
7907547636
8075342506
8113952617
8136959140
8606081204
9061233179
9188156085
9400034435
9400118386
9400505248
9446676913
9495430544
9656378769
9656521738
9744259135
9744266059
6238987068
8714162129
9744027400
9846648129
7025383971
7034266700
7034483016
7304266700
7306552616
7510354527
7560838274
8129931487
8943020491
9048412781
9048775010
9207757617
9400397383
9446674446
9447265566
9495370372
9496105942
9497697639
9562679611
9645596200
9744072264
9744840698
9747837105
9778519380
7025441467
9656481371
7907262903
7907284897
8048270548
8075735692
8075892676
8078161231
8281252052
8547178372
8943272944
9037081101
9072349838
9400039062
9400043523
9400080060
9400086377
9400125361
9400125743
9447646350
9526065866
9526773935
9539251257
9539270249
9539700331
9544108921
9544207121
9562306405
9633238228
9645792681
9745987065
9746872188
9747163148
9747395995
9747709629
9747760668
9995058874
6282926388
7594083158
7736735090
7994277269
8075677543
8089148430
8137977318
8281079426
8590665140
9846539955
8086105749
9526076123
6235294840
6235893412
6235905578
6235924983
6235987938
6238069918
6238540392
6282522616
7025544692
7025773557
7034328551
7034698352
7034785903
7034897054
7306222205
7306382247
7356991613
7510380350
7510442014
7558015083
7560878470
7591930274
7736705175
7736763652
7736854137
7902238019
7902558235
7902598301
7902674181
7902743521
7907273629
7907959971
7909173629
7994336709
7994734176
8075309610
8078747193
8081945700
8086173484
8089909137
8113994745
8138991740
8156972921
8157068560
8157892937
8281054048
8281092116
8281271573
8289836711
8301066472
8301993909
8547223873
8547351574
8547558441
8547655793
8547696636
8547810358
8547854616
8590081954
8590186118
8590222868
8590369780
8590423592
8590484201
8590707537
8592056856
8592880350
8606011099
8606038542
8714189976
8714421823
8848147135
8921794690
8943428511
8943692850
9048068633
9048535561
9061589035
9061655113
9061699251
9072744964
9074024390
9188386785
9188533009
9188553495
9188763108
9207348284
9207476856
9400100059
9400100985
9400457343
9400605484
9400666962
9400960925
9400966529
9400968816
9446350308
9446433587
9446656409
9446673271
9447208723
9447230843
9447401443
9447471161
9447670676
9461480596
9495029933
9495161409
9495176010
9495412208
9495433275
9495501126
9495576144
9496702765
9496727067
9497015027
9497505776
9526429532
9526761167
9539179041
9539582456
9539908202
9544060411
9544337347
9544337353
9544419785
9544528802
9544535919
9544538153
9544542143
9544559484
9562426470
9562674089
9567735561
9567802977
9567810561
9567915198
9605035206
9605188518
9633112503
9633112508
9633620881
9633623793
9645243537
9656167644
9744012806
9744037806
9744128324
9744195681
9744518538
9744677969
9744804593
9744874543
9745172572
9745297209
9746559733
9746682360
9746986951
9747207918
9747270671
9747306546
9747311101
9778009465
9778046886
9778409648
9846200242
9846670977
9846779085
9846857208
9846886947
9847195831
9847245060
9847291894
9847329778
9847749697
9847839396
9895073481
9895375425
9895602136
9946117731
9946608510
9947087291
9947566208
9947810193
9961513973
9961993893
9995337391
9995901081
6282867907
8848753260
9496923372
6235367757
6235785236
6238039049
6282816123
7025350962
7025406400
7025892977
7034153021
7306855247
7356576485
7510385015
7510952678
7558039089
7558825084
7902361554
7907680468
8075139212
8075471598
8078053389
8078249221
8078823866
8086763324
8086886450
8129967120
8157068670
8281238116
8281977035
8289848350
8590776381
8590866347
8593928019
8891786991
9037059969
9048746145
9048817310
9048994260
9072025457
9074285256
9074633894
9287342848
9400875633
9495739942
9495914183
9497005267
9497626579
9526119375
9526953381
9539848785
9645322791
9645993403
9656843154
9744229261
9744498084
9744585451
9744821814
9744935322
9745287503
9745801295
9778226798
9809544417
9846193030
9846549557
9847451703
9847501779
9946029177
9946452969
9947274624
9947692187
9947762239
9947808312
9961053579
9961717625
8590910691
8078409615
9446651012
9497842052
9747117810
9809510543
9061765966
7025501053
9526645661
7025499241
9744648166
6235135960
6235798119
7025001877
7025921663
7510352246
7510435752
7510903896
7558823722
7558942842
7559015142
7559981937
7592080245
7593025471
7736379933
7902218119
7902269421
7902656376
7909104402
7909169506
7994614144
7994682946
7994808145
8075672061
8078038903
8078052208
8078999505
8086496378
8089269682
8113035659
8113876520
8113923976
8129083607
8129202633
8129325934
8136832602
8157002648
8157800776
8157846414
8157920731
8281074785
8281699233
8281723058
8301901082
8547072985
8547195756
8547220063
8547421843
8590085284
8590520991
8590525705
8590662735
8590670060
8590776559
8593007341
8593021708
8848074626
8848560139
8848834641
8921768954
9037448898
9048914830
9048998436
9061265071
9061407526
9061961590
9072719312
9074564617
9074821655
9188140782
9188230039
9188503283
9188607451
9207605661
9207769809
9400540271
9446062700
9446632100
9446729215
9447364677
9447483279
9495416891
9496452959
9496705365
9497728714
9526336272
9526797032
9526812095
9539575186
9539723137
9544000460
9544051906
9544150738
9544225552
9544783599
9544845212
9562106181
9562351026
9562845082
9567127253
9567314341
9567667985
9605019318
9605062166
9605170959
9605411120
9605435260
9605963183
9645158834
9656205788
9656292932
9656485259
9656521291
9656531959
9746056147
9746288185
9747146797
9747224047
9778371590
9846528855
9847868354
9895416152
9895752108
9947347629
9961968866
9995703887
9847405790
6235029287
6235131716
6238408206
6282411102
6282534793
7025024828
7025115333
7025315361
7306590947
7356126710
7510782639
7559949497
7560910926
7592882999
7902513670
7994733215
7994913470
8078708288
8086206376
8086632093
8113876896
8139058936
8301845116
8606007366
8606723232
8891275058
8921897614
8943074915
8943680562
9035004646
9072709264
9188081635
9207808670
9388999775
9400130384
9447238401
9495542939
9496142847
9497162829
9497468310
9497852568
9526328912
9544739698
9562479292
9567930852
9633339123
9633929333
9645615431
9645731412
9656130410
9745324097
9745774639
9846640392
9846947579
9847837206
9847929220
9895191229
9895459626
9946633105
9961653420
9995035893
9995210815
8078474606
7025919213
8281604280
8547255720
8590746421
8606079207
8606531820
8606594575
8714286334
9037546659
9446633995
9447663996
9495379006
9496404889
9497749831
9526180935
9544068703
9544643360
9562146898
9562154240
9562317825
9605241805
9633029371
9656447044
9656921749
9747183672
9747223951
9895728051
9633292347
7907607832
9847210239
7510269146
7558920805
7909103819
8281881276
8289926950
8590528606
9446296177
7736803236
9400053171
9496708989
9747211618
6238101236
8547711138
6235584068
8086627170
9048967440
7339658399
7356639940
7356858297
7366301805
7736919958
7909100467
8075421143
8089219790
8129928885
8137096266
8157061332
8281150808
8606050715
9400540657
9526643870
9526826383
9656530330
9656591400
9947789631
9947896683
9995291722
8129239625
9562368155
9895912416
9747581680
9847030563
8075245067
9544849022
9496467764
966563813989
7558989714
7907038276
9539855905
8848549277
9496900449
9656942977
6235622367
6282986087
7025593971
7907325664
8547496143
8590522086
9142848275
9446679969
9562584007
9605012757
9946024092
9961685070
6282040428
9207686595
9562323643
9746189417
9747104812
9847200379
6238129296
6238235455
6282260701
6282509840
6282670541
6282837599
7012737115
7025922306
7034324014
7306510951
7306798988
7306952194
7356376823
7510231876
7510984408
7559069781
7559083182
7561857582
7591943820
7592806567
7592864088
7594094322
7736309149
7902546588
7907846695
7907986680
7994286962
7994880240
8075373754
8086158100
8086842072
8089491625
8089755219
8089860417
8113929432
8113989624
8137862154
8156937443
8281588317
8289785986
8301028986
8301888918
8547127278
8547429750
8589884042
8590832070
8606113041
8606649935
8891945001
8921464893
8921659122
8943201169
9037046525
9037457349
9048354622
9061140392
9061773211
9072410621
9074318374
9400113574
9400257736
9400719997
9446166283
9446660864
9446912715
9447213242
9447307350
9447321990
9447326384
9447419818
9447677778
9495469262
9495496482
9495766898
9496014984
9496988720
9497081605
9526050029
9526642008
9539582373
9544152389
9544426453
9544465501
9562741653
9566973242
9567950448
9633345001
9633382875
9656076933
9656149744
9656224192
9656494740
9745175418
9745384011
9745555091
9746395333
9746925531
9778148462
9847157900
9914651538
9946942340
9947299146
9947376082
9947624651
9947891719
9961037568
9961221217
9961265901
9188843605
9605747605
7306379345
9446657640
9495197640
9544393049
7034726844
7994391104
8113825361
8157038033
9497017699
9633909878
9947938033
8590339492
6235884810
6282173629
6282303684
7012559590
7012874523
7025201190
7025399127
7034306763
7034835310
7306348523
7306501899
7306704109
7306838647
7510642025
7558849132
7736183103
7736205280
7736276833
7907042721
7907725332
7994681745
8078073127
8129700800
8138833078
8139016688
8156843941
8156853962
8157918957
8547367786
8547628119
8589810671
8590833173
8590901198
8593002200
8606057060
8921061950
8943329111
8943473597
8943599596
8943618567
8943920720
9037681576
9048578348
9048961430
9074333268
9207407247
9446643591
9446728720
9447269329
9447541058
9495755124
9495801470
9496502925
9497731077
9497825688
9526888021
9526894249
9544612613
9605486071
9633491946
9645512661
9645709923
9656183151
9656996963
9745641480
9746586349
9747325013
9747700945
9847746033
9895388320
9895508199
9895523236
9946065889
9946322234
9947298129
9947466072
9947700153
9995353926
9847019990
7907073635
8086036292
9048141844
9207253581
9496028158
9633539455
9746825865
9995293325
6238968420
6282609108
7907708514
9544047556
9745492954
9207497764
6235219586
8075165445
9400713356
9961175931
6235743807
6238117789
6238484621
7025594849
7025954307
7306348353
7416980262
7510294570
7510669115
7559861465
7561038776
7561864723
7736477506
8075256579
8075923898
8078550657
8111977737
8113884368
8129166301
8138800949
8157815384
8281339974
8281862833
8294791742
8330858043
8330879078
8499988727
8547484373
8547499418
8547890285
8574799146
8590434250
8590647405
8590752543
8606036569
8606688679
8714370875
8848361686
8848731052
9048817570
9061637981
9061942025
9074657856
9400559156
9447903228
9495150247
9495840828
9496082636
9496167275
9496515239
9496517792
9497109118
9497510721
9497604780
9526044300
9526106556
9526595498
9544264166
9544331149
9562108269
9562586470
9562764865
9562906356
9605682576
9605832262
9645136270
9645158797
9645753140
9744106356
9744192271
9747567481
9747808481
9778344822
9778364933
9846759949
9847357318
9847961971
9895851579
9946070461
9961572453
9995734459
8089478816
9446678816
6235193978
6235384570
6235771053
6238042024
6238091455
6238523170
6238956817
7012275604
7012427671
7025399843
7025430083
7025448609
7025524197
7025960658
7025991592
7034493539
7034521031
7034534285
7034585160
7306041727
7306451824
7306556482
7510161715
7510206593
7510393136
7510461076
7510671516
7510688613
7510772962
7559910047
7592843463
7593060334
7594955042
7594955417
7736139977
7736985145
7902218930
7902219766
7902843223
7907564705
7907809036
7907922552
7994329859
7994632933
7994720117
8075232968
8075279950
8075430775
8075685049
8075694764
8075752789
8078002286
8078092754
8078110281
8078381823
8078720460
8078733102
8078867191
8086159865
8086271564
8086284507
8086365052
8086372077
8086470428
8086514742
8086546689
8086598054
8086640716
8086754095
8086849571
8086868041
8089266558
8089424458
8089732469
8089898584
8111818689
8111849313
8111939225
8111970021
8113821230
8113829127
8113931789
8129074705
8129521879
8129524162
8129644536
8129654293
8129729605
8137056912
8138839919
8138954630
8157907645
8157963750
8197616430
8281029039
8281194389
8281224414
8281500957
8281593289
8281616542
8289912467
8289970515
8289974465
8301997862
8304058954
8304879174
8304958262
8304972169
8304982807
8304992096
8547794759
8547797333
8547959032
8589037262
8589094262
8590031667
8590214085
8590315741
8590327194
8590397484
8590467920
8590619032
8590663846
8590674282
8590927471
8590928884
8592948618
8592970887
8592986430
8593035701
8593820943
8606659530
8606731673
8606805987
8606812179
8606826745
8714222725
8714701245
8848068402
8848311531
8848381637
8848586741
8848586747
8848894990
8891729851
8907456462
8921019253
8921784767
8943478555
8971763295
9037288558
9037480038
9037626039
9048162511
9048222736
9048436464
9048500944
9048602473
9048694437
9061136244
9061158024
9061206542
9061233500
9061327996
9061516153
9061835773
9061855286
9061866790
9061982253
9072022718
9072092194
9072155384
9072924966
9072973019
9074199384
9074393074
9074697686
9074754672
9188207218
9188685256
9207123552
9207252701
9207384240
9207505065
9207591610
9207617749
9288009152
9383425313
9383457475
9387859783
9400258863
9400434964
9400472055
9400476404
9400606044
9400634898
9400649165
9446118786
9446157703
9446267293
9446267352
9446459736
9446462023
9446650944
9446650957
9446657584
9446675183
9446736953
9446959558
9447104683
9447265732
9447584283
9447686469
9447706372
9447769527
9495070694
9495090991
9495187643
9495320485
9495348979
9495459662
9495518555
9495565601
9495716358
9495779569
9495846201
9495943791
9496007139
9496022977
9496051483
9496363584
9496390870
9496409283
9496543533
9496543790
9496595975
9496673976
9496818876
9496834996
9496852478
9497129616
9497177827
9497309171
9497353978
9497450693
9497476741
9497601329
9497840691
9526044098
9526422354
9526473656
9526606976
9526626724
9526644710
9526744052
9526918230
9526936882
9539008425
9539146961
9539335564
9539364583
9539435431
9539439133
9539513087
9539582357
9539855029
9539943705
9544130440
9544219410
9544482219
9562100286
9562122971
9562145505
9562273474
9562333057
9562447168
9562860458
9562890807
9562963670
9567338293
9567412147
9567533071
9605115817
9605206112
9605702486
9605719534
9605765983
9605768276
9605777162
9605967617
9633044924
9633402258
9645086243
9645125396
9645200356
9645609172
9656065223
9656210617
9656365148
9656388620
9656514876
9744090630
9744124083
9744533931
9744602218
9744817215
9745348708
9745726241
9745821977
9745868558
9745882314
9745935620
9746083836
9746619946
9747381865
9747387757
9747394724
9747397783
9747919894
9778073614
9778334420
9778360631
9778547238
9846054352
9846078032
9846148816
9846365044
9846440126
9846527371
9846572579
9846592696
9846594805
9846835394
9847175124
9847437424
9847453900
9847555131
9847756788
9847846385
9895781005
9946005778
9946122264
9946391951
9946419809
9946441244
9946474850
9946487162
9946551625
9946554776
9946592955
9946716503
9947172379
9947478152
9947505684
9947538472
9947880339
9947893539
9961078305
9961173744
9961496334
9961528952
9961764363
9961863478
9995295388
8129932924
8281287175
8301863400
8304001777
9400477274
9446143400
9446575250
9946860857
7025400688
7994775019
9446721865
9846066798
9847735558
7012369254
7736766075
9400365890
9645821890
6235146307
9072406231
9645261640
7907305472
9605708547
9747130767
9747934667
9846840388
6238608720
7034500057
7306420184
7558949313
9048496732
9207934148
9207939460
9207940186
9207941363
9207942627
9207946574
9207991513
9249269208
9249301179
9249308821
9249597168
9249722494
9249799521
9249942292
9249965484
9497861194
9539341518
9539999732
9544653210
9605134933
9605345328
9605680068
9656245573
9656254891
9745482560
9745757700
9745951542
9946967028
9947901172
9074021543
7907609188
9539445810
8139007428
6238743378
7034702675
7736572845
7902937230
8281597867
9380952775
9400466042
9400597435
9446467341
9446696862
9447486388
9482278622
9495071323
9526056884
9544110117
9544221036
9544813136
9562468265
9562550317
9562775585
9744072441
9744624674
9745292266
9745317249
9745414755
9745751448
9745789634
9746927133
9747755517
9778375770
9778523863
9789948398
9846909666
9847176285
9895136169
9895492243
9895704377
9946350530
9947198549
9947580298
9947772997
9947799356
9961049901
9995522688
9400813617
9495894850
9746650686
9562814289
9567331663
9645549776
7559049100
8078364796
8281835690
9744674796
9446169072
9747762510
9961280682
6282817828
9947003050
7510869474
7909148322
9497081636
9497497247
6238908328
8281305328
8281381425
8521256086
8547925187
8547926452
8590318186
9400447060
9400645452
9400755875
9400755878
9446161466
9496942738
9496946729
9497137414
9544151346
9744483827
9744978924
9747329542
9778253266
9946433209
9947195598
9961572234
7025236463
7025330025
7025377656
7025413767
7293123812
7306148158
7306559778
7306866572
7330054001
7356225389
7356599118
7510191525
7559024612
7592830406
7736003120
7902345088
7994206445
8075041719
8075162607
8075464154
8075916949
8078262010
8086051947
8086601895
8113042515
8137006505
8156835215
8156931437
8157022292
8157082439
8281236785
8281237140
8281261827
8281479081
8281936395
8301077664
8547234069
8547408608
8547779445
8547787747
8589851967
8590400364
8590636435
8590662538
8590708771
8592051813
8606460512
8848312645
8848955192
8921403739
8921660546
8943968172
9037910527
9047447930
9048660549
9048761669
9048985516
9061706554
9061738689
9072039287
9072340433
9074173605
9074288975
9074517163
9188174879
9188234246
9188360479
9188370938
9188534246
9207617080
9400107288
9400280004
9400284767
9400734337
9446102896
9446134895
9446207684
9446789699
9446838615
9446919842
9447286517
9447406572
9447445139
9447603209
9447613053
9447805510
9447902275
9495000648
9495186570
9495192207
9495353806
9495405836
9495652822
9496860388
9497011651
9497341240
9497754137
9526127059
9526857740
9539048345
9539091713
9539659554
9544219191
9544710977
9544929296
9562151149
9567050556
9605039408
9605743374
9605935294
9633048879
9633296602
9645138593
9645774145
9656643381
9656947854
9656958490
9744017720
9744299052
9744553505
9745192103
9745561590
9747460713
9747822575
9778500820
9778759638
9846129840
9846252711
9846268415
9847692029
9847725558
9895427675
9946297339
9946350915
9946585879
9946865030
9947035284
9947089386
9961240736
9995912041
7012143728
7034005603
7306615516
7306755582
7560974720
7561873968
8089136586
8187885081
8606102395
8714234305
8921361357
9061431395
9074628897
9400037470
9400212094
9447411015
9447913304
9495147822
9495790810
9497512900
9497759056
9497861880
9539422693
9544034105
9544511312
9747144232
9747457995
9747468153
9747534246
9895754927
9947589296
9961528964
8547924616
9847894989
6235203731
6238387813
6282389820
6282684686
6282876531
7012003537
7025316322
7025400256
7025417403
7025452644
7025625424
7034258481
7306832736
7593976571
8157980719
8281382037
8304982016
8547303511
8547379372
8547597215
8590753912
8590925762
8590931603
8592043069
8593081776
8943581365
8943878040
9048601731
9061162540
9446136479
9447547427
9605032829
9847554639
9847973359
9744280696
7034446086
7510752247
7907179561
8547934437
8921185822
8921426810
9142154437
9207985862
9400442057
9446235596
9562752247
9744324619
9847112827
9847397739
6235028518
6235763918
6282096571
6282932140
6282944578
7012099967
7025290330
7025441121
7025829174
7034671226
7034762076
7155815533
7306222325
7306519884
7306728599
7356356511
7356682993
7510928818
7510987192
7558030076
7558921343
7559842765
7559865452
7560903579
7561863646
7736466925
7736539096
7736714593
7736792007
7736975033
7902424615
7902452708
7907497878
7994136480
7994554913
7994560925
7994964109
8075196576
8075209188
8075329048
8075414239
8075860829
8078530125
8078812731
8078817505
8086828535
8086948503
8089243358
8129034086
8129316835
8129443870
8129611906
8129953452
8281336914
8281479095
8281514451
8281551104
8301950942
8304866702
8547721152
8590374578
8590479927
8590487655
8590932084
8848261004
8848282787
8848332334
8848940285
8848996591
8921732380
8943017900
8943507545
8943525445
9033374394
9048110957
9061098363
9061150248
9061315579
9061573952
9061799267
9061981456
9072239143
9072264554
9074184926
9074974562
9142586255
9207313274
9207775210
9207941422
9400629283
9446281335
9447162451
9447373846
9447394746
9447404454
9447685537
9447892718
9496064397
9496552258
9497059870
9497086304
9497160499
9497253001
9497255945
9497328741
9497488667
9497709081
9526192105
9526271247
9526403775
9526675033
9526693267
9526749397
9539112481
9539272319
9539546221
9539912605
9544106810
9544694158
9544923381
9544923872
9556849277
9562071807
9562322726
9562395770
9562595770
9562841905
9633822838
9645223385
9645638081
9655621268
9656094931
9656661201
9656875455
9656989754
9744037805
9744072722
9744265416
9744703163
9744852748
9744890908
9746448688
9747035914
9747667050
9778368316
9809712371
9846714007
9895444782
9947042270
9947325902
9961057980
9961243253
9995078213
9995232506
9995520830
9995759461
7025919859
7025928648
7559026934
7594033263
7736708165
8078012815
8078202835
8113855657
8157909968
8281470573
8281551016
8547078988
8547108127
8848538527
9037338865
9037934499
9072475453
9072551434
9400508268
9400608462
9446540031
9446732149
9447215629
9447394867
9495146156
9495416708
9496357091
9496357281
9496846311
9497695333
9526664446
9544607576
9605216311
9605321689
9605995262
9645491848
9656077776
9656368326
9744093036
9746412802
9747519501
9747818523
9847386080
9847812394
9895845501
9947766425
9995035138
7012045652
7902358103
8281928979
8547493013
9946138898
7034462777
7034714863
7306284652
7510102548
7907636039
7909251645
7994043179
8139072057
8547051852
8590488151
8848885196
9048772266
9061237254
9061239979
9061271223
9061297627
9061339387
9446962482
9496703538
9656820591
8921496619
8547955388
9562009120
9605465009
9746696509
9846448984
6235261882
7902391124
8138834155
8547251614
8921741593
9446895775
9447237254
9495171713
9495650882
9947896618
6238969929
6282497105
7025478911
7025614829
7025686361
7025786584
7034225402
7034383338
7356930422
7356971380
7510767008
7558003732
7561800360
7594831028
7736459170
7736505207
7902883027
7902925709
7907872063
7994625209
8075240370
8086494650
8129471529
8136845016
8156941703
8157020756
8157097232
8281336243
8281421680
8281530003
8301809963
8590467177
8590691479
8593960576
8606492584
8606843621
8848709181
9048363228
9048370885
9048418664
9048462235
9048463418
9048509776
9048533365
9048601316
9048652189
9061770498
9061788392
9072274577
9074227142
9074588642
9074595372
9074603117
9074826079
9188775135
9188778315
9207593595
9387240337
9400011596
9400816146
9447107068
9447233127
9447854425
9495752031
9496317813
9496802737
9497114664
9497420714
9497812505
9497875778
9526002983
9539275034
9539616740
9539850701
9539914386
9544728984
9544966505
9562469082
9562545772
9562942129
9567573709
9605001542
9605195756
9605215937
9605518317
9605657998
9605751050
9605962883
9656558925
9744717782
9745337313
9747214021
9846586428
9846757473
9895315132
9895739194
9895752651
9895787466
9946105846
9947161706
9947732068
9995131013
8547372659
8589055004
9400485524
9562290295
9961914077
6238286674
6282047386
6282326262
7012311421
7025775160
7025983668
7306474682
7510769131
7736654716
7907542753
7907666822
7944740619
7994409704
8086846414
8157003082
8281689783
8547216301
8577216301
8590627893
8848070984
8848340114
9074261743
9388101064
9400105927
9400345983
9400455360
9400505441
9446068411
9446681256
9446906108
9446979313
9447364163
9447729913
9495391779
9495417361
9496454218
9526966335
9544214571
9544265168
9567499496
9605467045
9605884093
9656949413
9744076201
9744274609
9746584676
9747592232
9778239116
9796039520
9797193030
9846544030
9847368377
9847620579
9847785239
9961101254
9961929273
9995323775
7736510383
9446444108
9778046079
6238153169
7306345062
9544151442
6235757374
6238181635
6282872265
7561032167
7902981957
8075545073
8848258804
8848922815
8921013272
9048991899
9447405776
9447579789
9495287559
9497604845
9526183690
9526512397
9539392013
9544596767
9544618181
9562545080
9745806595
9746283335
8606860754
8075068094
8590299287
9633199447
97505852284
97509773289
9746603844
9746727317
7902241150
8136850578
8137812355
7909215730
8138017707
9020313666
9048029421
9061795612
9074235783
9074238165
9074273299
9074278493
9074282140
9074293035
9074305887
9074317301
9074320326
9496704743
9605768927
9656170612
9656693962
9656900728
9747433425
9847289126
7012070670
9072115034
9497836231
9526669720
9895496349
9747900899
6238227716
7909132051
8086331363
9048991672
9072165586
9188736844
9400439097
9400802182
9526676319
9747071980
9846964806
9961120640
6235812942
6238624124
7012700354
7012888752
7025370929
7034152962
7558003897
8075315761
8943965210
9567787646
9645769009
9745014561
9846303602
9895484060
7902771950
7907120466
8075072700
8129823593
8129887042
8139023593
8139820329
8289972313
8547518904
8547663689
8547845113
8547879468
8590863364
8714339363
8714342067
8907440047
9037821957
9400785387
9447855759
9496599689
9526326326
9562338734
9567279911
9567302966
9567689805
9567788314
9605478066
9605649895
9633158640
9745115301
9746510819
9846376278
9846901278
9847737728
9847881243
9847991156
9895150164
9895370112
9895403878
9895558823
9895575937
9895964387
9946560522
9961420120
9995498771
9995675660
8547850965
9539460965
7025715818
7558057614
9048375588
9400916601
9446895601
9495557614
9946566824
6235588194
7012638635
7356046122
7510146237
7559803807
7561855701
7902870768
7994942520
9349250653
9349295069
9349319429
9447644885
9497822970
9539419706
9539851004
9544641076
9544741076
9562035145
9567377562
9645526578
9745111638
9745731368
9946054207
9995221342
8281175056
9446025056
8943120134
9496139678
9745861737
9947041044
9605644474
9746934602
9562188026
9746161909
6235868597
6238027246
7012984123
7034380889
7306152104
7510398243
7510730700
7559973638
7736960689
7994702848
8075637629
8078821894
8086351627
8086547302
8089066265
8139866507
8157068015
8281663959
8281939815
8330812840
8547203866
8590337058
8590628779
8590727953
8921089602
8921325024
9037518029
9037787107
9048094581
9048324751
9048327995
9048581458
9072878968
9074535797
9074570711
9074651125
9207341103
9400206860
9400239018
9400468895
9400615795
9400629082
9400684931
9400728838
9446028398
9446251917
9446924641
9447466328
9447649751
9495028848
9495871202
9496408310
9496423342
9497847162
9526183917
9526600549
9526738015
9539414008
9544833594
9544847145
9562201048
9562722992
9562909594
9567422342
9591361823
9605307722
9605903531
9633424249
9645002410
9645097748
9656048597
9656238580
9745026413
9745447740
9747439565
9747458015
9747708517
9847084931
9947882161
9961809585
9961819877
9995924398
8590312977
8281142660
9495294480
9497139540
6235074245
6235139330
6235173218
6235709968
6235786618
6235857917
6238023515
6238121203
6282625806
6284006136
7012193512
7012944508
7025003315
7025162003
7025446128
7025620390
7025909632
7025964934
7034770751
7306389424
7306437078
7306737105
7510501502
7510992419
7558050483
7561820476
7591933017
7902689145
7902935933
7907738679
7907873658
7909158853
7994039723
7994141439
8075642481
8075840608
8078244533
8078940358
8086301427
8086814906
8113015344
8113853009
8113866600
8137983123
8157920452
8281044765
8281144913
8281359701
8281628356
8281718267
8289907471
8289933236
8289940845
8301082460
8301806905
8304012509
8547059767
8547170659
8547408172
8547922320
8590539393
8590581322
8590711751
8590899730
8590909622
8592807841
8592833479
8606274475
8848034760
8848136978
8891512123
8891846727
8921096457
8921575765
8943128209
8943965013
9037674187
9048082814
9048436581
9048839552
9061196928
9061535685
9061544556
9061560156
9061649701
9142591657
9188112086
9188172507
9188331201
9188410514
9188843124
9207255958
9207485256
9207796296
9344454105
9349778408
9400210510
9400225264
9400263130
9400588803
9400856434
9400902918
9400988859
9446319428
9446677058
9447058854
9447954132
9495282981
9495372224
9495723382
9495834776
9496133201
9496259678
9496359653
9496410529
9496420566
9496662013
9496734064
9497050925
9497055795
9497294707
9497399264
9497836811
9526261830
9526293477
9526484479
9526504008
9526576875
9539651072
9544592530
9544794613
9562352292
9562794613
9562879442
9567149445
9567258075
9567648016
9567728346
9567743475
9605455710
9605459299
9605823240
9633130116
9633525567
9633796109
9645364727
9645418544
9656433115
9656738850
9656942350
9744006585
9744074008
9744239769
9744357186
9744553922
9744592475
9744867540
9744904794
9744937709
9745305106
9745490544
9745686023
9745703882
9745945095
9746356969
9746536112
9747183712
9747215169
9747272048
9747913772
9778349310
9778373169
9778795204
9846084480
9846085190
9846457199
9847050252
9847189866
9847222951
9847259155
9847277525
9847370059
9847611245
9847835143
9895321420
9895563200
9895683397
9946164633
9946451724
9947005344
9947269132
9947334892
9947671039
9947675634
9947720915
9947866600
9961194444
9961776405
9961835587
9961928683
9995474272
9995736312
6235780512
6238225066
6238321282
6238515850
6238794228
6238978086
6282363138
6282507065
6282654664
6282833024
7012120539
7012310913
7012993032
7025243741
7025569257
7025782470
7306153339
7306275819
7306521856
7306842933
7356795997
7356988662
7510442804
7559008739
7559868161
7559950211
7559983758
7594004063
7736525654
7736643552
7736884550
7736984530
7902853482
7994202488
8074416241
8075007684
8075642049
8075821552
8086251343
8086301203
8086948674
8111933048
8113958722
8129110859
8129373827
8129586769
8136959680
8157053680
8281080041
8281285464
8289831290
8330078457
8522907549
8547127934
8547529859
8547821162
8547833625
8547910820
8590216492
8590273256
8590322994
8590781568
8590822368
8590878124
8593031653
8606020542
8606221047
8714118951
8848360147
8848479420
8921018120
8921879505
8943474114
9037292603
9037919184
9037944878
9048057693
9048140028
9061216354
9072707279
9188875309
9207445245
9400126717
9400352963
9400471310
9446023066
9446152552
9446674198
9446816455
9446894277
9446980278
9446995284
9447107124
9447463355
9447465946
9447932825
9447952936
9495005073
9495079564
9496667047
9496707145
9496791222
9496873663
9497229316
9497293845
9497335201
9497340703
9497468079
9497812339
9497837689
9539238549
9539767861
9544305400
9544396448
9544739078
9562270158
9562372563
9562616838
9562794629
9562794901
9567343470
9567955746
9567957596
9591365447
9605355190
9605355490
9605478029
9605654982
9633872429
9656072999
9745243383
9745409948
9745683510
9746006740
9746672729
9747825965
9778143251
9778533459
9846343479
9846420641
9846900550
9847359912
9847369020
9847553694
9895149414
9895860276
9961408805
9995554817
6238342799
9061605995
9633854377
6238103149
7012095522
7034019830
7510898743
7558090532
7592845519
7736322306
8075015270
8075567995
8078382312
8078947880
8086169674
8089430445
8281010474
8590824271
9037453745
9065645638
9074718707
9400272482
9400862805
9497673596
9497723410
9562740623
9605306638
9605645638
9605784858
9645961516
9744575997
9778191145
9747067375
9902960132
7510220658
7510835374
9037404690
9497846874
9961552415
9961552560
6238074923
6238613782
6282059841
6282109436
7025662206
7034824485
7356554794
7356949264
7559035315
7561046279
7736033053
7736113090
7736414768
7902330018
7902375013
7902612665
7902952557
7909183023
7994577973
8075072745
8075742354
8078854140
8089382518
8089944892
8157039200
8157039532
8281076360
8281156077
8304859355
8547495412
8547911224
8590844236
8590886346
8714335167
8848074849
8848191244
8921839680
8943015820
8943587024
9048062535
9048173488
9188250635
9188651392
9207503815
9446051391
9446280293
9446510240
9495224816
9496682179
9497170542
9497841129
9526659938
9539254307
9544587245
9544688918
9562257037
9567061226
9605066760
9605305245
9605469656
9606900929
9645707588
9656057022
9656572220
9656611405
9744161115
9744486397
9744623952
9746448852
9747055945
9747139401
9747260614
9778593248
9846296494
9846788826
9847047762
9847190508
9847710185
9847966156
9946534077
9946781402
9961609345
9961738123
9995060944
9996429873
8075400612
9605570658
7034237647
8547654833
8848951264
6235863186
6238521717
6282877545
7012164646
7560847573
7736354883
7907534617
8078973687
8086728425
8089633461
8138052717
8304800446
8590975005
8606474520
8626811475
9061511681
9061920487
9074432086
9207235198
9361924772
9400666724
9447436439
9447758743
9495011326
9495372911
9495372991
9496901137
9497609924
9526792914
9526828462
9539902606
9544009561
9562641014
9562642023
9744358971
9745140987
9747246487
9747264687
9747832527
9748455888
9846487797
9847758600
9895697962
9947192152
9947828794
9207744011
9946151812
6238091925
7510234844
7559085358
7902275093
8078222618
8111890844
8281074560
8547084940
8848671247
8891767279
8921657605
8943327054
9037116063
9037692294
9037958683
9048718749
9061077543
9074459460
9207501319
9400727734
9495914472
9562364616
9605310769
9605337891
9633991041
9645852183
9744966161
9745639820
9747508849
9778044841
9946457356
9961320039
9961642705
9995161175
8129737036
8590065515
9446973804
9447007151
9447008282
9447015055
9447025885
9447040041
9447048909
9447050951
9447187049
9496987258
9497254184
9526520086
9605747251
9633404379
9656631312
9745921837
9746781591
9778213193
9946922929
9947154839
9995178282
9048522069
7907607136
8281431016
6238918416
9207350746
9562350746
8281837370
8590869013
9074817108
9446659649
9495067385
9746200365
7293540492
7560806676
7593091624
7594805746
7736475704
8129703783
9207192975
9207197617
9633417517
7560931337
8075561246
9175580135
9447934943
9715050842
9847216381
6238382022
6282469702
6282801683
6282989526
7025946410
7558814188
7902847807
8089816948
8547840068
8590114460
8590796321
8590882019
8921849700
8943708966
9048097609
9400566083
9446222078
9446230527
9446628646
9446721893
9447570775
9447735662
9495494359
9496228609
9496791672
9526692524
9562605286
9562926838
9562955498
9567508884
9605757585
9605939122
9633756935
9645038609
9745153390
9778183065
9846255785
9847402475
9847451466
9847870943
9895817571
9946523860
9946598755
9946713265
9946898495
9995225165
6235899714
6235931886
6282362412
6282986445
7025358905
7025587648
7025771794
7034769683
7034912897
7306303764
7306775918
7510229006
7510389005
7510432867
7559805812
7593068464
7902731794
7907338963
8075414477
8075606585
8078351288
8078819230
8086204334
8086565415
8139833452
8281098138
8281234264
8281279582
8304064336
8304958212
8547261824
8547551814
8589831256
8590022584
8590376760
8590801503
8592874560
8593855670
8594046589
8606282146
8606642499
8606658070
8606776992
8606816313
8848682090
8848801096
9061283612
9061365814
9061509442
9061749609
9061944771
9188486532
9207252209
9207543067
9446483675
9446653283
9446693193
9447008259
9495780253
9496559772
9496702525
9497136706
9526050328
9544427807
9544522720
9562171969
9562618708
9562699784
9562739697
9562842682
9605410383
9605619221
9645191717
9645428406
9645798922
9745165489
9746519410
9747489877
9747588947
9747801031
9747808659
9847136259
9847757230
9946016094
9961298447
9400179140
6238856339
7293392392
9745715090
8113830943
8943105929
9400430930
9745532337
9846423370
9745292873
6238723251
6238938185
6282878229
7012748525
7025734125
7034896945
7306780311
7356047563
7558090630
7558946342
7666642501
8075680530
8078494820
8078960686
8304830980
8590381148
8590599844
8593823626
8606400850
8714467162
8848064975
8943247470
9048412047
9061950679
9072154482
9349421918
9400078167
9495109563
9495619886
9496130031
9497398592
9526555506
9539402336
9544759718
9605176196
9654680219
9656083313
9656647374
9745378925
9745956433
9747680705
9847192821
9895736602
9946145074
9947656590
9947801585
9961299642
9961372326
9995413143
7306993278
8281862133
9446012694
9446777896
9645000433
6238756565
6282435653
6282948424
7034038720
7306275498
7306322974
7306421048
7356301796
7510131382
7510331983
7558057022
7593092296
7736919277
8111904390
8157809121
8281106133
8281194137
8301913109
8547485564
8590615328
8590769198
8590847857
8593848707
8714848233
8848095249
8848307399
8848600467
8907129044
8921478859
8921930723
9037573620
9037749716
9061269711
9061887146
9074185411
9074195164
9074572049
9207019344
9207495866
9207696896
9400379745
9447752098
9495296063
9495506848
9495559660
9497039424
9497848535
9526742396
9526840706
9544384774
9544673212
9544752916
9562527969
9562665608
9567432750
9567799058
9605205693
9605834045
9645749146
9645825909
9656044134
9744027113
9744662669
9745872780
9746068365
9746427311
9892765699
9901638684
9947103740
9961766497
9995764617
9048351689
9846574385
9947713041
9142544845
9947307095
8086295318
8547225009
9746609635
8281942526
9497432526
9754215752
9847748037
6235005492
6235266341
6238537712
6238854685
7306051916
7510339001
7510666057
7591923220
8139095732
8281953495
8848969830
8921096108
8943463823
9037799116
9061231395
9072336245
9497291598
9544078496
9544969371
9544969735
9562067472
9562957715
9567368331
9567951724
9605759845
9645515765
9656282421
9745195146
9745411369
9747774165
9947041259
9947110836
9947344076
9947913979
9995090758
7558995582
8086227471
6238363985
7510421510
7558844519
8289901110
8606886979
9037885823
9526500576
9526545439
9562322839
9633954752
9846883665
9947313687
9995268203
6235744382
6238556359
6282747363
7012038326
7025586292
7034062940
7034340010
7306285069
7306792609
7306801118
7356098748
7356443518
7511127574
7558945036
7736392458
7902302906
7907733466
7909114184
7909128961
8075341346
8075903902
8078297080
8078889858
8086741784
8086990594
8113004382
8129706447
8136847187
8156815828
8156986692
8281342708
8281403415
8547365554
8547933291
8590395704
8606448494
8714471776
8848466406
8848603086
8921628689
8943270318
8943360903
8943705500
9061668774
9061672085
9072327365
9072582222
9074457653
9074625662
9074640689
9074648153
9074681468
9074686679
9074695161
9188062218
9207664487
9400383314
9400426352
9400623690
9400740197
9446185804
9446765235
9446965019
9447338370
9447600068
9495437522
9495718876
9496623010
9526391847
9526676808
9526678410
9526823743
9539258762
9539755346
9539840311
9567065435
9567249296
9567718220
9605695271
9605925673
9633026486
9633461125
9645477387
9645803038
9656670370
9656916168
9744142533
9746317035
9746560585
9746733222
9747430182
9747471893
9747739811
9747743590
9778099150
9847619994
9847922268
9895469577
9946329162
9946666343
9947458786
9947496461
9947689292
9961202846
9961444596
8129551248
9746211361
9995411361
8156963710
9072278904
6282047723
7594092863
8943571180
9605432836
9961074414
6282092717
7510327284
6235063666
6235188416
6235575831
6238229752
6282280219
6282909621
7012019688
7012127270
7012615049
7736542793
7902864534
7907196837
8086381617
8089179483
8089966446
8113836234
8129046479
8129467921
8129962155
8281642075
8281684319
8281927439
8289846449
8589859350
8589916085
8590936472
8606402430
8848105578
8921848276
8921959323
9037129814
9072432048
9207348570
9446249754
9447994795
9495032330
9496383173
9497139210
9497492753
9746550586
9778226468
9846547612
9946205809
9995373795
7594816357
7356167007
7592083991
9745972911
6235465713
6235138349
9633925837
9995273227
9995567176
9995882873
9746705501
6235386657
6282321456
6282428372
7025976259
9048139325
9072744496
9400550241
9562653851
9656322446
9747701251
7909217985
8078734080
8086069647
8089738044
8111872863
8281240103
8281340103
8547003744
8547011687
8547323943
8547393607
8592830168
8593097245
8764078273
8921736351
9037464310
9037496707
9072042658
9072195765
9188050698
9539762467
9544883114
9633262234
9633268295
9645994910
9656386534
9746422762
9747053871
9778564750
9846238096
9995467416
8078473751
7902406259
8714260767
9544455715
9745403466
8943399331
7025055360
8606736008
9544774845
9544783389
9605369331
6238985259
6282481157
7907222866
8089881112
8129043540
8137004942
8281396998
8547083454
8547221777
8592809936
9074848233
9495435347
9497697184
9526828428
9633624715
9846224852
9895812053
9947827686
9961827311
9995213763
9567649808
9645703389
9995928319
9061267836
9436233285
9469233285
9526610021
9605329686
9605451782
9778018407
9778363901
9846353352
9946325508
9995092547
9074665616
6235748427
8281745284
8089092689
9895019155
9544911091
7356258610
7909168879
7025593071
9497415725
9562712369
9943661881
7025133483
7736675398
9446185964
9744038725
9744904429
7510267695
9645790040
7025447970
8089060595
8139040081
9400647725
9495240204
9495283218
9497455806
9747462244
9995752046
9995752770
9745774689
7510575372
8089760394
8129886353
8136878896
8547624765
9061238435
9496233285
9544371287
9744289230
9746951270
9895250107
9995434168
6238038642
8129780485
8078836421
8113986568
8281246586
9656740687
8606336807
9539102205
9567407150
9746464113
6235220547
6235387071
6235454946
6235700109
6235713534
6235769817
6238044566
6238046289
6238094604
6238131970
6238141563
6238210265
6238335359
6282453899
6282504231
6282782923
6282808357
6282908568
7012574524
7012656653
7012777970
7012793268
7025050045
7025096849
7025144951
7025351722
7025419085
7025494036
7034123685
7034219427
7034562163
7034995152
7306104854
7306652681
7306768824
7356194920
7510139232
7558850412
7559062852
7561080837
7561879729
7736271619
7736431215
7736444907
7736474071
7736632465
7902216348
7902306493
7902536057
7907082167
7907207826
7907402155
7994198536
8075701090
8078592464
8086110336
8086270375
8086619960
8086642725
8086927728
8089049410
8089718951
8129039509
8129372672
8129774116
8157050126
8281029420
8301007254
8547008984
8547009121
8547245851
8547374283
8590308609
8590396698
8590421134
8590580233
8590747841
8590795838
8590859578
8590956399
8592979492
8606025648
8606069835
8606217014
8606436307
8606717839
8606763303
8714196181
8714330617
8848147785
8848331870
8848599016
8848898084
8891120739
8921052992
8921457668
8921582580
8921630910
8943218930
8943453056
8943637441
9037326327
9037328769
9037633032
9040937790
9048744817
9048854147
9061819012
9061836855
9072772308
9074117509
9074430234
9074602265
9074757422
9207050305
9207369746
9207784759
9207863014
9400600631
9400926354
9446173497
9446784986
9446787254
9447236560
9447398453
9495158952
9495210253
9495802424
9496617121
9497720963
9497884335
9526136730
9526148991
9526177240
9526228574
9526239214
9526273284
9526482607
9539046812
9539412694
9539418597
9539823545
9544042130
9544057933
9544307132
9544395244
9544756741
9562615674
9562686304
9562907955
9567121463
9567609711
9605192441
9605355082
9605792681
9605835285
9605887767
9633386696
9633716937
9645765364
9645824424
9656316396
9656886260
9744046855
9744439187
9744644336
9744645363
9744667622
9744845067
9744928601
9744945433
9745524826
9745722092
9745863635
9746321879
9747505384
9747547550
9747705027
9747744262
9778148075
9846368171
9846594202
9846963743
9847764489
9946110680
9946937746
9947077973
9947648992
9947760938
9961074256
9961154099
9961304731
9995224280
9995262494
8136985649
9061715240
6238014505
7012717802
7025010458
7025707365
7306649284
7356586584
7510979975
7559095758
7736002685
7902387078
7907461479
8075116508
8137075057
8139872501
8157901179
8547923242
8590450239
8606574310
8943865709
9048003910
9048210010
9048617863
9048738131
9061761173
9074106750
9074615061
9207099851
9345365599
9443789312
9526109241
9526259568
9539050950
9562384763
9605684584
9744121693
9746545401
9778187462
9846533986
9847286978
9847465220
9961088009
9562687661
8089770764
9061435181
9746827295
9995971249
6235163054
7025645503
7306246024
7306851640
7356133941
7356507168
7592084104
8078413267
8086233806
8129078806
8129366504
8138010657
8138883326
8157941986
8547273086
8714369897
8714717071
8848286873
8848914415
8943625853
9037686869
9048620449
9388991336
9474825993
9562865501
9567446790
9633074626
9745813335
9746295919
9747463349
9847560708
9895231757
9961203422
9747523638
8921529679
9645801547
9995496941
6235123096
6235624547
6238110540
6282283071
6383046086
7012694977
7012932578
7025413353
7306939963
7306988753
7510256176
7510448588
7558957196
7561050764
7736105964
7736650232
7736740697
7902982612
7907943126
8078216659
8078457563
8078701836
8086017049
8086032262
8086482066
8086964957
8113925723
8113981451
8129014349
8129146900
8138971841
8281463897
8304994304
8329260113
8547423433
8589062269
8590794303
8590995193
8593892795
8606348025
8714404061
8848527075
8943281913
8943452498
9037313962
9072142342
9072846195
9074113201
9188625439
9400256038
9400729424
9400922300
9447437322
9447619460
9495257722
9496267048
9497022429
9526295494
9526450476
9526453527
9539737839
9544205916
9544337580
9544800742
9562682149
9562682735
9562882270
9590897844
9605194683
9605283097
9605550483
9605606334
9633162441
9645690261
9645733905
9645776061
9645843109
9656159936
9656314530
9656908542
9744364403
9745064815
9746025623
9746942160
9747207057
9747451559
9778540772
9846573638
9847173773
9847245853
9847549321
9895720796
9946064868
9946361582
9947105697
9947133780
9995987019
8075161993
8589859461
9074467358
9207844678
9446285510
9495021803
9539469577
9744877470
9946981829
8281610882
9947150836
8129779775
8139824319
9526062219
9745028348
9072927362
8086289346
7539915926
8138887158
9567081296
7034588368
9846521009
7306580684
8921999350
9061763686
9895540268
8330045175
8547956400
9745499473
6235481532
6235908054
7012026620
7510356127
7510615304
7510624490
7510989725
7736236977
7736250034
7736294420
7736584391
7902636405
8086086217
8113077661
8129831745
8547278233
8590040142
8590369127
8606230391
8606513085
8848318086
8891973813
9048591186
9061909975
9207412172
9207999335
9447256477
9447503479
9447905778
9497621488
9526228194
9539659633
9544496306
9562097752
9567574241
9567895451
9645935976
9656245935
9745430203
9746209529
9747012146
9747625772
9747740121
9747897466
9847174226
9847458417
9895878108
9947895705
9947904416
9995208104
9995585072
9995999335
7994162007
8137012007
9778241054
9946843661
9995492161
7902322465
8078927848
8762031220
9567496961
9645863768
8943494974
9495553738
9496855936
9746262434
7012591522
7025598206
7025618608
7025871597
7306087716
7306241054
7306962445
7356862498
7510281276
7736319260
8078357950
8590162075
8594054582
8943164670
9544606722
9846448159
9846965031
8086389665
6235177224
9633458872
7902698950
9567740734
7736168091
8089521616
8157050800
8157950423
9074731612
7736321989
9526326945
9746019761
9746586074
7012749365
7025105808
7306044812
7558046362
7559926574
7593905448
7902922587
7907289126
7907721800
8086754629
8129059162
8281704748
8590552794
8593884624
8606869355
8848489905
8848589975
8921509177
8943712361
9207052121
9400850351
9441654616
9447636617
9495336452
9645275497
9747303762
9747617387
9846053042
7994853094
8078299516
8086728688
9037439383
9656989751
9645373645
6235408498
7907841984
7012198021
7034148020
7306427236
7510533308
7561018649
7902256763
7902366573
8086731969
8113952064
8139054401
8157088958
8281725600
8547321265
8547749512
8592046154
8921410780
8921707973
8943041174
8943046041
8943908938
9188764707
9447926062
9447929967
9497646896
9544179519
9544322483
9633530455
9746470503
9847608026
9947048246
9995973267
8606760452
7306225190
8606234763
9400731631
8075803032
9497007922
7025203367
7356571723
7736424516
7994158911
8075880574
8281549867
8943290764
9048025031
9061000132
9072898451
9526511354
9539236675
9544569311
9656147589
9656791517
9778483480
9846758366
7012590554
7736808496
7994107689
8129602277
8281250623
8943704564
9961370013
9995042480
6282259060
8606630406
9048491176
9656393282
9746820464
9846240529
9995871765
9497129467
9188279577
9947795495
6235856019
7025654417
7034982285
7306197075
7356665517
7356712530
7510265956
7736544281
7736675514
8113966780
8157823170
8547141130
8590326657
8590951177
8592005790
8606015688
8606614178
8848205367
8943221281
8943803100
9037661143
9048529169
9061087019
9061116145
9061295506
9061297190
9061671314
9061994721
9074028173
9074894551
9400173754
9400194347
9400471718
9400651165
9447327461
9497207513
9497621374
9526601933
9539404532
9562295604
9562359409
9605434178
9633045930
9633232911
9633361463
9633582655
9645325460
9744263195
9746953366
9747174802
9847077132
9947941170
9961006581
9961404167
7034414546
8547297917
6282971321
7025682643
7510631327
7736361862
8078111501
8086236376
8304059753
8547810301
8592843483
8606820434
8943403650
9048507051
9188483717
9495089605
9562017179
9633137145
9633862877
9645584237
9847499392
8111930822
8138094775
9544495409
9567494380
9567831692
9633791417
9645055272
6238152978
6282555736
7356418964
7356800698
7592941256
7902408039
8086334670
8089492154
8281652859
9188253212
9188428484
9526771735
9539214457
9544085145
9605856737
9633188545
9744965310
9747013976
9995550016
9995898303
6282430296
9446422621
8593859873
8714202829
8089868651
9447619765
9447865134
9495252597
9497533274
6282368967
6599032690
7012629475
7306027357
7306031909
7356846045
7356973326
7559038043
7559082632
7593032539
7594075254
7594857524
7594895752
8086068578
8089146645
8089354692
8156912029
8848766287
8943983110
9061831566
9072543932
9072980547
9446898601
9446898602
9446898605
9526800570
9526864525
9544747628
9562497824
9605043000
9645620535
9655618961
9745029080
9745289728
9745387514
9847311774
9847628082
9895127830
9946912475
9961915535
8304847300
9605071634
9496927126
6238165005
6238307235
6238352689
6238829295
6282755710
6282961188
7012718881
7034013038
7034571027
7510586442
7510888082
7510912414
7510971526
7558025538
7559008146
7594851554
8113884109
8137056122
8281919851
8590639880
8606014884
8606123305
8714143783
8921854287
9037746200
9037788943
9048781655
9061892409
9074256264
9188454149
9207084010
9207446527
9349194267
9400259304
9446337316
9495055131
9496533440
9497369674
9526620282
9562939738
9633034149
9633053679
9633332539
9633348145
9633381128
9633405150
9633770864
9633898952
9645686395
9649451493
9656497526
9656624644
9744798220
9746562199
9747153057
9747471236
9747848686
9778223635
9847891476
9961461903
7994329804
9946070898
9495627973
9497175191
6235589258
6282969702
7025342430
7034623831
7034681455
8593071012
8848350551
8891210023
8943735695
9074283173
9142433441
9188693017
9207276720
9207880871
9447354837
9497727193
9526301126
9526464366
9526758829
9544322859
9545401028
9562696815
9567308424
9567418998
9567629152
9605104345
9605215254
9633760530
9744171129
9744172414
9744818486
9745885407
9746338712
9747663669
9778055202
9846608809
9847148024
9847601507
9946892951
9961609790
9995412310
8454820920
8848459404
9995429820
9061388468
8129780488
9074323872
9567047273
8281511834
9846656851
8089970487
7994247618
9074294229
9744525857
9895722797
7559097870
8281745248
8590824565
9446456904
9526249812
9747475763
9947845813
9482148966
9400017021
9895982012
9947724479
9633752585
8086102859
9074099905
8848176611
8943247808
9995339351
8075110893
7034942309
7034743427
7594847694
7025330053
8848902470
8921864150
9778751183
9895490760
6235135060
6235137626
6235189107
6235483135
6235697226
6235821856
6238014146
6238414727
6238621377
6238828008
6238909680
6282023040
6282811024
6282851579
6282920307
6360666796
6380177377
7012369174
7012883778
7025852366
7025990364
7034156166
7034267578
7034330316
7034391986
7034415682
7034525468
7034627584
7034787748
7034849075
7306155689
7306642575
7306730122
7356092098
7356453628
7356491629
7356550913
7356552074
7356711781
7356785001
7510119075
7510309618
7510465108
7510568546
7511125365
7559843783
7560959382
7561800408
7592003034
7592030155
7592071393
7592823766
7592895617
7592980933
7592984260
7594097002
7736081050
7736236799
7736343647
7736421819
7736540173
7736670912
7736724115
7736757004
7736801510
7736820881
7902703407
7902716527
7902728634
7902767292
7902832701
7902904714
7907062661
7907179747
7907180257
7907188468
7907689235
7907766004
7907785684
7909172824
7909215014
7994081549
7994184178
7994707743
7994850228
8037557138
8075163572
8075235511
8075307193
8075325532
8075349634
8075363032
8075436478
8075701200
8075856081
8075916654
8075974792
8086326335
8086332688
8086378229
8086417969
8086501840
8086686425
8086692750
8086767045
8086984040
8089527096
8089535930
8089596209
8089606438
8089615596
8089630351
8113957466
8129440384
8129553581
8129751789
8137022854
8138045616
8138838680
8138957263
8139053059
8156948903
8157830186
8157841353
8157970243
8157971473
8281006920
8281426962
8281525775
8281630097
8281632614
8281877174
8289834372
8304054470
8547557938
8547586435
8547591631
8589871242
8589903907
8590175825
8590563147
8590758145
8590940354
8590957338
8592048140
8592068446
8592948833
8593091369
8606390926
8606403457
8606458130
8606464813
8606525877
8606785263
8714093544
8714507462
8714827992
8848278960
8848531601
8848682075
8848830062
8891306462
8891457906
8891583455
8891755996
8921485216
8921933123
8921964086
8943034592
8943085619
8943244657
8943461151
8943571461
8943751026
8943770601
9037286780
9037361203
9037394038
9037533232
9048278961
9048330399
9048371982
9061232675
9061264837
9061296756
9061339822
9061552493
9061674710
9061708978
9061923655
9061962547
9061980761
9072121714
9072512077
9072952387
9074242147
9074820542
9074882706
9188020247
9188243808
9188487637
9188690268
9207096793
9249709064
9349445615
9383463332
9388039150
9400465321
9400642647
9446214599
9446883831
9446886878
9446985286
9495185659
9495612505
9495826747
9496294830
9526044855
9526321951
9526763249
9539335618
9539348252
9539909237
9544169085
9544560894
9544849618
9544890273
9562347443
9562683459
9562693267
9567473904
9567693451
9567723392
9567747473
9567778068
9567789117
9567827953
9567832184
9605694977
9605738147
9633110069
9633178727
9633200881
9633204120
9633261514
9633583018
9633583314
9633587462
9645705549
9656037120
9656375153
9656430819
9656557483
9656576811
9656810736
9744740075
9744960187
9745836455
9746023860
9746026790
9746277357
9746420515
9746614625
9746686517
9746975760
9746991415
9747514853
9747522434
9747568129
9747576763
9747864608
9747866053
9747888093
9778050454
9778135220
9778395287
9778581889
9778747698
9846033720
9846300513
9846309374
9846753584
9847220143
9847563803
9847728372
9847796378
9895351907
9895421989
9895856247
9946599924
9946637287
9947251899
9947275281
9947608010
9947693640
9947794144
9947927054
9961305154
9961349927
9961698766
9995248403
9995340187
9995361454
9995457936
9995534630
9995550434
9995628696
9995688588
9995758382
9995766910
9995829379
9995836114
9995855396
9995941108
9946505278
9778345606
8921412520
9074221217
9496818181
9495206293
8547552987
9656614861
8113836891
9744023862
9747390386
8089579024
9659754651
9744074813
6238724657
7025876009
7356397802
7403572387
7561092776
7701906744
7736124313
8129176355
8330025576
8547138745
8590022825
8590512488
8606570610
8848120834
8848397620
8891301820
8921118645
8921485273
8943270015
8943409061
8943552028
9048345745
9048358024
9048779657
9061435553
9061768694
9188765799
9446352481
9447048867
9447155437
9447932578
9495412585
9495890303
9495958909
9496728770
9496740716
9497198687
9539954716
9562030435
9567937950
9605689242
9656651378
9946453195
9947155625
9947547751
9947747402
9947800582
9961635908
9995159286
9633435898
7356991810
9746985272
7356787413
8086635028
9288047287
9567559256
9995637287
6235824235
7306665482
7594834463
7736262541
7736686204
7736779267
7736831380
7907551032
7907662174
8078728211
8086021138
8089658772
8089713884
8113865693
8281308172
8281408358
8304985236
8547535125
8792123357
8848697101
9037910132
9037911484
9048237677
9048367463
9048669599
9048910465
9061823715
9207326540
9400615673
9444760394
9446013467
9446048881
9446128451
9446966223
9447075670
9495231112
9495319389
9495483781
9495681135
9495922346
9496553367
9496893338
9497016952
9497365515
9539413663
9544283689
9544760394
9562654547
9567280680
9567293612
9605762703
9633115398
9744346580
9744680081
9946289090
9961316506
7560917964
7736979031
8157860985
9526904080
9562769027
9567781413
7025235132
7025828734
7561888493
7594062144
7736650439
8606224082
8848081735
9142058639
9188446593
9400880473
9495455047
9495529579
9497553152
9656910557
9778065728
9895830042
9947089697
9946343067
6235586363
8089796785
9447402413
9495500232
6282361528
7736850653
8089468840
8281813912
8943962202
9048805083
9048999014
9188555089
9207884129
9446164983
9495675159
9526287331
9526477677
9539330078
9539357009
9562843742
9567427651
9605477267
9633728307
9633835867
9645330802
9645702448
9656290062
9656292280
9744264087
9745880282
9746189352
9747500588
9778033249
9846826725
9847500157
9946057564
9947024915
8606571175
9495731413
9567835379
9947694909
9961365655
7034221580
7559903027
7902640896
8069855207
8075368773
8547409465
8547409495
8547659509
8589913721
8590421099
8593936246
8606303415
8606611493
8848336507
9074239899
9188789264
9207019051
9207246961
9400390718
9400834058
9495182397
9495321127
9495432018
9497256523
9497376464
9539202193
9539999502
9544687558
9562410689
9562650064
9567450389
9605076676
9605144107
9526198522
9188714041
9567913071
9656990075
7034318276
7306609436
7559075040
7560812196
7736255818
7736394652
7736945773
7994101451
8078784353
8086337921
8089222114
8129246173
8606367942
8714739281
8848809229
8891896821
9061992018
9446053387
9446287041
9495108086
9562762660
9567393578
9567737552
9605494623
9633508703
9633734183
9633960554
9656069577
9656833516
9747748256
9846885378
9847099499
9895859930
9895876977
9946631482
9947214815
9947331607
9947993202
9961644313
9995571125
9567821692
9846364107
7907231860
9446786966
8089334532
9496139836
9526961766
9633027747
9946800603
9947767747
9947772647
7025002987
7025351244
7510191463
7558858759
7736537627
8075085032
8113069249
8907333664
9048754842
9048894070
9400247459
9496824369
9544002656
9633548149
9656539968
9895900944
9947065376
9995444139
9072435910
8086445657
9567306807
9995667138
9447602334
9544397140
7591973009
8281872044
972548170661
7560821652
8075512977
9447912010
9074616489
9496064086
9497345486
9745306020
9961227889
9495168283
9495429529
8590662633
9891670970
8547553764
8590750173
9446759258
9446916136
9496109416
9947169856
7907043514
9747436725
9995144041
7907802900
9072002241
9447260362
9496160824
9744754959
9846313505
8089477521
8281721966
8547331263
9048099895
9447807521
9595514505
9846573230
9447130162
9946640262
7012635955
8547139239
9207316987
9447012397
9495640072
9048216963
9656569626
9947421644
9895021248
6235036260
7025496816
7025617273
7306393414
7510255684
7560965057
7994314302
8113008691
8330827196
8547210374
8891799753
9074594147
9446846358
9447379494
9562261688
9744018241
9744687727
9744693512
9747007928
9747924179
9778789612
9961695231
7736581473
7902243390
7994925659
8129691701
8137848902
8589070835
8606494580
9446604439
9447149998
9447499625
9495319712
9495968866
9496203697
9496723799
9496763384
9539250674
9605517935
9744022722
9747241141
9778152039
9847114735
9961049641
9961691225
9961782482
9995154297
9447230962
9495215510
8921159083
9746191255
6238516921
6238533549
6238963714
6282226474
7012814856
7907084676
8606038636
9207744348
9497778838
9526223859
9526246797
9526360677
9544549685
9562104001
9562646797
9605030415
9633366951
9656567251
9747034292
9778058416
9778215066
9778430278
9846930754
9847674224
9947275638
9947963210
9961018863
9961198115
7403558141
8547017857
9400132494
6235549181
6238071935
7012327332
7025420643
7034483938
7306322251
7306348776
7356797581
7510149530
7510828323
7510889003
7559033765
7559802247
7560940872
7736055463
7736603967
7736942212
7907391416
8129021064
8157006151
8547329360
8590469971
8590482874
8606628659
8848333912
8891374135
8921368946
8943443972
8943762803
9037422895
9061399928
9447356278
9447600075
9544221866
9544684458
9544974402
9567851908
9645106475
9645115278
9656013687
9656168206
9656615929
9744895470
9745379632
9747045889
9747296510
9778145917
9778292862
9846222895
9847429158
9847837630
9895824175
9941252815
9946440979
9947300469
8891742292
9605755165
6238401051
6282621410
7012927456
7025963872
7034206115
7558862182
7559803053
7736574549
7907732606
7994740056
8078232081
8086820135
8089195903
8606920287
8848964516
8606323206
9400905544
6238043532
7560988539
7736433934
7907536952
8075200049
8129116951
8138879829
8289903002
8547062332
8606012400
8606731185
8714415139
8714416210
8921347699
8921382187
8921747050
9061513433
9207122087
9207426286
9207463903
9207469461
9207563618
9207564388
9400299734
9495108447
9496539938
9497666923
9562210720
9562644498
9562878960
9605063994
9633779293
9744604166
9746048291
9746621179
9747305156
9747847459
9778387703
9946069541
9946466102
9946944651
9961323738
9961977496
9048089591
9539261293
9446921371
9447364611
7356634647
8111890605
8281579322
8943004686
9400609716
9447410307
9447432578
9447481689
9744819801
9847154463
9847761008
8590188179
8848512238
8891627464
8891627467
9037523851
9037743584
9061985031
9446265847
9495353221
9496204174
9496450937
9496800102
9567239535
9605497024
9645442818
9656329572
9744292112
9747470060
9961274731
9495637694
9745686080
9447130132
9497821207
9447123209
7592939069
8086067508
8921076302
9946745683
9539654234
9895091027
7025556201
9447571201
9495519347
7510685259
7736586142
8129382085
9207901309
9497666547
9539296924
9605378050
9745134261
9562327676
8547106693
9446903749
7025708142
8301067283
9747848155
6282105325
6282710878
9495216258
9496412995
9847480122
9947305740
8281735971
9446656465
7907546776
8086436454
8745880797
8745882189
9446201048
9495525776
9496156892
9496977418
9847312215
9847717899
6238329180
6282950075
7012157172
7025243480
7025947328
7306891921
7356822524
7510964849
7511101253
7907951237
7994560906
8078163538
8086672750
8089514746
8129025865
8289934580
8304934650
8368890800
8547721370
8547846787
8590018550
8590280797
8590702747
8590814312
8592935882
8606459363
8606555844
8606733576
8714462755
8714951326
8848326579
8848390549
8891112006
8943950614
9037975821
9061321942
9072541319
9072593285
9074837689
9188042988
9383468520
9400001422
9400019615
9400710950
9495025801
9496110395
9496545940
9497015937
9497895561
9526897983
9526940969
9539276986
9544571617
9562375325
9567768034
9605315597
9633061415
9645322963
9656025321
9656354983
9656912289
9656930512
9656946968
9744354618
9744558380
9745094563
9746655573
9746748674
9746829590
9746992335
9747168224
9747680409
9747791063
9778333842
9846060073
9846868212
9846877088
9846902687
9847599120
9847624410
9847791324
9847834502
9895063472
9895965039
9961166250
9961228446
9961457465
9961992812
9995587615
9497875316
9846165682
9061911521
9207576737
9605575474
9778765288
8891307961
9544594110
9746594110
6235436063
7025188797
7559829393
7736503026
7736752026
7907069484
7907151485
7994247925
8075829886
8078422207
8086328616
8086871744
8089626273
8111833531
8848694297
8921903823
9074710911
9074752391
9074794327
9074800082
9074815832
9074857077
9074877693
9074884933
9074888839
9074897290
9074922370
9074933685
9074971531
9074996719
9142033913
9142034248
9496375123
9744815542
9744998215
9895007945
9895310536
9946340287
9961043274
9995262972
8606754182
9495537837
9747648074
9847282568
9995149011
7510544531
7306983448
8281196498
8547045098
7025066262
7510159630
8590994141
9048932393
9061674309
9207773785
9496445318
9526620527
9539336871
9645399589
9656307508
9747214574
9778521657
9809133388
9895195633
8086509160
9207401456
9539618954
6238113527
6238333857
6282065126
6282786467
7306404165
7736651774
7994268574
8086684874
8129447096
8137081400
8138820397
8547052743
8590384212
9847038329
9847438132
9995480251
7994154693
8085202169
9846381511
9847890911
6282883707
7025602208
7510316182
7560839320
9526914010
6238852976
8943807425
9605603485
9605721883
9946067435
9074820424
9562896046
9747431868
6238899133
7902419505
8129164345
8138852101
9539698700
9744273602
9747190683
8113822733
8590697829
9446525759
9447152579
9447981108
6238616963
8078343348
8289913751
8289913781
9400051474
7012487292
8590456053
9847915780
9074820429
9656406201
9526300134
6238207899
7736631384
7994533355
8086835430
8089043044
8089529459
8113050516
8113928227
8129869241
8139051517
9496295908
9605342380
9605617595
9656024073
9656264359
8113095836
9199954318
9496795836
8075270743
8606104662
9633300378
9947221304
8086241759
8129509030
9446864173
9496151310
9497213608
9539215515
9744365710
9745892246
9746358527
9778298940
9778376943
9961006626
9446622350
9656397975
6282914951
7356550513
9061793278
9388125841
9446758121
9495108266
9495446749
9526241901
8304909127
8547011387
9061678454
9061809954
9447149387
9447285667
9447709822
9562391626
9846778454
9947708099
6235391074
6238121143
6282651361
6282921094
7356190535
7510257516
7592853112
8078326047
8078411539
8304889414
8848064039
8921358802
9048074233
9061775810
9188389513
9207117801
9207374551
9446121333
9446121378
9446448406
9447456837
9447620002
9447869910
9495443940
9496724850
9497476501
9539836375
9605014911
9605748489
9778291980
9790775355
9846117324
9846497142
9846539614
9946895990
9961811339
8590695836
8606400295
9061719239
9526728735
9633848422
9745746210
9947286947
7025231125
7034017220
7559069228
7559071020
7560901159
7561882932
7736622512
7736923616
7902866251
7907651340
8547516773
8590359402
8606614375
9020693910
9061555289
9288033400
9446163968
9526376046
9544013984
9544340618
9567011676
9605837826
9633698177
9645556364
9656230560
9747254946
9747417419
9946330207
9947535167
9961900189
9995329662
9995497413
9995907817
8547961567
9447161097
6238955283
7356201197
8714429360
9497686858
9995194762
9846305578
9846211020
9895672381
9995023196
8590496169
9526484982
6238220573
6282994410
7306619144
9207086851
9400686851
6238166503
6282225126
7034587759
7306903420
7510368092
7559864514
7736067608
7736739168
7902715743
7907479673
8075579806
8075689784
8139091564
8281500840
8281721570
8304941639
8547530374
8547916264
8589949571
8590475246
8590534035
8590804440
8891612808
8921448731
8943456358
9048735715
9072920408
9074278327
9074879710
9207838094
9400533059
9400776185
9446911869
9447922494
9526210646
9526303509
9539884806
9544148492
9562569985
9605295664
9633923824
9645582122
9645869689
9656501095
9745841432
9747115580
9747646953
9778012608
9846718640
9846984665
9847480349
9847603462
9847806488
9895983140
9947180618
9947240591
9947800545
9961051268
8500614087
9446078021
9495735286
9496965828
6238214967
6282313930
7025296491
7025734951
7304919311
7306466853
7306888434
7558025647
7560976438
7736529150
7994943870
8891046971
8893422636
8943090702
9061551546
9072826309
9072871495
9072883873
9074059211
9074470485
9074714363
9446081430
9446321560
9495635405
9495705272
9495955529
9496080241
9496915557
9526544586
9544718350
9562210288
9562346756
9562992338
9778404558
9995724419
9567959609
7559904577
8129170371
9895055296
9544535939
9544513110
9446940253
6235764920
6238115285
6238228399
6238710482
6238910688
6282318609
6282779071
7012157040
7012285615
7012462735
7012864108
7025023533
7025423836
7025810598
7306166780
7306487063
7356674893
7356782867
7356867431
7510347248
7510521974
7510539274
7510807787
7558020291
7558081476
7559036765
7559073096
7559914455
7561045338
7594028798
7594845437
7736176724
7736205315
7736279180
7736538714
7736584592
7736617148
7736954571
7736996811
7907534669
7907856389
7994161306
7994516383
8075889311
8078297148
8078855370
8086455790
8086894510
8089565579
8089810960
8089856692
8111920475
8129050729
8129106475
8129346216
8129383274
8129544286
8129578753
8138073574
8138831715
8139009648
8139088485
8139864817
8139870459
8156903137
8157980131
8281308245
8281793919
8281831423
8301068891
8304981370
8330085039
8547437771
8590336524
8590392057
8590721278
8590771491
8848000686
8848264817
8848351785
8848836596
8848931177
8848938722
8921110572
9037282599
9037951889
9048481118
9061097863
9074661287
9074908567
9075889311
9188682282
9207353826
9387358310
9400618646
9400656222
9400692112
9400696324
9400712832
9400881856
9400916044
9446045323
9447420105
9447599230
9495052258
9495106809
9495592045
9495711600
9495771600
9495890943
9496160182
9496160816
9496261842
9496543443
9496725067
9496800781
9497586871
9526095618
9526291508
9539562101
9539767005
9544395135
9544538606
9544662998
9544707452
9562173345
9567751466
9605572250
9605855177
9605988942
9605991947
9633191779
9633264221
9645678268
9656880380
9744217131
9744601134
9744794609
9745081009
9746034139
9746034149
9747394840
9747646086
9778319559
9778793876
9846200787
9846292090
9846347347
9846517713
9846752149
9846757787
9847363877
9847778061
9847885371
9895290281
9895331277
9895687458
9895734835
9946836686
9946991071
9947062788
9947069436
9947133464
9947203314
9947340833
9947432546
9947793041
9961027854
9961357272
9961711072
9995246470
9995572740
9995572788
9995573574
9995785249
9995975620
8089655328
8921228517
9074263472
9074647873
7012639565
7306467143
7356036504
7510437784
7736943245
8075766313
8086472104
8129218444
8129257723
8281039973
8281608865
8589927681
8592806525
8943481331
9400758106
9497856790
9562093797
9633322865
9745298264
9778382768
9846080491
9846687839
9847120615
9961446993
7012826559
7025220403
7510682018
8078031074
8547432282
8891286370
9447404794
9539497824
9961023574
9961961436
7356835238
7593014989
7736109732
7736124625
7736870994
7907630851
8089176490
8089479877
8089546538
8113914985
8281012672
8304056380
8590894106
8943089043
9037449491
9037626846
9074945378
9447369190
9447494754
9447900665
9633029447
8281414307
9496943307
7736983513
9061548089
9656904390
7593063005
8075971631
9446996388
9497821157
9544894097
9847978537
9746738190
6238060616
9947747901
8943254170
9495709461
9526720172
9594333850
9961592586
6235098405
6282398670
7012395190
7025259833
7025827165
7293431547
7356086386
7356174043
7510237203
7560825233
7736356571
7736512225
7736551986
7736625055
7907366206
7907555266
7994094920
7994227052
8075235369
8075567178
8086247417
8086636941
8113014801
8139813766
8156812950
8547294813
8547473652
8590187909
8590702147
8606406994
8848103296
8921894269
9048894785
9188651694
9446118655
9495214673
9495520374
9495651411
9496466368
9526355423
9526708664
9539301537
9539302211
9544539600
9562480850
9562983797
9605083979
9605532775
9645642049
9739367469
9744014014
9744118843
9744300497
9744974020
9745767743
9747483852
9747824505
9747929449
9847761025
9895576176
9961468157
9961476053
8547081622
7902970466
9947120577
6235439844
8089672874
8281872015
8590734306
8848149377
8848988497
9037074638
9074983352
9526362132
9656040406
9656043488
9744399746
9744825167
9778406403
9946378573
9947368095
6238010163
6282398370
7034321900
7034634761
7356629872
7356928785
7510310203
7510830241
7558925755
7559988509
7561049796
7592877869
7736070325
7736176522
7736193606
7736524641
7909177691
7994273897
7994399322
8075157436
8075605695
8075931768
8075976316
8078349525
8078960863
8086283907
8129557716
8139801212
8157814016
8281053492
8281295447
8281934030
8330091247
8330829184
8547232494
8589656862
8589856862
8590401894
8590532754
8590643473
8590822596
8848453807
8848835651
8848975334
9037780244
9061629262
9061818008
9074618931
9188396872
9207099701
9207800592
9387915681
9400609770
9446196510
9446318436
9446363525
9446901972
9447115413
9447910977
9447996955
9495396854
9495716212
9495818702
9496271674
9496282813
9496941011
9497391312
9497391917
9605119826
9605353888
9633335007
9645295136
9656088968
9656543383
9744086014
9749324173
9749498806
9846035760
9846139660
9846746590
9847695421
9895276310
9946947770
9946981971
9947467206
9947642566
9947887955
9947911870
9961066600
9961562770
6282636783
7510337271
7994444892
8075070454
8304926915
8547233823
9188238120
9446859021
9496175645
9567462483
9605174857
9656746898
9778173541
9895384832
7736021396
7994823478
8137832744
8606926174
9072003344
9605289934
9633547847
9633960215
7902602948
7907365287
7907449750
7907664054
8590048952
9048568584
9446126834
9446309981
9446407840
9447035464
9447138180
9447139238
9447764204
9447823770
9495525263
9633056834
9656623770
9747252698
9847295238
9847492822
9847906917
6235072321
6235183668
6235534711
6238088467
6238091862
6238320483
6238622659
6282665520
6285270628
7012439592
7012567107
7025842065
7034407926
7034939530
7034968805
7306430402
7306461169
7306908392
7306915816
7356179553
7356808412
7356932445
7510416172
7510473961
7510635590
7558054694
7559989128
7592841296
7593020937
7736029439
7736524873
7902986168
7907495532
7907574480
7909255170
8075490312
8075782560
8086709247
8089270380
8113067325
8129141940
8136883679
8137907694
8157054694
8157882932
8157981542
8301814843
8547275545
8547763287
8547928358
8547946992
8589023896
8590087027
8590985043
8606134980
8606174004
8606579892
8606718049
8606723565
8606800285
8714336955
8714400336
8848397143
8921135589
8921808875
8921899492
8943385387
8943679921
9020534100
9037414153
9048671836
9048685569
9048685992
9048730093
9048735187
9048759390
9048771252
9048913658
9048916358
9061953664
9072287882
9074131221
9142600688
9188035683
9188372662
9207133679
9207431005
9207685637
9349858304
9444745837
9446316118
9447033073
9447224405
9447245722
9447434041
9447463884
9447466164
9447551462
9447735267
9447812610
9495297977
9495544744
9496002354
9496015695
9496342209
9496394485
9496560727
9496857874
9496866449
9496937830
9497441701
9526018656
9526131993
9526477899
9526666337
9526948823
9539369428
9539879759
9544620796
9544800976
9544944871
9562119559
9562490051
9562818279
9565126804
9567147286
9567385339
9567899302
9605023605
9605497910
9605502741
9633786680
9645341458
9645428494
9645608686
9656012753
9656117571
9656288600
9656288622
9656346356
9656619160
9656647377
9656794470
9744011744
9744249259
9745025512
9745583594
9745970300
9745970355
9746071939
9746401807
9746643470
9747012514
9747060307
9747132762
9747252444
9747349422
9747365844
9747453726
9747593784
9747650315
9747736859
9747767773
9778074890
9778084839
9778168782
9778168787
9778219399
9778548386
9846507360
9846559856
9846561396
9846883977
9847033518
9847046081
9847102433
9847194308
9847295615
9847763320
9847796335
9847873855
9847932145
9847983703
9847986948
9847991403
9895830246
9895889228
9895933766
9946161438
9946595997
9946827006
9946946083
9947018071
9947258245
9947665810
9947763246
9947936534
9961142511
9961204351
9961294096
9961311274
9961402875
9961490683
9961493683
9961686813
9995639913
9995872485
9447491730
9847941634
9447579049
9497356861
8075076950
9562123184
9562285385
8590650696
8075654087
8289923841
8921396252
9447530478
9495768262
9497641446
9526059376
9633115845
9645284835
9745139337
9961348414
9495740029
9744285520
9778026255
8075671657
8593055212
9048119814
7306560665
6282197325
6282832413
7034092819
7306372485
7558894622
7907273471
8547439293
8593064806
8848798527
9072197809
9074772637
9447713247
9497183340
9526234227
9544059178
9544823294
9605075245
9605293510
9605370784
9656411305
9744518105
9744962374
9747063528
9747706594
9778047356
9847900601
9847972812
9946463348
9961806801
7034483941
9645498531
6238453817
6238717763
7510367124
7510894565
7592992110
8136943542
8281370898
8590311077
8606591231
8606927516
8848024378
8848193609
9061061557
9061153781
9061322787
9207215036
9539051687
9745565188
9745890743
9747484302
8129372494
9446632494
9840052715
9562496061
9497821756
9847799407
8089503293
8129120433
8136998806
8137074549
8156918032
8592004048
9447303293
9526333719
9544451976
9605900433
9656961221
9847491131
9961673441
6238042446
6238277650
6238909045
6282259394
6282619642
7012118446
7012727225
7025554394
7306825580
7356399272
7356806030
7591944831
7594863890
7902349507
7907266294
7907465591
7994656407
8078481032
8086519902
8089362735
8129466068
8138897126
8157821664
8157852722
8544552823
8590310990
8590608944
8848203089
8943095835
8943382365
9020405858
9048152899
9061726357
9074247519
9074672086
9188207015
9188759788
9207007138
9446017853
9446277413
9447017858
9495137152
9496131615
9496208858
9496215980
9526094282
9526542241
9539669778
9605336402
9605524348
9605855974
9633714650
9645502424
9656138171
9656461290
9744531679
9744991860
9745432558
9895029965
9895784770
9946621839
9947141794
9961011207
9961618144
9961655583
9995169621
9495882089
9400900401
9656520077
6238569203
7907695994
8086627388
8113905330
8281109688
8590557090
8590950815
9037586097
9048279581
9447032221
9447149204
9495334548
9495487401
9495611868
9544892768
9562500794
9605166376
9645989775
9656238064
9745915052
9846474941
7025153182
7306240722
8089071932
8089472698
8156852731
8157089906
8281826982
8547046828
8590295137
8590652825
8590892639
8590980904
8606807545
8921532586
8921750296
8943228876
9072295257
9074799609
9142126169
9142171067
9142182844
9142183959
9142352024
9188046320
9188482913
9188622761
9207215769
9207404763
9388104211
9400790070
9446421838
9446836147
9447356503
9495195763
9495204943
9495744285
9495835637
9496435853
9496559635
9496745556
9526891129
9539130960
9539346120
9544148646
9544356121
9544456891
9544878701
9544970802
9562056670
9562192856
9567258620
9567420994
9605333671
9633402205
9645043325
9645254326
9645877353
9744388914
9745661065
9746346977
9747335338
9778007650
9778387092
9946137335
9947636448
9961087743
9995407615
9995410146
7592871803
7642930144
8606313162
9495447983
9497053162
9562447983
9995313162
9497264150
9947662120
6235458668
6238215115
6282060766
6282558118
7025970720
7034374075
7306517227
7356438249
7356498249
7510870661
7736987852
8086251382
8086511975
8301843648
8547712231
8590537634
8714001497
9048518609
9188425177
9188662441
9446189330
9447683875
9447867929
9495491697
9496421658
9497497975
9526467246
9526948330
9539953085
9544246632
9562646724
9633031694
9645929590
9656000499
9745586702
9745865961
9746073830
9747176182
9747401755
9778442713
9846757236
7736896321
7736899321
8281901321
8921728855
6238733937
7034301412
7736633002
7902986283
8086338731
8129716887
8289908653
8301019229
8304042069
8547044896
8590095142
8590375606
8606006400
8848312755
9048044648
9048588436
9048906942
9074684500
9207029622
9207624080
9207919323
9383434595
9400961932
9446131176
9447825812
9946055758
6238325454
6282025388
7025768142
7558849527
7994197775
8157907243
8590490676
9544971910
9562335169
9633502851
9744838477
9846831801
7994886529
8129400877
9526828769
9961121310
7012992450
7907950704
8078345477
8078934140
8547149883
8590172341
8590786372
8590983808
8921663144
9129951642
9142371622
9188010761
9446227036
9447805512
9656517841
9747278713
9847905623
9947971881
9961674805
6282612259
6282952143
6282992766
7012350714
7012547363
7025031234
7025613180
7025758579
7356023603
7356961742
7510124952
7510909866
7558903245
7561001640
7592987009
7736558004
7736767718
7736789233
7902839219
7907034948
7907286647
7907701647
7982316600
7994427711
8075107961
8075466335
8075545789
8075676951
8078718861
8086322735
8086778473
8089499976
8089584676
8113029238
8129079773
8129491587
8137049400
8137800765
8281270890
8281351841
8281500940
8289809956
8330018835
8330800096
8547279325
8547357090
8590105052
8590622758
8590875449
8592915665
8593877980
8848235565
8848542080
8891585286
8891777529
8921742256
8943504576
8943867765
9037190461
9048143936
9048209631
9048382509
9048587818
9061699142
9061732515
9074898560
9074899202
9142134113
9188319084
9188468723
9207240618
9207304320
9207699478
9249551280
9446395456
9446405841
9446633800
9446703251
9447805598
9495120985
9495185184
9495610087
9496271931
9497303375
9497823400
9526111504
9526257821
9526811632
9526825071
9539382243
9539540852
9539634257
9544593162
9544681552
9544862789
9562116361
9562770790
9562851830
9567474762
9605117383
9605150881
9605191689
9605605610
9605762572
9605815031
9605972848
9645514223
9656111264
9744606301
9745077628
9745573542
9745638001
9747421098
9778110608
9778438699
9778494709
9778755218
9846559254
9847436071
9847602516
9847878516
9895497283
9895524514
9947280618
9947722518
9961159014
9961244096
9961696990
9961745820
9961995294
9995078316
6238153711
8921770996
9446603869
9446820264
9496933128
9544167946
9744887033
9847041592
6282811975
7306017497
7356286822
7591927076
7594088145
7736340760
7902976393
7907942420
7994232042
7994758398
8089241537
8129685016
8129744170
8157029405
8281868457
8281886249
8547065278
8547109205
8547957883
8800464895
8848184610
8921054496
8921705319
9048619297
9074605196
9074665754
9188203530
9188386946
9207972912
9400658215
9446329906
9447353709
9495041898
9495550553
9495876839
9496015430
9497056599
9497583007
9562269611
9562596349
9645269590
9645520510
9656177410
9745728150
9745796140
9778388614
9946266016
9946415441
9947657939
9947867525
9947976761
9994780728
8113885790
9495109557
9496724054
9605734195
9847791861
6235288947
6235621981
6235634327
6282468411
7012113067
7012350006
7012584771
7025821539
7306347214
7356589622
7736372437
7736746011
7736869047
7902321079
7907470899
7907674135
8075121117
8075426564
8075541758
8089782745
8129333481
8156860944
8281493817
8547362648
8547651506
8589853704
8590045024
8590826500
8590860916
8590980105
8592829316
8593016165
8848472094
8848886715
8921296626
8943736957
9037177884
9048068212
9048143754
9048216714
9048288840
9048703817
9061609942
9072213259
9446668220
9446922607
9495215687
9495264793
9496416418
9497764789
9526569541
9544670285
9544945702
9544981497
9562451635
9605576527
9605942911
9645239213
9656863622
9745399816
9745739901
9747117429
9747553684
9747847024
9747942592
9809103327
9847683367
9847856883
9847927263
9946798326
9947305448
9947592528
9947804254
9947804684
9947928468
9961142474
9961243384
9961337868
9961544747
9961923896
9995048037
9995584780
6238269986
9747833716
8281235291
8921448855
7510661443
7909232367
8156983615
8606321279
9961661289
9495068628
9744548868
9037025292
8593803613
9961407922
6282371610
6238659892
6282032213
7012305959
7025701323
7034631805
7306280353
7306584929
7306646658
7736209694
7736415565
7736638452
7736731669
7736968178
8086083736
8086348363
8086387557
8281270151
8281389644
8281445229
8290932084
8547613138
8590688974
8606843736
8848129289
8848460354
8891176790
8921728488
9061206836
9061962060
9072002152
9188429767
9383481611
9400452441
9400635952
9400994741
9446124416
9447135111
9447180673
9447473467
9447665035
9447902238
9447907957
9495111681
9495196755
9495446604
9495538149
9495791551
9496303672
9496724466
9526369745
9539805377
9544086685
9544672698
9562341277
9605323920
9605479392
9605669641
9656068533
9656225488
9744284844
9744380221
9746369567
9847099932
9891059135
9895011562
9895444396
9895711863
9895711864
9947104370
9947293081
9947943375
9961633520
7907495764
9061698634
9495735245
9562472625
9562537460
9745716155
9747493721
7561052723
9061698945
9207063875
9526642780
9544159345
9961276646
9961399345
6282256144
7012597488
7012837080
7034351989
7356733016
7510739028
7559940270
7907002446
7907160208
7907487313
8281371778
8606942067
8714453117
8943368594
9037182984
9037357102
9037725220
9048109045
9188186357
9207006197
9387746057
9400262789
9446206173
9446516608
9447122709
9495319424
9495380954
9495623265
9495850306
9496180196
9497102567
9497193759
9526445520
9526621641
9526664278
9539961883
9605475897
9605506942
9645560307
9656285509
9745952892
9895696623
9947532792
9947653537
9961716287
6282974821
9446276900
6282686588
7306327180
7356017304
7448969743
7510259458
7558835956
7736747210
7954847397
8156934507
8547738474
8590054938
8590197266
9037178009
9037212819
9061201472
9188184513
9249386547
9446863195
9447958426
9495538573
9495815833
9526635571
9539260054
9544270931
9544533936
9562326541
9605237779
9605270931
9605400520
9605449990
9605722407
9605765501
9605766501
9605805025
9645481510
9656996044
9744324310
9744643918
9747807199
9778293045
9846332063
9847312492
9847681864
9895296406
9895393169
9895674723
9946607220
9961503561
7510166772
8891586245
6238829641
8848819303
9544965158
9645627201
9656819217
9961430111
6238343810
6238556996
6238817680
6238908854
6238999505
6282048717
6282267203
6282486233
6282801582
7012827562
7034324466
7034648248
7034860260
7306698791
7510791951
7561807997
7592848622
7594079620
7907955680
7994281819
7994699627
8075963324
8078371402
8078504937
8078819321
8086410072
8089793110
8281137835
8281815880
8304904859
8304926236
8330841365
8547029016
8547896226
8547959023
8590032779
8590458760
8590563179
8592085658
8606813567
8606833663
8848884130
9048830686
9061592232
9072549727
9072553968
9072706268
9072715099
9074247760
9188816705
9238556491
9400978179
9446122471
9446340767
9446360361
9446415691
9446617452
9446862942
9446885779
9446994160
9447131815
9447317005
9447679067
9495108780
9495211365
9497130317
9497820643
9526256685
9526563297
9526672770
9544023489
9544284240
9544832409
9562210937
9562788162
9567080006
9567852619
9633925545
9656609829
9656744540
9744144691
9744405956
9744506836
9744714964
9744809772
9747092033
9747356261
9747861550
9777876971
9778320029
9847254255
9847427510
9895538027
9946876334
9947202599
9947937456
9947962029
9961677193
9961750830
9778743230
9946998338
6238046143
6282116827
7012906702
7034320091
7306126531
7306764292
7561814268
7591984101
7902347620
8086630766
8281284104
8547840407
8921498494
8943643448
9061334576
9072911963
9656360042
9656410696
9778220892
9846237082
9847218970
9946995363
9947095217
9947535479
9947722731
7025650875
7306228207
7510683822
7909163512
8075515211
8129387398
8606180797
8891255200
9048795023
9074790322
9446123653
9447301977
9495361258
9496410282
9605389089
9633530518
9656710957
9745051938
9746175007
9778135241
9895908667
9947655431
7510476380
7994607061
8921311630
9846655412
8281397447
6235345099
6235770350
6895945360
7025301161
7034635219
7592867885
7907075906
8086561792
8281406932
8281674914
8281935258
8301833194
8330063095
8547251281
8547480835
8547784775
8589890308
8590208961
8590957782
8921035593
8921546895
9037783446
9400650733
9400969431
9446040913
9447569467
9447746231
9495333546
9496262071
9544080533
9544718489
9544822325
9605248379
9605699675
9633737903
9744633952
9744743528
9745184224
9895196641
9895727088
9947064863
9947623560
9961276477
9961897672
9446594938
9961681947
9962681947
7012270920
7012958513
7510749365
7902926307
7907324413
8086571637
8137047202
8281573170
8590472114
8590752674
8590809345
8592077520
8848230863
8848599579
9037125176
9447741279
9495834278
9562343761
9562725540
9605213765
9605397152
9633844970
9744677648
9744778478
9744939835
9846385948
9946433718
9961223981
7025031764
8592025770
8943684175
9447493180
9947884198
9961484177
7306986114
8590173538
8606197080
9061648589
9961312403
7012619338
7593028824
7907410591
7994137955
8075799164
8113023910
8113066159
8157809394
8592924622
8606286320
8848248096
8848472009
9037150943
9061428658
9188262313
9207403150
9496758499
9526227847
9544341811
9562176133
9567047083
9567067899
9778041847
9846680177
9847265280
9947978991
9961800678
7306807531
8943550147
9061267178
9074571448
9074585649
9074591845
9526652302
9562068338
9745884271
9747673880
9778485828
9847030041
9947172643
9995544256
6282573320
8593960232
8606911316
9744296719
9778901301
9947545819
9947582589
6061070466
6235001331
6238108871
6282376164
6282737994
7356667838
7510245012
7736986606
7902639200
7907099077
8078467837
8078747077
8281820037
8590748463
8848759101
9037313554
9048707611
9061263387
9061451069
9061811487
9074273010
9447232800
9495155949
9495261047
9495280261
9495352108
9495626812
9496258945
9526317369
9544215162
9562047721
9567412925
9605020059
9656034420
9656097910
9656228657
9744651186
9747404120
9778563025
9847433433
9895452211
9947734176
9947934586
9446863185
9447808466
6282524232
7736734462
8848058810
9072888426
9446823076
9447974083
9495733076
9496429436
9539932085
9747038505
9747872148
9846194704
6235145263
6235524687
6235720821
6235927915
6238122102
6238373123
6238472460
6238520210
6238883216
6282718451
6282785762
7012755266
7025242389
7025311077
7034170241
7034318310
7306219282
7306261487
7306517986
7306539997
7306985923
7356029215
7510398785
7559004291
7561094714
7591930133
7592828811
7736229580
7736269578
7736542504
7902331195
7902608648
7907315975
7907547433
7909152314
7909182283
7909215212
7994741930
8075836170
8078538009
8086260837
8086758084
8086986294
8089090335
8089670784
8111948312
8129390742
8137090540
8139831332
8301828314
8330812950
8547247703
8547526493
8590627136
8590628385
8590677324
8606532845
8714100014
8848013035
8921001275
8921457546
8921588508
8943282834
8943543046
9037395386
9037907893
9048399099
9048544599
9048683019
9061672683
9061992239
9072482570
9072501718
9072586069
9072692928
9072727463
9072763557
9072768949
9072906263
9074120121
9074885611
9188028369
9188138033
9188662428
9207020321
9207116389
9349113896
9400251268
9446028457
9446200627
9447324207
9495107677
9495539762
9496800245
9497768614
9526776320
9544224811
9544296727
9562198060
9562344980
9562965344
9567947379
9605760993
9605900608
9633071421
9633761380
9645004494
9645605256
9656571590
9656635098
9744428906
9744754378
9744851259
9745402648
9745928434
9747231380
9747501388
9747985013
9846217933
9846357060
9846396521
9847452958
9895540969
9895625877
9895674678
9946032926
9946550936
9946869039
9947378722
9947426172
9947809687
9961310370
9961430530
9961507967
9961633761
9961775202
9961886187
9061399605
9446511142
9544480045
9656115472
9656251609
9947284620
6235909952
6282431998
7012132282
7012859608
7025024786
7025247937
7306269829
7356399159
7356514336
7510260982
7736859054
7907347511
7907705199
7994494604
8075395847
8075573030
8075868940
8078362264
8089719131
8129838099
8139066360
8157047240
8281441398
8281580840
8289856729
8301008025
8301943569
8547390110
8590701599
8590936110
8594025684
8848121726
8921033477
9037432565
9037439489
9048817715
9072784818
9074920990
9074945874
9188637084
9207313317
9207414289
9207818891
9249200133
9388777555
9400947241
9446084826
9446165725
9446212266
9446434129
9446511179
9446538478
9446713271
9446863388
9447116575
9447456881
9447605421
9447673113
9447681319
9447776829
9495493524
9495632304
9496945820
9497766673
9497857443
9526165123
9526717924
9544654673
9544964601
9562013089
9562272740
9562392317
9562436130
9562695628
9562918725
9605321808
9605421109
9605520109
9645011775
9656552779
9656560087
9744764964
9747141737
9747349620
9747406394
9778118709
9778150427
9778385218
9847317415
9847462212
9895480569
9947321793
9961139766
9961534594
9961772196
9847314007
7356359285
7994817906
8089875483
9605712954
9656390062
6235155155
6235367364
6238006186
6238346900
6238456440
6238493422
6238551966
6238804298
6238813750
6282201822
6282853548
7012041296
7025223051
7025563166
7034060234
7034167607
7034417552
7034454762
7034647060
7306262935
7306964994
7356923299
7510284790
7510957646
7558096079
7558837820
7560817492
7736193205
7736500357
7736581680
7736628299
7736637937
7736692433
7736780805
7902365426
7902549717
7907365281
7994154040
7994585593
8075717299
8086440830
8129266975
8129348149
8129913837
8138864826
8138922369
8157851594
8157987382
8547100373
8547842769
8589993106
8590630048
8590905476
8592935770
8593051003
8606315475
8606564291
8714915271
8848256579
8921289156
8921366105
8921413101
8943614905
8943820856
8943822672
9037325435
9061741510
9061771823
9072259661
9072283657
9074230249
9188289547
9188350587
9207942777
9249303568
9400517307
9446269471
9446713487
9447330302
9447866977
9495122360
9496263848
9497096320
9497586101
9497663218
9497667217
9526034826
9544090941
9544276242
9544309725
9544445188
9544678675
9544978056
9562024617
9562350853
9562483044
9605367556
9605528874
9633235904
9633420878
9633826987
9645127477
9645398751
9655685116
9655688082
9656375823
9656685116
9656728604
9656793279
9656933417
9741725296
9745421335
9747065445
9747676563
9778120029
9778175648
9778176654
9778227109
9778248395
9778514681
9847171633
9847217060
9847408983
9847495877
9947266512
9947533348
9947748857
9947753486
9961002122
9961004131
9961512453
9961578922
9995119879
9995377554
6238850774
9447806675
9544058789
9747176242
6235872463
6238836385
6282385283
7025421641
7025557523
7510396148
7511120899
7591986525
7902308572
7902604663
8086022918
8111961972
8113836856
8561091787
8590384805
8590389275
8598384805
8848359209
8921171579
9048281102
9400412525
9400866625
9446777297
9447545752
9495164576
9495187140
9495394316
9496455526
9497015206
9526554575
9562035230
9562745040
9562745736
9562745739
9605250526
9605586162
9605768395
9605795195
9645873849
9645875298
9744860217
9747655364
9846440476
9847489575
9847975123
9847975194
9946653200
9946653203
9961742533
8281665698
8547409888
8593846525
9074944831
9562408441
9605638876
9846295540
9846443569
9947002858
9961895540
6238120148
6238169417
6238369861
7025142785
7025543524
7025910435
7034298130
7306343378
7306459726
7306570497
7510649238
7561831695
7592042907
7907077405
7907436926
7907465099
7907992515
7994386507
8075842606
8086310324
8111868674
8137046064
8281216339
8547204689
8547206764
8547443173
8547458867
8547674339
8590371052
8590495331
8590644834
8592870798
8848145906
8921934973
8943155320
9037763314
9072113515
9072465307
9074065870
9142396500
9207447417
9207537738
9400144022
9400329705
9400486696
9400530577
9446324029
9447167627
9447274110
9447334962
9495388293
9495804992
9496293689
9497296745
9497884795
9526555067
9526639815
9526840173
9526914323
9526940051
9539043539
9544095612
9544199421
9544506548
9544971695
9562996666
9633165068
9656793354
9744408539
9744845588
9747008375
9747128357
9778154893
9778486485
9778503362
9846077406
9846370004
9946134884
9946562416
9946622161
9497661684
7736209928
9207574898
9447755397
9567682893
9605269620
9747935751
9895005669
9895803181
9946600917
6235040685
6238217720
6238567372
6238652048
6238749242
6282150411
6282158969
6282503831
7012806903
7034662651
7306038882
7306062894
7306166495
7388639812
7558020088
7559918630
7560851803
7593069763
7736132572
7736223869
7736635800
7736923268
7829239597
7902268038
7902361556
7902917057
7907708958
7907715917
8075467102
8086150341
8086437244
8086610838
8089047931
8129086810
8157983090
8281744208
8489406181
8547629413
8547929376
8589876801
8590489593
8590743552
8592093050
8592834055
8606649050
8848817052
8891434540
8921416878
8943265978
8943544123
8943726639
9020924925
9037203417
9037363925
9037667806
9048988681
9074183206
9074480974
9074650463
9400114075
9400118549
9400354260
9400613214
9400694245
9400695205
9446282784
9446645685
9447086113
9447420249
9447590911
9447897806
9495725679
9495801343
9495806889
9495807129
9496936774
9539490559
9544494882
9562247225
9605618354
9605844498
9645033867
9645317881
9656458887
9656659056
9656885709
9744509292
9744566086
9744682694
9744724761
9745165761
9745608771
9746842523
9747765674
9778213305
9847572830
9946019763
9946474476
9946515773
9961149677
9961307144
9961348690
9993030172
9633117980
9744513245
7012225156
9446603067
9447506457
9447514377
9497092310
9947249269
9995481654
6235478320
6238543718
6238973087
6282195645
7012633064
7025568925
7034734136
7034947218
7306013577
7306422186
7306470864
7356345743
7510390095
7510633326
7510635717
7558899671
7559920065
7561097278
7736782748
7902990397
7907444182
7907938505
7994066558
8086336102
8129389175
8129626374
8129674141
8129874141
8156896016
8156920299
8281251669
8281791190
8281820744
8289958193
8547211432
8590755296
8592102996
8594043740
8606505623
8848387457
8848621297
8921479534
8943287476
8943467385
8943589004
9020407020
9048208635
9048472624
9061867872
9061998213
9072610410
9074259282
9446173912
9446555568
9447548797
9447923572
9497796687
9526373033
9539627000
9539801886
9539907701
9544344083
9544483543
9544486354
9544911227
9562839674
9605134707
9605959088
9633476166
9656122756
9656597307
9744253397
9746958032
9747046279
9747936082
9778251115
9895380588
9946085222
9946186250
9946894426
9947591495
9947621856
9994591495
6282300864
7025259964
7034385564
7306600667
7594942489
8086054144
8593065289
8606513189
8606674240
8921739781
9048685505
9188480931
9447456526
9496911203
9539317028
9539755614
9544398330
9544509123
9562823309
9656033629
9715281043
9747858576
9947591339
9947592207
9947801697
9961329376
7012981715
7034821456
7306774479
7736986932
7902581506
7902639959
7907583682
8086130973
8086397897
8089349410
8129842658
8129891752
8281278980
8590629604
8590862510
8848640609
8891126107
9037077547
9037102134
9048420936
9048938268
9072743223
9188363151
9446863151
9495104574
9539267807
9544040599
9605570467
9645801761
9747264317
9747405769
9846770310
9846877842
9847421918
9946242916
9961025452
9961849520
7907403600
9961666903
7025967369
7034632386
7559831134
7591986592
7594814029
7736645733
9048823200
9048825698
9048862839
9048901002
9446157628
9495936405
9526095824
9544914407
9745120131
9995658039
7994090600
9497197088
9562260463
9562632804
9656431335
9746233608
9746355743
9846967246
8075819411
9447858672
9497016788
9497538472
9947571678
6235021960
6238031944
6238233585
6238459397
6238718430
6238833792
6238857037
6282263809
6282700695
7012373271
7012702797
7034364400
7034740013
7034920072
7306142028
7306251821
7306389729
7306535926
7356045259
7356546033
7510362694
7510465508
7510597715
7558070054
7559037613
7592077856
7736830487
8075397295
8075602829
8075846765
8078102282
8078175585
8078442375
8086125437
8086826057
8089914698
8111891804
8113977720
8129256255
8129829919
8138978467
8139833035
8281081059
8281255615
8281779326
8304047307
8304862554
8304974352
8547576857
8590306569
8590383798
8590410043
8590566965
8590792058
8594039392
8606200995
8606251157
8606311483
8606418784
8848175456
8848184794
8848375474
8891000361
8921020813
8943287976
8943968744
9037272032
9037582823
9037972960
9048126162
9048482088
9048664763
9048685260
9061128209
9061752349
9061874909
9072371495
9074706168
9074962934
9142862939
9188741534
9207058718
9207538967
9400101292
9400631475
9446214643
9446510934
9447097856
9447438813
9447484266
9447689028
9495153964
9495288562
9495393804
9495692265
9495905390
9496429350
9496642759
9496692697
9497324729
9497410918
9497487940
9497517659
9497518880
9497566116
9497776807
9497818355
9497819646
9497821056
9526397008
9526602718
9539318522
9539917055
9544082961
9544223867
9544271510
9544490137
9544491186
9544744084
9544988429
9562102272
9562253289
9562503966
9562781822
9562781882
9567010796
9567022995
9567431187
9605049713
9633582740
9633831297
9645306302
9645683886
9656380776
9656569142
9656897513
9656910703
9744218318
9744698158
9744823958
9745255322
9745255700
9745300281
9745328084
9745633154
9745709283
9746070696
9746454084
9746650151
9746870289
9747072120
9747099173
9747668968
9747762922
9747965062
9747981331
9778374675
9809885612
9846043118
9846725059
9846759686
9846764309
9846854727
9847029551
9847061782
9847067341
9847069156
9847125991
9847142656
9847152426
9847164866
9847283235
9847297056
9847339476
9847556835
9847762492
9847793808
9847805739
9895099294
9947103873
9947118066
9947542699
9947777904
9947809894
9947813502
9947915874
9961228099
9961457796
9961537833
9961745235
9961819544
9995915817
9995920719
7736714739
8547424457
8547816862
8848782562
8848910746
8921781170
9061724457
9349811741
9447231544
9495110738
9526081707
9656569474
9665085255
9846950531
6235204854
6238017524
6238631543
6282522287
7012359688
7025364884
7025793196
7559855017
7561875893
7902404322
8086408295
8089188575
8089373016
8281145801
8301829827
8301915066
8590775944
8590794494
8592908175
8606795029
8921232347
9037130388
9207389755
9349281271
9349414142
9446375315
9446604505
9447169665
9447307520
9447809127
9447809292
9447982595
9495473127
9495571439
9495874871
9496252306
9496320882
9496571113
9539614599
9567912818
9605362085
9605570680
9605745065
9605950427
9633118539
9633190196
9645261559
9645641605
9656037148
9744993529
9745723933
9745803812
9747706064
9747801303
9778029276
9778498390
9846431253
9846873216
9895324980
9895632383
9961423980
9961423985
9961935495
9995390441
6238625501
6282464604
6282825829
7012052717
7558847725
8281041906
8590139488
8921513105
9446469861
9447036723
9447306962
9447311453
9495444906
9544806203
6235691080
6282621006
7510884568
8281643416
8574065321
8606589008
8606633888
8921387720
9074176490
9074631248
9188505455
9400083513
9407043045
9446291741
9447043045
9497120464
9539094618
9544114066
9544118556
9544124111
9562656677
9656265174
9656588777
9656828316
9746277739
9961692475
7907548206
8301064973
8943042848
9207308432
9447816173
9497427719
9605100236
9633473519
9656846193
9747001623
9847934030
9946328138
9947949448
9961780400
6238676928
7025592286
7025824780
7034719297
7356594039
7356987029
7511157232
7558008861
7559839202
7560838265
7560838590
7560934647
7593032349
7736917972
7902476724
7902641127
7902910652
7907405408
7907702495
7907804643
7909147607
8078136597
8086749533
8089756180
8111812839
8129719375
8156800558
8330833702
8589968705
8921205686
9061580869
9072427073
9188619497
9207020384
9207865952
9400652200
9400872369
9446231813
9446234339
9447125305
9495561422
9495726844
9496965621
9539060042
9544669172
9544797793
9562543156
9562940242
9567137697
9605283002
9605707388
9645350318
9645699983
9656374624
9656457675
9656555155
9656934474
9846332532
9846507634
9847249967
9947013692
9947907014
9961071265
9961930457
9961951971
7356348809
7356348819
7511142841
7558860810
7902319982
8606694054
8921393640
9061628522
9061987862
9447191142
9447418156
9447869405
9605660784
9645374433
9746623571
9747076088
9895307591
9961665811
9961691003
9995613824
6235088970
6235091573
6238609830
6282889775
6896305095
7012466402
7012779755
7025254414
7034795811
7293508702
7306221977
7306510170
7306667055
7306765614
7356070377
7356510212
7356775584
7356831402
7510194618
7510693603
7510829921
7559014341
7561821662
7592808122
7592876175
7592889233
7592908660
7594891839
7736124728
7736461656
7736630834
7736649753
7736691750
7736743842
7871452724
7902385842
7902564246
7902607303
7902656934
7902927503
7907378239
7907497879
7907957613
7909107996
7909120148
7994116980
7994505478
8075003494
8075330292
8075496129
8075497649
8075853996
8078268623
8078855112
8086623392
8086723233
8089975250
8113843616
8129236251
8129332592
8129474962
8129885863
8136967616
8137021148
8137031317
8156881315
8156920410
8281253077
8281580556
8281697389
8304030781
8547066454
8547119592
8547472593
8589905745
8590418485
8590442990
8590511949
8590547220
8590732196
8590971121
8592875425
8593988430
8594023535
8606219518
8606302283
8606494054
8714063631
8848565049
8848899668
8891738515
8921438454
8921909006
8921971403
8943061788
8943296625
8943312558
8943371686
8943441481
8943949583
9037351702
9037644324
9048054341
9048926270
9072490540
9074593962
9188055809
9188725870
9188794571
9387667731
9388093363
9400152639
9400593160
9400726286
9400808727
9400930354
9446277612
9447409567
9447414489
9447566318
9447660759
9495291468
9495327381
9495480426
9495587009
9495735165
9495918467
9496265366
9496631245
9496673149
9497250599
9497298318
9497314430
9526231464
9526876249
9539214617
9539794636
9544415120
9544872137
9562823877
9567108800
9605795353
9605871093
9633391384
9633440851
9645332131
9645618775
9645782528
9656939381
9656964378
9656969360
9744086818
9744995844
9745622501
9746351363
9746518872
9747475461
9747636797
9747771021
9778383197
9809846721
9846256271
9846299564
9847315257
9847877651
9847906692
9895516743
9895859743
9946342691
9946426829
9946436226
9946710701
9947090874
9947104869
9947129557
9947157595
9947346673
9947733763
9961038034
9961134177
9961138359
9961299645
9961536344
9961746950
9961895332
9995098202
9995282145
9995486901
9995674828
9995715214
6238781480
8281340799
9446203814
9656570858
9745319840
9778334398
9846761610
6238094147
6238595025
6282464841
7025225891
7306294509
7306959154
7510465178
7510896599
7558016172
7558850095
7594880654
7736159342
7994899299
8089587176
8281510275
8281533267
8281739728
8301045669
8330315461
8547247884
8589943850
8606944388
8943637818
8943803513
9074399363
9188227734
9249100592
9249551250
9288073077
9446915368
9447600539
9447759728
9495384898
9495543587
9495661980
9496161738
9496717892
9497093341
9497821130
9526320718
9526720718
9526793085
9544077945
9544397651
9544530359
9656397675
9778248860
9846191901
9946618700
9961903980
7558996711
7902520311
9745179967
9947092245
6235931168
7012023118
7012217669
7034284693
7306019651
7559899336
7560832846
7594853404
7907305823
7994424039
8075077066
8086892583
8289933668
8590711286
8592807885
8606259871
8848965294
8891778001
9037961372
9074659200
9188152315
9188306946
9188361160
9188377606
9188434447
9188451201
9188583852
9188721920
9249275269
9249897134
9446273616
9446374748
9447118231
9495089510
9495256902
9495847872
9496674895
9497339381
9497657746
9539374206
9539450331
9645161877
9744201691
9744401109
9744640885
9745278644
9778409601
9846783634
9847127139
9847763071
9895501857
9895529773
9947164603
9446205773
9447133758
7012789884
6238374759
7994300664
8281794836
8606173128
9446254836
9946716664
6238556948
6268814598
6282743871
7025934673
7306070913
7306373782
7306785467
7510731661
7593061858
7838583901
7902481876
7907423983
8129398012
8547713780
8606782050
8606817480
8848399491
8848459964
8848793769
8848942709
9037924947
9048785205
9061224331
9061243315
9061443163
9061631218
9074303460
9074759854
9400404948
9446200051
9446409061
9539620983
9633369090
9645937510
9744176593
9744671533
9747101367
9207082752
9544206990
9567252664
6235357150
7356946380
7510605324
7736212589
7902474642
7994548752
8086339431
8129227800
8281605902
8714073952
8848206487
8848351037
9145286255
9544358531
9567609299
9645493926
9656180269
9656938270
9656960756
9744840536
9745666229
9745724359
9746140599
9847184293
9847248530
9847685371
9895203790
9895236692
9946232899
9947270783
9961076755
9995957917
7025552886
8921236959
7736900394
8281769423
8547319162
9048092938
9048805485
9447832465
9496495852
9895821330
7560868063
8401115702
9567139950
9745884366
6238332671
6238364710
7012317174
7012479619
7034412068
7306245724
7356496683
7510237517
7510373280
7510576451
7510726794
7561881866
7594951526
7594958656
7736388817
7736949642
7994091463
7994508766
8075019322
8078250928
8078949590
8111868244
8129613225
8139049210
8156884577
8157005487
8157013081
8281840601
8547481514
8547830084
8547942918
8590377465
8590413193
8590792077
8590843687
8606008963
8606452549
8606965210
8848398335
8848506464
8848729023
8921213885
8921815468
8943133919
8943139160
8943723767
9048467735
9061044024
9061767060
9072075525
9072166718
9207152918
9207233160
9207346458
9207865628
9207984463
9383479064
9400711764
9446158960
9446494512
9446643632
9495478773
9495892356
9497109556
9526473030
9526759885
9539935405
9544022606
9562387535
9567242939
9605335120
9633679073
9645125145
9645426422
9645831372
9656413643
9656417205
9656852148
9656852149
9744686222
9745458651
9746242021
9747660224
9778239359
9809984554
9846659466
9846791834
9847538565
9895388142
9895992554
9946302482
9946756228
9947150358
9947636670
9961119782
9961397195
9961933013
6282846103
7994592697
8156874513
8281584941
8590698428
8848598967
9188552289
9400969178
9447369178
9495124879
9495235977
9544081809
9562494150
9567799609
9656062999
9778436773
9961616434
6235037826
6238006702
6238072744
6238171159
6238179128
6238621579
6282754798
7012294986
7012335425
7012650712
7025089258
7025153630
7025184267
7025431653
7025490122
7025530132
7025902405
7034119573
7306506813
7306634120
7306807682
7356614713
7356962475
7558882689
7558900812
7559007151
7559011580
7560836965
7736732068
7902258293
7902684001
7907380569
7907421579
7907615418
7994523550
7994590383
8075042454
8078275671
8078931018
8086018336
8086138393
8086207629
8086489562
8086837764
8086982622
8111897360
8113887016
8129346168
8129449714
8136824252
8138840216
8157808080
8281830047
8281934281
8289840558
8289969971
8301993316
8330081649
8547033977
8547077016
8547233977
8547267047
8547522752
8547524599
8547545768
8590110722
8590114367
8590710682
8592985104
8593078915
8606191345
8606580318
8606745583
8714379634
8891327929
8921498692
8921734018
8943373208
9037502517
9048155140
9061256511
9061298460
9061467226
9061573246
9061614084
9061687033
9061858921
9072290746
9188183795
9188678323
9207382893
9207994936
9288106141
9342200338
9349208526
9400314297
9446244100
9446313770
9446604627
9446718448
9447228590
9447983458
9447985139
9495039751
9495048369
9495092490
9495190973
9495273232
9495333499
9495394230
9495493975
9495646133
9496019820
9496261698
9496307094
9496375201
9496449993
9496609542
9496850521
9496933647
9497089418
9497223791
9497264098
9497372647
9497472278
9497682056
9526050116
9526053157
9526222736
9526725664
9526919378
9536926964
9544083921
9544780221
9562525453
9567452433
9567478268
9567588396
9567697688
9605830605
9633036698
9633457703
9633460886
9633701204
9633824121
9656565581
9656810238
9656923255
9744930878
9744976334
9744976840
9745494791
9745544520
9745867366
9745932361
9746313277
9746770880
9747119530
9747182664
9747547499
9846026349
9846105808
9846126045
9846169404
9846455127
9847611020
9847613656
9847756716
9895223068
9895864124
9946289679
9946844031
9947069604
9947494150
9947595301
9961636341
9961830029
9961959402
9995619633
9995859376
6235496020
6282802130
7979428067
7994280679
8086730027
8138074856
8606649713
9447805835
9495185369
9544077689
9847497078
9961683081
6238520623
6238736689
6282759923
7012927875
7034192509
7034684761
7306765627
7306854094
7356680701
7356958860
7510843887
7558020604
7592832530
7736176532
7902289782
7989539546
7994545266
7994557155
8078276900
8078584421
8086259238
8086730246
8089855204
8089855207
8281015137
8281502762
8281532670
8281653306
8289973923
8301852377
8547282271
8547537457
8547633377
8547649127
8547785136
8589921405
8590097768
8590109119
8590402367
8590408136
8590495131
8590757375
8590895399
8592831036
8593867839
8606173381
8606355175
8848565204
8921296263
8921916865
8921955471
8943754513
8943961397
9037435655
9048022882
9048418388
9048933967
9061150240
9061209266
9072192051
9072777343
9074543760
9074678844
9074750450
9074768055
9188194543
9188330503
9188333597
9188349124
9188350451
9188489270
9188504248
9188553073
9188603155
9188653960
9207608263
9400553091
9400977672
9446693027
9446895100
9447034492
9447362919
9447412809
9447420450
9447428260
9447428460
9447461160
9447860728
9481619905
9495056514
9495150329
9495156362
9495354380
9496264143
9497095912
9539587400
9544622531
9562991819
9567494858
9567719924
9567921989
9605541571
9633148457
9633296606
9633584998
9744252014
9744849543
9747265668
9778379265
9846710207
9846902198
9847210192
9847516281
9847856987
9847909962
9946274905
9946614576
9947032413
9947416360
9947648663
9947880420
9947927626
9961387932
9961413117
9961775801
9446821619
7034390581
7592875037
8075587753
8589930914
8848288981
8891738608
9061036099
9074946696
9446455396
9447114295
9447122922
9447162007
9447190521
9447209986
9447533980
9496001073
9656433506
9747058431
9846926236
9562148117
9744668862
7034170853
7510693217
7510890966
7736559746
7736586432
7736839741
7736996141
7902743063
7902834175
8129950476
8137084717
8157023818
8281676265
8590308086
8590487275
8594094170
8606201679
8606242201
8848661465
8921969625
9061200810
9074373077
9400386867
9446819824
9447505019
9496425420
9496721797
9544717046
9562034279
9562538348
9567565977
9605059030
9605720569
9633174545
9645218896
9656516106
9744660091
9744811176
9747836675
9778070678
9946164858
9946850050
9947986640
9400196571
9447856579
9497740579
9539368924
9605503766
9847721080
9946373079
6235620203
6282005096
6282023413
6282612401
7012407566
7034753374
7510179969
7558860470
7558879533
7736103195
7736859606
7736931643
7902228560
7907490792
7994819920
8078729489
8089843588
8281011627
8590426170
8590765630
8714419517
9037246682
9048737180
9061071486
9061556835
9074979455
9142773826
9400839176
9446757121
9495175387
9497380346
9497534492
9526292475
9539326230
9539760932
9567681576
9605430145
9645049679
9645220233
9656666792
9745503596
9747176947
9747693669
9747981382
9778208163
9778368058
9846307992
9846748491
9846901822
9847453644
9847707363
9847720985
9947058849
9947800937
9947803027
9995447785
9847739627
6238434188
6238742667
9526257960
7012842921
9847199247
8089257192
8137831414
8137964111
8157930717
8281604423
8281814745
8547013214
8590058993
8590182737
8606794634
9037738550
9207414765
9400042580
9400513717
9400541915
9400880309
9446420356
9447125103
9447258916
9447369975
9447571078
9447601001
9447659340
9447679626
9495264844
9495334378
9495538262
9495766910
9496590408
9496902803
9497160705
9526335853
9539198516
9539305695
9539491641
9544219969
9605100290
9605106665
9633899245
9656075997
9656165474
9495313593
9497673593
6235161720
6282679491
6282922070
7025232574
7594061272
7902248779
8289362795
8304822629
8547073786
8590037600
8590686770
8590885299
8606841260
8714286268
9048591040
9074103251
9074316922
9207879145
9496251834
9497587241
9526033680
9539387878
9562365311
9633135594
9633524971
9645249826
9656084626
9656084678
9656871641
9745322663
9747183992
9747446579
9747631207
9747810145
9946530634
9946590718
9961084836
9961652556
8111916556
9745838675
6238553947
7012666700
7902993833
8606011556
8606648496
9496923462
9633547092
9645850098
9744527383
9746067030
9846079707
9846615973
9846628024
9846837502
9847293539
9847511976
9847825965
9895183322
9895804590
9946554212
9947239282
9961764069
9961897209
9995133147
7356068403
9061554854
8075833349
9495634517
7306920880
9745096869
7356215837
9645118207
8086052830
8593984474
8848515953
6235268214
6235763582
6238308959
6238923238
6282013482
6282669219
6282963039
6282999679
7012829357
7034239992
7034607276
7306246735
7306397617
7510706113
7736755090
7736798352
7902466893
7907326817
7907371531
7994388936
8086463787
8086516308
8086529178
8086617066
8086705655
8086841827
8089217526
8089479326
8113839953
8129200318
8129541573
8129596696
8139004308
8156901063
8281083975
8289950585
8301009224
8547269624
8547552488
8589801349
8590172668
8590398458
8590652026
8590771448
8592873315
8606331180
8606644565
8714033972
8714076269
8848206617
8943580856
8943727684
9027515878
9037157446
9037780633
9048586567
9048857292
9061891036
9072906048
9074766970
9074932253
9142878747
9142879825
9142892675
9150494358
9169167893
9169167894
9188077541
9188196124
9188196775
9188212515
9188257117
9188262799
9188300020
9188322583
9188326340
9207986757
9226205572
9400183318
9400278729
9400345219
9446260243
9446668921
9447431105
9447646714
9495291755
9495887670
9496054251
9496289027
9496889928
9497570019
9497832529
9526403660
9526477174
9526654732
9539324643
9544119445
9544482112
9567750953
9567752172
9633703220
9645170777
9645257984
9656009877
9744616175
9744697288
9744799625
9745296733
9746002251
9746526796
9746901591
9747769309
9747799730
9778261904
9778350134
9846266269
9846818084
9946518081
9946622679
9947641160
9961699128
9961837107
9995125382
9995389343
7561826502
9539532925
9539839258
8921285612
7736600171
7736772100
9497218161
9559301002
6235848915
6238027751
6238082963
6238354059
6238594820
6282977630
7012228584
7025672128
7306136455
7306979216
7907859783
8075359929
8075490103
8078951421
8281444945
8590055154
8590408788
8590455154
8590762830
8593852719
8848385700
8848562409
8848753075
8891251800
9037452140
9048003042
9048076332
9495893648
9497549957
9539525359
9539534734
9544269188
9544364778
9562424011
9567497129
9605617430
9746568901
9747642782
9778185069
9778245633
9778460902
9809307273
9846039293
9846846466
9846929123
9847758184
9895465609
9946581445
9947475705
9961005351
9995372618
8943503474
9048599173
9497082156
6238186498
6238643282
6282367527
7025219404
7025605107
7034825075
7306561873
7356390398
7560960904
7561060835
8156688056
8281731009
8281755239
8281829470
8547313796
8590184535
8590518096
8590642017
8606480889
8921552902
9061190121
9061639296
9072799989
9446201600
9497616499
9539780271
9656129257
9656141821
9656594904
9744599819
9744841223
9745460253
9745686574
9747288838
9747363163
9778104867
9778108165
9961921927
7736682771
7736989570
7902277129
7994695163
8086630195
8089348688
8089418208
8113030129
8113909980
8589823052
8589887658
8590246336
8590366466
8590513076
8592931249
8891805596
8891852373
8921885177
8943529015
8943965124
9037238266
9037769013
9048207125
9048598305
9048906085
9072056718
9072178208
9400700705
9495208288
9496021636
9539679232
9544158133
9562180089
9633094351
9633188886
9645041041
9656407741
9656507741
9745012227
9746164218
9846301672
9847792005
9847792055
9895069371
9946142992
9946831906
9946891202
9961402557
9995013097
9995028802
9995421913
9995923774
6235414414
6235710814
6238791428
6282051574
6282600981
7306160669
7510759690
7510941190
7558009658
7560895248
7736104872
7907579864
8111919250
8136835186
8139815798
8304825893
8590877916
8606254249
8606611123
8921976141
9061077876
9061707858
9061945031
9074269746
9074925140
9495517973
9526192259
9539385581
9544392464
9544436685
9562568430
9562704145
9746712573
7736536449
8075178834
8129422346
8589096882
8592952806
8606321849
8606549613
9061387815
9074372976
9207982207
9496066703
9526497475
9526627964
9539088216
9544267738
9562433217
9605585065
9633171292
9633171299
9645435009
9645653706
9656262870
9656504348
9744451450
9746015232
9746701772
9747015232
9747089774
9846356882
9846723166
9847117051
9847617400
9847621135
9847909237
9847911721
9947465906
9961294522
9995286857
9061219302
7510933545
7594093066
7736969517
7907388017
8157989055
8281005056
8606512065
9037367876
9249797577
9446838962
9539871353
9645674406
7025616237
7736465886
7907890422
8075266155
8089488852
8089698860
8113044209
8714499782
8943289850
8943738989
9037201129
9037234586
9037267974
9037622546
9349951155
9400498060
9496343100
9496401287
9496643778
9526128045
9526383824
9526699348
9562049564
9562174942
9562177202
9715565705
9746231684
9746555356
9747133225
9747306196
9778060392
9847195963
9847851135
9847946647
9895401296
9895414151
9895434357
9895611264
9895822768
9995150668
7025796950
7306136178
7356196153
7510436178
7559048955
7561870929
7902835717
8137887721
8547298690
8589947312
8590128304
8825499397
8848497323
8891278998
9048560687
9061268044
9061328217
9061336146
9061344468
9061350603
9400049680
9447751908
9495856310
9495856812
9496123398
9496129982
9605050990
9645720189
9645825225
9656750561
9745257251
9745503308
9745773291
9846913685
9946286599
9961990472
8075967427
8086365424
8086389687
8129972712
8281114453
8590421523
8592911071
8593043186
8606665237
8606773870
8714192732
8891626026
9037227697
9048329831
9446529881
9447356078
9447451447
9447636228
9490898000
9495387758
9495564733
9495587399
9495807816
9495840516
9497028634
9497223430
6235133523
6238597177
7025695501
7034114851
7306894020
7594842531
7902414282
7902902771
8078268515
8086594367
8089509077
8089892927
8089932127
8129060390
8281049011
8281209095
8589876598
8590991079
8848278369
8921056894
8943247037
8943754510
9037273913
9048654583
9074366706
9188605414
9207629643
9387640030
9388495568
9447348252
9495261366
9497053102
9497657215
9497797872
9539058089
9605495910
9744770300
9747201930
9846606664
9846949903
9947952089
9995203887
9747852208
9048640165
9061120797
9526571846
6238138963
6238145392
7012225844
7034015715
7510668481
8086135018
8089710417
8281472459
8281995756
8330790788
8606405623
8848700199
8921044707
9048536048
9048873326
9090727817
9188546046
9207233989
9400530399
9400554093
9440447111
9446888625
9447305883
9495411048
9495696850
9495800514
9526566823
9539281700
9539412080
9539540571
9544770483
9562265286
9562667138
9605674965
9645039939
9645463125
9645721708
9656230520
9846519221
9846976027
9847761146
9877722297
9946298608
9946592162
9961503511
9995561427
9995633002
8590793563
9447402667
9495671269
9496025835
9745924007
7736439076
7736469076
7907293878
8714126852
9074259760
9526217977
9745378353
9846824198
9946765252
6235633200
7012123803
7012544074
7012620587
7025013145
7356381749
7510268291
7510280682
7511113535
7558040616
7593971469
7706102317
8089400721
8089545549
8089972812
8113991508
8129612195
8156840936
8156967458
8281196528
8281752061
8281896351
8547023686
8589083901
8590306621
8590621488
8606012180
8606344714
8606353150
8606506959
8606672426
8891843955
8921114673
8921193645
8921740562
8943049096
8943258330
8943466966
8947368070
9061307247
9061487418
9061972421
9074493758
9188293281
9188293812
9207378413
9207554911
9400483398
9400861392
9446044974
9446078927
9446476805
9447070995
9447400600
9447897545
9495144768
9495831442
9496843736
9497858945
9526920339
9539298327
9544370262
9544477404
9544770043
9544944179
9562127977
9569203399
9605293912
9605820661
9605934701
9633145626
9656980720
9744253481
9745954854
9746273125
9747150765
9747158485
9747246889
9747712459
9846412513
9847111897
9847137525
9847290786
9847608028
9847687688
9847814743
9947956040
9961271749
9961508048
9961576389
9995256056
7025267009
8086157454
9188701566
9539101332
9745928067
9846755837
6235870269
7034139838
7306220816
7306569230
7510324755
7559958122
7593000278
7902940393
7994522832
8086221504
8086670316
8086814719
8156922082
8281486172
8714283269
8848407199
9061820679
9061834911
9061837164
9061842155
9061860623
9061861187
9074085590
9447886572
9526503584
9526902044
9544800518
9562058321
9562987325
9567371501
9605473806
9645508095
9645548504
9645834142
9747395386
9747606298
9809949706
9846065454
9895396001
9947822546
9995710336
8593816419
9496746419
9747045272
9961150074
7994566235
9946336016
6238781178
7012248892
7025586248
7356756664
7558865381
7736977976
7994259990
8086199825
8089494725
8281196165
8592045648
8606645669
8891739317
8943418416
9207933820
9544493178
9562781769
9567185177
9605570616
9605999536
9633008363
9633823020
9633828170
9645099852
9645423109
9656054000
9745173869
9778394068
9846105058
8075136418
8593994810
9048016068
9745619708
8129882017
7034035932
9072838029
7012184520
7012639153
7012734923
7356251076
7356614549
7403830464
7558816939
7559917639
7559979891
7560962459
7736771162
7902256362
7902274972
7902347068
7909226421
7994329310
8075987787
8086181508
8086808273
8086845484
8111914015
8590052788
8590531811
8590620159
8590841403
8590849349
8590858126
8590924082
8592044305
8606391534
8606518386
8606737895
8714924264
8921471607
8921477964
8943726898
9048768264
9207154704
9446500224
9446876762
9447361093
9526049801
9526240966
9544995177
9562235961
9562254054
9562467369
9562885962
9605059015
9605118374
9605222467
9605575341
9633324055
9645494114
9744353950
9744970572
9745296040
9746477838
9747360960
9747738242
9846097373
9846318372
9846513722
9847302721
9847368553
9847835834
9895072433
9946142722
9947492060
9961451643
9961764506
9961992475
7025872394
7034203893
7356933465
7736742325
7907421239
7994880971
8086222047
8590734173
8593947956
8606097922
8714142300
8891626293
9061898377
9446370830
9495232788
9496345774
9605442531
6235880410
6238595157
6282373123
6282632269
7034084592
7558922261
7907015992
7909154583
8075076159
8075524575
8075931769
8078879124
8086437072
8111804395
8113099701
8138850252
8156874710
8281163379
8289912790
8590215017
8590329602
8590376924
8590436371
9048808796
9074310412
9074756056
9074757938
9074768550
9074806467
9074812273
9207369759
9446200698
9446820352
9446921560
9447556836
9447659674
9497416140
9497819382
9526064072
9526124459
9526923886
9562515492
9605245535
9605532367
9605968720
9633584293
9656683998
9744995586
9745054593
9746348137
9747142858
9946280283
9947028098
9778343904
8590786046
9539315128
9562186427
9020042455
9526152580
9656041477
9895667495
9995990477
6282332864
7907849148
8089417161
9037390804
9037650913
9656634066
9778378513
9946417161
6238312972
7561883364
7994280985
8086761356
8086804946
8330073348
8921581221
8921611864
9020110485
9387386461
9400103841
9447473546
9497642146
9539047757
9539934056
9605219133
9633432117
9645929286
9846793392
9847742177
9895593377
9946733685
9995855393
8113955839
9037288656
9072191969
9745025101
8078138973
8547228973
8547884550
9447978213
9567548703
9562860620
9995861606
8606153238
7012190279
8120022056
8156882343
8714020966
8714066087
8943291085
9495416911
9562240085
9645020966
9744435872
9745066087
9746833632
9846227500
9847065373
9895644437
9895993111
9947291085
9961730930
6238810143
6238934629
6238982780
6282134832
6282409994
6282759963
7012130975
7025684142
7025748422
7025816933
7025953754
7034334482
7042098239
7042684142
7356837165
7559080904
7592879854
7594824715
7736269115
7736971685
7902237814
7902871615
7902887850
7907575915
7994181872
7994623424
8075029664
8075307969
8078810307
8086103542
8086679610
8089012713
8089343764
8089963696
8113914722
8129563521
8129661290
8156837137
8156974251
8157906436
8284949050
8304006469
8590572373
8590672632
8594004143
8606908606
8714432171
8848672088
8891988773
8943622637
9037333065
9037981054
9048011176
9048253324
9061114679
9061929474
9188071258
9400701140
9446907073
9447678447
9447692889
9495090286
9495532526
9495760583
9496042991
9496285908
9497341671
9497664381
9526347228
9539438011
9539459481
9539733835
9544660325
9605442844
9633190969
9633905994
9633994486
9645785636
9744472307
9744902630
9745746977
9746253311
9746342342
9746491549
9746527291
9746858410
9747068698
9747089991
9778105232
9846439061
9846694673
9846786361
9847305415
9946012432
9947114289
9947446387
9995098147
9995771061
9995833886
7902512101
8078482660
9447283382
9497860129
9497860238
9645312101
6238512454
6262258012
7012427850
7012607297
7025221929
7025303837
7306718026
7592917294
7902335772
8086045929
8086175038
8138038622
8157808640
8289816059
8547536821
8590437854
8593020947
8606145512
8606274705
8943123741
9048581727
9061799269
9072816110
9074088634
9074466896
9188384112
9207672313
9400738862
9446976223
9447092273
9447114013
9447115285
9447124434
9447126026
9447158594
9447167781
9447172473
9447182232
9447185595
9447209471
9496987162
9497643112
9526222961
9539398582
9539679111
9544102177
9544334805
9544862101
9562026830
9605587836
9656812920
9744614081
9744831146
9745905698
9746217911
9747213979
9747703104
9846349555
9846498471
9846667578
9846919178
9847271558
9895546670
9895713981
9946496561
9946753234
9947190121
9947988897
9995906403
7510934683
9544881782
7025153160
8129629302
9744897315
9745947514
7034485834
7510590234
8029620785
8075703693
8157919453
9048313523
9072489806
9072541875
9388815068
9388869850
9400096286
9400096905
9446693574
9526248998
9605285217
9656470070
9744553357
9746158727
9746294377
9746791971
9747344060
9846050298
9846463677
9846476193
9846944713
9847812344
9895226920
9946453568
9946477825
9947770275
9961230166
9961651349
7510543074
7558907646
7561069249
7594833522
7736775415
7902420085
7902474184
7907860098
7994175630
8075846831
8086761305
8089425492
8129736527
8129769783
8330889028
8547400795
8589836312
8590293830
8590701243
8594031900
8594031927
8606494801
8606627068
8714131136
8714308364
8921210861
8921774033
8943244560
8943681568
8943862715
9037935020
9048015341
9048116869
9072203346
9447605839
9496182750
9496756349
9539749495
9544543074
9544795931
9562639645
9656237183
9746233253
9747070900
9778167609
9778262473
9778529958
9846193502
9846635187
9946262827
9946682045
9947178803
9947265410
9961777361
6282227833
7025164476
7025985679
7907154990
8078585406
8129737136
8157095704
8590700766
8606411019
8848714401
8921669813
9446039689
9446921200
9446928698
9446929725
9446937432
9446950858
9495920786
9496744233
9496987216
9567813735
9605849689
9747637975
9846046377
9846225631
9947818138
9961167885
9995722515
6282249991
7025315215
7025863348
8086398978
8086490493
8086583200
8086801120
8086808170
8086921538
8590372195
8592037466
8891790352
9048146198
9048666596
9072955882
9544506030
9645130546
9645198081
9656411061
9745169141
9946170972
9961054108
9961976325
9747905301
8157829435
7593965709
9526032705
9846578326
9846733158
6235780261
6235780369
6282638576
7012436549
7025543256
7034540474
7510809793
7902945022
7994980161
8086286140
8086885115
8129111688
8301978086
8547302120
8590026007
8590613152
8590618919
8848246924
8921051401
8921104476
8921882304
9037605332
9061612084
9072105273
9072779828
9188561114
9446148160
9446496001
9495129984
9526548272
9526882703
9633598977
9744280819
9744775605
9745675216
9747491993
9747962627
9778094924
9778321187
9778392530
9846508199
9847135648
9946241872
9947009132
9947385336
9947385399
9400467909
8848068045
8891488552
8943909082
9447447517
9447535840
9495613205
9539456354
9539548482
9562232920
9592714189
9746284751
9846615102
9946766386
7736787595
9142334161
9074201153
9400768636
9447951112
9562592240
9645209927
9946211338
7561804104
7907562770
7907853918
7909154139
7994718439
8086281483
8086735259
8281531796
8606298461
8606491428
9037113452
9048277407
9207098580
9496282586
9497446473
9497592091
9526800905
9544040406
9633942535
9645757229
9846520455
8086556194
9538810814
9778036530
9946459755
9048894234
6235799254
6238290886
6282644026
7012500540
7012876611
7025798167
7034246320
7034422338
7306536010
7306644039
7902657067
7902704361
8304811776
8848330012
9048119898
9061223040
9072896253
9447861040
9497503008
9539185891
9539588660
9562837453
9605690473
9605956084
9656010153
9744851195
9745427867
9847289128
9847430689
9847529357
9895126990
9947268933
9947463346
9947797277
9961315256
9961775823
9961843823
7559031909
8590710689
7012804098
7025730741
7034293128
8078899664
8086477077
8606374481
8943524865
9061567478
9072215409
9496046320
9526678159
9539906736
9562016841
9605794233
9745388701
9746520711
9747916949
9778234428
9778262181
9778376817
9946728602
9995805506
7907471058
6238202106
6238448043
6238926405
6282123821
6282771294
6383281165
7012076570
7034919311
7356794388
7356836775
7559088901
7559910549
7560833349
7736458854
7902449208
7907092935
7909167737
8075763713
8086503357
8089944969
8281270249
8304094584
8590741302
8606623775
8891695521
8921059570
8921293945
9037567843
9072034426
9074063937
9400389725
9447223300
9495279733
9496649018
9496732564
9497656882
9526608371
9539426644
9539655452
9562060475
9567970748
9633774033
9633828739
9645865326
9656108738
9744631558
9744735959
9745001140
9747091416
9778031641
9778338638
9846333723
9947863370
9746143512
9895875276
7012484614
9447638931
8089650104
9037198862
9539199023
9539953142
8281028086
8891124822
9048904822
9387240976
6282351577
8089172523
8592966785
8921021286
8943570856
9207155032
9567582081
9633269850
9946683215
6235255477
6238415505
7025587945
7034603205
7510873072
7558030721
7592870634
7736630204
7902467706
8086960068
8157917206
8330851668
8606214814
8848188502
8921354361
8921525874
8943246410
9048043164
9048168235
9072296149
9072437210
9072437656
9072952688
9496480406
9497329076
9497695271
9526625644
9526785882
9526881280
9539169458
9539676966
9539680715
9539688696
9539741851
9539751618
9539789214
9539800207
9539805961
9539811404
9539815910
9539831936
9539860638
9544344631
9544652469
9544997056
9562439810
9562527874
9567799412
9605518659
9605693986
9645611313
9656049683
9656939387
9744544399
9744546557
9744960087
9745406370
9745943731
9746130997
9747810449
9846195785
9846222803
9846317004
9846610786
9846863002
9946055836
9946219620
9946706680
9946733519
9947924737
9961069235
9539597682
9645208374
9895163046
8943302234
8089787149
9048603625
9744899174
7012254916
7306247565
8281006469
8281508566
8547771158
8590637427
8592909505
8593839603
8606225560
9048047993
9446470376
9633499241
9645257999
9645278039
9745156895
9745910219
9946184580
7356069358
7510218483
7559918606
7736278363
7902585425
7902827086
7909148627
8075670515
8075780814
8089114481
8111925948
8301944631
8590257498
8590515651
8590688123
8592061117
8848025470
8848477582
9037977440
9048214588
9048588170
9207914633
9446915546
9447227214
9447659413
9493626421
9496313632
9496896370
9526532548
9544042408
9544248118
9544738867
9744414452
9746870997
9747502284
9747673360
9809888510
9846917343
9847392286
9847450021
9847971785
9895228536
9895772025
9947046735
9947397212
9995047215
9995467646
9995619250
9995676733
9895363656
9995628229
7902232639
8547328546
9745531964
6238593944
7012584367
7034462408
7306382043
7559845263
7902397249
8086154427
8156856425
8157881789
8547291754
8590173953
8590956890
8590982901
8606335711
8606664987
8943815223
9048713138
9048941120
9061446414
9207009410
9446833124
9496877057
9497216930
9497369629
9526034223
9539942900
9605197910
9645051071
9645382353
9745289533
9745851122
9946436935
9961016311
7034749309
7306089113
9048589303
9072833647
9745211059
7012272249
7034610670
7293894956
7511172588
8078135557
8078530831
8547595507
9446779355
9495493622
9496116037
9539679229
9605734356
9846558478
6238525079
7025582609
7306563146
7356144255
7736383735
7736498753
7907027447
8086721757
8089392643
8129322527
8129949915
8139853972
8157910527
8848376121
8848599869
9037852864
9048097141
9349085237
9633829892
9747696722
9747746727
9846226914
9847350868
9995128388
8156902783
9497606234
7025177966
7025944591
7034704543
7306405157
7510706416
7902504507
7907732680
8075214578
8086601747
8137031013
8592841149
8592965768
8593850447
8594096009
8943602027
9048968309
9072810245
9072882027
9074113725
9074450134
9074644945
9446669311
9496727183
9526851781
9562526169
9562953868
9633009350
9633028095
9645188483
9645721517
9645827259
9656099842
9656502338
9656987667
9745737646
9746408999
9747609073
9846443337
9847794483
9946646633
9947442886
9961796410
9048537626
9497083715
9605083715
9446522375
8547836211
9846168155
9846908055
7902903351
8590414482
6235727377
6238239320
6238822936
6360665891
7012593323
7012817658
7025871343
7034237170
7306659846
7306715502
7356264891
7510176679
7510469870
7559861916
7559973927
7592838515
7593949994
7594890979
7736368214
7902414372
7907068542
7907808062
7907811089
7994348670
8075136506
8075910994
8078281016
8078422442
8086396428
8086449986
8086797459
8086797941
8086830199
8086918030
8089314797
8129713785
8137865198
8138061046
8139891664
8157837500
8281267769
8281504690
8289941017
8301978570
8547362313
8589865798
8590416304
8590455205
8590476348
8590637300
8592826855
8592870913
8592964358
8606477118
8848076193
8848802261
8921198776
8921495156
8921804557
8921938491
8943749697
9037000396
9037137017
9037159095
9037778196
9048204400
9048515541
9048522733
9048620547
9048672436
9048834464
9048870715
9048928268
9061820562
9074563955
9188005559
9207815715
9207987176
9383443656
9400484481
9400584222
9400926934
9408091976
9446027989
9446391031
9446480623
9446646989
9446694698
9446734648
9447567329
9496026608
9496626298
9497216323
9497230533
9497809044
9497891550
9526387028
9539300912
9539527184
9539619688
9539876193
9544118214
9544419880
9544626187
9562274143
9562725248
9562836814
9567022367
9567051560
9567909537
9605067850
9605531089
9605577697
9633063320
9645240602
9645348713
9645727617
9645840919
9645849905
9645868518
9656092082
9656192797
9656197104
9656432857
9656434378
9656473181
9656815563
9744584172
9744747600
9745023167
9745314582
9745382211
9745601332
9745773956
9745815844
9745835100
9745918273
9745920646
9745967256
9746035919
9746074475
9746765189
9746971773
9747452071
9747595859
9747909101
9747914186
9778304752
9809453163
9846138382
9846149940
9846182810
9846211875
9846275135
9846302264
9846767250
9846778882
9846943170
9846996916
9847101874
9847478485
9847809752
9895618733
9895926781
9946009367
9946097045
9946359875
9946438555
9946470450
9946607303
9946613334
9946730920
9946872790
9946916819
9946985211
9947352404
9947468446
9947806946
9961160842
9961274363
9961488427
9961668861
9995381798
9995789621
9995856657
9995929578
9995959805
9775101010
9846500713
9539385830
9846830164
9495655646
8281765727
7025977961
7594060981
8547729961
9645117067
6235884721
6238118698
6282510295
6282924711
7025456540
7034569545
7034729790
7034820170
7306490470
7510984844
7591957730
7593926258
7594829943
7736293206
7736634803
7907819331
7994046279
7994141880
7994350632
7994880952
7994972357
8075701160
8078191087
8078250360
8078294877
8086127134
8086339188
8086341260
8086369510
8086542148
8086810915
8086964805
8089745270
8089853830
8113071755
8113873990
8129709460
8129871162
8129986750
8281445515
8281511303
8281803516
8330057056
8330064437
8547430935
8589971494
8590112739
8590213801
8590476551
8590691245
8593806052
8593851184
8594032587
8606204190
8606520616
8848892579
8943664283
8943688610
9072438211
9072907900
9074196193
9074312759
9074679125
9074905624
9078060316
9087738329
9383432330
9446526235
9447388171
9447567469
9495326097
9495500355
9495783891
9496630402
9497217056
9497231294
9497780909
9497881032
9526164241
9526497308
9539317646
9539435833
9539689417
9539781763
9562011384
9562559556
9605605557
9633933527
9645213500
9645882667
9656146274
9656163950
9744345253
9744521463
9744590545
9744839730
9744843500
9745411003
9745450108
9745672254
9745925439
9746689091
9747100289
9747382216
9747430071
9747596721
9747684556
9747813769
9747862943
9778007873
9778366851
9778594337
9778767208
9778784678
9809694013
9846780445
9846841344
9847064713
9895342661
9946212254
9946428702
9947084299
9947347451
9947523315
9947839626
9961121425
9961362943
9961365557
9961866798
9961913005
9111681226
6282460080
7012662775
9846352058
6238608241
6282680701
7034022087
7736532727
7736963094
7907755416
8075155634
8086062511
8086161443
8086284609
8086834755
8086961949
8089257405
8089270102
8089984813
8111819415
8281514775
8547423622
8606309801
8848991441
8943007703
8943095863
8943883964
9037372344
9048525752
9072013493
9074805671
9446528371
9495309088
9495479228
9496304474
9497169310
9497304627
9539047269
9539272461
9605022313
9645425657
9645612060
9645840663
9656825875
9744624049
9745029910
9745342349
9745728774
9778129126
9778548112
9846205847
9846223897
9846308914
9846955932
9847215197
9946803617
9946820234
8921242550
9037261311
9778052708
8129540601
9846334550
9847764864
7306075102
9349104878
9497306909
9497380638
9605318218
9746711556
9895838207
9995591969
6238298243
6238357117
7356290133
7560863863
7736172151
7736571546
7902970648
7907229746
7907672240
7994116089
7994145302
8089312434
8089802560
8129071084
8129999815
8138806749
8281469335
8447572838
8547390656
8589012444
8590463808
8590502886
8606610933
8606648237
8848461753
8891004690
8891935265
8921502337
9037088570
9037952670
9048494232
9074603334
9446018831
9446774942
9495338841
9495847151
9496380858
9605539396
9656767043
9744323539
9745901323
9745998728
9746038352
9746061832
9778084944
9809549985
9847203203
9847924997
9895156734
9895675900
9946357484
9947157187
9947523366
9947531923
9961036507
9961149841
9961364987
9977808494
7012256227
9745248483
7025806596
7902208807
8086365304
8089409548
8138860064
8156890508
8281126049
8304814514
8547088526
8547203833
8590142122
8590660154
8590953247
8592013889
8606215215
8606695768
8921779472
8943015320
8943119834
9037330706
9037607445
9037628101
9048432159
9061074537
9207397389
9400026749
9400129799
9446957450
9526020387
9526406350
9526955498
9645947368
9744461426
9778109207
9846813143
9895627164
8589033515
8606232087
8943309588
9539531924
7025144555
6238126089
6238222989
6238224543
6238410323
6238586572
6238624286
6282068915
6892221959
7025366438
7025716046
7034018821
7034999978
7306354717
7306846809
7510157079
7510765168
7594834309
7736512915
7907241988
7994782432
8075347221
8086088591
8301921571
8547030959
8590304034
8590667242
8606450534
8714222389
8848608246
8924807894
8943013500
8943297007
8943317680
8943634051
8943878572
8943896423
9020619318
9020728142
9037148663
9048243415
9048291614
9048585287
9048585665
9048871774
9072378089
9072401845
9072456196
9074508081
9188166995
9188796698
9383403158
9446019604
9496031396
9526018790
9539170009
9539358154
9539367062
9539752377
9544057329
9544628600
9544885490
9562240474
9562519847
9562830779
9567430535
9633272316
9633900532
9645098828
9645099008
9645273060
9645349016
9645658162
9645780744
9645960155
9656631820
9656684767
9656843778
9744131899
9744531125
9745051095
9745140270
9745446982
9745497806
9746202389
9746735368
9747273060
9747364529
9747615002
9747631801
9778142942
9778344169
9846259401
9895980742
9946015980
9946191106
9946332014
9946353640
9946420127
9946477760
9946828899
9947139630
9947168749
9947535691
9947681311
9961677979
9995154619
9995269675
9995439414
9995758350
9995846275
6238051921
6238257430
6238981048
6282679024
6282842434
7012060195
7012205736
7012469692
7025527867
7034097733
7034520289
7510131910
7558855974
7559881625
7736790877
8086665765
8086829739
8089183005
8089962255
8113095941
8129783219
8547546809
8590947383
8590955351
8606721224
8714507463
8893009594
8921512095
8943208355
8943288355
9020323307
9037510676
9048042441
9048681783
9072852151
9074033438
9142424206
9142677226
9400215181
9400467820
9446409813
9446601538
9446631546
9446834512
9447915979
9495112787
9495388218
9495400540
9495410121
9495687461
9496330313
9496691018
9496891765
9497038720
9497860257
9497875459
9539234551
9539616263
9539772197
9562259313
9562847172
9605118968
9633377854
9633664356
9645160173
9645457097
9645686240
9656056393
9744406416
9746561872
9746842546
9778565284
9809485828
9847725240
9847762554
9895303064
9895505428
9946145864
9946870576
9947074521
8075008623
8078928007
9495640270
8590547390
6238473949
6238688475
6282102553
6597570980
7025819989
7034165858
7034301829
7034906530
7306252424
7306300791
7306825759
7356368115
7356961682
7510177651
7510560038
7560908688
7561802280
7592805236
7592877197
7594077284
7736027601
7736240203
7736910155
7902905516
7994369822
8075013679
8078177455
8086116154
8086168607
8086411318
8086581665
8086754943
8086813040
8086946796
8089672895
8129028338
8137835247
8138909974
8138955356
8156977844
8157902056
8157907276
8281328573
8281587261
8304861614
8547044430
8547092714
8589818096
8590484866
8590736038
8590899428
8606670046
8714357705
8714915782
8848466838
8848771482
8848936817
8891318332
8891609140
8921479878
8943139912
8943235821
9048273641
9048306266
9048571165
9048718336
9061881544
9061961808
9072026522
9072074174
9072348578
9074594954
9400486160
9446733437
9446778624
9495027129
9495177129
9495366501
9495721436
9497360336
9526617080
9526818995
9526911360
9539320878
9539350878
9539710650
9539792502
9539904461
9544662063
9544898870
9562662903
9567414592
9605252710
9605574137
9605925647
9605945795
9645359914
9645529964
9645623327
9656276960
9656451426
9656963139
9744527872
9744528753
9744737082
9744811682
9745096640
9745150471
9745557930
9745854800
9745924045
9746173443
9747033082
9747136888
9747395669
9747983415
9778009312
9846125749
9846288298
9846367967
9846585876
9846585881
9847865047
9847930163
9895446329
9895768950
9945529964
9946352649
9946379187
9946525517
9946652773
9946689856
9946867643
9946996382
9995325465
9995703687
9995789858
9995940839
9746833748
9747112086
8156908525
7907930985
8281251239
8547320076
9400769214
9447932989
9496222375
6238092433
6282598052
7025961278
8078805213
8086316836
8086393935
8086908670
8089547642
8137032838
8281195672
8547056773
8589987870
8590175106
8590704814
8891464507
8921024035
8921618134
9072942364
9074436019
9188033714
9400101138
9446083110
9446896261
9446909462
9447501056
9496383013
9496829343
9526217331
9539411293
9539493929
9539512922
9539792521
9544036584
9567445898
9645240003
9656223739
9744051977
9744227499
9744668961
9744970565
9745202361
9745217311
9961080394
9197473967
9447755325
9562785949
9747396797
6235010151
6235651869
6235903270
6238122267
6238152335
6238158828
6238330334
6238701051
6282047474
6282493431
6282914208
6282951241
7012034070
7012392298
7025429322
7025793208
7025953365
7025956791
7034776485
7306120745
7306329513
7306567244
7510199410
7510382426
7510561343
7510778586
7592077185
7593019150
7736461768
7736798975
7902664030
7994223933
8075199228
8078243119
8086822741
8089007713
8113838983
8113937081
8129148097
8129427691
8129646181
8281348654
8281526750
8281843018
8301023417
8547361307
8547404115
8547994090
8590196043
8590660465
8590713379
8593069032
8848198171
8848596390
8848825609
8921047291
8921334080
8943665605
9037646448
9048508525
9048804566
9061203858
9061575234
9072182857
9188354665
9188879839
9207158067
9207165584
9400160734
9400383028
9446153596
9447977392
9495924099
9496032162
9496109741
9496138101
9496650052
9497449823
9497827787
9526485286
9526769542
9526901778
9526923933
9539356419
9544536857
9544958588
9605297081
9605460260
9605538732
9605908034
9605938744
9633937148
9645020822
9645496191
9645998859
9656276231
9656899357
9745016386
9745109455
9745243049
9745508322
9745990819
9746823792
9747167790
9747521183
9747601616
9747787049
9747805165
9778141707
9778232155
9778399530
9778727676
9778748512
9846526231
9847225138
9847252970
9847483717
9847569408
9847868268
9847892691
9847915493
9895091906
9946345041
9946811633
9947053942
9947394224
9947647857
9961152271
9995824626
9048735307
9061563107
9544392649
9946563107
6238888304
6282562615
7012868682
7306907990
7356543539
7510758988
7559914456
7902511920
7994161324
7994548828
7994764801
8075529219
8086496408
8086607481
8086861939
8089284259
8129761655
8137909095
8547983017
8590329668
8593018701
8593086448
8593091057
8593899607
8606511501
8714028626
8848635920
8921328433
9034396458
9037678024
9048632925
9048815190
9061355140
9061379382
9072788308
9387214349
9387241874
9387272158
9387333246
9387504819
9387638623
9387650679
9400866711
9400868466
9400894834
9400904495
9400908026
9447776224
9495653942
9496133051
9496576086
9497381382
9497823201
9526018303
9526050820
9539652590
9539749528
9544063953
9544985862
9562086339
9562166325
9562857740
9656477158
9744445701
9747069340
9747176870
9747460173
9747720580
9747976213
9778262509
9778385002
9846024939
9846489488
9846591376
9846748541
9846829467
9847134133
9847545360
9847722632
9895593668
9946048286
9946072589
9946592706
9946772338
9947329923
9947478134
9947915835
9947919832
9961921017
9995727405
9446732671
9447749998
7025643565
8590618946
9048277162
9947097872
9961891683
6238449031
6238622695
7012125174
7592826981
8008647327
8075694931
8089897734
8891104272
9074860772
9249243560
9539440609
9544382696
9544652785
9567162188
9605380508
9633269141
9744176463
9744604081
9745048230
9746824350
9747487809
9846661063
9847841217
9995029566
9048635826
9048636474
9656909282
9846784237
9400434917
9400610351
9400610839
9447384915
9745917166
8086910649
8281896727
8590445839
8590785464
6238150545
7994051385
8078436788
9048245480
9495557081
7012847353
7025074921
7025546986
7025687428
7034921311
7306778907
7558855863
7736218481
7736405368
7994216839
8086636221
8156948578
8539006073
8547688049
8590315894
8593006073
8606222282
8921039278
8921820474
9037560798
9048393226
9048430039
9048993226
9074747930
9074868028
9188446029
9207196056
9349124157
9387024356
9400176802
9400561454
9446160485
9446890604
9447638048
9495305166
9496285919
9496440946
9497220058
9526807884
9539306411
9539840605
9562190969
9562460620
9562682550
9656105947
9744125088
9746521793
9746566345
9747010969
9778393277
9778470887
9846136568
9847023691
9847373202
9847471757
9847528902
9847868518
9895051409
9895486644
9895927452
9946562620
9995182629
9447637469
9961811146
9895727582
8089212686
9446334873
9562801924
9567962093
9633713865
9645079696
9744022588
9947914074
6238408235
6238424129
7012297184
7025852350
7510850264
7510902585
7510933891
7558916645
7559017725
7736131204
7902614533
7994936864
8075895244
8078751412
8078961686
8086172597
8086814903
8089749034
8129428257
8547875188
8606077168
8943641721
9048645246
9048840206
9188210911
9207238110
9446021839
9446548920
9526558165
9544358347
9847166922
9567646439
9645425142
6235088086
6235943482
6238239438
6238403609
6238424241
6282351220
6282484300
6282842877
7012689313
7025381388
7025533307
7025842170
7034389464
7034490096
7034730335
7034745992
7034753347
7306739950
7306863431
7510322628
7510867072
7510952037
7558981629
7559895293
7592094911
7592906746
7736031183
7902465185
7994885473
8075054143
8078285732
8086708725
8086915971
8086961600
8089811986
8111933920
8113881251
8281208995
8590882705
8606295389
8943065850
8943789992
9037953395
9188128818
9188176328
9446491864
9447145497
9447385732
9447937337
9495733732
9539153302
9745303916
9745934340
9847503033
9946354378
9961525892
7736176024
8921492018
7736538539
8075127657
8089432844
8089477440
8089520590
8089879332
8848756250
8921642467
8943121128
9048581622
9048794533
9072220121
9074527707
9188379061
9400407259
9400871026
9446031426
9495977353
9495978607
9495981009
9495981910
9495997502
9496018866
9605529045
9747633797
8547734960
9446161679
8921681357
9207163084
6235727109
6235840975
6238171761
6238725070
6238789273
6238790039
6238915351
6282505061
6282650613
6282922828
7012625569
7025296042
7034632743
7034957097
7034997590
7306929531
7356896824
7592877842
7594951879
7736121817
7736281383
7736386226
7736388067
7907138466
7907501266
7907952944
7994645807
7994997645
8075040725
8075366067
8086866442
8086957585
8086960454
8089264728
8136806129
8137912578
8156977132
8157074645
8281063685
8281742343
8590310212
8590383425
8593062227
8593865625
8593874842
8848264852
8848959204
8891104645
8891124552
8891203301
8921374780
8921450358
8921669332
8921788557
8943925527
9037107447
9037276662
9037303381
9037567047
9037664458
9061868225
9188842100
9349808477
9387739676
9400518633
9400546513
9400557147
9400567476
9400589161
9400599468
9400606805
9400619224
9400619922
9400626515
9400655823
9447232930
9447755974
9495557032
9495786736
9496367323
9539488418
9539770861
9562406097
9562648548
9562662707
9567028954
9605021322
9605931380
9633085737
9633103130
9633476503
9633669690
9645050929
9744682040
9744715070
9744868808
9745279312
9746519768
9747338204
9778038869
9778048357
9778774227
9846182365
9846318422
9846448357
9847423048
9847731040
9847780708
9895012736
9895030381
9895047562
9895068343
9895630758
9895729057
9946086987
9946112153
9946343304
9947306502
9947641586
9947867354
9947928232
9961432852
9995005809
9995166021
9995468112
8921683364
9495092260
7034551162
9387785456
9645465458
9745480545
9745670325
8089984614
9745759630
9745804614
7736280985
8089708185
8606071650
9249346401
9544307285
9544308241
9746843953
9747203008
9846345185
9746521094
7306398302
8606411091
9048797437
9562253924
9605253599
9846308804
9946729953
6282274565
6282673843
6282808015
7012436138
7012589982
7034183039
7034736052
7306908818
7510341807
7510576701
7558038415
7559033357
7561886051
7592809342
7736202182
7736262845
7907229712
7907260927
8086779513
8086838727
8089225618
8137835096
8157814642
8281216720
8281233437
8281308695
8547568312
8547849128
8547907549
8589808397
8589864130
8589948631
8589969331
8590357102
8590434984
8590684816
8590812100
8606210684
8606549265
8848238441
8921231907
8943968369
9048290909
9048329128
9048399642
9072297568
9207630190
9400338548
9400574378
9400686125
9400707640
9400737220
9446121197
9446269815
9446695187
9446810489
9447064426
9495539490
9526112846
9526135332
9526824061
9544174816
9633634135
9656406533
9745672084
9946392993
9946439918
9947071776
9961316174
7025136312
6562992459
9961232716
6235629537
7012792106
7455013233
7510780445
7559828961
7736948870
7902274270
8086619107
8089140012
8136942446
8546678009
8547573107
8593013234
9048281883
9048572287
9061801883
9446940770
9447182756
9447384115
9496917025
9497408645
9656494038
9656829266
9745060772
9745820970
9745929641
9746846772
9846219594
9847422558
9995833086
9995971061
9947817453
6238081581
7034032185
7034272473
7034305513
7034452270
7306397937
7306627411
7736905059
8078526766
8330074380
8330870465
8547709576
8547722402
8547796285
8589870097
8589953123
8590436328
8590454689
8590771993
8592032459
8592049707
8592852174
8593827476
8594062418
9048087730
9048129348
9048177041
9048768708
9072101586
9072754163
9188138908
9207009536
9207168984
9207866828
9567016811
9567980722
9633121602
9645271094
9645867624
9656123184
9744475661
9744675690
9745992364
9778123281
9778186206
9446243435
7510692847
8921552744
9539514719
9562019202
9562161742
9645122915
9645887768
6238829022
6282035663
7025296196
7025429596
7306729620
7356408130
7356482436
7559880353
7592977541
7736728175
7902804240
7907474063
8075140761
8075671589
8075941525
8075962382
8086460192
8089710284
8089928135
8089976872
8129047823
8129315203
8156896379
8156999817
8547448659
8589923846
8590483246
8590610497
8593011160
8606490792
8606581942
8848262662
8921111761
8921256207
8943275046
8943766932
8943964664
9048778368
9048993557
9061181723
9061269569
9061550678
9072287419
9074438735
9074732077
9349806655
9496916042
9526529293
9526851797
9539128184
9539255663
9539837509
9539843127
9544244262
9544555541
9544998582
9562622578
9562797385
9567259108
9605522440
9605670926
9633096738
9633131680
9645633161
9656893813
9744231142
9744729907
9745703010
9746584881
9747039722
9747099749
9747232432
9747940466
9846198053
9846898789
9846981373
9847253724
9847274957
9895199167
9895851464
9913677414
9946512964
9961206583
9961222078
9995128175
6238890489
7034852852
9846727436
9539394811
9645963810
9645966810
9745546364
9746066935
6235511034
6238734866
6282622965
7012472432
7356895381
7558061096
7736540372
7907691357
7994845942
8086254474
8089909966
8129188132
8137052220
8137864326
8281034295
8289128771
8547375046
8590142024
8606197670
8943835326
9037665572
9042675432
9048604054
9188129803
9400828281
9447835241
9539465285
9567477577
9633067770
9744278923
9778074645
9846231201
9946402528
9947270806
9949395634
7356414182
7736957683
8590714576
8590717742
8593036607
9037372065
9447630925
9656414949
9744553596
9747367359
9778302433
9947425549
7306535257
7306874827
7034759178
8129208372
9809554024
9894163700
9947011468
6235026911
6235464344
6238940878
7025855205
7034994539
7306282284
7306655373
7356059873
7356350086
7511111393
7592942085
7902781645
7909228436
7994648747
8078431281
8086042579
8086360881
8113804474
8157880946
8281115956
8281184752
8547260247
8590817405
8592974849
8593902967
8606709620
8921613917
8943430310
9048444121
9061636986
9447845028
9495917810
9497117785
9526552242
9539122470
9539568562
9539648153
9539843684
9539849407
9562394831
9562460218
9562675356
9605138035
9605733719
9645197232
9645516544
9645698866
9656235199
9744035710
9745151340
9745308172
9745362412
9745924095
9746850979
9747995982
9846513828
9846744313
9846874363
9847189108
9946872359
9961151914
7559814050
9947943533
6238797756
7560886426
8075588421
8113012766
8547112220
9074586423
9446555171
9446948505
9447955171
9526026653
9544680504
9544797478
9594212269
9946679108
6238588614
6238980906
7736749546
7994258411
8593013810
8594063993
8943568918
9048648119
9207247417
9447468307
9495212269
9562872636
9645017533
9745455425
9747959509
9778431969
9895394129
8289839203
9846919698
7306307102
9895217911
6282874545
7034701941
7306293776
7356337267
7356878789
7592083842
7736165042
7994151922
8075166476
8113944991
8129085693
8129411349
8330022745
8529245951
8590872515
8943110518
8943771147
9074778086
9207805671
9400873271
9446191807
9446331065
9495312130
9496597708
9526089512
9526753190
9526763965
9526888569
9539178350
9544141074
9544176610
9544941429
9544944680
9562304131
9562483776
9567760411
9605710114
9605737511
9605742397
9633432558
9633841787
9633999118
9645158032
9645471224
9745136828
9745610076
9746674140
9746857000
9778552608
9846123841
9846158391
9846411426
9846487273
9895417801
9895978901
9895978905
9946480490
9946963638
9947856730
9995213400
9495422540
9745047174
9746485940
7736822413
8138076403
9961257791
9961571322
7012951293
7012952393
8075468371
8086296147
8111802119
9746232343
8086163491
9020430464
9074716464
9526283906
9744800173
9746954058
6235102787
6238011043
6238651388
6282149200
6282742577
7025200663
7025540949
7025855820
7025987142
7306374437
7306690072
7306958827
7510281441
7510374851
7510733748
7510944076
7561043952
7591990126
7594892276
7736060726
7736064178
7736323319
7736689456
7907775602
8075208008
8078060280
8086025030
8086376937
8086904887
8089235675
8089683728
8089908762
8113023066
8129159306
8129623118
8137024011
8138856620
8156809669
8157017093
8281171142
8281699697
8281852701
8547693207
8590093603
8590397315
8590476945
8590538647
8590552899
8606431968
8606621934
8891930303
8907636296
8921310130
8921638088
8943449792
8943835675
9037385080
9037414325
9037647160
9048045065
9048053507
9061669585
9061703224
9072350697
9074720172
9188383153
9400186023
9400688239
9446402146
9446441057
9446821431
9446832438
9446971530
9447299891
9447726573
9495183573
9496354074
9526346685
9526630948
9526871178
9539372614
9539921086
9544151171
9544571285
9544666421
9544807538
9544816575
9544962997
9560550136
9562377815
9567483115
9605190373
9605718958
9633082700
9633867525
9633927762
9656136097
9656208358
9656224313
9656444760
9656636489
9656782475
9656810202
9744621844
9744681012
9745227488
9745324478
9745853585
9746335379
9746351249
9746395171
9778263372
9778399096
9778590998
9846197990
9846248654
9846409185
9846971451
9846984072
9847028527
9847428954
9847788643
9895109970
9895205274
9895274164
9895304492
9895345056
9895453231
9895705979
9946176616
9946374829
9946629292
9946753092
9947034439
9947264844
9961083757
9961294214
9995550232
9995634990
9995960308
8590475950
8129298160
9526488407
9539503837
6238734370
7034436705
7510686534
7902734932
7994081533
8075869710
8075871004
8078164116
8086101804
8086944068
8113058908
8113931703
8129740575
8139059343
8157857940
8281810846
8289909362
8330061435
8330800349
8547017061
8547171642
8547273269
8547299812
8547403386
8547586028
8547615180
8547850250
8547894673
8589055863
8589901501
8590464284
8590758941
8592884794
8592907364
8592983870
8593896034
8593897523
8593898173
8594058412
8606351672
8606634573
8606647320
8606774982
8606807068
8606836197
8606839460
8848008121
8848457652
8921072283
8921217219
8921258246
8921542550
8943035664
8943178700
8943622982
8943708810
8943835890
8943887132
9037457363
9048135348
9048235780
9048404605
9048565637
9048649600
9048742426
9048837600
9048910193
9061069818
9061838274
9072235780
9072333273
9072371855
9072779416
9072929675
9188470957
9188485905
9188632108
9188683016
9207296300
9207334204
9207339372
9207867694
9207880684
9388653329
9400209174
9400391054
9400442996
9400758643
9400861186
9446751883
9446880567
9446884183
9447153253
9447311985
9447317809
9447729872
9495001234
9495323040
9495324242
9496586526
9497346643
9526826915
9539037344
9539669868
9539900707
9562044580
9562584743
9567056069
9605159642
9605582545
9645374509
9645436497
9656992841
9744064564
9744752269
9747831731
9847259500
9847667979
9946279654
9946490300
9946605681
9947991804
9961487585
9961706906
9961789313
7306978320
7907105916
7907787820
8590079089
8590500083
8593929621
8606014430
8606677075
8943069004
9048659438
9074547491
9400157338
9400717729
9447667729
9496734648
9497208605
9497565160
9497659922
9497677729
9539888723
9544003152
9562000451
9633721185
9645361462
9645439965
9846189471
9961669465
6235671504
6235911439
6238023248
6238071455
6238166894
6238262956
6238295323
6238460797
6238673758
6238744068
6238858026
6238915753
6282124852
6282209157
6282303594
6282449234
6282507443
6282622839
6282639020
6282670326
6282761475
6282882604
7012649331
7012817505
7012882753
7012892776
7025014371
7025124178
7025136164
7025187403
7025351617
7025359898
7025539116
7025660747
7025680360
7025833252
7025890877
7034110878
7034143322
7034283684
7034465269
7034566687
7034647367
7034723263
7034761668
7034803171
7034826251
7034963120
7306031397
7306154621
7306188869
7306279297
7306320557
7306320833
7306453241
7306495385
7306498533
7306605965
7306651121
7306670212
7306676216
7306729241
7306898094
7356012046
7356012049
7356845135
7510100855
7510204055
7510350195
7510710565
7558035180
7558060379
7558958260
7558984064
7560828490
7561079520
7561805462
7591928728
7591982896
7592014192
7592014454
7594007900
7594035330
7736601920
7902205083
7902451209
7902452503
7907107793
7907307680
7907548841
7907838267
7907941822
7994097268
7994360952
8075037251
8075519749
8075595767
8075666501
8075974254
8078266943
8086034574
8086065981
8086083923
8086199471
8086326711
8086420051
8086506759
8086580907
8086619424
8086742935
8086984053
8086991708
8089246332
8089796696
8111911909
8113913808
8113940821
8113946278
8113962354
8129297729
8129385437
8136842261
8157916495
8157922103
8157987104
8281081358
8281267269
8281416415
8281488330
8281845145
8281876820
8289916978
8304892928
8304941229
8304950457
8330039509
8330891534
8547008987
8547216229
8547281696
8547633215
8547719571
8547735564
8589922683
8590130944
8590455595
8590465875
8590567433
8590614861
8590632007
8590649696
8590682512
8590683202
8590931308
8590988201
8592003106
8592065292
8594065871
8606020533
8606062240
8606200960
8606632482
8606632483
8606673144
8606726589
8714501008
8714529898
8848306128
8848365497
8848380579
8848462038
8848697086
8848762975
8921019512
8921048440
8921426709
8921522474
8924184105
8943245912
8943376434
8943482981
8943550942
8943639213
8943639231
8943838624
8943854755
8943896273
8943939431
8946639231
9037286511
9048058318
9048195462
9048314493
9048352756
9048409398
9048539504
9048550942
9048601504
9048721468
9048740072
9048797219
9048802165
9048862322
9061412278
9061485907
9061693580
9072104096
9072868760
9074165061
9074186038
9074271791
9074287973
9074775688
9207205460
9207382439
9207433184
9207517184
9207632174
9207795165
9349732811
9349789422
9349810504
9383400184
9387513180
9387518654
9387731695
9387785466
9387821336
9387882056
9387889446
9387892455
9400346114
9400536483
9400561875
9400755527
9400938624
9400988358
9446067641
9446244524
9446391864
9446395145
9446403852
9446603852
9446613841
9446670929
9446675611
9447280475
9447421139
9447948688
9447978957
9495095580
9495101355
9495146778
9495193186
9495216268
9495228792
9495455130
9496035072
9496089696
9496379552
9496523750
9496586584
9496677401
9496845066
9496978340
9497181592
9497208655
9497807565
9497871369
9497899447
9526135515
9526146571
9526282261
9526293903
9526374445
9526374454
9526396188
9526477126
9526955780
9539000304
9539417952
9539587124
9539911214
9544052673
9544343561
9544478778
9544723714
9562400798
9562526288
9562532436
9562864145
9567382733
9569587124
9605175106
9605210234
9605251394
9605260649
9605451860
9605638352
9605651360
9645246156
9645461765
9645581447
9645706077
9645763838
9645841483
9656209753
9656251898
9656591868
9656945539
9744241507
9744708283
9745011247
9745050627
9745070153
9745125061
9745593152
9745931881
9746234810
9746534675
9746717524
9746921482
9747021984
9747029185
9747032025
9747089646
9747136008
9747144347
9747194438
9747203890
9747356952
9747389876
9747448012
9747555223
9747668978
9747782088
9747888104
9747888109
9778358991
9778364857
9778443625
9778483042
9778732495
9794899447
9809726756
9846077975
9846098309
9846399674
9846498849
9846715569
9846969448
9847119752
9847692307
9895326167
9895516647
9895927569
9946271026
9946550359
9947109158
9947581822
9947668706
9947672886
9947998480
9961213852
9961542046
9977410848
9995730343
7034816622
7593926823
8086280949
9946332173
8075482837
8086038932
8138830978
8157918907
8281586905
8592057149
8592983368
9072492590
9400026584
9447273207
9475296641
9495912158
9496052215
9496176448
9496618242
9645296030
9645650338
9645689592
9745016192
9747387130
9778532671
9847670730
9847711353
9946697610
9946751316
8921608078
9745273522
6238512120
7025180912
8301011400
9744711400
9946775929
6282665036
7012369250
7736894307
7994890378
8078993675
8086406510
8589991761
9037200941
9048761430
9074786514
9074795420
9497208505
9526103579
9539569734
9544081056
9544151886
9544155528
9544158876
9544188841
9544189263
9544275770
9567107363
9567214555
9605735719
9656818071
9745815897
9746168813
9747173733
9895778076
9895779391
9947278214
9947897521
9400708235
8111989612
6282151597
8075471550
9961676786
9544369307
9656931339
9747874535
9961107877
6238680229
6282521753
6282935722
7025111964
7025436358
7025552823
7034246766
7034619113
7306578711
7306858682
7510899030
7559812246
7584813213
7902208864
7994393044
8075118801
8078334013
8086421589
8111942842
8129737163
8157033337
8157083498
8157096302
8157801130
8157935899
8330059373
8590699365
8593073352
8921034363
8921401767
9048274052
9048290416
9061412884
9074200806
9207657701
9207657707
9400052693
9400605821
9447111786
9447129348
9447158620
9447206534
9447211059
9447215815
9447221139
9447396193
9447752801
9447849332
9539219511
9539250730
9539545887
9544050651
9544315865
9544394239
9605807970
9605876645
9605907921
9605907970
9633660959
9656090965
9744002834
9744051632
9744228460
9744624656
9744936159
9747020650
9747385027
9747974240
9847381974
9847922730
9895600447
9944278223
9947033897
9995759637
6235855558
7902306185
9539707992
9605456458
9895041233
9961307160
7034862524
7306043037
7510271524
7516331840
7736054803
8086287225
8086603103
8111851258
8129433483
8139813309
8156931982
8281112307
8590594995
8943657576
9037318856
9188830271
9188846817
9207008033
9207027783
9207027877
9207029585
9207031936
9207040178
9207056143
9207065715
9207094234
9207232651
9207242881
9207273650
9207322741
9207366685
9207369156
9207397133
9495208183
9497414675
9526349338
9544018863
9562654514
9562835005
9562881713
9746270345
9746331360
9778057778
9778202158
9778580491
9846946090
9895644748
9995233577
6238154625
6282197669
7034395940
7034862894
7902550464
7994911469
8086474388
8281373793
8281759714
8547106399
8547527665
8590286669
8714210458
8921385179
9048486525
9061654088
9400965141
9447415522
9496230574
9496424486
9539409408
9544752410
9544867740
9562614020
9744086214
9744461378
9747363372
9747701736
9846369689
9846771714
9847365676
9947300044
9947581971
9961802678
9961881919
9995191174
9995277227
9995374799
9995544546
9995553918
9995589762
9995611313
9995765003
9995812931
7560975199
9074058799
9562821341
7025230271
7909115135
8848589758
9400750072
7306382684
8301922684
9884151225
7025124128
8943510233
9048822043
9061824128
9605823569
9745212025
9946868219
6235713018
6235720024
6238054911
6238447916
6282053085
7012233030
7025582223
7025712235
7034007474
7034155738
7034370151
7034443970
7034476122
7034690716
7306385150
7306829160
7306879022
7356363048
7356872169
7510144984
7510356286
7510643166
7510854050
7558013673
7558054430
7560816566
7591960456
7591988059
7593021806
7593043140
7594823517
7736219802
7736918139
7902299280
7902452771
7902584416
7907649252
7907863449
7907875499
7909166753
7909167303
7994163065
7994663606
7994809331
8066718822
8075809178
8075941344
8078777134
8086458686
8086548287
8086620694
8086764247
8086795262
8089180774
8089260283
8089320196
8089503411
8089628248
8089968131
8113838125
8129401933
8129768947
8129852769
8129955040
8281090609
8281143070
8281319543
8281908212
8301883550
8547189111
8589010183
8590585708
8590653274
8590813624
8590816958
8590830989
8590934317
8592856962
8593003169
8593018570
8593040785
8606630540
8606730663
8714236236
8848581137
8848603360
8848628592
8921372127
8943007970
8943109505
8943288533
8943492410
9037000751
9037381010
9048511442
9048545456
9048716264
9061035838
9061356949
9061837478
9061917112
9072087640
9072454373
9074273062
9074407748
9142528655
9207216212
9207604127
9249123234
9249240177
9400010257
9400338786
9400338838
9400682678
9400861497
9446394416
9446425048
9446463001
9446463037
9446721265
9446808389
9447147398
9447256742
9447417469
9447477613
9447556290
9447753539
9496647842
9496724144
9497826291
9497871917
9526242624
9526851480
9539049183
9539295570
9539472316
9539498092
9544294972
9562448696
9567274782
9567537904
9567664505
9567870027
9567917406
9605097369
9605693020
9633015090
9633568657
9633607804
9633800157
9633949321
9645034411
9645072144
9645356134
9645431987
9645503012
9645699740
9645916590
9656816707
9744020165
9744174305
9744435897
9745320465
9745535700
9745783323
9745928209
9746942941
9746997983
9747771424
9846046330
9846046493
9846163779
9846164921
9846180454
9846347155
9846632675
9846705341
9846712640
9846770876
9895345669
9895420828
9895474576
9946002069
9946139511
9946603164
9946818117
9946851268
9946867368
9947510865
9961167580
9995028901
9995327359
8113050457
9400097147
9745858296
6235001136
6235378200
6235584017
6235933895
6238643474
6238783939
6282692125
7012504045
7034174208
7560960798
7907113463
7907701886
7994763681
8086279526
8113961503
8139841651
8156871963
8590008797
8714435257
8714474858
8848087317
9037111762
9048248257
9048325485
9072414084
9526167982
9544895235
9562589527
9567124163
9633057544
9656500317
9744724388
9744956289
9746372253
9747012841
9778160892
9846076363
9846282711
9847067874
9847574925
9847712201
9895094281
6235516151
7907548080
9061372866
9539589644
9846015313
6235328604
6235484640
6238064959
6657127091
7012177549
7034068392
7034110432
7034731398
7034807410
7356252167
7510136576
7591902725
7591902726
7591902729
7591902732
7592946511
7594895114
7994734824
8078859647
8086300114
8086345791
8086824949
8129070728
8129558094
8129707288
8136828168
8138845755
8139083910
8156955084
8281363362
8547269596
8589883768
8590270280
8590874310
8590876389
8592053796
8943132281
8943434050
8943562356
9037237228
9037338166
9048377572
9048494397
9048931817
9072005438
9072491949
9188164958
9188378664
9207519821
9387290987
9400403440
9446878249
9447607833
9447926120
9495297206
9495457238
9496561500
9539604447
9539698850
9539730985
9562048004
9562607003
9567146050
9567603665
9605640516
9645265425
9645935825
9744898059
9745445232
9745668197
9745757551
9746176742
9778093596
9778235603
9847741233
9895586511
9895897625
9946251303
9946861447
9995733365
7994557040
9995535759
8086879472
8156860490
8207698056
9072457358
9400941195
9447680773
9495662467
9539508038
9656848355
9747201347
9846998195
6235009736
6235285688
6238020551
6238242768
6238324196
6282427798
6282801032
6282950774
6369919413
7012738285
7025386840
7025520858
7034193180
7034281906
7034421835
7034588190
7034664219
7034759679
7306088565
7306259103
7306264556
7306762058
7510227250
7510658328
7558864367
7558918429
7558935542
7558978412
7559072854
7559867397
7560817811
7560849971
7592044832
7592966132
7592974533
7701242767
7736617492
7736756885
7902283569
7902473287
7902690913
7902921456
7907249613
7907453105
7907707944
7909119122
8075192842
8075322979
8075657323
8078304057
8078455788
8078511179
8086064756
8086114902
8086283801
8086640452
8086914098
8086968947
8089078854
8089166355
8089200293
8089593957
8089703038
8113036387
8129019756
8129273892
8138048728
8156822911
8156892737
8156892752
8156973629
8157859411
8281466507
8301858715
8547901047
8547921149
8547943468
8589040816
8589838205
8590374838
8590397012
8590458466
8590923512
8592000740
8606186408
8606481283
8606551366
8606586025
8606694706
8606799342
8606826322
8907638228
8921116575
8921632071
8943490936
8943849986
9020153498
9037103248
9048037666
9048433064
9048949291
9061866153
9072246228
9074065549
9074069263
9074070394
9074089646
9074177836
9400736641
9446215789
9446831161
9446909375
9447152353
9474952644
9495610090
9496451233
9496519571
9496638047
9496877512
9497556917
9526037389
9539024951
9539416070
9544025936
9544051713
9544906027
9562769296
9605374064
9633486948
9645017579
9645126462
9645475138
9655875593
9656343060
9656615498
9744022114
9745665391
9747853093
9747865881
9747952644
9847476153
9847709479
9946034525
9946177621
9946406758
9946645850
9946700612
9946731196
9947503992
9947521532
9947689814
7025129644
7034312853
7559889081
9567858802
9645266437
6238595374
6238730316
6282080630
7025165229
7306606192
7593803864
7594896571
7994868157
8590321695
8590969336
8606931824
9048778162
9388632462
9388638315
9388777501
9388819171
9388874428
9388878886
9388894087
9388973924
9388974128
9400023090
9539507920
9539736694
9747023788
9747867915
9747911356
9846121752
9846142663
9895531976
9895832279
9946481015
9946813883
9946898961
9946932848
9947053580
9947101622
9947283114
9947673465
9947931910
9961207006
9961280543
9995715210
9995741779
9995946821
7034174275
7561020845
7736648248
7736866840
8075190548
8590507078
9072025857
9745682870
8281484600
8943961633
9946550997
9995859090
6282473136
6282839788
7034735547
7592994232
7994015231
8075528365
8136816115
8281176172
8606849660
9048018166
9074837311
9446154069
9496522274
9497886737
9497896498
9526976626
9539734524
9744935482
9746144608
9778043415
9847274279
9895038859
8129521841
9048695286
9656921841
6235260130
7034462233
8089197577
8547094286
8943109078
9847123676
9947008126
9605376111
9946415962
7012530763
7306552637
7994769015
8086636234
8547956126
8590148448
9048374780
9074263579
9446319128
9446445420
9495372336
9539354637
9544590093
9544679969
9562244272
9562477775
9562741431
9645849159
9656167059
9656527759
9744098591
9745630384
9946200530
9207586083
9544595010
9656581824
9846965458
7736084971
7907830872
8129535854
7306787082
8156877549
9495576248
7012988204
8157044659
8157044689
9895919800
8943898471
8606125677
9048531662
9847621905
9995711677
7154410526
8590077574
8590864383
8606085780
8943593123
9061882564
9061884992
9061913009
9061916808
9188653566
9400775062
9446881261
9496537397
9496688991
9497141625
9526272866
9526316910
9526766413
9539319806
9633275620
9645452171
9645674244
9744227605
9744625111
9744886979
9745988551
9747196824
9747242898
9747792799
9778526715
9847395711
9847829346
9947238193
9947620129
9961373226
9961384771
7356250592
9961552227
6235727623
6282081828
6282726323
7007540067
7012006784
7012305921
7012352804
7012635592
7012835461
7025708627
7034435439
7034448963
7034880221
7034987854
7306266803
7306543320
7306833633
7306881159
7356137538
7356206397
7558905407
7592801359
7592960521
7907208412
7907549067
7994049501
7994554695
8075193492
8075319100
8078719240
8086445733
8086648424
8086705865
8086769754
8089234341
8089931937
8157860560
8547004359
8590535120
8590538360
8590548855
8590637236
8848343286
8943379429
8943579689
8943641985
9048410686
9048610656
9048993632
9188298048
9188791401
9207789433
9526033008
9526533080
9539230691
9539730502
9539834229
9539838091
9544032251
9544114704
9545590913
9562134025
9567342099
9567373452
9605337956
9605592095
9605685643
9633120304
9633865113
9645364311
9645484569
9645783333
9744318814
9744322268
9744739936
9745146358
9745188093
9745745621
9745793438
9746049040
9746328629
9747472475
9747801320
9778008219
9846320491
9846749154
9847359426
9895717620
9946391670
9946864292
9995219620
9995267678
9995429387
8157008536
9947586766
9446281632
9495329281
7356069709
8281631717
8593815945
9074611600
9074621337
9447631717
9605374135
9605683120
9656722514
9846612919
9961137242
6238136989
6282928178
7012489491
7025030078
7025343901
7025373741
7025475036
7025524815
7034385566
7034540368
7034547425
7034643320
7503070355
7510199426
7510304547
7510313869
7559964800
7592969528
7902631535
7902945140
7994391011
8086935744
8156868568
8281720360
8304044915
8304820605
8547225527
8547270877
8547916313
8589057646
8589804396
8590066344
8590264631
8590516303
8590578992
8590978992
8592898779
8606575049
8606599250
8606765918
8848992703
8921978756
9048051789
9048163355
9048536172
9072045182
9074601615
9400203208
9400427924
9446104566
9446251054
9447366236
9447751119
9496647813
9496671289
9496828752
9497114843
9497463110
9497688136
9497704572
9497718203
9497719362
9497752167
9497886729
9539484025
9605841454
9645350487
9744258945
9747298811
9747454000
9747633111
9747936675
9778561121
9846047592
9846184349
9846879743
9847706228
9895885978
9947910460
9961794013
9995765950
9847254574
7356372674
7558047021
6282333135
7025868679
7293757674
7306890747
7356590742
7510975424
7594835681
7594959468
7902902166
7994052662
7994959273
8075999693
8089114787
8137868806
8139887535
8547597223
8590621028
8590654956
8590963136
8848658676
8891262025
8907908603
8943275163
9037135318
9037178199
9061330262
9061333106
9249976141
9447722832
9497692822
9526379259
9526893078
9539901671
9544183369
9544269585
9544483577
9562105612
9562175106
9562945836
9567111027
9567375336
9567614127
9567905088
9605132932
9605693895
9633795601
9656092450
9744367952
9745297342
9747245237
9747838334
9846206609
9847268294
9847597656
9847784685
9895903947
9946367465
9946521553
9947505374
9995190581
9995605914
9526137280
9744697477
8943541026
6238187518
7025446568
7025756521
7034291036
7306259733
7558091623
7702281168
7736087127
7994870164
8129667215
8593993409
8714815254
8848108658
8848177567
8943452541
8943858782
9048046950
9048355769
9048874936
9048952656
9072844849
9074491032
9207521563
9400710494
9446632507
9447148951
9495232755
9526526918
9544955585
9605269167
9744855089
9745148926
9745419821
9745590054
9746096351
9746879485
9846110577
9946357667
9946903218
8590506369
9447241943
9946022501
8943148678
7736960098
8086767951
9496494204
9605282553
6238428845
7034115903
7510434219
7594005521
8606516308
9150566827
9526154949
9995154949
6235964672
7012121474
7306713564
7306858618
7306944196
7558856186
7736582225
7736588458
8086737213
8157836862
8281298870
8301056796
8589082586
8590816751
8848180641
8921809788
8921963707
9048843055
9061466625
9072271048
9072762647
9539467483
9562032735
9656014238
9672469136
9745054887
9745132297
9846205054
9846314564
9846570399
9895209778
9895462414
9946542919
9995578295
9072702647
9544192821
9544385501
7012309366
9605903688
9745348501
9539331808
7034669731
8089922313
8138907471
9072007016
9074917738
9744591324
9746039252
9895269886
9895470425
9846451540
9847451154
9072025395
6235224415
6235232520
6238742304
6282076193
6282275112
7012063751
7012842589
7025585005
7034437743
7034774653
7034808044
7034985468
7356456672
7510204228
7510592258
7559809661
7594855657
7673947013
7736356007
7736737505
7736871135
7902332334
8078729125
8086321588
8086717427
8089391644
8129542958
8129941405
8138061005
8281540652
8281581086
8281885306
8281993075
8590525656
8590651559
8606744822
8943425827
9048680413
9048697614
9061889478
9072424647
9072786003
9496293323
9539386062
9539667356
9539879874
9544075825
9544344645
9544521057
9544532605
9544539500
9562114535
9567161312
9567499614
9567505887
9567770898
9602342490
9605407864
9633391594
9633659417
9633739094
9645234314
9645446199
9645837449
9645909232
9744388087
9744541001
9744816108
9744884344
9745491077
9746167180
9746800553
9747731910
9846401678
9847176906
9847374902
9847383437
9895049819
9895218612
9895275019
9946223271
9946282607
9946600314
9946686337
9947337692
9947970868
9961208091
9995127883
9995268750
6235068175
7994633994
8136913095
8921436622
8943758994
9746737575
9995109873
6238078258
6282109788
6282168528
7034562790
7306095621
7356036121
7356099790
7510323067
7510781788
7561057962
7592082320
7736142079
7736282949
7736314651
7736819538
7736933501
7902354954
7902517138
7907227685
7994553163
7994723771
7994992847
8075015853
8075440597
8111961834
8129101504
8129170163
8129793991
8129813335
8129867350
8129881149
8129907577
8136856483
8137961160
8137973884
8138800435
8157838230
8281313652
8547494404
8590132796
8590201696
8590429357
8590670455
8590780328
8592030285
8606072575
8606073785
8606469229
8606691610
8606755350
8848679499
8891499632
8921157106
8943017615
8943052453
8943078222
8943403232
8943845861
9037153194
9048501190
9061227234
9061901991
9072146721
9074699086
9207422461
9207483922
9349326900
9349353326
9349399716
9349421125
9349438293
9349450440
9349459144
9349881397
9349905400
9382141932
9383405977
9383440020
9387070270
9387093031
9400867910
9446447837
9447166503
9447264548
9447829093
9495295958
9496449339
9526384700
9544097989
9544667664
9544841016
9562023329
9562277103
9562853121
9605006788
9605772706
9605780268
9605936010
9633118582
9633246922
9633255097
9633362942
9633676774
9645001333
9645258423
9645309209
9744490223
9744619357
9744641276
9744832518
9746256049
9746467764
9747506778
9747706160
9747858503
9778254987
9809101818
9846133081
9846183211
9846220329
9846622960
9846769383
9847165350
9847323631
9847401715
9847835975
9847873984
9895427136
9895740470
9946128421
9946640929
9946999353
9961063110
9961456545
9995054887
9995314842
9995330503
9995404363
9995476069
9995489902
9995733176
9995970594
6238251937
7034756759
7306580618
7561893617
7592047587
7592097587
7907057418
8075727190
8921802132
9048225275
9048343818
9526505020
9562341575
9567174148
9745320887
9746201838
9747830297
9778568686
8547161897
8714474629
9048376508
9544180815
9656443986
9704317225
9744319225
6235472465
6238222187
6238628841
7034072625
7510447903
7561804876
7591905927
7592954123
7907456507
7994763219
8075347757
8075980082
8111839493
8157963933
8606805903
9048326081
9048736642
9048774295
9188184298
9207789388
9539282660
9539783513
9562043046
9633616057
9645589447
9656216687
9656254123
9745487752
9846971112
6238179428
9995030823
9544775796
7558030051
9526501516
7558942515
9947777356
8086767407
8547709193
9747727485
9037075052
7736842603
7907610920
7907191993
8075799091
8129765707
8921048453
9895807058
6235192273
6238420507
7012545656
7025471327
7025572556
7034362200
7356037635
7356803496
7561856080
7592032071
7709949372
7994250639
8075296373
8075577138
8078457100
8086532752
8089614176
8089742967
8089906108
8129959979
8281122914
8547950656
8589902867
8606050994
8606415932
9037460021
9447179408
9544491078
9605643011
9645009881
9656676595
9747573999
9847105285
9947317478
9947841743
9961142783
9961207790
9961734954
9995893913
8547373902
9633729512
9645013778
9846966977
6235763260
7994845815
8075070271
8891128212
9567955969
9605107623
9656117511
9747087574
9747129942
9496975750
9995417231
6238550037
7559051360
7591936034
7736886256
7994762132
8086018981
8086281963
8086603212
8089908922
8113965733
8136854966
8138976502
8590612750
9037572722
9048267798
9048286240
9048806230
9400881914
9539176323
9539303200
9539387557
9745217953
9846008622
9846353100
9846854138
9847140620
9946455148
9946517474
9946548655
9946575037
9539332252
6238489982
7012494649
7306334109
7902906093
7994845948
8086845423
8129348021
8281090881
8590563405
8714163194
8848955420
8921073241
8921638352
9048670609
9074096255
9074903766
9188230885
9446089349
9446090052
9496746632
9526481288
9539160836
9544153227
9567604979
9605154632
9605168604
9656999107
9744410150
9747865560
9778051317
9778443078
9846443078
9846487806
9846631494
9846670350
9946513644
9947510788
7902649831
9745458653
6238036275
6238117113
6238174722
6238517573
6282242071
7025581638
7025598312
7025675834
7034224640
7034494893
7510260825
7510360825
7510384790
7510743406
7592918457
7592945689
7592993483
8589084047
8590384719
8590502902
8921212481
8921449572
9037867446
9037953641
9048146232
9048855567
9061989189
9072742308
9074179145
9188021409
9207464620
9207569152
9207586817
9207590095
9207590438
9207594453
9207594461
9207602173
9207614058
9207648136
9207675578
9207693365
9207696386
9207782895
9387999760
9495675278
9539170015
9633940540
9745941525
9746465029
9846559396
9947644889
7034701707
7356518083
8086942756
8089763075
8301977308
8304000406
8590625588
8893569736
9072107189
9207363629
9400434688
9446735029
9492860590
9539873885
9567372712
9567728254
9656243480
9656480350
9744643799
9746005968
9846088075
9847020058
9847960701
9895927942
9946329330
9995223864
7902457026
9048192530
9048339468
9539897279
6238840004
7034007231
7034053030
7306915596
7356541416
7902700243
8848331868
8943040900
9037139040
9048548674
9188656556
9400037773
9446634460
9496023949
9539108446
9544801183
9562965637
9567074895
9633305741
9633306741
9633779154
9645335016
9656097184
9745155913
9746035825
9746294080
9746326449
9747048021
9747048094
9747343499
9846469092
9847829543
9947524254
9947701934
9961380025
8547240884
8589071823
9074969223
9048231378
9645687143
9846711404
9946368550
6235373881
6238441547
6238487538
6238556491
7034108749
7034568087
7558903183
7593067585
7736645049
7736784594
7907663367
7994084247
8075249021
8075619541
8075721143
8078108913
8086036983
8086807977
8086985510
8157093531
8281031759
8281036505
8590482639
8590689108
8590885510
8590898532
8606148030
8606894529
8848884528
8943499790
9034759679
9048477126
9061704284
9061978890
9072442384
9072477144
9072482488
9072788808
9072789426
9074043303
9074049904
9074090281
9074129208
9400492472
9400915960
9446335231
9446397401
9447035716
9495094877
9495224293
9496104436
9526425297
9526835988
9539370888
9544565202
9544821027
9605509853
9605752119
9605909426
9645090103
9645717254
9744072600
9744268732
9745110664
9745618540
9745647746
9745684674
9778150638
9778773479
9895150282
9947477528
9995542745
7034330528
8086064419
8113965977
9072210230
9539509702
9562342510
6235016829
6235121535
6235294950
6238312994
6238422490
6238585342
6282054996
7012529608
7025249840
7025528327
7025852180
7025914005
7034599198
7090921977
7306126704
7306388476
7306529020
7510182212
7558054913
7558862305
7558962124
7559042900
7559076085
7559842931
7592858000
7594838062
7736526463
7902691783
7907146260
7994542430
8075134498
8075142182
8075799550
8075943663
8078063642
8086379775
8086631513
8086918154
8113017928
8129738254
8129854474
8137820094
8138983981
8281223307
8281484848
8281970106
8289981722
8330053917
8547729511
8547946943
8589092419
8590099852
8590154336
8590163833
8590359856
8590883459
8590902124
8606245770
8606462572
8606926423
8848668601
8891013138
8891286247
8921398065
8943188945
8943551237
8943611738
9037401630
9061606859
9061923502
9072004490
9072205695
9072231433
9072335052
9074081930
9207069458
9207867312
9388031493
9388494449
9388601428
9400954224
9446547506
9447642312
9495251427
9496274545
9496406837
9496921471
9496992781
9526364240
9526391400
9526889369
9539331468
9539798854
9544068701
9544596161
9544648465
9544699608
9544841520
9562924988
9605472050
9605737608
9605803507
9645317794
9645576242
9645881462
9656066526
9656233271
9656551538
9656786351
9656909623
9656909629
9744058342
9744280621
9745158849
9745847115
9745902328
9746031206
9746716778
9747192455
9747305537
9747686307
9778290647
9778316392
9846568671
9847022694
9946185131
9947168199
9947306483
9961542169
9961973077
9995013291
9995074708
8111887768
8156980313
7025086418
7025539469
7025914583
7907299015
7909297229
8086524981
8281692095
8304003148
8547313769
8593986727
8606670622
8848506699
8921016526
8921657054
8943601871
9061143214
9144200092
9446189632
9447944118
9496611871
9497186317
9497832138
9526634075
9526642758
9526943008
9539705131
9562714023
9605596228
9605596449
9605699032
9605802875
9744517997
9847305743
9946309229
9947030397
9947566874
9947685991
9961650944
9526516469
8089012334
7559050735
7591995333
8078544802
8289893242
9048337730
9074434860
9142555313
9447301569
9605036655
9633105864
9744120586
9946019362
9946304677
6238457877
7012143064
7012233998
7025164019
7025597941
7356871474
7560850838
7736592997
7909177361
8111951515
8129622291
8129895813
8589945501
8590588510
8848659370
8848973865
8943301435
9061433423
9061437840
9061457862
9061461349
9061542607
9061552491
9061580588
9072414172
9207320328
9400394522
9447135892
9447627946
9447635423
9495342366
9497535905
9497659683
9526313091
9544293186
9605428450
9745644905
9746222465
9747011512
9847089517
9847127195
9895643436
9947346807
9995388534
9778758021
7510620972
9207412771
9747321451
9946828152
8714906772
9947948193
7025100813
8848755242
9526884009
9072254368
9567058407
9645753360
9847190510
6282040437
6282995932
7012176570
7025370937
7025550656
7025897892
7034137057
7034573345
7034573347
7034600844
7034608844
7510114994
7510309582
7510330120
7511142120
7558867051
7559810021
7560909107
7560952558
7561854004
7561874380
7592040847
7592891050
7736224904
7736282778
7736525202
7736598991
7736784785
7736841223
7736955305
7902810016
7907110314
7994114529
7994507949
7994526264
8086139421
8086400669
8086469655
8086711371
8086737593
8086744668
8086780001
8086865372
8086883996
8089554050
8089579114
8089905967
8113935707
8129035172
8129398497
8129423352
8129559942
8129689193
8129707458
8156880758
8156943584
8157809280
8157951074
8281162190
8281454764
8289829714
8289864186
8304041501
8355898708
8547415495
8547621953
8589877752
8590080852
8590181459
8590250671
8592031807
8592855520
8592978215
8593009676
8594015328
8606300102
8606455094
8606547672
8606584271
8606639551
8848077698
8848079593
8891132139
8921073737
8921959565
8943398991
8943493285
8943554197
9037816579
9048020655
9048200793
9048300793
9048511672
9072007047
9072479730
9072542299
9072827219
9074562086
9074597469
9074733127
9207377887
9400435923
9400962495
9446579139
9446960848
9495005847
9496039520
9496145722
9497708487
9526390882
9526867405
9539161445
9539521323
9544686550
9544830806
9562043125
9562071725
9562111595
9562121060
9562229487
9562332141
9562498503
9562502787
9562833710
9567378272
9567973522
9605023598
9605602371
9605891322
9633016712
9633084657
9633312953
9633467622
9633584203
9633614223
9645214997
9645515911
9656505178
9656695065
9744083194
9744124980
9744162485
9744447457
9744866084
9744945893
9745109735
9745149221
9745314120
9745421367
9745455392
9746128579
9746966224
9747014702
9747134765
9747286779
9747472500
9747495592
9747666990
9747933590
9778011371
9778372139
9778555393
9821123139
9839046812
9846113805
9846487374
9846491157
9846655147
9846670551
9847358295
9847596038
9847928548
9895114547
9895193005
9895225103
9895627556
9946916209
9947590545
9961271041
9961706257
9961756902
9961757857
9961844033
9995245703
9995499852
7356654139
7760445740
9567773646
6235061005
6235651131
6238666527
6238912967
7034769549
7356964238
7558037210
7561886540
7593825233
7907243258
8281413795
8606628063
8714103202
8943249556
8943661405
9037697037
9061853947
9072547193
9447680520
9495848167
9496875826
9539362618
9539883169
9544216004
9567174074
9567424868
9567433715
9605255044
9633248081
9645668862
9745323272
9745323716
9745923125
9846630346
9846638789
9895961840
9947514487
9947665225
9961542092
9995572503
9995574251
8891503903
9061882603
8943247148
9745315820
9895606838
7907105587
7907836379
9544559666
9995559666
7736223912
9526107412
7356091133
8075616651
9400687842
6238605521
6235303230
9207500591
9744039539
9745461101
7305607953
7306196228
7356079530
7356286612
7510657059
7736006830
7736407821
7902836176
7907018531
7994976698
8129414848
8129782179
8156858283
8281590164
8590523052
8592998923
8606595210
8606646895
8714422753
8943463809
9061451815
9072033256
9400650090
9496594153
9544985195
9633611200
9645025475
9645969337
9656741669
9745748721
9745779623
9746374435
9746939803
9747025821
9747747171
9847585134
9847910776
9895454901
9946671343
9946771343
9947031650
9947752579
9947845689
9961207179
9961359354
9961424010
6235479448
8086510229
8086786443
8086898945
8113901495
8592905862
8592930091
8593818495
8606708437
8848389692
8848439795
9037328366
9048315793
9539414621
9539465647
9544973280
9544974878
9562170904
9567125298
9567448132
9567540495
9605016259
9605619088
9605722610
9633050031
9633080274
9633198980
9633206011
9633212362
9633229810
9633704878
9633713490
9633893614
9645718030
9744435310
9744821986
9745712014
9746258596
9746412014
9747578973
9747706989
9747864205
9778221654
9846641405
9846884124
9847370026
9847740978
9847776394
9895250004
9946507706
9995660429
9847027768
9074922751
9539838395
8606633070
9447274171
9745647095
9746838025
9995472161
7012187912
7034464959
7034664959
7034697510
7593028009
7594851778
7736125459
8089681687
8129040761
8590650360
8606236093
8606743743
9061980256
9207916451
9446228029
9446228739
9446274929
9446280542
9446290316
9446290946
9446296011
9446296759
9446311459
9562833910
9895902336
9946281439
9995929241
9846157324
9946355799
7012303809
7561862923
7902481602
8156957436
9048349658
9400058667
9495254890
9746795610
9895481602
9995276826
6238273260
6238451081
6282021010
7034295926
7034789443
7306493882
7356235104
7510660340
7592956686
7592965668
7594948075
7907018617
8086547543
8086832043
8129281860
8590399105
8606753778
8921121531
8943522700
9020840848
9037319526
9048012470
9061499614
9061941687
9074102916
9074240300
9446622700
9495492529
9539097561
9544113232
9567123047
9567376993
9567607370
9567966780
9594948075
9605077938
9605210065
9605945569
9633856354
9645147164
9645147371
9645150182
9645150201
9645185993
9645493796
9656378704
9656644055
9744378685
9745094436
9745392762
9746848345
9746977233
9846616343
9846844511
9895614729
9895651830
9946367020
9947039560
9995365459
9995864619
9995911415
9995983665
8111873142
9645195440
6238245927
6238854120
7558908741
8129956301
8138045866
9446250579
9539685722
9656481745
9656563057
9746158437
9746954288
9747867693
9656892627
9847368986
9496127203
8089988296
8592904841
9072027606
8590495921
8714446477
9048681024
9605602564
9656388109
9747673857
9947731876
6235100274
6235774209
6235861885
6238085182
6238623144
6238792552
6238917231
6282118601
6282954017
7025106513
7025134785
7025788485
7025852391
7025899384
7034001004
7034469066
7034600962
7034624961
7034710921
7034845353
7155562784
7306033371
7306270954
7306840367
7356264585
7356465407
7356546487
7356714904
7510140526
7510255546
7510733472
7510850527
7558031935
7558847064
7558850256
7560909795
7561030294
7561880519
7593057299
7593058299
7593801373
7593948905
7736234968
7736320201
7736770281
7902940010
7907117711
7907826002
7907878065
7994087538
7994642190
7994772418
8075141838
8075782641
8086066370
8086107423
8086172903
8086394800
8086400402
8086488713
8086511315
8089780845
8089848146
8089883363
8113094197
8129379160
8156947009
8156962055
8281383347
8304031704
8330866547
8547042171
8547169513
8547902330
8589009070
8589912006
8589931930
8590343862
8590493551
8590567603
8590573460
8590581011
8590700315
8590716902
8590738845
8590814933
8590971029
8592870410
8606061244
8606250476
8606329701
8606735160
8848168219
8848649063
8848959909
8848984162
8907453782
8921130734
8921796373
8943773890
9037460400
9037466580
9037544003
9037566707
9048054310
9048180436
9048236858
9048740633
9048744621
9048766652
9048813112
9048863554
9048907337
9061426687
9061461707
9061600470
9061601295
9061786361
9061973157
9061974060
9072048317
9074645056
9074728834
9074833155
9188359517
9207052438
9207062702
9207412821
9207699295
9207936529
9249720342
9288809434
9400505978
9446400639
9446448688
9447246375
9447399961
9447663268
9447824197
9495469086
9495608951
9496547433
9496668948
9496695621
9497115396
9526082080
9526096246
9526243307
9526251046
9526348890
9526430240
9526494947
9526805090
9526913401
9526931137
9526931930
9539145455
9539223532
9539230955
9539386029
9539408937
9539444841
9539561448
9539806881
9539985009
9544161726
9544417388
9544838775
9562049479
9562051559
9562692969
9562915712
9567376201
9567410244
9605213430
9605234592
9605342674
9605354637
9605383798
9605608187
9605856927
9605906573
9633453612
9645043406
9645171712
9645555995
9656113971
9656658159
9656734346
9744060717
9744187786
9744195783
9744309006
9744440938
9744637363
9745032708
9745177821
9745256450
9745517384
9745636074
9745924787
9746281982
9746997660
9747460810
9747488734
9747600740
9747764759
9747941765
9778167568
9778436028
9778567422
9809161219
9846025880
9846168927
9846208869
9846327445
9846768392
9846794719
9847225659
9847234180
9847350090
9847407797
9847428378
9847852877
9847982792
9847994370
9895009816
9895767785
9946272346
9946390587
9946396045
9946488110
9946534047
9947184113
9947205902
9947210473
9947338528
9947365588
9961508966
9961536016
9961736221
9961791887
9961868463
9961956288
9995358230
9995893842
9995900185
9995216546
7034787861
7561004065
7736246093
8592006954
8921592997
9037300765
9400970669
9846091115
9947025015
6238559906
6238559960
7907825507
8943657051
9037604851
9447354851
9745654103
9947017797
9961751414
6235266853
6238045062
6238499968
6238506557
6238817996
6238919922
6282208037
6282337735
6282407181
6282410577
6282483142
6282570428
6282610619
6282941662
6282953604
7012505321
7012645759
7025023129
7025307235
7025310757
7025407948
7025597946
7025623938
7025652284
7025968372
7034281063
7034459541
7034488079
7034537678
7034689834
7034856629
7034926758
7034986716
7302540794
7306015459
7306162531
7306514531
7306784810
7306865065
7306905700
7306988024
7356463283
7356725544
7510260269
7510295049
7510974454
7511162526
7558902097
7559050975
7559848128
7560829656
7560913830
7560915294
7561023453
7591949068
7592940010
7594899819
7736391819
7736519492
7902263561
7907184561
7907387043
7907603073
7907767502
7994014970
7994157691
7994169345
7994365162
7994365587
7994617032
7994721489
8075063773
8075081184
8075231958
8078262953
8078475840
8086045302
8086141021
8086378125
8086386795
8086431856
8086597387
8086692950
8086720996
8086778162
8086871909
8086898445
8089070137
8089183120
8089361109
8089657790
8089724652
8129286552
8129328446
8129333494
8129535007
8129542031
8129621409
8129654148
8129694597
8129733740
8129941727
8136802816
8136941008
8136949015
8136964128
8138049270
8156801758
8156838565
8156840903
8156890805
8157853375
8281250283
8281279608
8281787685
8281928788
8301897684
8547420827
8547578678
8589891860
8590165696
8590174465
8590385875
8590387469
8590430903
8590502131
8590551053
8590555121
8590564435
8592029375
8592055733
8592921726
8592927345
8592973514
8594091990
8606123403
8606288968
8606303135
8606359945
8606574951
8848151579
8848307475
8848605886
8848617701
8848648366
8921302813
8921443891
8921945456
8943079276
8943097627
8943268615
8943310769
8943513366
8943603048
8943754138
8943822848
9037333032
9037353414
9037392687
9037823672
9037929236
9048086821
9048484739
9048560532
9048639353
9048708731
9048781409
9048839842
9048914464
9061012582
9061154738
9061198128
9061352242
9061446927
9061456228
9061493056
9061500674
9061506790
9061515205
9061570144
9061573385
9061642186
9061847863
9061870470
9072797933
9072797991
9074238512
9142703397
9207516303
9388646889
9388805162
9388817656
9388847837
9400036418
9400061235
9400075839
9400077687
9400081072
9400149735
9400151306
9400167097
9400171896
9400174724
9400175951
9400180314
9400318462
9400836110
9400859920
9446586368
9446605820
9446628895
9447196956
9447252097
9447269768
9447444525
9447617640
9447629236
9447657390
9447752078
9447845908
9495046952
9495413268
9495451624
9495454499
9495472907
9495489902
9495619229
9495751887
9495846623
9496321374
9496371957
9496668643
9497121752
9497636758
9497663117
9526094082
9526385407
9526787545
9526994492
9539050521
9539117123
9539161082
9539213200
9539296655
9539405935
9539618054
9539626987
9539629992
9539656982
9539740274
9539747741
9539892551
9539898200
9544217458
9544280679
9544608158
9544754937
9544819442
9562059274
9562176900
9562243831
9562374245
9562409908
9562409984
9562540434
9567012900
9567027178
9567035318
9567108850
9567179006
9567184184
9567196976
9567222947
9567294742
9567347563
9567379242
9567479019
9567501436
9567528093
9567600377
9567750487
9567821500
9567852919
9567871377
9595451624
9605249430
9605491105
9605716005
9605791105
9605947778
9606288968
9633130586
9633363236
9633718095
9633738748
9633754374
9633893672
9645037694
9645049976
9645169147
9645314667
9645470922
9645566283
9645660888
9645715239
9645722552
9645995153
9656086123
9656236251
9656411608
9656462435
9656574436
9744100558
9744259910
9744749459
9744777875
9744838904
9744885927
9744920797
9745080327
9745170998
9745629023
9745926481
9746019113
9746025123
9746118835
9746265764
9746855514
9746971709
9747021881
9747103115
9747118128
9747324414
9747412027
9747917671
9778094468
9778358965
9778473079
9846066410
9846656579
9847232432
9847634694
9847835912
9847910768
9895151420
9895176500
9895302539
9895603614
9895691270
9895713727
9895779797
9895823623
9895823791
9895849471
9895964937
9946282792
9946307431
9946723571
9946737235
9947465298
9947604253
9947696991
9961185037
9961371655
9995004980
9995087683
9995093457
9995183039
9995787200
9995863773
9995969112
9995979239
8714891296
8592803323
9544995556
7034742937
8089824378
8157009610
8281033382
8606376326
9037706169
9061183550
9544570350
9605467736
9656030172
9656716692
9744021410
9747798303
9946978907
8547322461
9061719910
9188018470
9400941338
9539315491
9656890362
9746678002
9747289509
9747493590
9778135418
9778536590
9847591789
9995150445
9947242306
9947890807
7560998322
9656840982
9656909296
8075888905
9447807569
9496760960
6235676094
6238816421
6282582072
7012319562
7012720192
7012819753
7025090180
7025528223
7306435680
7510680180
7907442207
8078941746
8157068991
8281839306
8547921315
8606764794
8848655029
9048074431
9061450629
9400112519
9400842407
9495377473
9497379713
9497843684
9526665464
9544270412
9633807956
9745654243
9747435256
9946360589
9946807387
9995234144
6282436146
6282887619
7025830148
7306124298
7356519951
7558080081
7736220813
7736591135
8547844853
8590808933
8606307670
9048410023
9539487043
9539650755
9544469972
9544514430
9544831092
9562090849
9567241977
9744942834
9746837192
9746965473
9747013305
9747256178
9747316178
9847216881
9847615196
9847654637
9847671600
9847733170
9847988689
9895369974
9895757100
9946123048
9947785902
9961433826
9961625777
9961796764
9961799659
9995914674
8590356405
9061083233
7306300850
9048296038
9207393934
9383442509
9895344108
9995299376
8043063256
9142274280
9526338035
9946268248
9995168560
8078286582
8943745789
9656663693
9947935381
9961294486
6235912524
6238038375
6238419720
7034358095
7510106911
7592820395
7902506125
7907969026
7994755227
8075318152
8075851922
8086537101
8086537167
8113974812
8157944393
8590576850
8593820744
9074030760
9074102863
9074104974
9074108097
9074110926
9074112534
9074112928
9074128204
9447244764
9544379937
9562141789
9633937460
9645666343
9656471923
9778324152
9946398473
6238817124
8547958596
9387403030
9526001001
9846630987
9846909696
9946818146
6235730081
6238169865
6238300735
6238993105
6282143692
7025756608
7034198250
7356191951
7356305735
7510271579
7510273449
7561868314
7736301197
7736690071
7736700203
8075318749
8075492751
8075780821
8078220835
8086626742
8111843628
8113905198
8129237285
8129777075
8137883662
8137924413
8281693594
8289929681
8891347620
9048017876
9048619547
9048642170
9061171832
9567150811
9567304946
9605743018
9656275076
9656513787
9744490345
9745695510
9745799650
9747089897
9747321636
9747607042
9778030337
9846118083
9846532453
9846545820
9846575440
9846810222
9847899083
9895908236
9946702074
9946704726
9961578845
9995861225
6238007429
7034084255
7034529838
7356525368
7902436110
7902954615
7907539621
8084500040
8113983798
8129396055
8156937216
8156994284
8590376233
8714856857
8891350492
8921955298
8943321742
8943454285
9007751100
9037384069
9037607341
9037635841
9037752258
9048072918
9048076224
9048235996
9048330307
9048473227
9048682200
9072205001
9072411411
9074803935
9207332663
9434933613
9440708291
9446334598
9526352895
9526457701
9526470801
9539411411
9539439153
9539608664
9544519822
9562100827
9562887101
9567730807
9633183447
9633980399
9633984272
9640804440
9645177398
9645378016
9645679071
9656337818
9744944311
9745805919
9747171633
9747813571
9846347473
9846349743
9846514101
9846809838
9847347473
9847580793
9895559534
9895882243
9946657907
9947066179
9947439154
9961738484
9995028641
9995169003
9995490611
971557605264
6282537487
7034052398
7511128594
7560835383
7560858947
7560881934
7902215396
7902920982
7907070301
7907215895
7994111020
8086376865
8086498471
8086870091
8111811053
8111954501
8129865052
8129906303
8157864231
8281622760
8281880464
8547975357
8590738581
8590770286
8592093296
8921836069
8921915930
8943489711
9048407242
9061550357
9074381044
9188200252
9207611819
9400042215
9400482023
9446476018
9495134980
9495396506
9526511776
9539223740
9539511688
9544131685
9544276797
9544284485
9562628458
9567272203
9567698474
9605441628
9605641403
9605978817
9605999499
9633898526
9645946370
9656210279
9656304319
9656402894
9656520335
9656591738
9656746829
9656748399
9744186272
9744276115
9744607356
9744699450
9744911288
9745422411
9746539687
9747078118
9747753682
9747831315
9747920961
9847327658
9847433149
9847815191
9946090465
9946193606
9946299014
9946694899
9947034378
9947274588
9947486102
9995084714
7025316646
7736424492
7907067661
7994189468
8089258001
8129824430
8606853604
8891851076
8891950960
8921991502
9048473692
9061346636
9526559634
9539149694
9562108479
9633766222
9645460916
9747116205
9747692803
9778590447
9847420155
9847420177
7592016731
7736528367
7736552379
8086821617
8086843171
8089631411
8891958250
8921934329
9037355680
9562266939
9567993617
9745605164
9746697461
9846549852
9946097293
9946777637
9562890748
9656364435
9895569296
9947346032
9074136810
9446506652
9645041599
7907633474
6238248069
6238698574
7012600316
7034384293
7306582602
7510349716
7510645012
7510824746
7511102925
7736845129
9567661057
9946618369
9947007207
9947077840
9947413586
9947421569
9961000035
9995743862
9567194015
7034329327
8590381965
9037464761
9526474761
6238319571
6238649887
7012609676
7012635580
7025855737
7356505019
7593936837
7736291400
7736442357
7994080919
7994497632
7994842716
8075625818
8086734689
8089138117
8089418820
8111822556
8113997279
8129034774
8129663209
8138958918
8157000099
8157886412
8304079544
8547106161
8547151682
8547242183
8943682119
9037093535
9037138818
9048433995
9142157288
9207879043
9207977368
9400474337
9400697801
9447535468
9447621036
9447996514
9495291590
9526238718
9562197201
9562288874
9567235466
9567415435
9645512456
9645707518
9746459867
9747328253
9778074138
9778076330
9846171113
9846647768
9847308368
6238245279
6238500588
7025091217
7306329518
7356593248
7558810171
7594018432
7736271156
7736531859
7736685450
7907775294
7907983096
8137932718
8589090938
8589843779
8590932724
8606057954
8606665013
8848860486
9020325315
9072090891
9072404512
9072969692
9446465155
9446468804
9446474395
9446476194
9446495987
9446497479
9446519894
9446528664
9446529789
9446533978
9446536874
9495455307
9497602681
9526206058
9526345481
9544229004
9544434217
9544665018
9544851819
9544964840
9562024039
9562109048
9562301992
9562496864
9567146634
9605568709
9645144154
9745840392
9747431176
9747605599
9846105476
9846145994
9846379286
9846411495
9846443008
9895219897
9895351687
9946047517
9947048187
9961076182
9961100745
8089082783
8606681714
9846279783
9645161075
7025187382
7902689815
8086593231
8086925242
8907341799
9061151876
9072879839
9074964728
9446217009
9446310251
9539012145
9539851643
9544180665
9605742401
9633282544
9645062154
9656566784
9746216446
9746225300
9846630765
9946188661
6238061546
6238312653
6282196582
6282238071
7025860365
7034345481
7293956751
7306170769
7306767665
7306856258
7306861644
7510674911
7510887919
7511107828
7558039105
7561881482
7592084905
7736159294
7736557979
7736581421
7736846951
7736868278
7902948955
7907105868
7907441494
7907617494
7994391347
7994739859
8075800544
8086215454
8086282029
8086715191
8086836789
8113002868
8129207759
8137952596
8139088726
8547287457
8547475053
8547796804
8547817779
8589911428
8590171959
8590733636
8590783820
8590905517
8590945052
8590997845
8592058123
8593029915
8593975717
8606400518
8606452713
8606563327
8606681476
8667897586
8714149759
8714880250
8848202522
8848850446
8891881566
8921004663
8921181627
8921201289
8921300618
8943797980
8943932820
9037706109
9037927207
9048383354
9048392253
9048418350
9048842417
9061154548
9072430392
9072879882
9074520690
9074572936
9074830574
9207112065
9207225567
9207372738
9207415612
9207908547
9400041869
9400156634
9400615106
9446020182
9446315166
9446633628
9446992540
9447235834
9447626527
9495005570
9496090389
9496243823
9496275065
9496277039
9497557151
9497668972
9526967276
9539284663
9539626858
9539681141
9539874073
9544268992
9544412945
9567479408
9567933957
9605739136
9605915232
9633590135
9645197672
9645332360
9645367452
9645716200
9656036027
9656135770
9656285986
9656807521
9656895295
9744156530
9744708140
9744881871
9745264643
9745973954
9746456917
9746684454
9746805411
9746968122
9747078259
9747849730
9778006845
9778142329
9778343861
9778439815
9778779326
9809375793
9846642061
9846756529
9847393130
9894276841
9895552724
9895630693
9895639391
9895978371
9895981460
9946035496
9946315661
9946368146
9946394246
9946803059
9946837846
9946888015
9947613646
9947967303
9961602496
9995007759
9995243468
9995492232
9995824917
8921196948
7012874287
8547255796
8593063467
9446766575
9447151281
9447351811
9447422835
9447422980
9539766575
9778003237
9847037665
6238148157
6238565607
6282568756
7012197332
7012219831
7012731991
7012796250
7012925570
7012984153
7025364542
7025730456
7025766159
7034757553
7306869031
7356020911
7510539415
7560931806
7561038848
7561893850
7591902724
7592866754
7736585862
7736684118
7902847603
7907456435
7907579610
7994014745
8075589951
8075763912
8075996195
8078577980
8078813659
8086477898
8086594096
8086733584
8111944861
8111959139
8113851220
8113985528
8129274658
8156949323
8281177125
8281745644
8289922031
8547287835
8547471863
8589924335
8590391930
8590921481
8590938901
8592904562
8606141050
8606200712
8848644532
8848757043
8943021169
8943428080
9037199239
9037395937
9037955627
9048219896
9061017878
9061408642
9061471239
9072163568
9074423401
9188282763
9188328437
9188568763
9207223502
9288708630
9400209568
9446865051
9446865359
9446867082
9446896073
9447119946
9476942160
9495139653
9495331835
9496721450
9496890512
9497039820
9497114832
9497491521
9497563361
9497632946
9526058381
9526200122
9526514151
9526786181
9526824966
9526985866
9539366566
9539377751
9539861747
9562012668
9562019164
9562021594
9562266926
9562814859
9562880987
9567628105
9605025926
9605049620
9645289779
9645724450
9645790215
9645898452
9656165042
9656211445
9656274086
9744192897
9744245071
9744747272
9745029869
9745058206
9745380289
9745410746
9747138163
9747378446
9747403641
9747451270
9747580289
9778515847
9846701490
9946223288
9946631739
9946805199
9995662615
9605053175
9633083749
6282381613
6896592980
7025461385
7356993111
7510789294
7592032599
7994851542
8086211260
8111954765
8606401926
8943247307
9037680394
9495386719
9497723806
9497734282
9539351157
9544137916
9562896150
9562901902
9567740603
9605242215
9633796498
9645085741
9645650949
9656055269
9656118702
9744471397
9744610293
9746049575
9961137226
8921396762
8848600597
8921746916
9847182823
9072352931
9656108777
9961506188
9846002560
9846642560
7025183192
7510856541
9048191854
6238617432
6282734065
7034468186
7034924514
7052469105
7306127859
7306702600
7510364141
7510583025
7558843928
7561083208
7593949847
7736884823
7907158104
7907564069
7907772041
7909255392
7994147594
7994614537
8086108611
8086350360
8089241011
8129944907
8301938644
8590653131
8590896285
8593071829
8606688087
8921202954
8921904588
8943018015
9048275858
9048397864
9072037485
9446705513
9446773055
9447631887
9447728103
9447869411
9495109273
9495412966
9495460396
9495679864
9495711081
9495771593
9495807103
9496234644
9496426195
9496520367
9496593575
9496833707
9497275532
9497697650
9526056602
9526422965
9526427431
9535450845
9539081757
9539190732
9539475326
9539648720
9539797416
9544205500
9544280650
9544383707
9544485149
9544913195
9544988170
9562118438
9562614339
9562768550
9562929014
9567150866
9605123599
9605135711
9605215227
9605268117
9605347015
9605382453
9605637215
9605982745
9633379428
9645161333
9645276841
9645485686
9645767839
9645787199
9656077102
9656348232
9656717853
9656731710
9656944664
9656977784
9744037712
9744111489
9744284895
9744393195
9744472838
9744718098
9744833508
9744985633
9746078985
9747188127
9747438091
9747501213
9747688180
9747834481
9747859053
9778228020
9778236758
9778349579
9846728740
9846794583
9946143618
9946425820
9947924162
9961060439
7907118715
7592817395
8086162714
7902448860
9037147600
7902774481
7907762420
9072554846
9605555873
6235043364
6235371208
6238569972
7034333920
7510913408
7510973738
7558005122
7558017719
7736179230
7907585001
7994328093
7994346924
8075576199
8129533659
8137854581
8281883454
8606535663
8943568052
9037670726
9048146326
9048577735
9072015634
9072489662
9383464046
9526015218
9526208707
9539244388
9539823624
9539980606
9544381496
9605441336
9605598783
9645356173
9656751144
9744849054
9747855996
9747857060
9946323313
9946391681
9946424835
7510688261
7025721707
7994483743
9946773151
6235733819
6238354472
6238550319
6238562619
6238720674
6282358119
6282382820
6282627219
6282849113
7010462267
7012273441
7012444561
7025008336
7025029104
7306794063
7306973643
7356664871
7510120433
7558042256
7559856766
7907831135
7907892981
7994943536
8075158912
8078456842
8086154829
8086529601
8086569654
8086691546
8086889399
8129732922
8181271504
8281261625
8281474961
8289807192
8547549336
8590071700
8593092625
8594086351
8606405481
8848173024
8943964941
9037401255
9061589386
9061590959
9074267336
9074499596
9074847732
9207796833
9400946422
9567428865
9605583806
9645219727
9645486776
9656080438
9744249168
9744405549
9745213002
9745293568
9809764286
9846317108
9895430185
9895437805
9895626770
9946427188
9946471684
9946696054
9946936911
9947176853
9947610128
9947971877
9995162325
8086476724
9895056947
6238183303
6238340580
7034930062
7736029121
8075121859
8086268029
9249259212
9447243763
9497656262
9526566493
9645945069
9747291473
9072224470
9400889026
9846179832
9846920896
9946918559
7559841472
9188338648
9400147585
9496310265
9539607567
9745355148
8943040650
9037238700
9656269081
6282224870
7012725227
7025469554
7034586922
7302732377
7526745140
7558073126
8089501719
8281603917
8606457138
8891213760
8891883179
8943381410
8943842042
9020090180
9037173537
9037705069
9037929132
9048124743
9048389308
9048848437
9061876192
9061973016
9072796424
9074632287
9074699744
9142472094
9142758586
9188814115
9400508349
9446802049
9447991680
9495487806
9497424251
9497624182
9526113976
9526404343
9526410151
9526892858
9544183230
9544591339
9562410417
9562739814
9567332265
9567337446
9633881560
9645051300
9744250095
9744498147
9744556835
9746200381
9747471839
9846064913
9846437629
9846689059
9847254829
9946873116
9961737806
6235767093
9446767093
9447844786
9539183978
9567150561
9605002558
9656166329
9946594318
9946689491
9074481324
6238333294
6282065550
6282843973
7025494307
7034399732
7306691230
7356036241
7356167312
7356504723
7356678769
7558030696
7559842616
7736186511
7736186721
7736189875
7902490229
7907344512
7907490229
7907531031
7907590516
7994062025
7994863762
7994925650
8086475596
8086675704
8086807945
8086924640
8089189661
8089250573
8089361209
8111970898
8113011407
8113087664
8113947010
8129121437
8129257225
8129413713
8129727912
8138826546
8156853519
8281084374
8281206949
8281375523
8301835384
8330079057
8547182473
8547992141
8589825742
8590143237
8590230751
8590414645
8590559733
8590683939
8592813788
8593015313
8593096286
8606679532
8714103062
8848757105
8891158655
8921661037
8943167440
8943624683
8943729453
8943794314
9037139633
9048504613
9048511958
9048640151
9048641815
9061369245
9072115900
9072159096
9072476319
9074280240
9188601229
9188879716
9207359302
9207894214
9400893218
9446127465
9446155584
9446203732
9446468552
9446618704
9446766291
9495211452
9495291893
9495454767
9495531413
9497124821
9497586550
9497888587
9526894688
9539175820
9539584368
9539681864
9539701043
9539963964
9544014483
9544035687
9544212648
9544291099
9544849765
9562120010
9562245694
9562516419
9562655031
9562851197
9567158249
9567160688
9567918103
9605640987
9605650740
9605911512
9645195556
9645514546
9645717113
9645847858
9645915551
9656147086
9656299509
9656347955
9744223145
9744549196
9745085714
9745200364
9745205779
9745206438
9745277106
9745370338
9745494307
9745554528
9745581415
9745704658
9745710473
9745750830
9745781017
9745955601
9746359245
9747895403
9747947485
9747977248
9778145156
9778478176
9778576708
9846247384
9846339360
9846457743
9846468483
9846666220
9846675153
9846676717
9846723961
9846835131
9846926696
9846995152
9846995153
9847409299
9847893218
9946199022
9946393618
9946552017
9946570363
9946681544
9946876085
9947704824
9961242342
9961915100
9995096408
8891008850
9061585881
9656958826
6238614083
6282370575
7034290408
8075193603
8129336273
8157036131
8157857490
8590374090
9400529087
9633911555
9946475276
6235409202
6235436686
6235566158
6235602267
6235614197
6238105197
6238119683
6238130027
6238140262
6238204371
6238349107
6238540992
6238625908
6238800953
6282349500
6282350779
6282445225
6282662014
6282735265
6282869155
7012509742
7012570641
7012941655
7012957471
7025291982
7025385209
7025696242
7025719771
7025802966
7025814683
7030773075
7034206783
7034215839
7034312460
7034587076
7034683776
7034717940
7034718015
7034773475
7306032478
7306224182
7306314046
7306381331
7306518267
7306615071
7306836726
7306865580
7306935206
7306949391
7356091267
7356495983
7356941292
7510331671
7510525970
7510668774
7510686714
7510719441
7510733723
7510883103
7558018081
7558021604
7558030195
7559025277
7560964831
7561854494
7561879513
7561882080
7591986585
7592017930
7592090637
7592851754
7592995560
7593006950
7593011408
7594843061
7594953853
7736183918
7736462178
7736482017
7736691109
7736762021
7736889424
7736959055
7902327512
7902565315
7902680019
7902831060
7902957186
7902967363
7902993802
7907188235
7907302247
7907401183
7907483135
7907569970
7907850345
7909136523
7994154635
7994583090
7994776545
7994821094
7994948542
8075312089
8075533778
8075686795
8078459578
8086059964
8086187668
8086340095
8086465778
8086547431
8086559676
8086615541
8089469422
8089821497
8113923589
8129894091
8137959305
8138857057
8139074191
8139082281
8157961387
8157998355
8281181865
8281316883
8281392315
8281418346
8281427726
8281874620
8281933342
8304077409
8330810073
8547025743
8547185810
8547278195
8547286575
8547377704
8547379546
8547404228
8547669511
8547952271
8547952839
8590056864
8590198490
8590241688
8590275584
8590317525
8590441256
8590448007
8590514965
8590627358
8590765992
8590944094
8593024688
8593821654
8593906574
8593974039
8593995054
8606190970
8606360801
8606830940
8714151109
8848029335
8848126886
8848147138
8848206748
8848691881
8848737580
8848860083
8848889039
8848897857
8907117773
8921082086
8921298388
8921449351
8921759870
8943034666
8943053571
8943314220
8943323616
8943421393
8943478523
8943645936
8943688217
8943778975
8943806926
8943864354
8943874652
8943961696
8943962088
9020908853
9037108336
9037455163
9048135171
9048157791
9048266727
9048280906
9048418839
9048429525
9048444884
9048448506
9048570833
9048683415
9048685105
9048691930
9048934189
9061192907
9061733932
9072071595
9072125616
9072736895
9072755779
9074009383
9074267835
9074517897
9188397149
9188637108
9207000407
9207002919
9207092808
9207120101
9207418380
9388016123
9400268515
9400298849
9400429027
9400593608
9400834901
9400894708
9446246065
9446652810
9446883658
9446946174
9446948734
9446992887
9447422331
9447444187
9447630231
9447652583
9447824377
9447844514
9447929648
9495253677
9495448161
9495455474
9495497768
9495886172
9495912830
9496083199
9496107441
9496263071
9496938648
9496975348
9497012153
9497292958
9497433893
9497457240
9497463406
9497627950
9497758665
9526018103
9526108655
9526502648
9526753221
9526878227
9526920894
9539039287
9539095380
9539144079
9539289405
9539340232
9539505032
9539509086
9539603773
9539667186
9539910542
9539989327
9544198367
9544238326
9544284390
9544386033
9544417413
9562019097
9562561546
9562646527
9562652233
9562730059
9562738526
9562840933
9562883616
9567983935
9605169447
9605169944
9605177196
9605383264
9605566435
9605724818
9605881525
9605911011
9633184877
9633687943
9645085868
9645267067
9645277802
9645904955
9656366736
9656662984
9656722791
9656832742
9656908206
9744007821
9744101372
9744380982
9744882338
9744931346
9745302240
9745330529
9745494642
9745497127
9745598720
9745773509
9745960184
9746268798
9746790455
9747345429
9747357995
9747456615
9747660825
9747773664
9747798708
9747859480
9747953701
9747955847
9778251230
9778259774
9840977829
9846013796
9846026054
9846038983
9846177352
9846304967
9846361824
9847421427
9847433077
9847475676
9847808422
9847832475
9847840240
9847901317
9895314389
9895568055
9895830772
9895972954
9945372966
9946421021
9946462916
9946600205
9946626142
9946674130
9946731620
9946742854
9946802318
9946942734
9946959468
9947227754
9947328125
9947870658
9961065602
9961548321
9746790355
8590193455
8590893829
8594043520
8891980725
9747195207
6238499607
7306919075
8289936989
8606661075
9048811775
9207517459
9495287971
9744923871
9747530405
9947923871
9995683733
6238218773
6282130162
7034871440
7306007262
7561838134
7902219865
8078237973
8281124129
8281543283
8281809032
8547529498
8547782014
8590454716
8590658114
8592949655
9048448378
9048661490
9061741737
9447426952
9447490813
9447628942
9495131706
9495576835
9496409239
9497348977
9526401219
9526648983
9539322219
9605627513
9605902883
9645043175
9645169213
9645486102
9645486392
9645910945
9656486392
9745280673
9745344881
9745757271
9745839787
9747930768
9847662098
9961278018
7559070146
7736647120
8111878383
8547021697
8589940575
8592063225
8606634558
9539633642
9544123761
9544131875
9544137587
9544149157
9544151866
9562118942
6235348572
6235893739
6238252709
6238710919
6282006822
6282741290
7012839031
7025065844
7025818467
7034296070
7034715019
7034880460
7306116991
7306197232
7306639747
7356094860
7356166529
7356501851
7510507283
7510854668
7558072009
7559809716
7561857769
7591984187
7592802464
7594956742
7594956752
7736036254
7736869458
7902447443
7902614002
7902663038
7902744727
7907176876
7907306867
7907358909
7994031879
7994992848
8056475604
8075003704
8075014698
8078071748
8078315485
8086199238
8086284970
8086411352
8086600940
8113045002
8113925848
8129469037
8129685514
8129873648
8138973127
8138973131
8139823608
8157033204
8157082565
8157848679
8289951418
8547525994
8547563099
8589071206
8589826705
8590085661
8590192782
8590192789
8592872037
8592953270
8593053089
8606730807
8606735389
8714299398
8714529068
8714942108
8848385234
8848482190
8848658983
8891815213
8891969983
8921955682
8943505287
8943595364
8943656534
8943702680
8943882189
9037224134
9048039296
9048151091
9048780272
9048945455
9061426001
9072322700
9072346840
9072352517
9072558483
9072866471
9188620410
9188771040
9207076019
9207630583
9207647967
9207870598
9207918517
9383449640
9463822739
9496829007
9497119645
9497287740
9526089436
9526466231
9526638075
9539135503
9539439998
9539632726
9539843395
9544045776
9544086048
9544464695
9544668489
9562242849
9562396432
9562672465
9562761414
9562765773
9562843655
9567158451
9567307546
9567421734
9567916674
9605096317
9605344394
9605639122
9605866523
9633507546
9633753353
9633858757
9633871900
9633938785
9645267611
9645354066
9645463116
9645664048
9656033984
9656139100
9656214604
9656371463
9656835919
9656877239
9656884129
9744038924
9744633202
9744750497
9745625461
9745730720
9745736953
9746023122
9746146231
9746186419
9747218703
9747562628
9747670370
9747808033
9747943818
9778032676
9846109449
9846206709
9846252080
9846308680
9846777260
9846785695
9847010460
9847827961
9847989232
9895015696
9895032561
9895149668
9895203445
9895474743
9895639700
9895996244
9946559294
9946834903
9947402766
9947407244
9947491135
9961737491
9995578788
9995603869
9995617296
9995765953
9947307102
8136850889
9387003000
9446746070
9562091445
9745089854
9847356849
9847541822
9947975710
7012670681
7025146983
7034332665
7306793966
7356749723
7510832719
7558918442
7560942086
7561038281
7561893605
7593066253
7736235386
7736396542
7736638140
7736722075
7902984538
7907309453
7907665200
7907702924
7994018997
7994270455
7994313223
7994332034
7994363761
7994787152
8075313058
8075878501
8078266738
8078569860
8086375016
8086645912
8089338689
8129247261
8129323965
8129502759
8156818207
8547069211
8590457934
8848246163
8848435794
8891120498
8921855224
8943290400
8943369871
8943524050
9020975787
9048108794
9048933535
9061088252
9072325439
9072415472
9072776412
9072975365
9074836325
9207457461
9207614674
9400125299
9400554139
9447997990
9497489009
9539066354
9539067745
9539280183
9539385586
9539557511
9539653829
9544105323
9544241518
9544362966
9544725757
9544891851
9562542309
9562559309
9567260521
9567685242
9605130967
9645352255
9656237236
9745152959
9745378710
9745409199
9747239912
9747450499
9847307779
9847936827
9895890987
9947121302
9947682356
9961119046
9961598789
9995408287
6540656012
7034573312
8113921965
8606220199
8848971065
9074539424
9074688365
9180756665
9447699149
9495782647
9656755281
9846105536
9846854093
9946238495
9946821620
9947628483
6235776452
7559051505
7907020351
7907025249
7907700188
7994416424
7994907729
8086433841
8086504838
8089547156
8113867522
8136921129
8138051207
8139080665
8156939410
8590876814
8593066016
8606187435
8606207130
8606258889
8606611849
9037559582
9061055478
9142102627
9207582326
9447624661
9447697843
9495130727
9495802398
9496944236
9526668559
9544309894
9544375203
9567342736
9605783106
9656896585
9715692959
9744491430
9744495421
9744497182
9744500355
9744508342
9744522924
9744542781
9744545644
9744668872
9744686710
9744884247
9745692959
9747600540
9747607690
9846026138
9846066424
9846317677
9846902425
9895574048
9895834649
9947374653
9947586204
9961686205
9995776030
6238227883
6282051083
7559953619
8089223853
8547359238
8590628787
9061514823
9072060645
9400500644
9400808741
9447353011
9605411453
9605612017
9846101962
9847193972
9895248034
9895380807
9946414030
9947116767
9961123161
9995038001
7559040695
8075858776
9446376990
8592845962
9746479551
7594862414
8111924303
9074741349
8089009916
8111917918
8129150420
8129618722
8137961177
9446104184
9605431991
9665036045
9895121846
9995168449
6235186177
6235912070
6282167542
6282269729
6282717402
7025315619
7025403047
7025868513
7034345957
7034574822
7034918140
7306155101
7306869583
7356258574
7510700959
7559813108
7561083862
7594099464
7736896718
7902714303
7902749209
7994287051
7994337210
7994480052
7994562605
7994779165
8075094680
8089522559
8129761646
8129900364
8129960845
8156936960
8281613552
8281834521
8547252551
8590466657
8590817438
8590952792
8592810531
8606080618
8606113523
8606258381
8714044677
8714181985
8921072787
8921098392
8943716856
8943762008
8943852909
9037376154
9037448176
9048508995
9048825961
9048831577
9061063461
9061079416
9061099847
9061140604
9061153392
9061519717
9072177460
9072510878
9072968369
9188100951
9188787158
9207965545
9400268161
9400470079
9447154738
9487505834
9495088327
9495236409
9495323522
9495385411
9495585725
9495650286
9495806144
9496877826
9497738420
9526033209
9526281460
9539388870
9539529591
9539785165
9544145697
9544174134
9544371891
9544635018
9544651422
9544752404
9544974072
9562185191
9562434053
9567217614
9605122765
9633019944
9633453810
9645689522
9656135919
9656221728
9656527973
9656536095
9656798718
9656873630
9656965498
9744084978
9744276110
9744507414
9744902058
9745399289
9745753400
9747118996
9747166195
9747590580
9778591399
9809780433
9846220782
9846420993
9846534756
9846957158
9847237006
9847357624
9847689428
9847744753
9847831201
9847919495
9895377029
9895779699
9946168584
9946175336
9946732009
9946743136
9946993840
9947084781
9947157972
9947453577
9961042510
9961075987
9961405254
9961684660
9961832858
9961909768
9995379456
9995784479
6235229629
7025930242
7034744320
7561002835
7592087522
7736305221
7736616356
8078214075
8139038021
8157053883
8157816104
8301093909
8330841591
8547406418
8547577013
8590075966
8593801643
9446123132
9539330763
9539824141
9544865439
9567305335
9567764510
9605001949
9633711199
9645580716
9656901773
9744077796
9744604384
9745804344
9746053557
9847627581
9946115633
9946836928
9946895376
9995596706
7034930371
7356980880
7736564817
7994704179
8089853369
9645286665
9747453491
9846236097
9846537931
9895276491
8590893175
9072669343
9446251176
9495795507
6235476950
6235978686
6238139641
6238185530
6238214171
6238713316
6238859951
6238885377
6238915436
6282137806
6282159233
6282190489
6282241695
6282353086
6282617042
6282620086
6282806287
6282883708
6282923013
6542027567
7012186042
7025034185
7025133319
7025634354
7034330735
7034832200
7306302709
7306744294
7306758852
7306953064
7356205970
7356526139
7510300998
7510335073
7510538588
7510781646
7510783430
7558001604
7558041542
7559041500
7559821352
7560908372
7560911616
7560984640
7560985217
7561004648
7561878077
7591943563
7592016798
7592859137
7592915870
7593885097
7593885119
7593963794
7594944323
7736550783
7736597702
7736691437
7736747518
7736790412
7736975372
7902300925
7902562031
7902796054
7902849168
7907075313
7907300188
7907427452
7907434007
7907656865
7907847185
7994075851
7994314797
7994593680
8075902145
8075930507
8078380453
8078509642
8078739309
8078899967
8086041267
8086042259
8086158304
8086328796
8086335487
8086706155
8086821475
8089905404
8113030165
8113039668
8113931778
8129007340
8129567399
8137877847
8137962446
8156801710
8156983638
8156999856
8157860450
8157899244
8281094021
8281197331
8281454578
8281664094
8289910278
8301991375
8547586197
8547976072
8590007032
8590167660
8590478117
8590723984
8590792949
8590825033
8590870541
8592898365
8593886773
8606371473
8606881119
8848142152
8848191479
8848399803
8848909825
8848979216
8921051703
8921608324
8921774766
8943014544
8943540154
8943602877
8943607562
8943631083
9048265541
9048439957
9048446891
9048501442
9048551028
9048559641
9048804178
9048868066
9048884346
9061155879
9061416209
9072226215
9072241506
9072324743
9072334375
9072353275
9074640949
9074781636
9074798387
9074970768
9207153680
9400377262
9446674348
9446874622
9447004361
9447207496
9447612767
9447613373
9447625292
9447773477
9495194438
9495386256
9495454975
9495456655
9495807967
9495814102
9496335326
9496420491
9497131570
9497404616
9497407194
9497722494
9497880133
9526408816
9526584597
9539101377
9539239872
9539502899
9539758744
9539989486
9544059173
9544159165
9544171259
9544241168
9544312141
9544388151
9544447393
9544846396
9544968032
9562698974
9567418449
9567837242
9605008835
9605355585
9605602492
9605875860
9605968631
9633176509
9645210145
9645644864
9645888517
9645963192
9656525427
9656533824
9656896865
9744112458
9744238574
9744247731
9744310519
9744967268
9745027403
9745243144
9745684610
9745702146
9745893868
9745904907
9745927816
9746688654
9746991870
9747022969
9747354401
9747580847
9747851857
9747873715
9747908433
9747973572
9747978586
9778537892
9809894003
9846110767
9846129980
9846236774
9846594730
9846704617
9846899408
9847068145
9847317161
9847389386
9847529762
9847539068
9946210013
9946434843
9946509735
9946570484
9946935721
9947081231
9947840463
9947877966
9947972334
9961171131
9961283515
9961301406
9961388565
9961392476
9961429070
9961440891
9961466155
9961554244
9961662816
9961668206
9995243520
9995664015
8606345956
9847141233
7736083083
9778153357
9074924490
9847354155
9544825386
9645334867
7356427523
7902836939
8086547394
8089994122
8157874700
8330041984
8590302718
8590397556
8590397565
9048693419
9061400336
9072119180
9072246364
9544950264
9605609383
9633265394
9633585835
9645812216
9645956414
9656003932
9744186702
9744554271
9846920749
9995092962
7306444198
7594006233
9947256521
7907104134
9446030205
9497704351
9497824351
6235408298
6238463889
6238992394
7025607704
7025999359
7306038350
7306656309
7306828041
7356189404
7356542987
7403807475
7559046412
7559848002
7560858133
7907064637
7994484901
8080158577
8086498088
8089158577
8089479528
8089867330
8089874286
8089967630
8102974773
8113049193
8281499286
8281873798
8301050856
8547437680
8547502016
8590294521
8590956701
8592023464
8592951379
8593833635
8606064136
8606478916
8714511088
8907982773
8907992271
8921450745
9037271563
9400425161
9446877351
9495047599
9496411143
9497733297
9544698685
9562007614
9567255348
9567356596
9602957873
9633152566
9633271211
9645783491
9656298217
9656457200
9656564181
9744000278
9744363703
9744591249
9744832247
9744945960
9744949744
9745469069
9746805650
9747787890
9747858852
9747860122
9778324080
9809694941
9846831939
9847004134
9847452795
9847601480
9847690102
9847923251
9895062627
9947487014
9947620189
9961027380
7510582687
7561052687
9846052687
6235687163
6235810834
6235896524
6238284673
6238349725
6238414911
6238525630
6238863991
6282816866
6537229187
7012162144
7025792363
7034036584
7034259051
7034521951
7306363941
7306732027
7306981643
7306982920
7510242002
7510344130
7510457347
7558073123
7559073070
7559073076
7559905923
7736748574
7736896723
7902884642
7907098466
8075237774
8075262939
8086100374
8086322405
8089986167
8113006592
8113976606
8129089712
8136861241
8136955635
8137053194
8156834070
8157975257
8157975275
8281167782
8304917406
8304988460
8547610656
8590270467
8590277291
8590319493
8590410749
8590563213
8590618667
8590803244
8590807015
8590897926
8592817795
8592819583
8592819586
8592935652
8593884997
8606304932
8606711472
8606845741
8606937207
8848044368
8848044372
8848185683
8848527873
8848717051
8848717058
8921073818
8921190686
8921450459
8921600125
8943019262
8943454430
8943626113
8943639163
9037884856
9048023897
9048110603
9048143984
9048172555
9048197833
9048477810
9048497833
9048497844
9048780559
9072120240
9072172915
9072290200
9072716370
9072878592
9072879896
9072902607
9072902608
9074300042
9074467969
9074870738
9074971272
9188586120
9207598421
9387588040
9388227664
9400360019
9446248499
9446410109
9446632070
9447273165
9447443892
9495137781
9495303315
9497297593
9497348638
9497600724
9497848187
9497889534
9526459061
9526881852
9539510149
9539634847
9539636231
9544025243
9544059233
9544397695
9544489739
9544936541
9562049801
9562094554
9562562309
9562652401
9562824142
9605161825
9605252119
9605276801
9605468104
9605717093
9605739635
9605755647
9605827267
9633060743
9633390031
9633865733
9645543056
9645604028
9645671809
9645721201
9645721354
9645824747
9656641364
9656641368
9656641371
9656897329
9656970537
9744056716
9744336173
9744415602
9744495719
9744666775
9744669384
9744806185
9744810846
9744851128
9744946958
9744983731
9745018550
9745019158
9745384441
9745512616
9745797310
9745879360
9746334640
9746362458
9746631595
9747068949
9747175704
9747341982
9747428756
9747476450
9747510556
9747510561
9747539960
9747544145
9747560450
9747640824
9778101007
9778112870
9778114218
9778472678
9778473138
9778516387
9846092540
9846385994
9846628547
9846628892
9846644904
9846729668
9846789799
9847089881
9847545176
9847886699
9895306943
9946232933
9946350569
9946647372
9946655230
9946740557
9946784281
9946931130
9947023216
9947407582
9947987451
9961090768
9961302037
9961470494
7012695270
9287593588
6238956454
7034982111
7944855407
8129021692
8139805726
8547937060
8840768938
8891493709
8891541321
9061836350
9067892018
9074438030
9074670145
9188291252
9249288468
9645831586
9744888297
9744970850
9778334597
9796335620
9846081249
9846422862
9876545321
9947520105
8138883113
8903216094
9047027233
9188051006
7902546809
8539380567
8590938281
9047058231
9048083471
9048117171
9495015819
9526223294
9539133313
9744280725
9744413502
9745168066
9778524898
9847757039
9895339169
9947070347
9947921787
9947963523
7012878797
9061204242
9447377371
9605474577
9746627545
9745325157
7356363979
7909224971
8075218676
9447396833
9495594971
9567460059
9633890918
9946785030
6282137415
7012114231
7025178179
7025871656
7034583672
7306163591
7306880056
7510682112
7558967314
7559928301
7591970426
7594065979
7736898403
7902840809
7907707573
7994584537
7994760135
7994904873
7994997257
8078456256
8089655644
8129027066
8129214144
8129218801
8156920020
8547582989
8547757866
8590413281
8590413704
8590545982
8590722403
8943490516
8943993615
9020163599
9037002595
9048307117
9074058659
9142425858
9207360347
9400554208
9442294609
9443730434
9447290619
9495094452
9495440250
9495546005
9539730641
9539960138
9544898861
9562637550
9567511646
9605698545
9633002531
9645601019
9656587515
9744656916
9744740831
9746115101
9746262432
9895324830
9895520060
7994630039
8921774379
9207425367
7909236750
9447551750
9526173709
6238377707
7034220476
7306206675
7994559841
8848137673
9526099469
9562085441
9605652773
9744939841
9847389788
8078912432
8137912994
8157966242
8590477513
8590989294
8606366475
8606500131
8606630306
8921923737
9037802194
9061252665
9446228641
9446727458
9495304739
9497802689
9562966365
9562994169
9567111046
9633741750
9645060400
9645562089
9656216272
9746089599
9747672724
9747906998
9947010661
9947280649
9961357876
9961386151
9961686117
9994768435
6235459354
6238066503
6238424126
6282635890
6382335585
7025045578
7034252174
7306158950
7510103348
7510516108
7540759690
7559075085
7593052708
7736893534
7907579556
7907857986
8281507765
8301940838
8590359702
8606774691
8848596200
8943031021
9061897400
9072377414
9074316318
9188353747
9495139433
9496274779
9544060194
9544281434
9544367081
9633178321
9744996846
9778209545
9846473012
9946112911
9947302911
7736512160
7736757711
7907701418
7907744106
7994156050
8089485879
8089570422
8129379437
8129557643
8139826650
8139842416
8156940594
8220637407
8590957924
8606397985
8714181661
8891399655
8921263520
8943699723
8943843318
9037360762
9037647641
9048669253
9048768905
9048911595
9061197107
9061587078
9207918890
9446790548
9446861960
9497347350
9497481146
9539059060
9544489196
9544624021
9562293438
9562473178
9562695548
9602522086
9605133992
9633107346
9645204556
9656176355
9744196390
9744640934
9744913417
9745479006
9745558770
9746388302
9746440560
9746914740
9747732872
9778282364
9809831012
9846644408
9847032670
9847348721
9847755812
9895559523
9895773386
9895994503
9946808526
9947438613
9947619359
9961225028
9995454091
9446941983
9645589777
9544563591
9497066415
9744561156
9961180008
7025661152
7356356825
7561881438
7907604512
8075264283
8089210640
8113867166
8129090286
8281613013
8590649136
8921436319
9048088476
9048272785
9349205560
9387004706
9495933852
9496014826
9497826226
9744530274
9745890615
9747209234
9778047825
9778564732
9846224182
9847254384
9847256388
9847261332
9847778458
9946037793
9946138178
8086477673
8113989162
8547218988
8547847980
8590224396
8590330323
8590497350
9048270145
9061199182
9074036585
9446384352
9496084929
9497251505
9497251822
9497834968
9539816074
9605907927
9645182713
9744669521
9744721176
9744875231
9778347803
9847763110
9946561433
9961225186
7736398700
8086421789
9539946748
8075764010
8943070328
6235170610
6235238321
6235368307
6235372152
6235446827
6235500627
6235638549
6235983694
6238357871
6238467346
6238567346
6238763587
6238983711
6282459936
6282705842
6282717826
6282725943
6282754175
6282909631
6363364762
7012064086
7025052348
7025096787
7025660271
7025888410
7028096849
7034434644
7303187971
7306333606
7306521334
7306646507
7306809971
7306830898
7356022663
7356179210
7356472532
7356643813
7356772805
7510364078
7510394045
7510883280
7558806920
7559947816
7559985078
7561071561
7561878356
7593063470
7593920020
7736141761
7736527022
7736575295
7736700423
7736767508
7902216493
7902295364
7907347327
7907761168
7994037207
7994064048
7994915386
8075000925
8075072596
8075677645
8075702456
8113928044
8293080322
8547167040
8547814785
8589837690
8590050340
8590341262
8590416303
8590927952
8590937563
8590962246
8606279430
8606360481
8606624303
8606654787
8714268579
8848139754
8848443220
8921189198
8921438442
8943521339
9020682262
9037313946
9037630910
9037644311
9037671531
9037813715
9037922148
9048058219
9048072420
9048229529
9048348225
9061173127
9061548322
9061682883
9072196819
9074370905
9074411970
9074714848
9207578168
9416541166
9446035912
9447373471
9526235421
9526303763
9526618516
9526716214
9526751656
9526939184
9544931813
9562022852
9562300352
9567120318
9602374517
9605360373
9605446271
9633392822
9645121757
9645647915
9745420901
9745421183
9745421691
9745470284
9745918776
9745962913
9745963241
9745963556
9745964225
9746014371
9746031473
9746061651
9747283634
9747315608
9747455577
9847027155
9847186252
9847407875
9946860492
9947047557
8089869011
8304955240
8547315433
9747858901
7994824887
8015251626
8078762172
8156902439
8157093208
8590061650
8590210026
8590326010
8590487030
8921210402
8921225106
8921818364
9074155753
9207885312
9388635293
9400943012
9447332044
9497498785
9526748120
9544181580
9633207669
9633789370
9656538871
9744451133
9746022519
9747548831
9747643508
9846788266
9847015589
9847201715
9946070072
9947938859
9961600980
9995948699
8547221026
9400227153
7012557901
8086020303
9074473414
9207638281
9400599335
9446638281
9947388440
9961054211
9961602041
6282934080
7012474948
7306612034
7356515702
7558850672
7812518189
7902938890
8089691451
8156947004
8921028246
9061580851
9446660950
9526388221
9526816869
9544393742
9544626658
9544679291
9605372682
9633906475
9645007738
9645101525
9645165930
9645405412
9645618237
9645716472
9656509285
9744060754
9744156080
9744273345
9744335128
9744380261
9746166436
9747616855
9778216346
9846270083
9847215496
9947608286
9961964675
6235932749
6238729355
7025094188
7025121643
7034729721
7306937994
7510894104
7560836914
7736514525
7736663776
7909159274
8075076341
8075323919
8089904002
8113803238
8129527483
8281015710
8281250705
8281294826
8301961286
8590523209
8590618231
8590856314
8592903438
8606657229
8606933341
8848356784
9037450374
9048295894
9061489623
9061517128
9142208590
9288406748
9400449357
9446790696
9447196687
9447840851
9495521719
9497828218
9526318338
9526396125
9526443860
9526460250
9526749212
9526850820
9544642179
9544697227
9558085813
9562039152
9562253489
9605496687
9605778657
9656628552
9656629289
9744130906
9744464461
9745207283
9745721330
9746706861
9747196157
9809256770
9846157007
9846246281
9846423831
9846707869
9846838466
9847365698
9847808590
9895767930
9947310342
9947976212
9961198499
6235324439
6235896805
6238697689
6282123161
6282649485
6282868540
7010762246
7012041231
7012758246
7025731561
7356854718
7510342326
7558962701
7561861347
7736620580
7902371809
7994737364
8075122824
8075474140
8086155459
8086303283
8086307133
8086685134
8086845810
8089359383
8129901567
8136841698
8136886453
8138002463
8138852889
8156830671
8281439631
8281504706
8281942561
8289959030
8289965520
8547454478
8590382757
8590443772
8590464050
8590496934
8590657498
8590692223
8590778317
8590813925
8590910438
8590981056
8592972936
8593946455
8606010337
8606024012
8606142556
8606143620
8606167493
8606547792
8606657602
8848290951
8848346758
8848723715
8848735211
8891311359
8891406103
8893342809
8921201450
8921493528
8921852934
8921862937
8943107346
9037466467
9037732117
9048292807
9048758612
9061273658
9061702029
9061868922
9188337440
9447222764
9447333163
9447356995
9447379364
9447387162
9447391719
9447942561
9447962582
9495396556
9495856724
9496327566
9496981867
9526316605
9526597225
9526625782
9526787969
9526870097
9526971824
9544112907
9544398211
9544630230
9567346601
9605724397
9645159289
9645745771
9656607691
9744518439
9744627356
9744671517
9745371463
9745611925
9747374644
9747512202
9747650256
9747961116
9778407557
9778416346
9786715653
9846059451
9846379290
9846381277
9846767279
9847241267
9847644784
9847976355
9946620140
9946694329
9947990181
9961512803
9961566997
9961828536
9995079513
9995906498
9961288673
7560938704
7907353613
8606581871
9048794128
9745799287
9846173170
9895920909
9947132586
6238208439
6282322603
7034731518
7034929989
7306391482
7510849844
7591902722
8105914773
8105974773
8129312228
8129456641
8157863547
8281075726
8593804620
8714316415
8891170735
8921495609
8943215827
9048409603
9048845897
9074371142
9074421221
9074472761
9074473122
9074479534
9074485327
9074492248
9074514715
9074528232
9074528403
9074532063
9074554361
9074554972
9074559026
9074559287
9207082688
9497427014
9539733655
9567107399
9567284886
9567779003
9633451941
9745035089
9747041261
9846596468
9946247563
9995407927
6282530249
9526208714
9744030019
9847374764
7025371714
7034156099
7306333819
7306906625
7306914274
7591940750
7902210470
8086473124
8137940010
8156946282
8301088697
8547244247
8606655819
8848502598
9061029465
9207620014
9400823278
9447962307
9526319241
9656486102
6238253041
6238654660
6238684228
6282953041
7012297851
7012551001
7025671162
7034557886
7510639299
7510681157
7560835305
7592877274
7907231311
7907797673
8075325044
8281495820
8281561210
8304815449
8606662393
8891844827
8906241402
8921199721
8921469249
8921771301
8921905810
9207876805
9446150389
9447499349
9447724487
9495295885
9496919029
9526383722
9562038655
9633064331
9656778005
9744469124
9745703832
9747729094
9846113229
9846750743
9846914876
6282230339
7012313605
7025090904
7994812579
8086268588
8113052005
8539030475
8590387125
8921313838
8921450464
9539985816
9562231454
9567724454
9605865191
9645306183
9744783153
9747243999
9747254037
9747333387
9747699761
9778215550
9778470896
9846623287
9847268702
9847306026
9847721738
9847838856
9946107914
9946211284
9947296985
9947900882
9947931979
9961161662
7293183741
8075433881
8086693627
8606549912
9048787570
9656805633
9745770594
9846843730
9946201697
9946254301
9946658822
9946788965
9947341033
9995940197
6235368681
6235551163
6238135087
6238279516
6238910232
6282944833
6374729588
7012374829
7025303950
7025560941
7034223844
7034688831
7356038700
7356736481
7510720299
7559905416
7561822582
7592969705
7593005449
7604923811
7736903800
7902377856
7902786234
8075502490
8086447734
8086727508
8089189202
8089443122
8089904759
8129210190
8129459036
8137961220
8156837257
8156929834
8281257505
8304914154
8330055135
8547023652
8589958356
8592006165
8593952717
8606358746
8741393213
8848813387
8848893348
8921741734
8943665781
8943833467
9048776542
9048815748
9048831299
9061078393
9061189203
9061391466
9061422129
9061426992
9072494208
9207834951
9388822284
9400937037
9447267839
9495469872
9496007707
9496107449
9497157461
9526455156
9539088622
9539192721
9539214866
9544684731
9562255114
9562530238
9567709147
9605273606
9605855093
9645151771
9645729998
9645796202
9744119892
9744458052
9744956137
9744969894
9745065988
9745075886
9745189203
9745419908
9745482672
9745591173
9745770676
9745896743
9746235995
9746329464
9746379102
9746420437
9747556828
9747680280
9846039853
9846499697
9846554959
9846920725
9847040310
9847109202
9847235713
9847330066
9847409862
9847691553
9946276943
9946627769
9946749046
9947011769
9947657811
9961195442
9961467266
9961502479
9995106225
7560914487
7994656519
9072815444
8593090171
9349668210
9744822955
6238430443
6238997343
6282857917
7002911641
7012441729
7025349053
7025839549
7306776720
7356709641
7510364750
7510599125
7558850463
7558938636
7560983773
7736517944
8075518955
8078294906
8089113562
8089860206
8129339241
8137943969
8156912748
8547541201
8589990701
8590947621
8592040270
8848752139
8891822011
8921584647
8921624007
9048430598
9072455120
9074949997
9188236009
9207521477
9383466435
9495446450
9496437628
9526521466
9526536216
9526545395
9526554768
9544074770
9544843540
9562867880
9605374361
9605600820
9605857428
9656290604
9745168397
9746514309
9778038172
9778383332
9809355560
9895133988
9895740499
9946989906
9947072750
9947923216
9961687693
9995344476
7559055955
7907104136
8848336484
9037918330
9497434923
9526169270
9633395035
9633882268
9656158362
9809136989
9947209988
6235631224
6238429332
6238462889
6282145387
6282368642
6282788598
7012110517
7012295191
7012724993
7025358649
7025865711
7025943072
7034158270
7034475895
7261006233
7306232979
7356411435
7356782098
7510535757
7511156778
7559855611
7559911610
7559933396
7559953791
7591939050
7592923472
7594074041
7736124027
7736250860
7736607986
7736708578
7736860076
7736969549
7902344257
7902493612
7909194966
7994166683
7994222774
7994874735
7994997125
8075657390
8078253547
8078343402
8086871604
8089173458
8111899380
8111987287
8113088323
8113850821
8129728174
8156913527
8157814130
8157918729
8281270966
8281277441
8281321032
8281423052
8304099319
8330064642
8547392094
8590389562
8590433690
8590696768
8593803635
8606632778
8606787364
8606844982
8606872397
8714117370
8714547081
8779211504
8838880209
8848021272
8848064117
8848613276
8848724710
8848901736
8891126680
8891621086
8921128104
8921171085
8921185220
8921645670
8921695057
8943057746
8943107803
8943267083
8943292645
8943617657
8943812407
8989903002
9037135832
9037322674
9037683466
9037821107
9048111660
9048914749
9061379249
9061577890
9061826797
9061935546
9072150148
9072289715
9074269508
9074363420
9074430601
9074451458
9074479183
9074515808
9074548427
9188149471
9188706636
9207425068
9207975313
9306972369
9444467352
9444762103
9446235608
9446791967
9446944240
9447208776
9447245174
9447339583
9447370015
9447378320
9447378409
9495094618
9496309419
9496448034
9496745321
9497437793
9526305745
9526557718
9526838870
9526939971
9544009757
9544359346
9562101631
9562407241
9562598350
9562763075
9562777836
9562860335
9567317213
9567941050
9605281215
9605288175
9605373897
9605398825
9605877101
9605975708
9633007014
9633055137
9633108793
9633154541
9633293323
9633506010
9633629863
9633740754
9633944499
9645121534
9645253201
9645272280
9645915358
9656092355
9656253288
9656998063
9744194836
9744216319
9744639600
9744761816
9744837638
9745085317
9745265336
9745265366
9745645314
9745696017
9746385593
9746864442
9747101899
9747137957
9747350256
9747448870
9747455956
9747660934
9747955610
9778193569
9778708506
9809606775
9846060118
9846367606
9846372431
9846530907
9846554570
9846768295
9847207913
9847380868
9847593492
9847717202
9847757758
9847866151
9847866218
9895107650
9895446871
9895994101
9947188206
9947447287
9947666759
9947686246
9947783654
9947978161
9947980281
9961733328
9995459573
9995665353
9995825266
6238432132
7012797442
8136943274
8436943274
8606153653
8848982630
8921301927
9495943274
9497276831
9567015933
9744263682
9947471735
6238364424
6238386100
6282379996
7025186210
7293402718
7303320557
7306389085
7306966285
7356775915
7558890319
7559848906
7559861873
7592838603
7592867726
7592867886
7736228655
7736546628
7736564763
7902640489
7907946399
7994025358
7994488494
8086016829
8086043633
8089187756
8089724170
8089839655
8113994877
8129717378
8157807853
8157895100
8301909779
8547519076
8590384529
8590689141
8606308194
8606533773
8606546026
8848491789
8848615067
8921962044
8943523490
9037657477
9061100948
9072099747
9074887448
9388067000
9388096343
9388097053
9388221312
9388305292
9388452803
9388471624
9388483833
9388515431
9388597045
9388625325
9388629595
9400259058
9400907178
9443023795
9443053795
9446639011
9447796129
9495578996
9495632180
9496646489
9496952784
9526205784
9526299748
9526344696
9526391405
9526890561
9526970925
9539173693
9544753506
9544795969
9544822205
9544895954
9544929567
9567437732
9567892287
9605649235
9633496148
9645477331
9645489598
9656095593
9656186015
9656603036
9656955934
9744089624
9744225152
9744917501
9744929151
9745417750
9745868394
9746118755
9746155917
9746180335
9746417750
9746486091
9746933855
9747017758
9747174183
9747457550
9747701477
9747708918
9747971076
9895723289
9895898053
9946762442
9947230473
9947697523
9947705912
9947883934
9961856909
9961976263
9995281443
9995410249
9995868505
8157050430
6238415962
6238603847
7012005753
7306822932
7356598281
7510101123
7510723416
7510942725
7594918244
7902500616
7902702860
7994825022
8086124991
8089503294
8113922858
8113929886
8139093245
8590064224
8590277807
8590394276
8590432678
8590980006
8592082725
8592944393
8593093814
8593094328
8593827912
8593843026
8593981134
8714185054
8921830781
8943200975
8943571236
8943894083
8943928879
9037189346
9048057173
9048071885
9048510456
9048525367
9048616531
9061526576
9061878666
9072085971
9072776843
9072804951
9074841980
9207319951
9400243259
9446709450
9447962971
9495337265
9495337281
9495485876
9495516691
9496470393
9496573564
9496938454
9539023987
9544168247
9544597079
9544642762
9562058226
9562315610
9562414649
9562491131
9567080350
9605022220
9645598108
9656010217
9744119323
9744330016
9744942764
9745390300
9745536729
9747166776
9747217775
9747503365
9747739924
9747924987
9778219183
9778442554
9778573003
9843495521
9846588614
9846625291
9847750609
9895915442
9946011229
9946257063
9961528814
9961988875
9961988887
8943372254
9037048719
9946788515
7012238570
7012782636
7356009363
7559015656
7902293031
7907290481
7907735641
8086964016
9061001750
9744405228
9747287016
9778049812
9847094654
9847593543
9961835228
9961848039
7733344839
8848014839
6282996989
7593009967
8590785203
8606566241
9048773536
9048778052
9048797666
9048800066
9048800994
9074884913
9567621396
9747902880
8156816001
6238314156
6282100660
6282601377
6282621518
6282883106
7012548545
7025671015
7025830353
7025960985
7034160632
7034294267
7306609119
7356247533
7356687296
7593931171
7736317214
7736485264
7736714455
7736719682
7907200492
7907916526
8078533135
8086271556
8086274237
8086455416
8089432547
8129085206
8547910368
8590695296
8921658268
8943662001
8943662002
8943918322
8943943146
9020971838
9048878447
9072943560
9072945584
9400186879
9400657299
9400682084
9400704520
9446306092
9447443422
9447846222
9495365194
9496579381
9526891025
9562503251
9645268232
9656449116
9745317214
9745320609
9745343832
9745572851
9745863418
9746834388
9747619876
9747737974
9846548465
9846902314
9847229921
9946744444
9947879435
9961999407
9995968127
8848111828
9846291840
7736746493
8086813702
8606285114
9363203571
9446943702
9946520189
6235158927
6235445146
6235588163
6238718549
6282439826
7025561480
7025561490
7034451648
7306318460
7306729099
7306835270
7510217484
7510629482
7510854238
7559845260
7591918707
7592888832
7592986214
7736997570
8075285898
8075834592
8089633679
8089706745
8089932264
8137850387
8137941213
8157922140
8281184667
8281450097
8281506932
8304968339
8330036427
8590456716
8590753017
8593928199
8848795902
8921928746
8937266743
9072423644
9074092355
9207918314
9287806910
9400993702
9446411850
9446416015
9446425958
9446448464
9446448896
9446461642
9446476859
9446478570
9446480748
9447532973
9495056758
9495289315
9495446301
9495534455
9495697063
9497351450
9526329264
9526462657
9526481228
9539307831
9539402613
9544036073
9544101349
9544371366
9544558563
9544898369
9567193435
9567498134
9605133944
9605267615
9633639923
9633791163
9656180876
9656831704
9741113032
9744165545
9744464903
9745408508
9746112365
9746741025
9746834943
9846014104
9846412008
9846735806
9847966263
9946283993
9946926275
9947266429
9961336764
9995086354
8086646915
9847486220
9961999256
7038384944
7306908949
8590621830
8939168283
8943205570
9048569596
9846845975
9946868182
6238488203
6238722261
6282097815
7306328593
7306431594
7306763579
7510433523
7558896301
7560999190
7593957204
7594099080
7736692763
7907551012
7909149161
8075451743
8075713900
8086123062
8089155171
8089505584
8113066785
8113067587
8136937157
8157858043
8281710610
8547245498
8590505646
8590700934
8590703004
8590799812
8592819543
8606297846
8606309347
8606913012
8714451102
8891415175
8907712628
8921343277
8921706479
8921877458
9037305177
9048131169
9048156870
9048337670
9072508605
9072878530
9249637764
9446878479
9495140961
9496763006
9497455260
9526253792
9539688504
9544317423
9544483093
9544562461
9594920862
9605160266
9645640840
9645837494
9744150849
9744689509
9744706748
9744918674
9746151102
9746272051
9746673562
9746834945
9747171776
9747364726
9747431049
9778109310
9778497413
9809180055
9846633982
9846676016
9846786464
9846985784
9847482225
9847794689
9895415590
9946198570
9946802376
9947371461
9947570469
9947949746
9961199345
9961346723
9562863689
9778343445
9947459164
9961380439
6238526990
7025969421
7034669322
7306367151
7510665260
7559064958
7592883736
7902416223
7902707208
8075102024
8086782833
8089089508
8113095159
8157056501
8547471279
8590790373
8606121228
8606585084
8606675792
8714784457
8891662568
8921267352
8921655884
9048337796
9061695054
9061751251
9061806927
9061869414
9072858747
9207246935
9400831305
9495220713
9497220469
9526196543
9539433863
9539548010
9544225706
9656611797
9744544842
9846788696
9846948418
9847838702
9895545684
9446637686
9567604586
7736041531
7902482941
8590882199
8606872212
8848059299
9048294282
9048359871
9061870224
9447525680
9480564504
9495920209
9567837488
9633612009
9645757769
9656293404
9744430165
9744586907
9747454621
9747778915
9778073525
9809307172
9847172659
9847486544
9847945573
9895514095
9895976244
7034748388
8921342931
9037950103
9496533103
9961199103
9995862466
7909117475
8891422564
9048157382
6235411373
6238132833
7025877511
7025965568
7306634280
7306907108
7510233253
7510250759
7510250785
7994452842
8075898419
8078229477
8547250579
8547250759
8547528218
8547962240
8921158641
8943624628
9074044307
9207156657
9207637719
9249784899
9249797900
9249870081
9249971003
9249988808
9287529495
9287560532
9288409536
9288805311
9324430200
9400625086
9495372705
9496337938
9496966520
9497772939
9526946251
9539001466
9562058513
9605165078
9605167879
9605233904
9645826917
9744397256
9745650898
9746952142
9747382809
9747502069
9747558380
9747748189
9778437392
9846049247
9846306550
9846740588
9846840588
9847308900
9847321726
9947466915
9947857324
9961634801
9961981214
8590525863
9562682090
9946147999
7034063627
8606467637
8943479639
9195675896
6238446934
6282985905
7510240960
7994796877
8086320826
8089764621
8136868754
9447379521
9544757933
9656449205
9846152288
9847967322
6238382770
6238687506
6238925844
6282168010
6282529182
6282697744
6381319701
7012156217
7034899315
7306187971
7306312736
7306575976
7510455046
7510554702
7510624169
7559851220
7591926570
7736716468
8086421435
8089586611
8089684380
8156917229
8368166823
8547111957
8606218735
8767360682
8848057336
8848731975
8895866111
8921142256
9061666108
9061748318
9061762113
9074515390
9497220496
9526948735
9539097555
9539138421
9544096744
9567276655
9605021106
9605452171
9645031815
9645338189
9747815369
9747961286
9946731373
9947012019
9947373495
9947378851
9947577462
9961571343
9961803912
9995422325
9074339501
9544454177
9605057656
9947525240
6235777700
6238563740
6238668575
7025967277
7034617847
7306865992
7510744678
7907471853
8078102705
8086824036
8086907590
8086948923
8089746693
8129117767
8138992818
8547292096
8589050827
8590681624
8606415251
8714012144
8714324788
8891656770
8943769688
8943987113
9048713339
9207399494
9207399523
9207401982
9446079814
9496517277
9526829889
9544779710
9567595819
9645072628
9645172599
9744005852
9745372628
9745389522
9745400993
9747202620
9778785083
9846611245
9847230082
9288143252
6282836729
7034389714
8075606754
8590323827
9539285219
6282989300
7356108715
7559049801
7907550392
8078840781
9037822396
9207030057
9207368220
9207991420
9447941539
9544190057
9747549553
9778775659
8089953702
9496838224
6235077686
6235202695
6235276689
6235507375
6235668105
6238437064
6238572787
6238865980
6282506428
6282541177
6282835337
6508182218
7012278207
7025187328
7025337995
7025432763
7025577913
7025934169
7034154859
7306281912
7403949750
7510513668
7560839339
7560879590
7561861254
7561883001
7592932000
7594884615
7594947514
7736298167
7736600631
7736791543
7902976153
8075470071
8075988278
8086032082
8086038975
8086181306
8086487351
8086824360
8086864983
8086884090
8086898317
8089756383
8111989939
8113099124
8138991420
8157084342
8281368193
8281397790
8547051826
8547866755
8590161972
8590236545
8590475789
8590540145
8590688437
8590800043
8590930399
8590940802
8590993655
8592062912
8606535530
8606707347
8606862411
8848796952
8891022434
8921390704
8943626432
8943638523
9048181312
9048368193
9048380156
9048779338
9048984536
9061000376
9061007251
9061048005
9061093218
9061151555
9061166445
9061203620
9061234577
9061304719
9061339940
9061342669
9061346460
9061356637
9061365049
9061802707
9061852335
9074052453
9207427164
9388181818
9400464551
9446026044
9446156596
9446637416
9446678532
9446791190
9446944510
9446992846
9447079191
9447307896
9447368178
9447401398
9447645531
9447845695
9447938125
9447942460
9495164913
9495291621
9495448421
9495449349
9495773095
9495863721
9496111766
9496182190
9496233975
9496240723
9496312847
9496407282
9496941858
9497142125
9497232723
9497350003
9526185191
9526214073
9526300281
9539062552
9539499114
9539774397
9539817961
9562192060
9567936919
9605141630
9605981284
9633873117
9645013084
9645015308
9645463731
9645585221
9645768465
9656169863
9656188330
9656387948
9656661054
9656855854
9744070846
9744135168
9744636156
9744740725
9744774520
9745031950
9745164572
9746565154
9778072325
9778436785
9846228052
9846270615
9846305378
9846620039
9847492233
9847504086
9847520360
9847787520
9946239403
9946591696
9947304026
9947809679
9961119542
9961604521
9961844775
7306114639
6282507325
7736334376
8547876163
8590613128
8590733092
9447286163
9447943428
6282881787
7012211246
7012277246
7306358122
7403356651
7510518149
8075377864
8089606597
8547123927
8606143223
8921251052
8940405874
8943645135
9037179511
9400356049
9495089765
9495089769
9495447356
9496293760
9497175587
9526217840
9539776422
9562007840
9562834776
9633044800
9745345844
9745423004
9746247744
9778377607
9778521957
9797475587
9809732966
9846868474
9847764839
9895297654
9895664487
9947255901
9961844688
9995041145
9995666299
6235717217
9037248057
9072229737
9495197133
9497826924
9656335009
9747715339
6238664148
7034948261
8848125856
8943405342
9061926171
9447939448
9447939542
9567178151
9605201036
9745885170
9746095051
9778031220
9847087951
9847336024
9947586930
6235198684
6235271555
6238082570
6238403440
6238609746
6238915460
6238945607
6282044675
6282414364
6282451205
6838581652
7012182332
7012288138
7025120592
7025581892
7025646570
7025821172
7025863705
7034161217
7034662297
7034728720
7034945640
7293629399
7306279019
7306406052
7306768882
7356115054
7510692155
7558897924
7558898924
7592888083
7593064386
7593914592
7736524927
7736565983
7736575001
7736637910
7736867616
7828479007
7902607717
7902931573
7907357670
8075335467
8075426125
8086146585
8086357957
8086983229
8113923427
8138876954
8547479812
8547702939
8590255880
8590466470
8590586590
8592083496
8943589942
9037448723
9048493523
9188509710
9249118120
9446767707
9446775450
9447511693
9447591960
9497222602
9526011565
9526017186
9539349354
9544111356
9544123631
9562374227
9567913552
9605761432
9605833889
9605948432
9645290324
9645489780
9656165946
9656705320
9656860750
9656882326
9744403817
9744407202
9744700596
9744734936
9744941407
9745182963
9747552196
9747715232
9778775687
9809432458
9846452789
9847519881
9946038322
9946184317
9946341797
9946538362
9946631072
9946886933
9961635991
9995128567
6282254163
7306743191
7356461238
7907100872
8075946213
8136846744
8891985561
9048410035
9526758551
9744369733
9778397881
9895035744
9947876181
6235740706
6238358145
6238590678
6238767690
6238868833
6282287290
7012177506
7025840166
7510354746
7558885287
7736642496
7736781338
7907520205
7907658548
8075097190
8075657567
8078154258
8078447930
8086162055
8086450783
8089824467
8089971362
8129654519
8129993756
8139083079
8281339943
8281779973
8289800717
8547245681
8547440038
8547652415
8590219204
8590507831
8590533160
8592876716
8606649167
8848935691
8921414406
8921780920
9037454513
9048562137
9048638705
9061054650
9072558406
9074004945
9074049835
9074088266
9207444959
9446183504
9495597384
9495849055
9497632827
9526569644
9526673475
9539967461
9544192589
9544614583
9605339984
9605533251
9605701306
9645522861
9645673236
9645934901
9744343455
9744769628
9745257122
9745280476
9747152194
9747630519
9747744897
9747905393
9747972328
9778058507
9778309722
9778405982
9778499580
9846012923
9846213662
9846451150
9846540258
9846557499
9846911890
9847584507
9847768948
9895825153
9946483420
9946642493
9946687361
9947138497
9995264282
6238226503
6238629136
6238668286
6238848511
6282145969
6282492446
7012338158
7012792207
7510546239
7594834201
7736845310
7907148147
7909126002
7994205412
8045751082
8129570594
8590148731
8606656618
8921168200
8943275578
8943452449
8943532883
9048117307
9048666889
9061251537
9061484644
9072416362
9072774570
9074360230
9383410401
9495246453
9526458459
9526745508
9539330075
9539765848
9539940003
9544367862
9567495697
9645275236
9645385361
9746063206
9746753732
9778560972
9789510829
9846049954
9846204184
9846269455
9846399074
9846835485
9895019855
9946762511
9947301053
9947454486
9995203920
9995339525
6235028759
6235261684
6235400191
6235408529
6238027554
6238439433
6238663050
6282475479
7012813850
7012917547
7025077022
7025313197
7025638722
7034184944
7034482138
7306121343
7306146860
7356328714
7356351657
7510297022
7510319439
7510732647
7510826186
7510898066
7510976523
7560941969
7560979336
7592975227
7593045559
7594031721
7902470072
7907223097
7994904798
8078883936
8086279481
8086350158
8089166932
8089373192
8089424061
8111835456
8129644195
8129903364
8139014044
8547202344
8547370320
8589837231
8590378138
8592985740
8593099530
8593888985
8593908131
8594033787
8594071519
8606428102
8606501329
8606530319
8606645850
8714209755
8741209755
8848864958
8891786995
8921554526
8943044910
8943207064
8943242475
8943538352
8943664716
8943965644
9048205616
9048221695
9048731370
9048952078
9061364700
9061604884
9072276987
9072284713
9072787183
9074131640
9074457414
9188470914
9188742098
9188790005
9207798340
9207990802
9207992802
9249800205
9349022374
9400763237
9400864048
9446086456
9446289653
9446408079
9446732739
9446747847
9446789013
9447240888
9447943626
9495740411
9496316841
9496325559
9496325574
9496326046
9496328175
9496334654
9496336028
9496336903
9496338069
9496348415
9496355745
9496360498
9496363296
9496389321
9496399989
9497291617
9526337568
9526399217
9526651941
9539415556
9539654956
9544422244
9544578860
9544845954
9562062330
9562245036
9562399217
9562541929
9562787996
9567077206
9567235358
9567267713
9567477437
9567615537
9605076436
9605374517
9605391771
9605604293
9605660957
9605678224
9633291883
9645504486
9645934694
9656077542
9656654263
9656992169
9744052326
9744241921
9744570885
9744747562
9744824166
9745044154
9745570885
9745770660
9745775435
9745776037
9745811211
9746100994
9746223429
9746409644
9746567020
9747672655
9747781294
9778399140
9846669113
9846846033
9846918528
9846956397
9846986658
9847220441
9847310606
9847827117
9847841026
9895902431
9946165454
9946205963
9946461180
9946799394
9946818655
9961713066
9995083950
9995205809
9995381844
9995455167
9895186297
9895797772
7034298825
9048497991
6235092957
7025372025
7592023951
8086809793
8547551267
8943648168
9048025281
9188682073
9188690710
9188770284
9400967094
9446287782
9562245990
9562335410
9605127251
9605824921
9605913455
9645416587
9745044129
9747308375
9946498563
9946808312
7034426131
8075892805
8075892808
9744148608
8129501395
9656335036
9633062935
6238928207
8089210629
9037190097
9526206853
9544869849
9746167995
9995974189
6235556032
6238009576
6238176071
6282563630
7510772929
7559018775
7561052882
7591923490
7736184028
7902692436
7909174823
8086067442
8086299032
8086628083
8156816710
8281674005
8848262808
8848645614
8891998722
8921300182
9048766999
9072743208
9207134915
9207441429
9207671723
9207678309
9207748563
9207798318
9207820802
9207873788
9207899572
9207912527
9446206415
9605869805
9633289008
9645515762
9656068352
9744034056
9745362398
9745380571
9747923892
9847741696
9656138795
7012171791
8129502390
9744501430
7561849340
8075485747
9605722860
8921838364
8547410765
6235283392
6238094704
6238499266
6238533396
6238765332
6238878063
6282239092
6282358306
6282615403
6282683246
6282860359
6282870220
7012227955
7012489172
7012504404
7012684578
7012717593
7025336279
7025485268
7025633712
7025790313
7034002352
7034014739
7034064431
7034240425
7034395274
7306071859
7306308798
7510482024
7510768745
7558862720
7559808794
7559871207
7559896032
7560867734
7561874109
7592038306
7592916591
7593924076
7736283751
7736637293
7736869177
7736870380
7902216354
7902316078
7902557734
7902710437
7907678526
7909235520
8075128982
8075132076
8075370397
8078250931
8078940296
8086658303
8086983504
8089541663
8129102616
8136821303
8137073836
8156911090
8281211134
8281454814
8281739165
8281811857
8304924313
8304966102
8330040976
8589064775
8590471804
8590575853
8590842044
8592038791
8592039073
8592893685
8593825651
8606142704
8606473581
8606801162
8848274138
8893513295
8921084779
8921340536
9037419633
9037744672
9048225396
9048981203
9072147601
9072767985
9072827440
9074266468
9074808318
9288051796
9400776602
9400937339
9446148362
9446661066
9495770240
9496179298
9496650062
9496889398
9497796020
9526726543
9544291848
9544897851
9562009582
9562301173
9562305894
9562409335
9567099164
9567130410
9567679694
9567763242
9567958423
9605124066
9605228373
9605660779
9605767718
9605991803
9633177203
9633400006
9645382986
9645478440
9656073074
9656464954
9656688573
9656904941
9745424354
9745424820
9745432195
9745442284
9745448124
9745449628
9745455831
9745461527
9745461672
9745464023
9746584767
9747004503
9747207085
9747386689
9747511946
9747603528
9747846861
9747933082
9747966450
9747982942
9778019514
9778358982
9778759382
9846387752
9846695186
9846918508
9846943523
9847016657
9847018166
9847018486
9847303923
9847348712
9847534855
9946454580
9946723011
9946835038
9947332303
9947470683
9947502763
9947583767
9947620783
9947797837
9947890011
9961178640
9961559372
9961655776
9961712813
9961765124
9961837143
9995326780
6238843469
8921863769
9447880681
9745442217
9746527017
9747624145
6282065764
9744200267
9946696324
8089896316
8281271847
9048353580
9048913282
9444930847
9539211972
6235132289
6235458822
6235484080
6235634825
6235666417
6235729362
6235732448
6238728747
6238888395
6238924324
6238927468
6282264528
6282268528
6282291531
6282606408
6282921070
7012897123
7025054616
7025054708
7025446912
7025668455
7034619352
7306922077
7356530477
7403376003
7510189807
7510727607
7510850900
7511180350
7558073588
7559853478
7561898170
7561898171
7592985197
7902626788
7902786149
7907916208
7994789861
8075117954
8075349124
8075377953
8075412135
8075519188
8075573540
8078113563
8086126724
8086277260
8086296190
8086316400
8086439979
8086727868
8086994856
8111898291
8113067175
8113070400
8113993602
8156806474
8156898612
8281547236
8301951035
8547203175
8547537475
8547825991
8590157645
8590159649
8590206384
8590340715
8590455738
8590492399
8590548019
8590617705
8590641765
8590763941
8590764097
8590768055
8590790543
8590868121
8590886815
8590890489
8590894761
8592812143
8592825626
8593952028
8606013225
8606172385
8606314240
8606455943
8606547675
8848053056
8848064767
8848508359
8848641579
8848967118
8921687251
8921736695
8921796823
8921948925
8943211327
8943329311
8943606847
8943911650
9037106088
9037428726
9037475388
9048433097
9048716347
9061839975
9061842341
9072276280
9072290187
9072324198
9072416677
9072439673
9074306229
9074716055
9074752809
9188391606
9188605081
9207061452
9207189876
9207403228
9207566269
9207636098
9387454360
9400525997
9446148661
9447962409
9495385701
9495659598
9495691105
9497732962
9526087698
9526734657
9539213170
9539502189
9544398016
9544645637
9544865852
9605045776
9605060184
9605304527
9633282181
9633283797
9645437549
9645717119
9645765999
9645917662
9645942211
9656033986
9656208352
9656277065
9656380797
9656567336
9744062099
9744446209
9744621309
9744716423
9744795540
9745017826
9745478077
9747324132
9778343749
9778583483
9778598945
9778762489
9846128113
9846200624
9846490216
9846563228
9847900136
9847989243
9946280722
9946284590
9946436608
9946691274
9946972790
9947550872
9961370570
9961898591
9074182360
9446690690
9497123123
8075562160
7034406228
8089613991
9447371542
9645583277
8606462146
9072257181
9947092457
6235281017
6238680066
6238723445
6382184291
7012992723
7025082062
7025864427
7034383012
7034538048
7034736233
7034863971
7293304932
7306941470
7356069347
7356521327
7510192827
7559849387
7561861872
7561873113
7594885276
7736588557
7736738370
7736740535
7736763613
7736860678
7907213241
7994039375
7994166863
7994241021
7994487193
7994559520
7994569520
7994584196
7994878231
8075400673
8078328716
8078977370
8086253971
8086302325
8086437351
8086601737
8089405514
8129208912
8129330930
8129566821
8157840145
8281091510
8281717484
8281931690
8300895646
8547625605
8590512916
8590779357
8592027074
8593013512
8593905720
8593947663
8606827366
8893252529
8943584014
9048100389
9048584795
9072230858
9072431011
9074171020
9074490727
9074831338
9080330487
9207425854
9207965589
9249966785
9400517867
9496432481
9497369308
9526182328
9526459421
9526470179
9539068323
9544099516
9562227055
9562658721
9567290342
9567841050
9605469102
9633250663
9633488228
9633570738
9645137379
9656856773
9744253053
9744900792
9745136281
9745652569
9746302641
9746618026
9746987343
9747154792
9747342568
9747342575
9747506581
9809176576
9809477717
9809700610
9845994101
9846342676
9846701915
9847300623
9895780704
9946667030
9946971587
9947118529
9947357794
9947986246
9961253351
9961657353
9995461519
6238378180
8547189585
9037227391
9656423966
9961267391
6235228849
6235588924
6282153886
6282195759
6282238353
7025138661
7034282700
7034356135
7034784555
7034933599
7293326980
7306201460
7337892074
7510199656
7510758340
7559848784
7560837398
7736727342
7902720862
8075956552
8089406511
8113078588
8129310629
8129703792
8139068664
8156951695
8547094921
8590013937
8593803340
8594059916
8594072429
8714393213
8921480147
8921848100
8943194747
8943588792
8943852574
9037724765
9048216091
9048617063
9048702958
9048801706
9061234678
9061386626
9061392934
9061408929
9061555876
9072464599
9188554450
9207338587
9488554450
9495242649
9496707190
9496840062
9526641197
9539893166
9562437226
9605474330
9633115728
9633582785
9633993864
9645057986
9645394346
9645404533
9645412986
9645416365
9645424253
9645432378
9645588460
9656029164
9656224285
9656390965
9744429125
9745828176
9746235251
9747287015
9747361910
9747995732
9778193191
9846074349
9846346888
9846654674
9846715011
9847900308
9946724386
9961781220
9961980752
9961984495
8086180118
8589968532
8593962162
6235268961
6235541306
6238574368
7510458083
7907736680
7994814299
8129769111
8547757472
8590612014
8606178776
8606414042
8606698192
8848360185
8943832100
8943858771
9072508175
9074609768
9188698850
9188795621
9207699373
9400604148
9400974571
9446229143
9446477058
9446669850
9495846736
9495915776
9496034736
9526282002
9539407276
9539454910
9562261954
9605181779
9656666292
9847229647
9847547030
9947600397
6235798072
7034735999
7594888183
8590099995
8921116921
9562932861
9689144488
6235721803
6235859506
6238585505
6282239369
6282305665
7012973997
7025308210
7025655437
7025844105
7025968555
7306509878
7558090885
7559039609
7560989425
7594892741
7736466857
7907079224
7907499720
7907653865
7994192871
7994986267
7994990587
8086194888
8086361807
8086476697
8086552597
8086894229
8129041596
8129127984
8136818350
8156833404
8590407657
8590762849
8592965105
8606628534
8848440316
8921721603
8921937349
8943831652
9037781678
9048552355
9074904431
9074956226
9188135538
9207320856
9207331566
9349032933
9400733658
9446146977
9495493045
9496196703
9496967138
9526619042
9539143859
9539419750
9539472591
9539602480
9539757561
9562695227
9567036113
9605117155
9605120811
9605275512
9605832933
9633218636
9633550395
9645253931
9645303601
9645445235
9656386219
9744276323
9744369427
9744694687
9744811281
9744912869
9745085905
9745320223
9745838578
9745919072
9746584256
9747408599
9747932670
9778540994
9778705274
9846215857
9847155804
9847282805
9847380835
9847841629
9947556549
9995263112
9995661578
9995840522
9778032584
6282398012
8281416213
9847311090
6238522290
6238773143
6282280753
7012904259
7025343534
7025687223
7034177107
7034279929
7034867011
7034867730
7306103475
7306191319
7306570720
7356457970
7558893856
7558997180
7559963862
7560850376
7593031735
7909207047
8075164966
8075312100
8086216495
8086571847
8089816154
8111831893
8111916430
8138988406
8156939095
8156966769
8156989258
8590408232
8590841941
8590856942
8606724671
9048911843
9061093980
9196337949
9207141231
9207322145
9207410617
9207613539
9207613686
9526197966
9526609529
9539798312
9544894291
9605429039
9605574878
9633958018
9744768383
9747495589
9747572830
9778527934
9846876635
9847225135
9847758927
9947027380
9961538441
6238571536
7559984845
9995998484
7907369596
8590521920
9061688381
9074317625
9526211851
9605061326
9778777699
9809146689
9846052627
7025001614
7558075608
8075555254
8281544785
9037519507
9747949785
6235836071
6238427460
6238692585
6282263557
7025370120
7306097910
7306253650
7306640269
7510651041
7558091510
7559098193
7902993707
7907417625
7907683245
7907789864
8075278342
8086790911
8138822905
8590325501
8593960902
8606660431
8848042544
8921330812
8921400217
8921460971
8921556629
8921712162
8943086824
9074315431
9074400702
9074899573
9188386854
9207284887
9446239006
9447364815
9447480298
9495063794
9495446313
9496352080
9496520169
9526498545
9526532047
9544049295
9562375504
9562403202
9562916057
9562972486
9645146075
9645296645
9645539138
9656056237
9656122718
9656730962
9656886038
9745549610
9745627286
9747196844
9846130980
9847425563
9847912405
9946063511
9946264485
9946281782
9947052341
9947598253
9947953143
9961777150
9995400206
7907179063
8086039765
8113054699
8943289022
9074566768
9567184914
9567685958
9745149338
9747976379
9847068718
9961639660
7025331095
7306057970
7510363939
7593942822
8089656686
8089759729
8113092932
8129133612
8157955210
8281234243
8281921856
8848807700
8921391457
8943821214
9048895257
9072006148
9207488942
9249778869
9400229397
9446237319
9447668438
9497693722
9526078252
9539831151
9544320023
9544498616
9605232990
9656754295
9656939761
9744031046
9744983420
9747490833
9747688271
9747814898
9747874521
9847933112
9947072855
9961728986
6238255514
7356743428
9747352157
6235199617
6238644833
7593018571
7907925219
8078384631
8111837917
8139052713
8157867840
8606358953
8848637975
8891633620
9072142257
9072180793
9605458762
9746360608
9778051720
9946025062
9946585675
9947496312
9995608622
8301907621
9074043551
7012699745
8075716518
9446067188
9495071492
9495880541
8129691923
9447755598
9449353686
9496253686
6235034930
8086175404
8113816384
8590793095
6235166043
6235535913
6235746517
6238341598
6238494711
6238603487
6238629381
6238964872
6282246035
6282586330
6282594801
6282611126
6282899686
7012795072
7025231135
7025243109
7025339980
7025453981
7034771679
7200533369
7306942331
7356508445
7489350458
7510388093
7510590485
7510661207
7510770957
7510811732
7510995953
7558015373
7558894580
7559963427
7561885931
7902495060
7902704619
7902806673
7902882144
7907671482
7907931417
7909173358
7920648521
7994215229
7994565179
7994819837
7994915832
8075055403
8075663575
8075695029
8075708204
8078474213
8086254719
8086356408
8086791646
8086885658
8086936195
8089321609
8089552023
8111843008
8111941687
8111948973
8111968706
8113010529
8113811732
8113931344
8129846005
8138011876
8138883287
8156818069
8157060862
8157061368
8157828474
8281949339
8301853871
8330035367
8547293225
8589034392
8590420764
8590505906
8590636443
8590788296
8590850445
8590983723
8592062802
8592880987
8593808389
8606106412
8606658454
8606781239
8608453313
8848024910
8848393787
8848897689
8921395954
8921588249
8921685236
8921698432
8943010786
8943182955
8943479539
8943755355
9037583487
9048178837
9048911297
9061134751
9061226843
9061327767
9061421586
9061441145
9061603979
9061647477
9061858621
9074324472
9074445220
9074453908
9074673434
9074865342
9142473286
9207147383
9207260515
9207356299
9207614297
9207698975
9207751570
9207985030
9446143211
9446160971
9446445636
9446728297
9446877116
9446967509
9447063328
9447123897
9447740954
9447823283
9495286280
9495487183
9495836545
9495840254
9496204789
9496222647
9496606722
9496632430
9496850028
9496865903
9496905381
9497010044
9526264934
9526429034
9526707219
9526731032
9539501080
9544416654
9544690804
9562092772
9562515356
9562684480
9562714870
9562721287
9562725675
9562912494
9567387827
9605040850
9605221425
9605699857
9605725428
9605895095
9605913277
9633380235
9645689330
9656027740
9656088258
9656112849
9656120533
9656158775
9656760190
9656887208
9656970289
9744152193
9744352813
9744524561
9744628226
9744694039
9744784376
9744831591
9744915074
9744929631
9744947817
9744997043
9745131513
9745188717
9745720832
9746068101
9746353861
9746821449
9746863191
9747463548
9747550850
9747583671
9747807245
9747853145
9778129003
9778185973
9778217816
9778292207
9778302143
9778357913
9778572533
9778582365
9820933844
9846350900
9846454911
9846845378
9846869430
9847225290
9847225664
9847349230
9847524896
9847728114
9847790447
9847793704
9895282700
9946187027
9947004369
9947040206
9947061382
9947083873
9947198958
9947257553
9947302347
9947791736
9947802546
9947851921
9961274908
9961314304
9961322931
9961372711
9961400290
9961484394
9995730866
9995955874
6238974079
9809770813
6235804610
6282237933
6282659071
7012228128
7012235783
7012699153
7012890799
7025677238
7025718515
7025864432
7025867749
7034840119
7356609507
7356913730
7558882200
7559955040
7559981881
7561034290
7591965792
7593097988
7736557441
7907381554
7907546294
7994063942
8075420350
8075450129
8075936808
8078290502
8081224661
8086468862
8086993589
8089043248
8089643327
8089864369
8113045270
8129351856
8129729760
8129933894
8138078226
8289844266
8301073936
8547502505
8547933073
8590030578
8590454614
8590985921
8593955668
8594040229
8848086123
8848325211
8848683079
8848684984
8848998874
8891935446
8891949980
8921528218
8921721864
8921866038
8943090977
8943202643
8943307943
8943571159
9037044048
9037109129
9037458334
9037580923
9048236073
9048255068
9048312162
9048341449
9048955028
9072196910
9072216577
9072500323
9074424135
9074771649
9188255961
9188467962
9207612217
9207651935
9207894050
9446310790
9446612993
9447034870
9447280096
9447285323
9447910267
9474044814
9495659589
9496141839
9497227620
9497340694
9497489346
9497880719
9500452153
9526105389
9526718959
9539119359
9544031805
9544451275
9544952780
9562517030
9567475295
9567513089
9567597936
9605639729
9633241845
9645165197
9645203694
9645213511
9645425568
9656272205
9656548272
9656645185
9656705053
9744916161
9746214994
9746259734
9778474155
9809145014
9846295970
9846597766
9846735015
9846929030
9946626338
9947632847
9995996081
6238958725
7012459064
7012678013
7510684002
7907184592
8848693212
8943802204
9061722062
9074027073
9197463813
9526011218
9562318507
9633478920
9656468828
9744365836
9744752980
9747228517
9847993377
9947195941
9961922077
6235105867
6235162600
6235401979
6235533511
6235681065
6238110042
6238194511
6238212855
6238219671
6238380595
6238887984
6238962280
6282139842
6282185035
6282214933
6282308314
6282554780
6282625100
6282688718
7012029823
7012379392
7025063415
7025096918
7025319948
7025367603
7025446064
7025751127
7034244762
7306628345
7356979542
7510224273
7510783387
7510900269
7511134856
7558018056
7558066204
7559904244
7560878212
7592072471
7736282983
7902559095
7902678313
7902748277
7907313054
7907464542
7907670800
7907886403
7994108084
8075058056
8075065046
8075392585
8078031946
8078315773
8078474172
8086930107
8089491456
8089853998
8111801991
8111944440
8113860084
8129143293
8129216664
8129375424
8129833519
8156927370
8157050992
8157862603
8157885168
8529831036
8547820243
8590372138
8590648132
8590662534
8590714956
8590948132
8590957793
8606226503
8606265246
8606550566
8606651714
8606808079
8921003464
8921917454
8943407734
8943433314
9020472001
9037133428
9037717366
9048465794
9048997527
9061135690
9061635021
9061984681
9074036139
9074095210
9074223086
9207095254
9207308263
9207639876
9207737811
9287807380
9400125426
9400256227
9400657978
9400732804
9400736888
9446132236
9446151398
9446796836
9447210254
9447267011
9495334789
9495584643
9495651847
9495660744
9495711431
9495763968
9495844841
9495847874
9497321833
9526037644
9526227227
9526580796
9526609593
9526661691
9526701038
9526742271
9526835590
9526904043
9539512718
9544022098
9544102815
9544389766
9544518799
9544626714
9544867080
9562015469
9562113307
9562537814
9562642414
9567818736
9567918070
9605068501
9605165361
9605371889
9605725558
9605878759
9633165645
9633769838
9645127676
9645165164
9645402474
9656188265
9656615743
9744047453
9744147607
9744302271
9744442244
9744609609
9745125245
9745227227
9745303434
9745635524
9745780606
9745803911
9746378772
9746858551
9747012816
9747031668
9747107039
9747384664
9747420521
9747575594
9747631326
9747741182
9747862706
9778184162
9778587669
9846287790
9847455542
9847897437
9847981164
9947141508
9947391036
9947683424
9947932101
9961019366
9961040683
9961225733
9961495107
9961891970
9961915086
9961939611
8075801768
9495658991
6282368646
7012504642
7306743185
7559804501
8086572812
8590473676
8590605567
8594090540
9562199258
9745194093
9745369760
9995048842
9747474910
7034197940
9061159889
9747622213
8606103629
8606273520
9446874933
9526736252
9544313466
9605941049
9778792187
6238325866
6238577206
7025243146
7025747258
7034121877
7306790306
7306930822
7356776277
7510131490
7559062276
7559822207
7592911249
8075007897
8075039102
8156895347
8157062835
8157993824
8547002836
8590769637
8590868179
8592927464
8606172394
8606441518
8848506848
8848802779
8921028013
8943294939
8943573264
8943826470
9037046497
9037738876
9037841496
9061272184
9061273297
9061520702
9074135700
9188575592
9207409779
9400974751
9446162106
9447424842
9495342355
9495342376
9495658776
9526364934
9526393990
9526539882
9526571343
9526572305
9544138737
9544982029
9567934305
9567947853
9605255641
9605668813
9633909943
9645555258
9656190480
9744001859
9744148628
9744880782
9745415576
9747354632
9747421829
9747593545
9747702180
9747763830
9747941443
9778251025
9778748680
9846438904
9946344137
9995327259
9995614016
7510964425
7907224595
9562818037
8590660847
9747018473
9847018473
9447889989
8136955913
8943441192
9400000666
9995545444
8136976894
9746816897
9072770348
9447965085
7907179301
9188100133
9400976000
7034375087
9645834506
9745281317
9946830961
9605729875
9495423958
9745557231
9747499036
6238654671
6282434475
6282440776
7025847797
7034001804
7306848698
7356386323
7510354416
7510880653
7736551338
7736989864
7907697070
8086927154
8113038871
8113044407
8129376448
8138962564
8156874009
8157981037
8301812236
8547106557
8590788897
8606512738
8606539192
8891132021
8943066201
8943148636
8943934201
9037270167
9037776975
9074713087
9446947303
9496131338
9496643272
9497521337
9539575635
9544500505
9567373944
9605428622
9645904618
9656024495
9656651742
9895135427
9995755427
6282144543
7012096945
8086477474
8592077125
8608665670
8848610364
8891452795
9495837347
9567063166
9656399402
9745030203
9746732159
9895923948
9946746612
9947704788
9961222613
6238845492
6282723694
7559964509
8086553780
8111947448
8157862468
9048765529
9526511312
9526623870
9562531973
9562931600
9645295642
9656261869
9744984834
9846236653
9847000939
9946899225
7034822463
7736773329
9207221747
8129552325
9188273325
9633275554
9895324511
919633275554
919946679522
9747270522
7736220347
9447377213
9497147213
7907127491
8606205275
9048167299
9567450047
9846325570
9946060089
6238066037
6238091069
6238588554
6238786766
6282016334
6282274064
6282612162
7012017681
7012547726
7024102572
7025588578
7025623020
7025849152
7034190970
7034411577
7306363469
7306553385
7306645485
7510105584
7510340616
7510630643
7510661391
7558859405
7591994071
7592816996
7592839420
7592839639
7592980733
7594899260
7736243548
7736548451
7736784628
7736797309
7736800369
7902242642
7902500676
7909218298
8086691713
8086773050
8086791802
8089756803
8089947604
8111892130
8111893674
8129552309
8129712907
8129884306
8129887056
8138997126
8157860770
8592003241
8848618217
8848781540
8921121411
8921465554
8921994842
8943107623
8943169129
8943397060
8943420395
8943442604
8943469946
8943593304
8943670012
8943809850
8943889175
8943904646
9037456130
9037631801
9037979829
9048144464
9048156016
9048173643
9048188902
9048243204
9048248719
9048474919
9048603450
9072759076
9072963760
9072972301
9074007300
9074008047
9074024553
9074037080
9074039719
9074040537
9074826244
9207162389
9207178431
9207505384
9207522149
9207817797
9387571614
9446367740
9446648181
9446669383
9446670129
9447544841
9447642096
9447933169
9496022601
9496145133
9496150586
9526347152
9526431606
9526647791
9526752597
9526793192
9526808996
9539203682
9539349057
9539432842
9539443534
9539715087
9539795267
9544128101
9544382241
9544393986
9544452122
9544834271
9544894166
9562040097
9562050655
9562175147
9562309438
9562372660
9562497119
9562749753
9562787643
9567128424
9567314185
9567405206
9567813876
9605003478
9605334319
9605823486
9633103189
9633297283
9633342643
9633408856
9633452469
9633569843
9645100250
9645338026
9645341692
9645551293
9645587409
9645625397
9645664753
9645696710
9645698929
9645826902
9656119796
9656141488
9656369011
9744527879
9744643312
9744736773
9744874091
9744944905
9744994678
9745008959
9745165563
9745322986
9745336365
9745354724
9745395416
9745408365
9745548082
9745554579
9745615087
9745716137
9745925021
9745952899
9746713916
9747020491
9747139797
9747382021
9747478019
9747546130
9747809249
9747874557
9747944419
9747950206
9778001697
9778061371
9778073493
9778092352
9778182929
9778405942
9778585216
9846021481
9846109958
9846192524
9846339867
9846406868
9846425908
9846490048
9846503014
9846578319
9846581078
9846581293
9846772767
9846940821
9847402211
9847402216
9847661737
9946174160
9946259802
9946264441
9946693262
9946708574
9946737655
9946775992
9946875143
9946890808
9946893799
9947006981
9947432884
9947634380
9947712396
9947915966
9947931961
9947957936
9961130171
9961219273
9961409102
9961548151
9961610220
8714003493
8921723079
9562175681
6235549975
7025992355
7736724393
7736801329
7907054655
8075990029
8304893323
8593911317
8921280445
8943034310
8943624624
9048179858
9061374171
9302666831
9347242977
9349046687
9349086467
9349101602
9495934932
9656182236
7034320035
9895313738
9048546502
9447531071
9495130045
9539240218
6238158911
6238746405
6282520925
6526310240
7012469890
7012661300
7025449929
7025740302
7034280218
7034286283
7034586927
7034844435
7306315694
7306512763
7306791082
7356663864
7559039490
7561870046
7561874435
7592023745
7594814169
7736136788
7736203090
7736565388
7736660186
7736665388
7736958099
7907260831
7907535003
7994149443
7994539858
7994730328
7994844374
8075331129
8075843819
8078477313
8078500688
8078777313
8078870087
8086055624
8086115670
8086457138
8089107263
8089205885
8129107464
8129899660
8129996667
8138083860
8138912945
8139833975
8157042317
8157914376
8289902729
8301862240
8547229946
8590043725
8590726354
8590821036
8590889708
8592081452
8606457438
8606809661
8606846739
8704230173
8714020965
8714035324
8714230173
8848198848
8848444698
8848941013
8891651515
8891752046
8943520756
8943999371
9037131129
9037221273
9037540919
9048173587
9048687282
9048688849
9048693206
9048724877
9048744787
9074645539
9074688936
9119464646
9188501936
9188602480
9207854203
9249205929
9400192011
9400533909
9400865636
9446153168
9446429633
9446679563
9446924839
9446959003
9446986670
9447090999
9447305596
9447440049
9495562459
9495952070
9495996764
9496527274
9496793878
9497282369
9497508669
9497710740
9497843480
9526140994
9526310240
9533943432
9539109785
9539145589
9539295599
9539943432
9544580140
9544629137
9544858005
9562527471
9562929039
9567559569
9605751922
9633880525
9633957693
9645169816
9645721419
9645930299
9656160184
9744161894
9744472803
9744747053
9745448216
9747305596
9747657934
9778238264
9778247300
9809898596
9846493744
9846628402
9846802029
9846934934
9847165389
9847592366
9847656453
9847869983
9895644442
9895658776
9895783789
9896499025
9946048114
9946230137
9946616169
9946837403
9947105059
9947240532
9947340768
9947357765
9947448400
9947455211
9947485112
9947540591
9947962738
9961381328
9961431961
9961780802
9995774715
9995967991
7025435731
8590518387
8590611832
9747739997
7012764649
8881506693
9061319464
9388729325
9400649325
9495342127
9495649464
919633932778
9048814632
9495374630
9495170908
9074723244
9446790908
8848867474
9605613813
9995127327
6235924212
6238703326
7902659895
8157989632
9562859632
9605914782
9645132645
9744816991
9747673166
9947608759
9961691829
6238947917
8111840695
8281007168
8301008078
8330899206
8547428595
8574144183
9074593079
9188015536
9207192274
9495405224
9497848291
9567848291
9656181558
9747034389
9847140843
6235148435
7736682021
9645498435
9656968811
7034414825
7510144678
7736392441
7736439782
7736961478
8086315281
8086382510
8086462874
8089095458
8089295482
8089396753
8157825384
8281264464
8289962633
8301807414
8590456853
8593922212
8714213388
8921912874
8943582064
9048308936
9048446746
9061158270
9072404271
9072805229
9400722261
9400974893
9400992568
9437109755
9446014081
9446029743
9446047711
9446059320
9446064696
9446077298
9446087676
9745179790
9745514214
9747528706
9778089053
9847988862
9995398028
7034902463
7356160251
8078410711
9605359348
9744171157
9048257419
7736787785
9037465844
9746321953
7034619809
8075417065
8921473020
9446559487
9447620085
9745012818
9745903779
9895106758
9747590060
9947213188
9947263776
6235160427
6235631443
6235878413
6235933274
6238625016
6238930070
6238998448
6282936870
7012269164
7025908564
7034842845
7034915386
7306987845
7356215401
7510154453
7510458868
7511125239
7561859894
7593915788
7593932314
7736561750
7736690928
7736954058
7902331747
7909172067
7936155101
7994822928
8075067077
8075733508
8075834776
8078937513
8129512827
8129622990
8136896561
8138854948
8139860748
8157894549
8157931004
8281365852
8594051401
8606053093
8606433664
8606694727
8848246159
8848786949
8921454990
8943640121
8943676444
8943756544
9048468113
9061154529
9061171960
9074826311
9207586470
9207946959
9207983036
9207983206
9287801983
9287973286
9400337257
9446378563
9447133004
9495889071
9496591859
9539447633
9544151584
9544308330
9562243679
9562376909
9562585796
9605162989
9605823122
9605874118
9633125694
9656605280
9746222509
9746431555
9746581830
9747765860
9778136017
9778327011
9778769405
9789167552
9847324448
9847390919
9946857188
9947137787
9947217239
9961016318
9961309576
9961364489
9995445730
9995618675
8714360107
8848920558
8921841979
9526115757
9645346617
9846758421
9895938421
6238132251
6282021156
7736569773
7736845027
8846218420
8848033783
8848560136
8943771064
9061521143
9400917052
9544322255
9605451598
9606545307
9656038926
9895811396
9061967305
9947920328
6238993682
7012626110
9446811629
8547414526
9495193414
8078279105
9495520080
9567870585
7306718327
7306886798
8848853263
9495185288
9496212265
9656102697
8943545336
9544718595
9947378585
8130520913
8800860913
9599867919
8848683977
6282988089
7012738547
8301940878
9207091320
9446318148
9496146395
9946714584
9946734584
9947768974
8078397824
8078430393
8086555397
8089509464
8113051050
8113930510
8281234287
8281851281
8281979349
8304837062
8547374643
8547778359
8590727783
8921584298
8921930107
9037921971
9188265620
9446293680
9495620520
9496859427
9497836253
9526714439
9562313156
9605198948
9656316718
9745307323
9745522643
9846778058
9895909879
9961324085
9961403718
6235232721
7510504273
8893371514
9495165740
9495578207
9539925270
9645646494
9747502825
9747841037
9847781556
9947158948
9947650843
9961267665
9961271490
9961545776
8547513506
7592926250
9526473138
9605333547
9633609522
9656938035
9744241491
9947551389
8891286161
7594898081
9495271139
9656613875
9745868980
8921013278
8157050620
8511466612
8547449950
9061654281
9061805714
9072725845
9447696342
9497248706
9744417944
9946620598
6238211592
6238391781
6238868268
6282802036
6282919528
7012041043
7025448336
7025939508
7593066999
7736722126
7902362749
8078064942
8089864384
8139090145
8139839559
8157023652
8590343102
8593913618
8921867135
8943847807
9048311612
9074876312
9080619626
9400996971
9497102973
9544180727
9562449608
9562776541
9562875166
9605081800
9605311635
9605444275
9605814713
9847532150
9447433417
8111943079
8590314718
9495922856
7052063418
7306616480
7356380626
7510211879
7561821840
7902357028
7907788203
8113845109
8129491864
8547082501
8606269719
9048751738
9447146856
9447292937
9447456712
9495444876
9496079210
9497266519
9539626964
9544077397
9544868422
9605963781
9744031966
9744128961
9745759351
9746387733
9747084726
9747259351
9846444566
9947426356
9961310132
9961672683
7510939506
8086956866
9188531927
9496410475
9539843667
9567378389
9744227255
9744618675
6282173525
6282728849
6282761745
7025468293
7306793387
7356802267
7510964338
7592031677
7594084574
7736628668
7902785711
8075815912
8089614721
8089693468
8547461517
8590469512
8590548171
8606418459
8606578547
8606635051
8606676320
8848505844
8848858432
8921954498
8943701864
9048930993
9061190584
9188643958
9207755655
9400646142
9446224160
9447671553
9447989300
9495712856
9496146213
9496288162
9496305605
9496491279
9497255300
9497606357
9526008796
9526597941
9526747069
9539247819
9539742616
9544196551
9567707704
9605046918
9605262701
9605864251
9745590767
9746471245
9746736842
9747080207
9747152853
9747583030
9747739917
9747846309
9778070374
9846679019
9846738289
9847298766
9847324363
9847444536
9847486333
9946012869
9946414660
9947260870
9947880588
9961014421
9961368960
9961562153
9995209375
7025983965
9446222177
9447101516
9605355745
9744688626
9744691321
9496934890
9048561261
9495683283
7025007746
6235008467
6235874187
6238020819
6282207278
7025340501
7356370220
7510960295
7559896275
7763523857
8086143600
8086717706
8281065746
8590497028
8921331092
9074226935
9207164657
9400103334
9400509019
9446502150
9446600029
9446601528
9447040697
9497031621
9526286519
9539339667
9567128280
9744684068
9778165274
9846479262
9846589950
9847953444
8075250475
8590472521
9562564188
9778571906
6282878055
9539623656
6282256879
6282562143
7012488179
7510523912
7510532567
7558847994
7558899730
7902858664
8089009330
8281124892
8281609164
8281958288
8590104580
8590672449
8848631797
8921928162
9061480720
9207360132
9207680364
9400237900
9400247649
9446600542
9446916530
9495254202
9495554854
9496676306
9497334854
9526586775
9544658657
9562812046
9605718018
9745496209
9747670137
9846738201
9961717517
9995437437
6238001460
6282119304
6282166829
7012466769
7025887061
7034683838
7338430699
7510621430
7560867684
7902256365
7907916157
8075527551
8113891823
8281393858
8281651499
8590382312
8848576348
9048738232
9074357970
9074416488
9074802800
9207860019
9207895514
9400023416
9400544265
9447395977
9447690754
9605449338
9605531375
9656833964
9744851342
9744999098
9745780337
9778193081
9778755867
9847015900
9946058125
9946638870
9947942024
7591985617
9207108216
8547114098
9526021404
9605100446
9497813708
7592981369
9188241972
8547880791
7034494811
9745527734
9846352386
8921141055
9037375187
9048349839
9048983871
9061349839
9562995187
9895861344
7558817966
7560845101
7909173620
8891229750
9037696906
9061921641
9072943670
9142380063
9207095336
9400388130
9400607217
9447879067
9495705091
9497850856
9539960097
9847567950
9847848992
9895131006
9895889605
9895895744
9946120959
9946650897
9947314128
9947910087
9961064339
9961280718
9961862145
9995268280
9995563278
9645590294
7034699457
8129191682
8281565327
8848265173
9446234387
9544595740
9946168026
7994406562
7994905162
9400587963
6282034551
8606768300
9446438129
9495928129
9496076255
9567671315
9605317856
9605520309
9746075473
6238518134
7012307232
7012367797
7012814668
7025094031
7025168176
7034145521
7306156949
7306434742
7306509490
7356044291
7356188595
7356309595
7356509151
7356621018
7356922124
7510231413
7558066503
7592070971
7593974670
7736970403
7902604582
7902996153
7904556204
7994576339
8075262471
8075460278
8078320350
8078364384
8086989686
8089190827
8111847045
8129412130
8157938348
8281261238
8281877029
8289974580
8301932223
8301956874
8304861710
8304895425
8330826074
8547508360
8589012739
8590454145
8590457350
8590476635
8848117299
8848675124
8848975838
8891802883
9037585974
9048097788
9048269495
9048737949
9061477281
9061933167
9072152625
9072175650
9074393078
9074917360
9400111641
9400139390
9400364052
9400408723
9400430913
9400772690
9400773926
9446116352
9446496422
9446753293
9446988270
9447566864
9447726584
9495274907
9496763158
9526835958
9539392668
9539646809
9544392368
9544522274
9544548762
9544925630
9562042876
9562224710
9562676150
9562777926
9562949769
9567169053
9567221399
9567736815
9567884386
9605293940
9605857038
9605999741
9620111156
9645445138
9656011009
9656076152
9656077150
9656098189
9656698850
9656891993
9744166059
9745216294
9745528738
9745863672
9747083934
9747372116
9747478886
9747893358
9846668331
9846702470
9847006653
9847089887
9847482900
9946387512
9946475906
9946741946
9947119369
9947806899
9947824627
9947965036
9961012741
9961024680
9961083934
9961198479
9961231298
9961249942
9961651750
9961754393
9995380753
9995443450
9995476931
8848019418
9495427569
9072316568
8923512572
8921870361
8547352459
7012852362
7356554611
7592828111
8075305613
8590865527
8891673257
9020845040
9446125114
9446526725
9497196593
9497665758
9539736648
9544207275
9544730807
9744497280
9847316038
9895838064
6235135844
8301994895
9744009148
7902265984
9562384740
6238057901
6282278363
7012020963
7012359018
7025677651
7025985675
7025985678
7306995273
7510102560
7510125609
7558090655
7558939380
7559861943
7559933599
7593015516
8086637134
8547251031
8547948471
8604110199
8848111969
8848414400
8943021218
9207378025
9288558021
9446150819
9446812231
9446812235
9446953049
9446974453
9447020033
9447052386
9447054243
9447091799
9447124498
9495033022
9495205511
9495664636
9495725454
9495872545
9496497232
9526531836
9544359394
9605540268
9633558155
9645759381
9655631312
9656112390
9747265679
9747458082
9778501978
9846596469
9847196235
9895590691
9946003616
9946453962
9947004675
9947621093
9995468382
6282107232
8590192921
9447417850
9496328255
9562782153
6235183364
6235446837
6235472023
6235529798
6235821603
6238131979
6238207511
6238682075
6238695960
6238800453
6282811158
7012496371
7012588466
7012728239
7025470308
7025548219
7306416778
7306641429
7306784813
7510782310
7559061732
7560828042
7560828058
7592927551
7736523724
7902588076
7907069516
7907530874
7907581272
7994410343
7994639799
8078870628
8086189885
8086293040
8157036629
8281341505
8281710762
8281826660
8281845737
8289830348
8547053751
8547539731
8547808150
8590000633
8590203988
8590307295
8590359950
8590461626
8590488228
8590494515
8590605632
8606410332
8606602570
8891722802
8921785136
8943043803
8943421383
8943678217
9037985944
9048117366
9048699297
9061114178
9061616516
9061630049
9061638521
9061642983
9061647091
9061650913
9061660784
9061691808
9061705315
9061716219
9061732188
9061750528
9061756119
9061780278
9061784088
9061796512
9061807580
9061820743
9061863724
9061873811
9061876065
9061879872
9061881398
9061904017
9072151127
9072204121
9074029728
9074977821
9207456108
9207541622
9207924262
9207971647
9383461225
9447100074
9447151472
9447454602
9495606230
9496266641
9496551201
9526551161
9539288960
9544376260
9544856547
9562250029
9562450216
9605793521
9633812755
9633864127
9645211384
9645951405
9656181933
9744492307
9744546735
9744546912
9744669561
9744685009
9744999487
9747041403
9747083552
9747112806
9747249283
9747641403
9747756961
9747783698
9778298519
9846156980
9846220427
9847007789
9847252361
9847269974
9847938771
9946255286
9946333742
9946368478
9946783571
9947348775
9947695086
9947720285
9961158269
9995249386
6238827800
7034443909
8000000000
8590416812
9037257956
9061337610
9447498676
9495519485
9539094978
9562476606
9656403037
9747108256
9747516552
6238447155
7293101727
7812176570
7907899505
7909186202
8086264083
8113939640
8129445409
8136896801
8281091390
8281706784
8547549735
8848243053
8848429731
8848890950
8921919867
8943252180
9061240426
9061594500
9061733612
9061996415
9072810148
9400439621
9526934015
9605399719
9633359160
9633414230
9633801700
9656336161
9656623063
9656652779
9744967621
9745293378
9746732015
9747085828
9778737023
9846055075
9847031158
9847870034
9895195061
9947349894
9961265954
9995010100
6238217536
9074002057
9744991357
6238727087
9605813222
9847522418
6238963117
7510571354
9544361354
6238750103
7025113743
7510655926
8086239932
8137891286
8157955140
8281424939
8590321142
8606553734
9048708390
9567520288
9747854471
9895577347
9995785307
9188684268
9947621495
8113064380
9544662104
9562692250
9656588343
9847110723
9961718243
9961718977
6238421381
6238629162
6238979793
6282488599
7012000635
7034335142
7306649855
7306756091
7306872251
7306884964
7356747594
7510343732
7510964303
7560813595
7560922540
7736175732
7736528713
7736910084
8111860516
8111953665
8113862001
8157860193
8157890217
8157953665
8281512235
8590700531
8606412891
8848440518
9656633726
9744546970
9744609301
9744956759
9747108413
9747416670
9747968270
9747975924
9846045242
9847159470
9847243822
9847892950
9946336707
9946949803
9947215439
9961085128
9961478292
9961657250
9961933539
9562119469
8590305628
9744567683
7558032035
7559856116
8157004566
8547389758
8943846664
9567555638
9656022271
9947784791
7510712805
7907883176
9544419068
9562643320
9562665502
9947208107
9961097830
6238409910
6282639246
7025298704
7356704427
7356792174
7560877445
7736485728
7994812436
8075910048
8078477790
8089527856
8129423851
8156911842
8156937534
8281547653
8547624046
8606074136
8606883333
8714738515
8891440149
9048108315
9074560679
9142161981
9188360273
9388092467
9400717821
9446601782
9447512017
9496960273
9526335216
9544582590
9544765695
9544923456
9605047549
9745151109
9745609654
9846913814
9895679909
9947103788
9947828430
9998640675
8921700165
7592084497
9605068740
9744263116
8592071661
8075730019
8606603467
9847241363
8593823921
9745050957
9447216346
9947871043
9048344026
9383456982
9605227046
9846677115
8547934388
8547934788
9744712032
9947669823
9562891369
7736128826
9656582516
9847071086
9496318351
7559953616
8281304712
8281619521
9656692641
9995185118
9048942156
9895475619
8606601330
9188683594
9947582653
7592941873
8137834770
9497151482
9645251343
9656005300
9747115329
9446494930
8848869921
9994027185
6282346707
9447270971
9495709712
9447891358
8075644527
8089834876
8281639545
8590821740
8606601694
8606863715
9074669648
7902632652
8547911283
8592807385
9544079124
9747148376
9961852842
8129684991
8848287592
8848750278
8848759607
9349601705
9605434019
9633353981
9744432937
9995887752
9495944141
6238443412
8129033395
8129843348
9633245805
6235261065
6235488638
6238072488
6238483294
7012197591
7025341856
7025923114
7034238575
7034611771
7306443659
7306677381
7356034017
7561818419
7736264936
7736647478
7736978098
7902205873
7902952901
8075497187
8075740329
8075952576
8086548573
8089322862
8129522766
8129729565
8129739963
8138820891
8848403932
8891560578
8921536961
8921927485
9042155140
9074524379
9074732449
9348287081
9400668575
9446105384
9447142319
9447676648
9447684889
9495729896
9495757842
9496678580
9497270145
9497422235
9526400476
9526437717
9526654312
9544219798
9544630164
9544828228
9562391196
9567071513
9567367518
9567600273
9605143008
9605578260
9633003796
9633815064
9656386428
9656512950
9656757854
9744516407
9745689855
9746070700
9747358383
9778068578
9778252014
9895366794
9895729164
9944667784
9947936381
9952798883
9961752846
9995584304
9539897818
9846278345
6282980294
8157958751
9895420900
9061078385
9562033973
8281286584
9446168156
6238556725
8129107331
8606098456
9061816872
9946501932
6235192247
6238330220
6282399080
7025669961
7034913100
7306037580
7306187893
7306641367
7559062948
7560841128
7560909405
7561005938
7561894414
7592815442
7593024090
7594011163
7594882988
7736017482
7736278059
7736407038
7736576972
7736748161
7736763139
7907753507
7909187448
7994706944
8075158124
8075548613
8075559005
8086354574
8086637868
8086754064
8089255988
8089776618
8089901211
8129690830
8138092627
8139056035
8304952411
8390041771
8547471961
8547932457
8590355866
8590620552
8592930995
8594039659
8606098315
8848227236
8848754753
8848896185
8943241762
8943320489
8943755983
9037037753
9037084419
9048037561
9048053643
9048184374
9061108687
9061171755
9061538173
9072018264
9073200786
9446416996
9447873272
9495015350
9495129898
9496293186
9496666434
9497024750
9497829576
9524621237
9526298636
9539255567
9539293463
9539744262
9567072181
9605051130
9633073345
9633617292
9645804509
9645913688
9656016111
9656282455
9656567842
9744432350
9744941651
9744958783
9745096727
9745181892
9745463395
9745504829
9745894509
9746336795
9746526181
9746990969
9746991959
9778253027
9846181767
9846386387
9846670854
9846803772
9846879420
9846922528
9846935779
9847106598
9895045803
9895070214
9895407073
9895451218
9895716938
9895990052
9946381855
9946883533
9947223704
9961036289
9961812128
9995366230
9995506403
9995625230
9995768293
6238549893
8075441327
9744531368
8606652066
7034594601
9061796545
9495054129
9496368919
9496882820
9526223150
9562479540
9633036774
9633554264
9778375859
9778485294
9778590997
9946789603
9946982931
9956982931
8714979470
7034460720
7736877379
7994827644
8606868609
9400798790
9539725564
9645728277
6238451205
6238616311
6282145685
7025148391
7025149918
7025380738
7025492526
7034011952
7034489824
7034637042
7034869686
7034913416
7306759864
7356956952
7510708231
7510800308
7558810877
7560810848
7561059765
7561850599
7594060309
7907686919
7907723343
7907824829
8075520553
8089915548
8138090924
8281819471
8330808880
8714370790
8943092418
9447344761
9447576198
9495570417
9526097976
9526476083
9544442986
9544900209
9562027524
9567182730
9567430687
9656181588
9656889752
9744092257
9744531750
9744715332
9745020522
9746436657
9746630314
9746877441
9746948444
9778305584
9778383188
9778719082
9846391225
9846535246
9846826927
9847265369
9847765259
9895355358
9895405983
9895429498
9895728117
9946299342
9947411635
9947947005
9961682234
7907488592
9895462363
8714018118
8943854142
9048753059
9447962635
9747859487
9857432625
6535075632
7304662925
7510547451
7558988453
7560937092
7736568338
7902431862
7907108833
7907700849
7907873840
7907936779
8075860910
8086124961
8089063154
8089785855
8281515142
8289875634
8590272254
8590839731
8592880723
8606273220
9048227093
9072056097
9188572561
9400619272
9400894179
9400894719
9446724183
9447743584
9447832655
9495747252
9496698208
9544990319
9562669782
9562753136
9567159443
9605240377
9605271240
9605666180
9605930050
9645812196
9645813745
9745497957
9745841767
9778477083
9847210933
9895918890
9946850721
9961072867
9961319385
9961801326
8590834982
8848666138
9495510904
9744563270
9744724593
6238072490
6238297117
6282154488
6282253268
7012415857
7025158903
7034315229
7356875536
7510358964
7560964023
7736360704
7736440350
7994007897
7994241608
8075180970
8075277494
8075514438
8086358299
8129182280
8129269298
8137851308
8156855963
8943854742
9048435099
9061308094
9447637634
9447699859
9447787270
9447958486
9495448690
9496157075
9496775467
9526564053
9539423053
9562123240
9562291541
9605831611
9633548634
9645951758
9778487124
9846731533
9847512007
9895841821
8907772478
9037064876
9544278223
9605937287
9633704876
6235437956
6238563389
6238784096
6282183767
6382363367
7012237874
7012907245
7025436194
7034277528
7304072625
7306379858
7306743128
7306878594
7356574451
7559912676
7736290342
7736842622
7736963103
8086019236
8086608101
8086718875
8086911737
8089614792
8113096338
8136848320
8156859685
8157837343
8589885936
8590682406
8590720517
8590885430
8592867955
8593801789
8606555091
8848269935
8848739380
8921448838
8921845687
9037385446
9037669670
9037979450
9043374434
9048355493
9048710239
9061130560
9207504278
9249872972
9400292550
9400416995
9400975617
9446017156
9446021228
9446087985
9446418680
9446431877
9446614557
9446881339
9446911916
9447223424
9447232304
9447245955
9447260551
9447282932
9447444957
9539950987
9544040838
9544623260
9544654750
9562065541
9567079480
9567703988
9605414684
9605491324
9605682476
9633445858
9656127270
9656354486
9656682593
9656725637
9656820638
9744647104
9744868168
9745032386
9745072288
9745360597
9745574030
9745780264
9746316813
9746985884
9747565740
9778309705
9846207364
9846232391
9846306087
9846324118
9846453350
9846669737
9846670352
9847304137
9847467209
9847675221
9895256866
9895610426
9895676802
9895823605
9946373307
9946515382
9947073844
9961315544
9961469524
9961550578
9961619599
9995121601
9995216760
9995230575
9995382174
8086057312
8593930564
8921457032
8943474552
9946977794
7012623738
7012829719
7593098845
7736790654
7736956271
8547035340
8943288390
9072543686
9447452316
9447488753
9995627987
7012642370
9746806809
7034590974
8089350413
8129365340
8590929780
9656038991
6282061608
6282505517
7306146039
7510313177
7559842265
7901648866
7902699323
7994728380
8075970724
8111970513
8111970724
8111987154
8129217106
8281160803
8589891063
8590598031
8590782256
8606508169
8848295066
8943637581
9020889066
9048181362
9048475941
9048487269
9048987268
9048987269
9061356850
9074861086
9446053239
9544364663
9605696011
9633321286
9744114535
9746861710
9747206857
9747951272
9778518939
9847837321
9946730592
9207810815
7012676396
8075504844
8589820128
9072123402
9895347874
7012388098
7034556397
9074620882
6282232299
7025306944
7025768121
7025933453
7034416327
7293119155
7356224348
7356429779
7356867339
7510923885
7558940018
7560982235
7736021043
7736218563
7736480514
7736709599
8075766520
8129130719
8129258724
8129437884
8129860195
8156957709
8157066484
8157968658
8281833141
8547053861
8590859775
8714807067
8848771769
8921127295
9074477348
9495317390
9495746890
9633289460
9656517593
9747857497
9847201371
9895854968
9961440414
9995314332
7994307379
9645447735
9961153015
9496430146
9895138519
6238548763
9497068728
9846293060
6238357290
7025040201
7510370626
7736718349
7994254727
8075285557
8078544728
8129038033
8129142854
8138883886
8157846071
8330892185
8547466693
8590659332
8606494650
8943580101
9037141019
9048437179
9074235685
9074663162
9207838018
9387722860
9400135808
9447521074
9496308374
9496735996
9526490059
9539476885
9539496805
9562435443
9605516648
9633542449
9645848247
9656819492
9744447736
9745784504
9746483528
9747534241
9846054926
9847417573
9895575553
9947167118
9995248203
9496389243
9496559672
9656449672
9995184934
6238565189
6238575767
6282870963
6282972223
7012505973
7025249493
7034600325
7306239434
7306883262
7356164798
7356680521
7558878987
7907577119
7994649203
8078995906
8089578304
8136976359
8547051714
8589831751
8590169843
8590414204
8590463364
8606225340
8606501300
9048593308
9495975746
9496250454
9496258016
9496813746
9526943098
9539433719
9562746593
9567108747
9606501320
9633790924
9656769919
9745776489
9745842857
9846766186
9846958836
9895412483
9946247251
9947081242
9947202877
9446104490
9605141521
6282977468
7025974038
7034245886
7510262986
7560920740
7561802991
7736092038
7736624309
7736878287
7907248958
7994143545
7994305981
7994947581
8075196380
8075782942
8086442832
8137096106
8156828126
8281810120
8301060068
8547954555
8590389539
8590780905
8592927680
8606463559
8606673909
8848161725
8891585567
8943508225
9037776155
9048052376
9048537756
9048751170
9207377176
9249673986
9446622607
9446661089
9446752455
9446808174
9496334729
9544010262
9544738015
9633816227
9645824925
9744039498
9745119927
9746353793
9846612682
9895252637
9946828569
9947274507
9961351412
9995510349
8304925876
6235461314
6238082469
6282986138
7012004865
7012059901
7012555194
7012848231
7025370889
7025400689
7025872533
7034530540
7034964190
7307927324
7356695027
7356781425
7559058759
7736505201
7736639889
7736651435
7736789402
7907126219
7994157846
7994335091
7994865199
8075073547
8075392746
8086693482
8089167783
8089218386
8111928594
8129429247
8136978086
8139884429
8157821160
8281759999
8289809893
8301906520
8304048330
8304097420
8547086451
8547122332
8547302102
8547928706
8547996142
8590214970
8590439504
8593098154
8606419028
8606478701
8606807018
8606840025
8714535255
8848236944
8921341403
8921461935
8921650879
8943308712
9048499227
9048853637
9048898647
9074064686
9207259617
9207303235
9207775960
9208767017
9400694462
9446252707
9446555613
9446607879
9446884333
9447293905
9447895996
9495158880
9495467735
9495885108
9496366451
9496392043
9496392144
9497005989
9497762261
9526764697
9526869746
9526935907
9539122331
9539634443
9544055609
9544562238
9562066419
9562490502
9567201972
9567612261
9605254554
9605272352
9605752257
9605791964
9605801382
9633135207
9633310748
9633311750
9633417795
9645140648
9645353152
9645445674
9645461332
9656761622
9745192558
9745359829
9746148435
9747415794
9747476775
9747862882
9778140640
9778575114
9846544960
9847069257
9847299692
9847503860
9895170652
9895226058
9895686420
9895751168
9895788043
9895919853
9946258403
9946388517
9946407651
9946585286
9947283216
9947379574
9947780253
9995197303
9995319486
9995423790
6282586216
7012384774
8547392333
9846192922
9495957287
7510806280
8547032092
7034910087
7306730982
7356837150
7736833295
7994318270
8086048678
8086143252
8086152868
8111954716
8137929625
8281873951
8301936373
8304036714
8590125697
8590713425
8590969799
8592950336
8943604126
9037252524
9048786832
9188371052
9188474715
9446319763
9446753723
9447086620
9447989161
9526620471
9562418764
9562597047
9605096911
9605590322
9633651719
9633825218
9645197564
9744895195
9747800855
9846277416
9846402774
9895033082
9895670171
9946260679
9946719751
9947807220
9947929954
9961647254
9961723052
8129432628
9895115041
8157084057
9539127593
9539938457
6235190617
6235725417
6238411821
6238611944
6238876108
6238934215
6282314372
6282320020
6282390597
7012245776
7012391893
7012547346
7012574229
7012905114
7025124215
7025521242
7034728713
7306419646
7356178184
7510148683
7510234982
7510331600
7510385413
7559964613
7592888193
7594957447
7902650573
7909168060
7909169603
7994934137
8075580989
8078800674
8086406615
8086408155
8086702497
8086788510
8086913802
8086984701
8089693485
8113838760
8129256496
8129422083
8129542298
8129914264
8281524001
8281659335
8304035925
8330005675
8547276127
8547450694
8586913802
8589947982
8590444798
8590627562
8590864379
8592942623
8606341336
8606397472
8606553774
8606630834
8606666913
8606804801
8714210213
8714426233
8825571325
8848392019
8848461477
8848733680
8848961752
8891108241
8921313840
8921575125
8921845512
8943280961
8943339646
8943644865
8943890104
9020582817
9020596400
9037311379
9048237593
9048369892
9048462076
9048936738
9061477417
9061861967
9061916031
9072820149
9074381492
9078232930
9207303917
9207905603
9349104835
9349109990
9349168848
9400636120
9400768207
9446149972
9446555600
9446670647
9446804142
9446875904
9447451061
9495155124
9495202267
9495387059
9495535710
9495913776
9496029713
9496260712
9496638128
9526070575
9526272729
9526563320
9526671086
9526705266
9526724578
9526739224
9526868260
9526878423
9526963743
9539101759
9539305459
9539438133
9539733430
9544276495
9544322151
9544587063
9544654342
9562016282
9562060966
9562190521
9562542808
9562863675
9562977228
9567319484
9567330189
9567547525
9605314544
9605343960
9605475731
9605610739
9633468020
9633773426
9645029918
9645072511
9645076985
9645460862
9645477145
9645760964
9645923716
9656010805
9656354756
9656414053
9656563900
9656939117
9656956738
9744388980
9744683251
9744823738
9745385966
9745991949
9746615740
9746670839
9747104498
9747139819
9747159202
9747450956
9747619816
9747704352
9747743994
9747856423
9747932605
9778164315
9778352814
9809727648
9846233563
9846623677
9847690388
9847825139
9847884668
9847887668
9895485903
9895753670
9946148760
9946308155
9946542894
9946570697
9946854442
9946919933
9946942285
9946991740
9947682358
9952166764
9961000774
9961356501
9961427958
9961575590
9961703463
9995156923
9995977193
7356958361
7736787485
8086146875
8907998750
9400957728
9446795718
9745474419
9846602331
9846678616
9895346902
6235769131
6238279663
6282886632
6282932650
7012221360
7012606239
7012869607
7025629570
7025662421
7902371652
8111802680
8606090557
8848091470
8848665730
8848794373
8921713718
9037664546
9074062064
9074317952
9074543937
9188098643
9188593956
9446627146
9497497504
9526175542
9539165873
9539310374
9539579759
9539893980
9567558408
9645726800
9995347557
9497591961
7736068319
8075838669
8129530436
9995087874
7511190154
7907498205
8111968633
8137092092
8137832051
8156929868
8848672293
8921013041
9142623413
9400231925
9446931099
9447079666
9567409787
9746659643
9747243348
9846818221
9946061500
9946224358
9961232696
7012096420
7025838149
7306187970
7558991980
7902465155
7994146592
7994146987
8129188764
8129962224
8590338357
8593020465
8606304143
8606520521
8606578766
8714281716
8848095994
8921779558
9061228045
9061334148
9061718273
9188738659
9446465982
9526287059
9526332279
9539216403
9544847312
9562079756
9562836924
9567748883
9605447880
9633082457
9633826897
9645563725
9656115638
9656117780
9744594079
9746626587
9747319615
9747876284
9846337857
9847794836
9895719160
9946561320
9947010588
9947285441
9947809351
9995559084
8129510708
9048115623
9605204664
9633985005
6235292118
7025634615
7356549898
7356949189
7558087802
7561858204
7736587631
7994929015
8078199912
8129881599
8547241759
8547822442
8590368244
8590559477
8848517474
8891347113
8921680938
9061182085
9072137037
9072742850
9188497709
9207036524
9446443813
9496394721
9562545007
9633459042
9633521697
9645670594
9744867306
9744937016
9745282482
9746106697
9747140261
9961087530
8943139807
6235028354
6235724383
6238094470
7034649003
7306179589
7356927117
7558862719
7902266470
7907251681
7994757037
8075207359
8281921795
8304070927
8547286110
8547939074
8590045776
8590425846
8590530968
8590708629
8592931071
8593903209
8714347069
8848193611
8891641782
8921844468
8943293157
9020819263
9037191810
9048203221
9207200246
9349276514
9447451653
9495407701
9496803740
9526207006
9526712167
9526976061
9544551194
9605690913
9633922312
9744335970
9745348016
9746673177
9747097254
9747304550
9778254776
9778394093
9846383988
9846566743
9847405309
9946860926
9961864521
9995129939
8075141221
9447221792
9895453999
8078492987
8606585791
9961069343
7306312880
8943078386
9847634008
8590691099
9447005996
6282541683
7012940221
7978297578
8136873949
9207639908
9544893157
9946955355
9567348632
9846957076
9526361460
7034118234
9746808785
9995878198
6235792453
6235876402
6238507278
6282194731
6282313858
6282414034
6282414039
6282647300
7012131424
7012190864
7306632237
7306860455
7356748868
7510871139
7558921678
7561065831
7591956132
7736812862
7902669597
7902897470
7907572840
7907866047
8075210990
8086328938
8086710814
8086983095
8129468129
8129660629
8281030838
8281788108
8301943038
8304073103
8590430283
8606105840
8848578971
8848659739
9061279298
9188193821
9400591979
9400731156
9400731556
9446100272
9446168446
9447027149
9495058611
9495187448
9497379497
9526963459
9539818548
9544202588
9567126592
9645641046
9656582366
9656986206
9746167819
9778479684
9778723498
9778762913
9809181565
9846406130
9946128840
9947029633
9947452884
9961814308
9995624927
8089839695
9567229647
7994753837
9447403629
9539993272
9745727578
8086416645
9037966551
9048880221
9207262945
9567038771
9633559021
9656116717
9656566838
9895152658
9895360005
9895926094
9946421188
6235592630
6238057283
6238374070
6238415439
7012979022
7034593791
7356248318
7356445002
7356725522
7356905203
7356958033
7356958238
7510986842
7594857562
7994086588
8089219206
8129139524
8129894028
8137935358
8138072686
8200838752
8547005821
8547516758
8590324158
8590515019
8714068812
8848859550
8891383042
8921583159
9037578353
9061677835
9188672431
9207676765
9207793498
9207904068
9400508869
9400700228
9445872740
9488286471
9495154334
9495340234
9495556151
9497005336
9497236495
9526643265
9526889608
9544464439
9562484501
9562803728
9567494729
9605598422
9605773585
9605928173
9633160069
9633426928
9656388634
9746406429
9746726022
9747667033
9747681336
9895146597
9895385490
9895889889
9946332586
9947186350
9947447801
9961957271
9995225035
9995303012
9995402724
9995493603
9995523487
9995764582
9995907281
7012628185
9744942206
9847391224
7025155361
7736842907
7907395024
8075808719
8078079356
8086202140
8089929288
8129264612
8590771824
8590876305
8848501645
8943012697
9037207797
9037212058
9048174106
9072924855
9207603385
9400033961
9605143226
9745671406
9048040086
7994891787
8157861582
8848272107
9048244342
9061186722
9745846691
6235408331
6238024066
6238167835
6238280729
6238547346
6238780644
6282216780
6282285052
6282457099
6282637499
7025544168
7025688991
7025702870
7025884691
7025938313
7025997714
7034046980
7034305568
7034428871
7034715861
7034734550
7306543378
7306590641
7306893800
7356549453
7356793957
7403513612
7510277247
7510803842
7560834366
7560945660
7593066939
7593861559
7594010743
7736088261
7736174419
7736630214
7736775302
7736789899
7902250590
7902301375
7902366015
7902593369
7902943749
7907023089
7907141677
7907161094
7907490680
7994162772
8075306874
8075506031
8075598945
8075790601
8075900685
8078232469
8086207193
8089449493
8111857622
8111988849
8113893890
8129078235
8129372437
8129434210
8129439811
8129510589
8129736824
8136863209
8137914506
8138044036
8157011506
8157811608
8330030061
8547578263
8590250271
8590282602
8590356487
8590464794
8590583823
8590827900
8590839927
8593887678
8606546411
8606570126
8606645637
8606804641
8848613631
8848682378
8891229067
8891302417
8921871377
8943012990
8943819779
9037371942
9037379127
9037404641
9037563653
9037607492
9048001186
9048030273
9048096422
9048380155
9061075933
9061189855
9061508560
9061508561
9072131929
9072855074
9188550060
9188603132
9207386472
9207544231
9207544632
9383421253
9400133329
9446174135
9446177209
9446618913
9447212809
9447269453
9447478647
9495245457
9495429984
9495594810
9495670469
9496404827
9496545172
9526123426
9526430775
9539548195
9544004474
9544130704
9544927692
9544978498
9562056613
9562083702
9562441638
9562613811
9562743554
9567178801
9567478801
9567595934
9567765912
9605244917
9633589877
9633693270
9645512927
9645548057
9645985785
9656259788
9656263216
9656353120
9656390563
9656617128
9656746724
9744009025
9744067310
9744968761
9745091389
9745276627
9745301558
9745464377
9745873172
9746185859
9746297227
9746822230
9746886857
9747452143
9747456017
9747469401
9747471279
9747474298
9747590430
9747625191
9747783845
9747886548
9778062017
9778170148
9778214201
9778708441
9846802146
9846969122
9847561427
9847644496
9847821350
9895636852
9895855371
9946087250
9947334179
9947671527
9961021941
9961190106
9961228771
9961663994
9961880377
9995004721
9995017691
9447897866
9526673624
7907502409
6235035917
6238321914
6238795957
6282294028
7012517926
7356395310
7558891343
7736325510
7736508403
7907381380
7907527975
7907851837
8086145086
8157829827
8281967152
8547275388
8590525090
8606018194
8606784203
8848224758
9061347382
9447833376
9495936502
9526218642
9526347677
9526887641
9544780802
9567108829
9605139927
9656084769
6282375065
8891614755
9446569472
6238269354
9747135258
9747361752
9747465005
7356321597
8848387824
9061512534
9061523080
9061555651
9539027247
9562997120
9605477133
9605963148
9633680881
9633940850
9744473502
9895027534
9895129083
9947957076
9446828692
7560803610
8301948287
9446576386
9961942261
9544030220
6282969177
9142244196
8075857965
9995568519
7561885940
8590365459
7034457267
9037312518
9744518867
7034914585
9946527132
7306261826
7306269638
7560812197
8589078579
8594001671
8606361680
8606590610
8606783722
8848914813
8943472780
8943506887
9048718280
9048752833
9400328653
9444761372
9447212399
9495176075
9495316748
9539442335
9656911289
9745695939
9961605567
9961686335
7736843787
8078191173
8139023123
7902469713
9496588121
6238119986
6282189107
7356692168
7510572422
7558816264
7592895894
7736064385
7736826225
7907686019
7994598256
8089800906
8156875782
8526342077
8590856473
8606843235
9072233718
9074014629
9074248464
9074655108
9496600545
9526290538
9544163251
9544661871
9567597816
9633059050
9645344802
9656834458
9656928393
9895275144
9947518504
9846975182
7025438810
8301909859
7012263837
8547389565
9447804480
9526233546
9895621797
8330060796
8590724371
8921527632
9567765475
7558887586
8075197530
8256821121
8593868711
9061364790
9072596046
9188892192
9388643284
9388849582
9447136655
9447572435
9544058693
9600965493
9605570111
9645519289
9656205526
9656546270
9656621880
9662861744
9746055620
9746129190
9809742315
9946948218
9947996048
9961478215
9447309875
9048917974
9447221170
9539247152
9645193624
6235879703
7025565642
7025815528
8089853105
8137830425
8138874897
8139814220
8589020964
8590388935
8606628301
8848397459
9048874261
9048945927
9048945971
9074312054
9207067532
9207489397
9207826040
9526915641
9526924178
9567779249
9605075414
9633486535
9633655715
9656262642
9745673687
9745785833
9745904828
9846116854
9846588175
9846692373
9846777208
9895620801
9946223918
9946731376
9846941553
6235168561
6238085366
6238635539
6282015506
7012314680
7034227372
7034502729
7034529986
7356257330
7356858128
7510483710
7510615317
7559821049
7561883844
7760026855
7902343364
7994702510
8078586546
8086136254
8086214354
8086579263
8086966416
8113917046
8113996037
8129389104
8136979038
8136995921
8139871650
8289825379
8330871165
8547458466
8547720706
8606350094
8606594100
8606625244
8606725099
8606853348
8606915045
8848601074
8848801496
8921796950
8943566094
9037452463
9048799745
9061048611
9061326457
9072153689
9072471407
9400935762
9446350242
9446759710
9447584667
9495005378
9495205512
9495268725
9495521871
9496096257
9544138004
9544894066
9562306200
9562375797
9562623476
9567187487
9567729313
9633148995
9633470883
9645245714
9645386578
9645415544
9645590140
9645685536
9656841993
9744287930
9744608058
9745119498
9745236080
9746064171
9746115075
9747361541
9846110339
9846691578
9946280129
9946782970
9946817647
9946862986
9995436141
9995574178
7034935976
8086634259
9497375159
9539896803
9846413226
9895451843
7510851971
7902364910
8029331947
8111897230
8281817399
8848896592
8921874363
8943621926
9061267885
9074398359
9400373373
9495792157
9495794414
9495812128
9495819294
9544953025
9567631088
9778332619
8129099891
9400046062
9495482018
9746003425
7012892084
9446124825
9947715222
9496760315
8921939280
9895645949
8921839475
9037573251
9645372740
9744682587
6238948257
6282999373
7034544440
7561850586
7593027900
8714090511
8848693395
8921431217
9061280395
9446661460
9446847356
9447007109
9495901460
9544425946
9605517125
9633680511
9745009743
9746113024
9747725411
9747966980
9846600083
9947320976
9961198656
9995496781
6235388689
6238219059
6238270531
6238301307
6238548305
6238653256
6282000154
6282187080
6282556935
6282964531
7025091295
7025735998
7025872891
7034237936
7034295866
7034998310
7306294540
7306717510
7356230308
7403990278
7510374084
7559098984
7560942732
7592070734
7736118136
7736394644
7902561377
7902572977
7902726535
7902952960
7902965164
7907021284
7907308093
7909220838
7994362252
7994429898
7994462954
8075382767
8075612753
8075651086
8075698723
8075819079
8078281031
8078797539
8086115074
8086298714
8086335941
8086401646
8086757418
8156912663
8281238225
8281934450
8281939594
8289866975
8301803372
8304883402
8547722568
8547887889
8590628367
8606801095
8606867717
8714822009
8846845302
8848242517
8921151016
8921397492
8943070876
8943335177
8943569866
8943721630
9037742432
9048136110
9048156426
9048302697
9048477545
9061325107
9072416995
9072731990
9072831915
9074426503
9074604819
9142108241
9188054407
9188485642
9207180110
9207406560
9207613810
9207695377
9400019568
9400648603
9400666423
9443498952
9446155054
9446608075
9446830386
9446945591
9447097859
9447352713
9447451071
9447698631
9447752716
9447939455
9495130993
9495509183
9495796388
9495809200
9496308019
9496356701
9496520586
9526029213
9526044552
9526543900
9526671951
9526785262
9539488659
9539577771
9539790177
9562449502
9562661064
9562770996
9567418571
9567476453
9567743402
9605572321
9633254091
9633478990
9633544040
9633872328
9645239018
9656464154
9656509186
9744521545
9744712993
9744871720
9744996746
9746439540
9746718013
9746732798
9747311022
9747788680
9747999740
9778075445
9784311813
9809135048
9846542270
9847937371
9895194754
9895469037
9895488354
9895665181
9895782331
9895822029
9895980210
9946323340
9947216626
9947377764
9947450736
9961068444
9961208449
9961851274
9995373853
9995660526
7306612698
7558871802
6238034769
6282585426
7012911037
7025363693
7736305096
7902285425
7907623901
7994079454
7994670343
8086223901
8113950858
8129096443
8129747579
8547173243
8547923298
9061365124
9078460772
9495549810
9496731379
9496885556
9496945188
9544268225
9544612104
9567922772
9605584737
9605673741
9633784403
9744110935
9744186794
9778568817
9840688826
9947841807
9961731339
6282951131
7560955082
8136921636
8547068417
8848233727
8943664412
9037688102
9061881729
9061936652
9400784113
9961866937
9995633372
8137035958
9447474848
9895890553
7025158084
7025258084
8921879328
9567583638
6235399481
6235607970
6238384630
6282497821
6282619203
7034457676
7558912275
7736260776
7994072631
8089364041
8111971615
8129627282
8138808620
8281389730
8301951184
8547201396
8593001760
8848232040
8891606001
8943203655
9037621569
9037970237
9061479960
9207321192
9539837314
9539991589
9567616886
9656884787
9744997921
9745826696
9846899415
9961575730
9995630725
6238016442
6238685433
7025323693
7025821142
7356964044
7510161708
7558042289
7902201261
7907552659
7994131664
8157024291
8157985354
8281973575
8301917948
8301991602
8574077016
8590929789
8848358041
9037038747
9074134751
9188261600
9207391061
9207619042
9349205626
9400026646
9544542181
9567671497
9605564622
9745258061
9995169390
6235417840
7510649477
7736940934
9496527958
9946134999
7907228618
7907242572
9495950134
8592928733
7012405321
7025104144
7356060810
7356114125
7356203357
7510108866
7510157377
7994263654
7994788446
7994814048
8075503827
8075605055
8086807659
8129734534
8129917908
8592982479
9072579987
9388112174
9446405820
9495076952
9526575460
9747977542
9995073837
9995565887
6238636650
7012971196
7034778271
7306709206
7306892650
7510315671
7510365271
7561859160
7594955198
7736601923
7736753128
7736862334
7907954917
7994036378
7994423546
8089213863
8089355731
8089949191
8111971348
8129705930
8136933061
8547608845
8606601061
8606956066
8848518611
8921027294
8921140313
8943526493
9048615253
9447601691
9447674767
9495310962
9526076395
9539069376
9539579047
9567046861
9633085921
9746672263
9747398161
9747724502
9778499023
9847093740
9847137963
9874093740
9895275018
9946386576
9946388900
9946388990
9947155466
9400901084
8547090285
9778728421
8129251878
9946341081
9526323099
7907055366
8301004523
8589977625
9539828084
9846227862
9846559707
6282002411
6282721124
7012902781
7025232092
7025297801
7025643211
7034320368
7034775616
7034827758
7306628600
7306876843
7356782305
7510256894
7510807982
7559020742
7592034562
7592927885
7593075419
7593953831
7736677082
7736738377
7902453887
7902621523
7907143213
7907917115
7994707427
8075063841
8075107283
8075303592
8078011390
8086028445
8086117492
8086209879
8086431612
8086534783
8086745026
8089575103
8113061868
8113951416
8129283259
8129340469
8129767581
8129890153
8281246099
8281511797
8281931288
8304875078
8547060711
8547780716
8547901345
8590223354
8590494104
8590608494
8590610073
8590873390
8592054612
8606165520
8606346430
8606590780
8848082957
8848972773
8943062079
8943801503
9037984732
9048142635
9048691977
9072045110
9072078095
9074045304
9074104385
9188765282
9400261667
9400314971
9400665052
9446056139
9446092182
9446460707
9446628123
9446764023
9446828869
9446994118
9447021299
9447513229
9447604296
9495038705
9495105176
9495472122
9495472126
9496696415
9496698023
9496823507
9497185366
9497443167
9497534229
9526289076
9526893875
9526996342
9526996347
9539543650
9539621272
9539853218
9539860955
9544026692
9544607655
9562249693
9562771620
9562771663
9562944101
9605145439
9605708863
9605753975
9605923514
9605996380
9633428065
9633885201
9645692204
9656181457
9656364992
9656844467
9656946945
9744121791
9744595114
9744617186
9744834738
9744841657
9745014275
9745076872
9745085360
9745239043
9745281733
9745505019
9745518834
9745547215
9746089478
9746329200
9747109832
9747172089
9747235059
9747546442
9747585415
9747751584
9778244723
9843481034
9846168890
9846331018
9846444134
9846481034
9846490342
9847101147
9847207350
9847236329
9847237290
9847356502
9847605429
9895121118
9895274326
9895775031
9895814579
9946253150
9946283843
9946520716
9946555275
9946785543
9946792503
9946792509
9946842469
9947240871
9947380847
9947692095
9961436523
9961518869
9961519828
9995146571
9995821099
9744973074
9074040735
9387839779
9567712772
7025100647
7025907654
7034248612
7034574560
7306986680
7510332732
7559883267
7736731076
7907696719
8086879727
8089728917
8129977661
8139080241
8139839611
8547916472
8590236507
8590930626
8592073382
8592971782
8594028126
8714085158
8848600287
8848614892
8921629756
8943749504
9048690263
9061322687
9072976712
9181298963
9188752122
9388234129
9400001378
9446064723
9446346472
9446569458
9447850814
9496346722
9526020793
9539283194
9544698062
9544717441
9562924859
9567255529
9605112772
9605589619
9605735907
9645717286
9656171479
9744080383
9745028365
9746253956
9746689040
9747032354
9747558291
9846261747
9895159334
9895351714
9947836525
9961594039
9995329104
966501446658
8547972630
8943646743
9895133850
9895137031
9995608347
9567508742
9746869600
7561048224
6235601264
9207290235
9207290238
9544736455
9747195753
9747665620
919747195753
971507215569
6282034915
7025181895
7356283065
7736611332
7907067936
7994755332
8281644792
8592937497
8714355389
8848850858
9037529329
9072207746
9074760228
9400468329
9447475161
9495503561
9495548575
9539006332
9539787793
9544509035
9544561573
9605306265
9747776771
918714355389
9847465121
7025971998
7034658770
7560939717
8281504164
8547601607
8547938657
8593899131
8714091816
9072024289
9072341664
9207405867
9387780265
9663917557
9847134208
9847311816
9847946715
9895049958
9947045039
971558858126
7994648782
7012251988
7012420231
7025042132
7025101315
7356136935
7356343121
7510224805
7510806595
7558845086
7561896249
7591926662
7736550677
7736714145
7736840381
7994358162
8086668528
8111848147
8137969396
8138896438
8156988180
8157075796
8606363333
8606839669
8891505728
8891594952
8943797488
9048568924
9048981404
9061165796
9074960055
9207871241
9496950671
9497249435
9497480326
9567600958
9567729668
9605657075
9605854968
9633139807
9633149271
9656356793
9744462359
9744780912
9744786537
9745182121
9745224724
9745241175
9747849455
9778211702
9846841604
9847174805
9946192555
9946825131
9947607555
9961539900
9961539919
9995150168
9995206402
6235539470
6235690953
6235693927
6238341204
6282182668
6282775657
7012401177
7025627168
7034108699
7034322751
7034700752
7306353022
7356447882
7356931938
7510834130
7561893923
7593075347
7736445057
7736690756
7736995897
7902232313
7902859915
7994967368
8075155807
8075898164
8086116065
8086161895
8086331913
8089233627
8089516453
8089521051
8089708180
8089783018
8089827611
8129138619
8129954956
8137924309
8138034983
8138071676
8156986154
8156987841
8157009932
8181812102
8281465580
8281544887
8547910778
8590871781
8590969106
8594029924
8606375150
8606878513
8714953672
8814825450
8848143568
8848862618
8888747860
8891292122
8891797798
8943402310
9020305042
9037424923
9037737693
9048167220
9048173827
9048723427
9048817517
9074960855
9207357044
9207559229
9446775939
9495601243
9495782638
9495925262
9496379972
9526210059
9526282990
9526337195
9526521194
9526902607
9526913610
9539033490
9539246741
9539519844
9544663555
9544801095
9562021216
9562651394
9603325352
9605119492
9605367600
9605911947
9633443832
9633675508
9645425035
9645505352
9656162287
9656963808
9685119492
9744014492
9744035181
9744202752
9744474329
9744857810
9744886881
9745323154
9745327223
9746140519
9746876815
9747368756
9778574083
9790927527
9846009422
9846012785
9846033271
9846377856
9846609778
9846630144
9847628595
9847880834
9946024228
9946055260
9946203865
9946710770
9946733437
9947142822
9947354744
9995562522
9995954775
7736321334
8891484933
8943204440
9048393433
6238481764
7025767017
8999354535
9495062754
9497797590
9767829784
8072122296
9037588912
9961247211
7306670562
7559934387
7559942343
7994022343
8129642343
8157957110
8606266460
8921172228
9048241938
9048366460
9446210347
9539841416
9633082140
9744073658
9846677472
9847022892
9847583851
9947150301
7907332646
9207580841
9447733185
9745542811
9061421350
9497552014
9534414743
9645723955
8848773260
9605371816
9745839473
9847506479
6235443662
7025996429
8547674346
9188232942
9383431815
8547422082
8547819255
8943788049
9061139429
9497313056
9497803009
9539530105
9544196651
9567217377
9605569370
9656697807
9778716586
9846570212
9846622835
9946847385
9947776461
9961453135
7034842424
971558764916
7356827801
8078051632
8281424705
8848107257
9446230643
9447602282
9496532283
9526421245
9605686141
9744720306
9746258360
9778581477
9995321008
9995893605
6238851862
6282845747
7511115015
7902485598
7907248998
7994829933
8078140399
8078995154
8086499409
8129676767
8156832130
8330863727
8714332566
8714946936
8921706695
8921762101
8943674182
9048108950
9048520889
9048530280
9207496396
9249266064
9387897513
9446724549
9447085015
9447085836
9447672804
9495783066
9562253321
9562476692
9562671553
9562724162
9562861939
9846213141
9846672674
9846999302
9847440262
9895368655
9895381246
9895396350
9947145601
9947522283
9947687528
9947699716
9947919345
9961708419
9961743449
9961947223
9995072814
9995683993
6302712453
7025877919
9539470227
7012193790
7012864592
7594015610
8943513260
9061711765
9188866976
9400881604
9495567806
9895116872
9946942922
9961122199
9995162872
9995316160
6282418083
7025370223
7034903827
7356410010
7558001537
7592932383
7594900447
7736854135
7902541604
7907570791
7907673494
7994739347
8089120824
8089293617
8089860809
8111866258
8129404519
8138851216
8139016040
8281508831
8281555075
8281697336
8590515833
8590688616
8590805486
8592812632
8594081333
8714413640
8848737986
8848780141
8943559892
8943721258
9037373183
9037848381
9048924862
9061179326
9061495796
9400796882
9495091854
9526102796
9539187257
9539665902
9544596164
9562974533
9567089287
9605847381
9645371045
9645528442
9645955518
9744148071
9744531598
9745799167
9746580522
9747921774
9778710435
9846029882
9895112909
9895188757
9947844432
9961085268
9995293794
9995841277
7012914396
7025827307
7034371755
7306877074
7511174705
8078937376
8086362072
8086725040
8086748865
8137889348
8157978845
8281107100
8547624041
8594022112
8848347078
8921119374
9048847252
9061422802
9074651987
9207885944
9495549223
9526263808
9526263826
9539031462
9539369414
9544374937
9605141902
9605173658
9605282245
9633571648
9645718885
9745132358
9745662575
9745753044
9745778668
9745789690
9746439453
9746593190
9747741528
9846296865
9846817622
9895445020
9895783359
9946364283
9946540748
9946571648
9946671779
9946818495
9947344211
9961620540
6235556008
6238416024
6238509748
6282213343
6282831405
7012314154
7025049564
7025384956
7025454711
7025803124
7034054518
7034506353
7034916049
7306150851
7356021998
7356149436
7356335602
7356359269
7510121748
7558862710
7559823467
7560978014
7561077545
7591906475
7736316105
7736407248
7736516300
7736683843
7994228404
7994260463
7994416170
8075276391
8075468193
8078473689
8078994004
8086170178
8089616167
8089831751
8111828472
8113862161
8113873641
8129409093
8129426017
8129938044
8137877521
8156898904
8281332442
8281545969
8281649948
8547179476
8547392746
8589871072
8589907671
8590415680
8590487147
8590491548
8590505337
8590587049
8592890874
8592998159
8593025235
8606299681
8606408495
8848031247
8848268293
8921478760
8921710508
8943058768
9048742073
9048854279
9061357576
9072711268
9072753333
9074041271
9074178361
9188570728
9188726364
9207147796
9207478873
9387120751
9495947755
9496527031
9496887648
9526341004
9526353705
9539033923
9544660240
9562932904
9567085637
9605065557
9605371807
9645046615
9656050680
9745031705
9745684701
9745985758
9748985758
9778755242
9846244959
9846342450
9846551841
9847287437
9847948138
9946291867
9947549722
9947874636
9961894746
9995579565
9995876115
8129137998
9400923472
9446091109
6235731403
6238751296
6282330736
7034434079
7034922861
7356840314
7736514306
8075502553
8089134305
8113070716
8301977288
8943006844
9020346667
9020439495
9020605715
9020609342
9020694935
9020858746
9048765659
9072365094
9539720581
9567730684
9633319363
9645616528
9744142855
9744475007
9744787013
9745025441
9847393514
9895834885
9946378920
7034581452
9846883958
9446763730
9746614287
8075486638
9562125066
9947337482
9961047125
9995351842
8921112403
9074099663
9633367976
9947464078
9746322245
8089043661
9446250880
9605305680
9847288418
9961555159
9072967887
9847372845
6235742343
7025863926
7034628238
7034742670
7510982839
7558820759
7736987965
7736995965
7746987965
7902490414
8075605236
8078939073
8078966445
8086437464
8089542343
8113006421
9061835072
9072504111
9082752071
9082766061
9339277383
9400347610
9446593486
9446764802
9447252486
9447253722
9447441844
9447673029
9447993850
9495420397
9497691788
9539596508
9633746613
9656953339
9741883088
9744328128
9744970900
9745519283
9745570112
9746601577
9747941577
9846025106
9846510139
9846991472
9847112495
9895393632
9900244836
9902162270
9946230823
9961304203
9995326805
919633746613
919847358318
9562121371
6282638113
6892317813
7306509821
7306990492
7356695370
7907568799
8129144233
8136888639
8590376972
8714443316
9037538858
9446431335
9446938407
9447027897
9539707751
9562406488
9645150693
9746162894
9895104630
9947671267
8086512146
9496526878
7012093326
9995509344
9596445412
9832454970
9961390670
8547621646
9744565757
6235556298
6238078863
7012942540
7306118741
7477238383
7736562122
7736989385
8129950074
8137926242
8157921996
8281799892
8547528007
8590763584
8606653880
8848309312
8848447970
9037421982
9048227697
9349755976
9446627725
9447641926
9447812260
9495039530
9496021107
9496949340
9497199438
9567709736
9567954043
9633643880
9656821647
9744073521
9745348471
9745442350
9745639922
9745863732
9745863734
9746702637
9747981844
9846092333
9846096817
9846249398
9846529056
9846896887
9847041007
9847294143
9847309454
9847815997
9895024640
9895318543
9895476192
9895997406
9947792639
9995072183
9995884440
971508145958
7538860023
8921220312
9567133085
9605757100
9496841344
9544468564
9747798626
7306391758
7902887174
8086674661
8113034951
8129845061
8137036580
8907870255
9037448412
9074738953
9446318668
9495170118
9496312042
9539127391
9746012042
9895460272
9495588283
7025530515
8078977140
9895408682
9947175666
6235260419
6235318247
6238206364
6238512071
6238697942
6238877904
6282039246
6282288177
6282448109
6282594199
6282916212
7012462052
7012549294
7012587846
7025065485
7025086080
7025105078
7025143404
7025373407
7025573806
7025611050
7025637767
7025672586
7025688938
7025906541
7034217704
7034256603
7034376411
7034689285
7034703521
7034716721
7034763794
7034829285
7034861372
7034885270
7034996758
7300483519
7306278195
7306480429
7306499106
7306507589
7306548557
7306624719
7306636703
7306853979
7306866952
7306996276
7356373900
7356395035
7356413191
7356496950
7356559023
7356576411
7356749380
7356915259
7403467347
7510192230
7510467834
7510618873
7510786647
7558852302
7558927176
7559057079
7560818702
7561088209
7591967762
7592004759
7592025782
7592068016
7592085301
7592814841
7593058949
7594997628
7736140854
7736558689
7736994256
7902202660
7902336586
7902351894
7902461472
7902492477
7902927613
7907309145
7907382092
7907862912
7907922826
7909147341
7994013407
7994046001
7994553690
7994879702
8075592824
8075668024
8075767043
8075893681
8086291444
8086731360
8086934304
8086935173
8086957260
8089139584
8089530573
8089535063
8111857811
8113909137
8129414909
8129744963
8136806351
8137962847
8138852514
8139885699
8156896505
8156949808
8156998108
8247972621
8281035109
8281457328
8281813782
8281875085
8547355971
8589020090
8589055590
8590190231
8590445061
8590827613
8590866381
8590937916
8606359421
8606778385
8714058116
8714470409
8848220470
8848998113
8921208657
8921646248
8943615920
8943941619
9019176178
9048482886
9048701254
9048910461
9061174081
9061699768
9061876216
9061978192
9074290215
9074571051
9074637466
9074846807
9207878121
9400733386
9446537731
9447241974
9447350678
9447486361
9447528392
9447580857
9447602978
9447673060
9447694911
9495054678
9495424323
9495632282
9495853309
9495954867
9496071711
9496371416
9496678321
9497800294
9514490746
9526395917
9526691315
9539314938
9539799019
9544266022
9544268784
9544863113
9562349675
9562704915
9567255703
9567345322
9605264068
9605709628
9605817713
9605848108
9633091521
9633457678
9633458574
9633696317
9633836515
9645074933
9645536009
9645800259
9656642317
9656727342
9744069400
9744227311
9744232933
9744671995
9744729872
9744737782
9744946677
9745275709
9745404674
9745719881
9745904991
9745999771
9746199934
9746428006
9746626044
9746877421
9747014884
9747869600
9778019131
9778317701
9778410115
9846219532
9846862941
9846865471
9846879154
9846887764
9846927795
9847086235
9847391576
9847433380
9847453635
9847458785
9847494236
9847605259
9847623061
9847801055
9895143667
9895305351
9946153279
9946170445
9946211162
9946350692
9946461488
9946493968
9946568739
9946606303
9946660674
9946944521
9947254949
9947348794
9947359346
9947857244
9961415480
9961495671
9986862111
9995893287
9995926653
6235234812
6235660631
6282641737
6379917362
7012214812
7012994500
7025100719
7025825776
7025993881
7034341261
7306357313
7306581442
7306760328
7356803172
7356818970
7510242848
7510662017
7510885932
7559018801
7560975957
7561895078
7592042265
7736205935
7736270308
7736950249
7902292804
7902432068
7902456107
7902600294
7907099061
7907842447
7909241579
7994274770
7994624490
8075165705
8075607071
8075715069
8075797691
8075799239
8075876744
8078340501
8086105854
8086292926
8086362337
8086453610
8086731645
8086832147
8086907152
8089098907
8111912580
8113948169
8129086872
8129259507
8129410628
8129675161
8129753031
8147044382
8156866139
8157807008
8281502019
8281532807
8281832608
8281902947
8547002371
8547397517
8547892514
8547929203
8589837951
8589874754
8590217347
8590223436
8590376326
8590395898
8592010957
8592834808
8606108617
8606174592
8606306516
8606437500
8606475749
8848581871
8848859879
8891474219
8891547977
8891668900
8891828839
8891899895
8921133625
8921419544
8921597138
8943069036
9037396234
9037402911
9037971101
9037995955
9048514569
9048613878
9048796675
9048862573
9048865500
9061572459
9061875592
9061953762
9072207773
9074201504
9074601146
9142203519
9188136503
9188263436
9188494158
9207074172
9207334701
9207407520
9387100408
9387293804
9400586123
9443793190
9446141719
9446520972
9446622901
9446658169
9446723641
9446765690
9446873371
9446928520
9447007035
9447977500
9495423276
9495627242
9496019826
9496280551
9496284253
9496839368
9496898821
9497413751
9497540284
9526120972
9526199641
9536985994
9539284550
9539560628
9539685994
9539703185
9539718540
9539747565
9539749220
9539790055
9539831060
9539842532
9544198865
9544236682
9544265285
9544556730
9562072250
9562273714
9562338031
9567205548
9567288557
9567352299
9605006974
9605133095
9605184593
9605603684
9605622358
9633616709
9645243097
9645274661
9645590667
9645810958
9656171439
9656295803
9656901054
9744113927
9744193892
9744288845
9744392774
9744489780
9744698802
9744786713
9744929606
9745233908
9745322879
9745755289
9746113106
9746199993
9747032514
9747738670
9747739255
9747798553
9747851769
9747902194
9778076876
9778128921
9778713502
9846171757
9846203969
9846372350
9846527293
9846562561
9846752170
9847066150
9847118439
9847129824
9847206533
9847255859
9847504147
9847584653
9847788526
9847796238
9847815341
9895783018
9895790152
9946119787
9946603625
9946690564
9946690716
9946694161
9946721125
9947140308
9947673876
9947763758
9947785713
9947827251
9947849651
9961591254
9961856762
9994732368
9995147977
9995242788
9995468456
9995481522
9995481552
6238191035
8848995113
9605275189
8089144431
8089234961
9447875540
9846681961
6238036596
7356856037
7907011885
8075336369
8129243204
8129912460
8139073231
8156978030
8157072415
8281257403
8281747407
8547135433
8592820834
8606112331
8606584620
8714180146
8891466290
8907323388
9048096981
9048942299
9061100697
9444786435
9446067642
9446687058
9495225452
9497419455
9526155883
9526315179
9539079706
9539269775
9544518467
9562723302
9567695248
9633435978
9633480166
9633722110
9645016992
9645402266
9645714909
9645881161
9656157790
9744951392
9778219679
9809909107
9846243428
9846628129
9847095350
9847095390
9847140694
9847661394
9847845986
9847936996
9847964355
9946006666
9947041621
9947453545
9947864355
9961065735
9961566059
9995678302
6235440128
6235705000
6235978884
6282631887
6282651049
6282936711
7012098988
7012165385
7012354569
7025102738
7025244984
7025522980
7025629813
7034179439
7034402576
7034694833
7306646239
7306738729
7306965722
7356511904
7356908691
7510722342
7559913527
7593951951
7594007929
7736114801
7994736949
8111966208
8281258488
8289993058
8547679723
8590990596
9020610099
9188291310
9207942915
9400786673
9446158968
9447969691
9495552122
9496913527
9562219796
9562433600
9562671121
9605041760
9645495960
9744180623
9744180923
9745410540
9846630259
9847489580
9847971920
9895689289
9946455845
9946492694
9995492915
7763114801
7902910923
7907369382
7907564034
7907872187
7909226024
7909226062
7994418274
7994563938
8075597772
8075798133
8078863228
8089566986
8111831517
8129012298
8129215132
8129256128
8129671492
8137030359
8139872794
8139881521
8281200910
8281850037
8589040466
8589093622
8590236045
8590441974
8590663730
8590729553
8590873932
8592952026
8606312476
8606494831
8606510962
8606551420
8606619145
8848123910
8848398265
8848408619
8848955157
8921377227
8921424588
8921553107
8943783483
9020409335
9020426030
9048434462
9048826030
9061382589
9072365123
9074552640
9074614497
9074824070
9188695531
9188715643
9207034320
9207176675
9207474797
9207673242
9249320737
9400581921
9400831022
9446873703
9447577941
9447875014
9447887067
9447993650
9495882790
9495882801
9496473254
9497065955
9497551972
9526025109
9526546273
9526607354
9539542904
9544012569
9544418540
9544548558
9544556958
9544852673
9544896986
9544914428
9562025109
9562277131
9562342196
9562927720
9605013046
9605151957
9605243447
9633045581
9633392957
9633396207
9633609428
9633852242
9656425343
9656425370
9744905063
9744973271
9745894538
9746352844
9747149124
9747154105
9747203942
9747274998
9747512118
9747666150
9747895697
9747941655
9778306679
9778740540
9846105215
9846340237
9846527439
9847320873
9895033761
9946609526
9946690235
9947112271
9947323006
9947368826
9947578977
6238257993
7306019459
7306718390
7559975861
7594821391
8086271786
8129879073
8281457092
8606352789
9048316718
9447728722
9497805298
9539102510
9539308510
9562336782
9562495943
9605553363
9633162990
9656975748
9744296180
9746533486
9747582800
9846923696
9895957568
9946468481
9947425579
9961538548
6238577488
6282383480
7025804766
7594802598
8547350092
9037342243
9400884252
9605239056
9946330137
9995578745
6235620653
6238227007
6238477463
6238932869
6282261481
6282458361
7012188057
7012559695
7025173581
7025297249
7025451864
7025684975
7025880175
7025953367
7034075687
7034250301
7034775592
7293940335
7306456811
7510597133
7510908534
7559801881
7560948655
7736377185
7902830207
8075136363
8606788486
8714275186
8714791902
8921034947
9048684986
9188196339
9400789317
9544508021
9633175186
9633218886
9633391495
9745297076
9747155119
9747724908
9847356145
9847932117
9995711161
7736190869
7736309140
7736332410
7736368233
7736774781
7739736653
7902647133
7909206568
7909298900
7994621048
7994817811
8075419468
8078340354
8078449372
8078774296
8086423940
8086556362
8086815476
8089041561
8089277582
8089601539
8111845779
8113871232
8137008990
8139833961
8139866261
8157982922
8157999609
8281019280
8281068384
8281101980
8281140914
8281257133
8281738184
8281756825
8281839476
8301926009
8547046262
8547337311
8547921617
8590196498
8590223708
8590503893
8606341370
8606528148
8606625722
8714417770
8848781004
8921396152
8921774360
8921869706
8921964365
8943090622
8943816524
8943927307
9037322487
9061274781
9061456576
9061987343
9072215889
9072451469
9072730029
9074395034
9074487210
9188828194
9207497583
9207906056
9249316084
9249964294
9288600170
9387288081
9400447524
9446345233
9446365185
9446618914
9447878836
9495148535
9495280084
9495853192
9496266897
9496770646
9496830248
9497568367
9497711557
9497803927
9526377405
9526552705
9526740431
9526858739
9539059339
9544260743
9544317567
9544324258
9544338836
9562304295
9562625722
9562633862
9562636104
9567464910
9602262638
9602960941
9605142166
9605150724
9605262638
9605960941
9645746044
9656161202
9656576686
9656630990
9656892551
9744043060
9744051607
9744902141
9745484726
9745859053
9746353409
9747057807
9747464603
9747714215
9747839986
9747934652
9778179735
9778531420
9846271484
9847074078
9847186032
9847770079
9847795878
9847800809
9895214366
9895622108
9895971419
9946051526
9946755195
9947152613
9947314823
9947710551
9947986346
9961353181
9961356180
9961541303
9995143902
9995444004
9946059946
6282994753
7907115867
8281876649
8590625057
8848818513
9249342285
9400991150
9495085140
9496214632
9645839605
9901704433
9961798245
8943900451
9447817984
6235905969
6235925301
6238035404
6238092221
6238245144
6238350571
6238551279
6238634440
6238701217
6282187707
7012659482
7012779670
7012852180
7025164469
7025840712
7034204316
7034435656
7034435659
7306025464
7306748844
7306805107
7356042137
7356285131
7356574938
7510278747
7510462764
7510883208
7558983472
7559080579
7561067163
7594808547
7594808647
7594947776
7736482649
7736491306
7736664494
7736731311
7907139206
7907308806
7994150904
7994889755
8075519408
8075599087
8086011144
8086107496
8086188301
8086192105
8086578120
8086981013
8086989788
8129452472
8129850698
8138066606
8281823714
8289872738
8289984989
8301063250
8330808285
8547300750
8547570679
8547644843
8589941229
8590208674
8590492392
8590631931
8590920958
8590984049
8592016685
8592041070
8714152035
8714154025
8848173700
8848526689
8848564001
8848803049
8848851709
8921370450
8921961670
8943061028
8943111907
8943472280
8943860437
8943949140
9037284680
9037371304
9048458572
9048626606
9048764468
9061016400
9061048051
9061296763
9061430855
9061813265
9074511772
9074645990
9074654161
9074949198
9188868924
9249239386
9349860809
9388049000
9400152138
9400246474
9400345882
9400536526
9400559137
9400607126
9400663405
9400667958
9400722116
9400993445
9446047682
9446051545
9446231609
9446232128
9446247390
9446624209
9446939696
9447285395
9447415896
9447475144
9447616391
9447809463
9447830916
9495046662
9495055927
9495118841
9495130464
9495332970
9495384928
9495410729
9495465428
9495633910
9495712496
9495854587
9495961545
9496123311
9496348717
9496913234
9497102043
9497179070
9497538997
9497727249
9526303980
9526636541
9539469989
9539498553
9539697765
9539808948
9539865121
9562223445
9567250521
9567544628
9597295860
9605631776
9633728217
9633983011
9645223112
9645283921
9645477510
9645541129
9645609112
9645782708
9656170601
9656232520
9656794536
9744040294
9744061322
9744109662
9744184898
9745240643
9745281157
9745623172
9745641319
9745864220
9746566925
9747283415
9747727278
9747775990
9747990091
9778112206
9846072146
9846073392
9846256230
9846283304
9846552533
9846787154
9846809679
9846853548
9847029963
9895160712
9895175755
9895309395
9895457316
9895763902
9946094448
9946103643
9946235154
9946515406
9946589102
9946740565
9946866637
9947071779
9947678553
9961068913
9961412412
9961496350
9961900877
9995357039
9995478911
9995551495
9995566684
9995700903
9995804625
6238873728
7306298259
7306575005
7736228784
7902839881
7907629484
8086391080
8086405240
8086588081
8086688081
8086755253
8086809496
8086848340
8089171998
8089351334
8089376684
8113904662
8129713240
8137862739
8156951633
8281408124
8281877569
8289819693
8289851661
8301074127
8547128166
8547361440
8547808646
8547849703
8547980121
8590154925
8590354688
8590470466
8590486278
8590491650
8590584995
8590619650
8590696471
8592047004
8606252089
8606294705
8606312726
8606444105
8606657817
8848871570
8921137335
8921168696
8943210373
8943328101
9020132110
9037433282
9048423882
9048532009
9048712196
9048893393
9072176332
9072336018
9188153257
9188183257
9188493522
9207142867
9207374487
9207634632
9400053151
9400165842
9400166366
9400175003
9400621678
9400989885
9446242267
9446242652
9446242957
9446345238
9446408112
9446710924
9446823251
9446908342
9446937937
9447085013
9447693627
9447816951
9447923601
9495031785
9495042990
9495053529
9495169558
9495331242
9495332196
9495421102
9495462609
9495634632
9495851106
9495854251
9496144714
9496302443
9496478640
9496760441
9526303535
9526553081
9539224857
9539348573
9539963778
9605314915
9633035356
9633252281
9633549362
9633628055
9639984785
9645035828
9645274801
9645337222
9645722533
9656003545
9656601354
9656649795
9656813380
9656967171
9744314030
9745134613
9745151660
9745337101
9745553267
9747439171
9747554686
9778232277
9846153279
9846318065
9846502462
9846784154
9895399596
9946129620
9946240216
9946290861
9946324031
9946398838
9946629769
9947742055
9961097985
9995603844
9746470968
8848507987
9446474628
9447701545
6235497095
6238227223
6238261727
6282210447
6282398665
6282633807
6282638466
6550637435
7012046062
7012217537
7012419911
7012492292
7012609877
7012652884
7012808997
7012924851
7025439596
7025541398
7025600649
7025664511
7025671717
7025723499
7025767076
7025791183
7025902679
7034166890
7034639981
7034858174
7052902679
7306255150
7306474525
7306546704
7306772463
7306807147
7356319734
7356668832
7356991886
7510248766
7510445212
7511125459
7558915612
7559007226
7559849482
7559902822
7561068905
7561868905
7561871201
7592079640
7593043197
7593053911
7594060126
7736123537
7736600668
7736681192
7736758638
7736844091
7736950147
7736955407
7902261106
7902298043
7907325120
7994382071
7994382072
8075107895
8075739618
8078939986
8086416699
8086472998
8086944376
8129010861
8129379588
8129402496
8129839584
8129926097
8137884420
8137981650
8138955056
8156871279
8281131338
8281265628
8281483137
8281621558
8281907523
8301026887
8529393440
8547222658
8547447164
8547700642
8592050530
8606446430
8606834598
8848284816
8848899041
8848902153
8848952572
8891177653
8891400627
8891414675
8891453003
8893197254
8943181511
8943420366
8943429816
8943623254
9020373982
9037914043
9048084907
9048147101
9048202576
9048290099
9048394051
9048984775
9061734482
9207284286
9387157358
9387299038
9446324715
9446876142
9447399907
9447839830
9495275422
9495622698
9497062015
9497208056
9526838347
9539529627
9539716922
9544331906
9544912190
9562006863
9562096223
9562774961
9562921183
9567707397
9605095673
9605900761
9633003137
9633612598
9633769119
9633790063
9645593789
9744207788
9744339916
9744367386
9744671261
9745365243
9745414761
9746032082
9747921183
9809769155
9846028777
9846077904
9846294632
9846687081
9847493129
9847522874
9847874691
9847940300
9947690056
9995390765
9995447315
9995574209
6238124975
6238452259
6282842647
7034457468
7736215061
7736245476
7736400937
7736522832
7736765734
7736880652
7902339014
7907028943
7907499975
7907654680
7907889747
7994013939
7994320267
7994743684
8075409603
8075474428
8075993864
8078968312
8086102936
8086391798
8086610991
8086647849
8086755981
8086861806
8086865883
8089972780
8089991021
8111845992
8111860102
8111939064
8129135368
8129173351
8129294996
8129345796
8129505757
8129652364
8138093351
8139055704
8156813519
8281087910
8281192232
8281694060
8281913246
8281962258
8289848006
8289873421
8289986956
8304052809
8304895589
8330089982
8547343362
8547363700
8547881832
8547979186
8590218923
8590327820
8590402965
8590769416
8590808769
8590863240
8593062002
8593938571
8606286519
8606566653
8606864085
8848226230
8848336231
8848443761
8848755003
8848971427
8848987620
8891437445
8891660275
8943134032
8943164996
8943165030
8943466529
9037706506
9037992202
9048233800
9048431051
9048997016
9061057703
9061210871
9061977287
9072112654
9072303322
9072425960
9072450643
9072609649
9074053204
9074078055
9074129036
9074145308
9074171633
9074411284
9188028397
9188305892
9188714581
9207327508
9207637311
9288146844
9288504709
9349982021
9387106396
9387657186
9388825590
9388920030
9400171821
9400656391
9400956391
9400988913
9446142160
9446231280
9446309630
9446314910
9446410590
9446453730
9446463730
9446533855
9446622830
9446722238
9446724582
9446808088
9446872883
9446982301
9447615157
9447617692
9447704802
9447806934
9447936341
9447970659
9495129813
9495355665
9495384591
9495667876
9495729676
9495797200
9495884515
9496142391
9496168747
9496215367
9496281468
9496562414
9496888592
9496975157
9497252883
9497371936
9497371939
9497656392
9497656419
9497956419
9526057979
9526119675
9526247920
9526339369
9526547908
9526639647
9526771673
9539058525
9539535604
9539574318
9544338594
9544949672
9544989895
9562336874
9562425679
9562803311
9562900216
9562982627
9567130133
9567165159
9567583987
9567715111
9567733269
9605034027
9605132301
9605303208
9605328538
9605491091
9605775982
9605900664
9633552795
9633670740
9633706610
9645629616
9645800982
9645801095
9645864050
9656305819
9656320487
9656452974
9656571478
9656725747
9656962570
9744027724
9744028934
9744481238
9744666445
9744767714
9744828444
9745250218
9745304693
9745471920
9746613130
9746644620
9747170813
9747730125
9747758405
9747973772
9778036767
9778041052
9778057536
9778133241
9778345130
9778348130
9846133563
9846242660
9846244380
9846400412
9846488403
9846493380
9846493767
9846875912
9847170922
9847247803
9847372951
9847474802
9847982242
9895094841
9895192003
9895923640
9946038086
9946116527
9946161439
9946329654
9946457112
9946517510
9946593553
9946726114
9947224518
9947363682
9947435520
9947711297
9947724959
9961273133
9961522358
9961589957
9961752189
9995168177
9995374059
9995624982
9995790628
9995792894
9526367386
7736684961
9847954770
8129338179
7907406397
8590669341
8590958960
8592999058
9645800977
6238231121
7025454881
7591988801
8075167919
8129597517
8547406669
9048848357
9074343855
9447075692
9789019536
9846722420
9847850961
9895725917
6235241169
6235482035
6238248119
6238652353
6282789396
6282872839
6282959663
6282972668
6599162881
7012466842
7025047620
7025089934
7025218149
7025330952
7034121971
7034527525
7306742863
7306785388
7356026401
7356089038
7356586200
7356841088
7510227768
7510844101
7558081161
7558822278
7558869145
7558876134
7558999611
7559020551
7560853564
7560910214
7560946881
7561033700
7561872746
7591944558
7593074087
7736100946
7736471082
7736509182
7736630768
7736727639
7736812274
7902211302
7902813006
7902886537
7907069938
7907094942
7907607345
7907669184
7909179458
7994971717
8034799112
8075548391
8075772675
8075840645
8075915221
8075917737
8086033296
8086104046
8086165712
8086510604
8086876896
8089126685
8089829404
8113002781
8113085560
8113824301
8124716964
8129158983
8129951286
8136889859
8136954471
8139065643
8156808488
8156812742
8289812166
8547971305
8589997892
8590092667
8590416513
8590457668
8590511923
8590514358
8590572913
8590863838
8590955412
8592858449
8593005347
8593852570
8593857425
8606008862
8606247244
8606266797
8606620000
8686121206
8714471918
8848710396
8921060813
8921321648
8943021972
8943218400
9037211288
9037213501
9037224283
9037274753
9037285784
9037288663
9037302772
9037317993
9037352159
9037375334
9037376766
9037379373
9037379834
9037390672
9037403436
9037416678
9037445237
9037498221
9048187514
9048322292
9048362299
9048587766
9048800982
9048853964
9048959301
9048995156
9061148031
9061203715
9061324640
9061450436
9061710452
9061917118
9061980888
9072827915
9074488402
9207103984
9207339488
9207626575
9349145626
9388232433
9400301129
9400591751
9400767946
9446026608
9446807758
9446993326
9447358143
9447601688
9447650135
9447886917
9496364270
9497125370
9497560769
9497742010
9526018761
9526230169
9526333539
9526370047
9526413991
9526425525
9526736258
9526921546
9526945794
9539020945
9539530787
9539590423
9539789957
9539933029
9544003891
9544052484
9544055861
9544091043
9544320971
9544341793
9544395212
9544508857
9544559813
9544569143
9544860895
9562385776
9562413556
9562469697
9562675244
9562681671
9562681813
9562869594
9567105587
9567373217
9567978846
9605070201
9605241906
9605246599
9605335424
9605585882
9605702505
9633168851
9633245575
9633505804
9633653978
9645092443
9645166783
9645191778
9645762418
9656018465
9656168326
9656328302
9656619822
9656960311
9744006162
9744501944
9744796925
9744862545
9745306735
9745494318
9745658791
9745772536
9745780507
9745802825
9745846051
9745864273
9746194319
9746222596
9746642030
9746672207
9747035397
9747374468
9747725870
9748625545
9778559297
9778796699
9809984954
9846072840
9846081092
9846143871
9846149314
9846467150
9846597234
9846664059
9846928225
9846936529
9847057845
9847066053
9847092046
9847150180
9847159683
9847180864
9847292955
9847763929
9847821267
9876543210
9895320882
9895433540
9895729578
9946015870
9946099606
9946221360
9946459357
9946568400
9946604308
9946656098
9946807750
9946834732
9946835320
9947114056
9947236727
9947343979
9947420223
9947578746
9947579602
9947595290
9947633947
9947799635
9947823247
9947841724
9961059824
9961063996
9961085229
9961487657
9961613150
9961689145
9961689475
9961734212
9961807517
9961831544
9961907753
9995329471
9995339905
9995744195
7510853752
8075866649
8086035173
9747010323
9946096871
9946341261
9188872986
9961629275
6238842325
6282116579
6282445987
7025035753
7025101576
7510166244
7558820670
7559894954
7902440921
7907074182
8086371039
8086373863
8086881871
8111941257
8113007055
8129319087
8129870801
8156988976
8281933129
8301059348
8304806404
8547034714
8547259220
8606105335
8838064701
9048685518
9188717499
9446430864
9446696372
9495053326
9495634954
9495713108
9496347344
9496982225
9497180763
9497626128
9562235836
9605074313
9656532743
9744793483
9744911445
9744917914
9745741934
9745822363
9745864204
9746146984
9746198736
9746466419
9746628275
9778594628
9846538110
9847512879
9895109465
9895998058
9946259090
9947383278
9947584369
9961053472
9961394009
6282357954
6355778303
7736753914
8289879244
8547508030
8590620940
9037314895
9037691485
9072182812
9188132514
9349547110
9349847134
9446218281
9495096548
9747156413
9747989777
9846052317
9846216174
9847404411
9925199721
9946552317
9979617721
9995267134
916238775394
971505685233
7025959202
7356316989
7510103574
7994617289
8075688198
8075695862
8086392684
8089970950
8281594270
8304891778
8521571428
8590009558
8592968688
8606098301
9048111507
9061042406
9061161034
9188732465
9388871026
9388871056
9400388294
9400390341
9400506687
9447864585
9495044261
9495883701
9497710564
9539400252
9539559398
9539638709
9539919836
9544529117
9633675224
9633890601
9656599210
9746998880
9846036369
9846182591
9846266914
9846805909
9847140569
9995933243
9846381232
9061779360
9747431444
7559980487
7594083316
8606537131
9495581965
9526378628
9526542623
9846402157
6282686593
6235712432
9778434019
7012956385
7025800794
7560880314
7594892099
7736839590
8086037709
8086217684
8289947449
8547635863
8606940768
8714009508
8848790647
8891633572
8891741001
8921201496
9061276664
9207144764
9446987758
9447771203
9526420635
9539640702
9744871495
6235424060
6235556039
6235792385
6235862908
6238060714
6238108019
6238315812
6238319140
6238392170
6238605637
6238759552
6238763399
6238825570
6282239023
6282346151
6282394781
6282468215
6282620733
6282913846
7012429176
7012722769
7012778385
7012851503
7012947434
7025294918
7025446270
7025459074
7025593004
7025731440
7025911871
7034295899
7034608726
7034692758
7034750975
7034877272
7293104458
7306013446
7306244138
7306565039
7306767975
7306923620
7356004039
7356466416
7403462108
7510489474
7510531960
7510925836
7510930533
7558978234
7559002120
7592888682
7593041344
7594022306
7594060896
7736150621
7736185943
7736226169
7736356681
7736478243
7736716921
7736745162
7736780550
7736793493
7736796950
7736995540
7902316951
7902366752
7902444051
7902691025
7902775591
7907331441
7907371977
7909233405
7994250857
7994274152
7994486224
7994812115
7994822602
7994875770
7994974028
8075206319
8078222585
8086031355
8086161972
8086251914
8086427991
8086783196
8089182061
8089352231
8089448390
8113834219
8113848637
8113981442
8113989400
8129025796
8129263549
8129267903
8129291698
8129363549
8129524489
8129707511
8156814934
8156899643
8157867446
8281126355
8281448713
8281510627
8281563887
8281600325
8289907553
8289964653
8301047860
8547068202
8547245399
8547247328
8547321554
8547351367
8547428689
8547519371
8547538589
8547591647
8547594261
8547651516
8547944879
8590382976
8590790024
8593066251
8593075870
8606151831
8606358516
8606413635
8606434132
8606655493
8704526358
8714141091
8714143242
8714166464
8714831695
8714963430
8840539725
8848077817
8848110247
8848371189
8891406975
8891453743
8891634558
8921543483
8943024955
8943090680
8943143389
8943262639
8943310286
8943701405
8943718220
8943769823
8943890103
8943890110
9037194613
9037228059
9037285671
9037325002
9037414130
9037419695
9037700484
9037900737
9048103883
9048321712
9048364050
9048367748
9048619038
9048796370
9061350946
9061446975
9061635567
9061699793
9061815884
9072067279
9074226843
9074835191
9074873689
9074939155
9142474037
9188344942
9188553285
9188728774
9188837507
9207236534
9207399602
9249379414
9288700149
9387240452
9400286003
9400573186
9400669742
9400692761
9400916632
9446230221
9446335630
9446660385
9446765033
9446863491
9446872866
9446996285
9447308583
9447325761
9447365598
9447381338
9447581589
9447702803
9447807451
9447921091
9447992107
9495000579
9495326401
9495536432
9495542429
9495694408
9495851595
9496125063
9496170591
9496703419
9496941837
9497298512
9497408719
9497423633
9497485536
9497527274
9497560598
9497586482
9526088024
9526118834
9526270843
9526275956
9526546004
9526677215
9526709623
9526853939
9526902565
9539114056
9539332424
9539600693
9539764693
9539891247
9544363395
9544454436
9544562688
9544585002
9544870430
9544899523
9544906209
9544992974
9562011758
9562019326
9562178505
9562668360
9562739353
9562824872
9567061525
9567159682
9567181885
9567269423
9567383651
9567591366
9567605416
9567746499
9605209058
9605236205
9605534893
9605766671
9605769456
9605856201
9605946968
9633037556
9633450625
9633524817
9633708398
9633903058
9645025795
9645334503
9645594604
9645798325
9645937570
9656357083
9656431563
9656549666
9656804127
9656914894
9656997873
9662178505
9744112259
9744152483
9744187916
9744199541
9744447176
9744527610
9744895562
9745398446
9745921119
9746208690
9746713867
9747043875
9747080013
9747136665
9747151603
9747434013
9747830973
9778026031
9778177962
9778195300
9778294802
9778563453
9846060079
9846244957
9846262850
9846557511
9846557756
9846680343
9846885173
9846939113
9847053078
9847102878
9847103521
9847164957
9847546475
9847785135
9847790291
9847913952
9895051051
9895061553
9895149869
9895220166
9895834103
9895924098
9895927347
9946217542
9946281693
9946739486
9946937664
9947012370
9947019558
9947249910
9947956749
9961014434
9961346628
9961352771
9961961710
9975600950
9995013788
9995079309
9995194241
9995209623
9995491195
9995614050
9995780070
7907893917
8113989585
9048170123
9447062300
8075839745
9495942398
9526359773
9544385214
9567399939
9567895343
9847941672
6235498940
6235870927
7012999741
7025881749
7034468340
7034852064
7034856919
7306550832
7306691290
7306794136
7334486195
7356044646
7356243887
7510150369
7510287074
7559040111
7559930680
7559932256
7561818627
7561896792
7736551065
7736562805
7736643821
7902629264
7902992964
7907072652
7907204356
7907635486
7907850391
7907975881
8075228600
8075659816
8086181839
8086424093
8086445992
8086723118
8089550126
8129098093
8129340674
8129403200
8129946949
8156964925
8281159308
8281532475
8281840565
8289844384
8592815710
8606203521
8606419849
8606702784
8606738119
8606810826
8848165180
8848305800
8848501581
8891676519
8907280415
8921390611
8921925589
8943212291
8943237649
8943267412
9037218079
9048394062
9048405172
9048411901
9048467912
9048536488
9048609310
9048647716
9048654025
9048662783
9048927254
9061642585
9072688875
9078483869
9207148806
9446721901
9446788379
9446861424
9447239070
9447643406
9447691094
9495246847
9495378507
9495424093
9496168152
9496201871
9496564261
9497139751
9497622144
9526240602
9539309175
9539338157
9539428429
9539648448
9539677449
9539820017
9544858524
9544949493
9562246805
9562457147
9567221980
9567677114
9605929146
9633340565
9656139309
9656209420
9656421500
9656646961
9656692850
9656694668
9744761388
9744969304
9744969751
9744972868
9745682257
9746072200
9746787761
9747071884
9778251926
9819193353
9846002748
9846235860
9846936870
9847947096
9895618314
9895779518
9895788991
9895820643
9895863216
9946462235
9946698543
9946725718
9946832866
9947533602
9947587017
9947868322
9961052354
9961495685
9961521369
9961911210
9995256989
9995338003
9995659445
6238288267
6282178901
7025167599
7034114003
7034431548
7510788930
7559021109
7560919697
7593875564
7594852289
7736071711
7907016453
7907669682
7907843493
7994477584
8075361164
8078020196
8078326306
8078896662
8089433445
8137916309
8156977885
8157816369
8157878917
8281710976
8281811854
8301002854
8304071023
8547369897
8547920353
8590488533
8592972342
8848683183
8921451347
8921491804
8943993599
9037059884
9037416482
9048295310
9048338315
9048885478
9048910916
9072427528
9072803056
9072878278
9074403249
9074428068
9074908764
9207479680
9207813895
9207831895
9387104277
9400054631
9400074398
9446011353
9446027950
9446230025
9446232261
9446249467
9446623064
9446762910
9446854979
9447083371
9447148694
9447200950
9447527189
9495056948
9495224632
9495463337
9495552604
9495565563
9495702162
9495781923
9495883297
9495937370
9495983371
9496621095
9496755478
9497068242
9497179809
9497223599
9497257579
9497624564
9497627430
9497657028
9497657130
9497719564
9526545401
9539428403
9544535756
9544895756
9562398427
9567824370
9605415060
9633244390
9633813422
9645527921
9645599327
9645733044
9656123512
9656123966
9656310504
9656824220
9744176382
9744208151
9744243589
9744673594
9744703496
9744846581
9744971711
9745570174
9745641719
9745799823
9746005535
9746293056
9746540070
9747156621
9747331895
9747412300
9747541600
9747551711
9747947412
9846089688
9846111109
9846299717
9846310470
9846716300
9846863090
9846881306
9846930338
9847363699
9847400700
9847769521
9847781028
9847784871
9886546494
9946145454
9946944559
9947450104
9947957216
9961357504
9961605986
9961892735
9995295310
9995604501
6235048202
6238052881
6238057809
6238611668
6238632924
6282457118
7012203166
7012727595
7025488307
7025612643
7034322792
7034417362
7034816013
7034825876
7306405105
7306605722
7306644775
7306705044
7306986827
7356457524
7510568993
7561854229
7592859079
7593998696
7594917997
7736068700
7736327605
7736376160
7736521219
7736560052
7736872771
7736995457
7902859559
7907413035
7909103152
7994233451
8075131794
8075662473
8078045892
8078246210
8078841157
8078935955
8089649108
8129382308
8129668877
8139085483
8156943640
8157990117
8281361567
8281755384
8289904972
8301006813
8301804080
8547009961
8547482482
8594055456
8891852960
9048448170
9048909181
9072513187
9188703421
9207472684
9288188566
9349001365
9400291385
9446003349
9446057349
9446445639
9446466444
9446722971
9446871376
9447460036
9447779444
9496530418
9496987983
9526962352
9539654246
9562193044
9562345481
9567734994
9633147693
9633737085
9645046622
9744660546
9745366375
9746858310
9746974307
9747152074
9747820254
9846474612
9846677695
9846682294
9847111055
9847705127
9895676591
9946563364
9961030225
9961160160
9961533667
9995098010
9995167325
9995818850
6235039139
6235434095
6238239589
6238546092
6238581830
6238714693
6282295248
6282444713
6282545061
6456782332
7012080176
7012838436
7025954725
7034168032
7034611307
7034611308
7510616256
7560840336
7736245730
7736574116
7902965044
8075738974
8078486505
8086512581
8089162809
8111950114
8113003812
8113983279
8129044246
8129754881
8281810154
8589015021
8589091849
8590325332
8590365735
8590486090
9061564618
9074082884
9074131057
9074516562
9074657265
9074679081
9188108644
9188278906
9207166621
9349830342
9388163577
9400642002
9497171067
9497311689
9497627483
9544002818
9544921702
9562228243
9562357925
9562635722
9562766331
9562969683
9567091296
9605418672
9605690004
9744673867
9745432587
9746074873
9746462063
9747429566
9778204122
9846052918
9895973937
9946461452
9947474855
9961486234
9961661046
6238586041
7356427018
7594016148
7594808181
8078705435
8281850587
8547642545
8589906424
8590649133
8606331694
8891576926
8921893100
9388642661
9446440328
9447970578
9494855383
9495248681
9495423228
9495853984
9495861570
9495923435
9496310400
9496618400
9497182264
9497737402
9539525493
9562245545
9645905268
9656119139
9747465576
9846952463
9847292525
9895558355
9895855049
9961253005
9961483628
9995373628
8592830567
9495802077
8848902250
9446623504
8089767063
971507654475
7510309825
8078440193
9400261299
9446656800
9497215261
9947155261
6238155573
6282903863
7559001771
7592934820
7907379518
7994571825
8078359610
8129785488
8714566971
8714922967
8921361734
9048312479
9048947493
9061514142
9383414269
9383424314
9400528922
9400543433
9495629033
9526344262
9526953358
9539571026
9539703494
9562668321
9562846276
9567023643
9567055923
9567732065
9633304462
9656771041
9745857830
9746417627
9846253598
9846825664
9847814295
8075246917
7034856522
7736519907
7909225735
8289874808
8592082835
9048024499
9072506492
9074148339
9388898606
9400982064
9495387977
9526474749
9539541042
9567430871
9567502041
9656297443
9656698869
9656765041
9656938237
9747416294
9846826648
9847652188
9946858739
6238627946
7736297075
7736549576
7736943395
7907651577
8157806314
8589867750
9048926215
9744186426
9745780241
6282162744
7510552013
7510948460
8086815321
8139842065
8547176152
8590536172
8590831918
8606231532
9048903961
9048931288
9072876152
9072921312
9272921342
9495056715
9495247049
9497073652
9526069088
9539678417
9539751342
9633005109
9744845198
9745047619
9747157954
9846373652
9846578450
9847138560
9061331807
6235269896
6238812506
7012914324
7306438002
7559080297
7561895984
7736675814
8086921376
8086921456
8301991850
8547183525
8547187423
8594049596
8606163605
8891123243
9048021623
9048913605
9061841909
9072105814
9447920682
9526954592
9539890457
9544555103
9605903042
9656332989
9656624269
9744753521
9744897963
9745240639
9745724597
9747661549
9946592633
9995255814
7025609610
7025858004
7356975290
7902370356
8086949578
8547090760
8547882655
8592952113
8606936469
9400271331
9495529050
9497133084
9539616062
9605315816
9605591687
9645518113
9656043118
9656870721
9745715570
9745863777
9745904875
9747101609
9747438905
9778314545
9846033584
9846551473
9846833584
9856662426
9946893963
9947055642
9947085642
6235227482
7510870165
8593045848
8943409504
8943833452
9447428383
9526063105
6238136768
6238623113
6238959053
6282499548
6282680559
7012626541
7012939650
7025603631
7306174968
7306797134
7510879921
7592934691
7593843226
7593979099
7736174951
7736256118
7736439861
7736788995
7736814830
7994246054
8547588756
8590132605
8590569108
8593044683
8848086649
8848094797
8943170351
8943488243
9349416187
9400744118
9400915808
9497840921
9497852017
9539342149
9544556038
9567435597
9567840215
9645640241
9656017844
9745553881
9746737855
9747430431
9847014251
9847428839
9946623911
8086585458
8943789296
9061641590
9400746391
9645024741
9745064964
9847662857
6282724848
7034565062
9037467627
9400777749
9447652177
9495566614
9495568321
9562767627
9645153230
9947719989
9961521370
7034166623
7902317845
7994252559
8075668309
8078844980
8086236909
8086502290
8089140383
8129240453
8129915969
8139832517
8304845069
8714803082
8848737275
8943847138
9037626035
9061161806
9061422149
9072041940
9072410119
9388480888
9446869747
9447993958
9497311656
9562094435
9562765563
9605527358
9605933794
9645447996
9656281543
9656864385
9744011587
9746394258
9846636905
9846686442
9946311656
8075726622
9061859465
9446881673
9524269630
9747631252
6238031972
6238595905
6238687998
6238904630
6238933075
6282336104
6282535617
6282647469
7012563170
7012797117
7025077604
7025094258
7025168532
7034148334
7034186904
7034295940
7034719379
7034780611
7034824131
7034911226
7233036990
7306822785
7306913592
7306938712
7356134764
7356328033
7356831394
7356855209
7356876662
7356916869
7403105644
7510670659
7558819194
7558866004
7560842977
7560891582
7592034898
7592934622
7592944003
7592965059
7736097450
7736330440
7736489344
7736583058
7736741651
7899156103
7902790969
7902970219
7907065798
7907379922
7907406268
7907459151
7909142951
7994022845
7994680065
7994720298
8075089997
8075197416
8075532990
8075650420
8075714753
8075817511
8078509110
8086051046
8086197547
8086253163
8086324325
8086429757
8086438008
8086558592
8086738292
8086956068
8089350443
8089804989
8089863573
8089892964
8113851911
8129435317
8129531886
8129845413
8129861017
8129871626
8129899101
8129954672
8136904973
8281101432
8281230478
8281364792
8281527980
8281883725
8304819569
8304841852
8547145012
8547359695
8547360094
8547473946
8547880403
8547987626
8589065156
8590296050
8590636864
8592822895
8592880470
8593071361
8593071660
8593911603
8606067658
8606226846
8606478739
8714392525
8714831139
8714905766
8714941422
8848109508
8848124643
8848325276
8891296406
8907275867
8921024265
8943102460
8943111909
8943330043
8943409507
8943453542
8943528279
8943630351
8943834173
8943990311
9037428868
9037717431
9037821340
9048031083
9048045457
9048140313
9048175865
9048228486
9048565010
9048566855
9048741945
9048782531
9048795380
9048923573
9048965353
9061122941
9061211361
9072209183
9072548635
9074029657
9074291364
9188392057
9249896006
9288404290
9349493335
9388286644
9388408009
9400473864
9400507372
9400729843
9400789965
9400792554
9446627418
9446788264
9446882293
9446904351
9447108719
9447240110
9447291945
9447351071
9447378013
9447539437
9447670094
9447692476
9447695943
9447968155
9495029709
9495632925
9495667347
9496028072
9496253861
9496394778
9496536973
9497370151
9526274566
9526351347
9526384670
9526506930
9526549826
9526559463
9526888487
9539163605
9539245019
9539265851
9539450195
9539639161
9539740062
9539914223
9544193109
9544220900
9544336229
9550850566
9562279622
9562421107
9562795614
9567089405
9567404712
9567555722
9567879727
9605486543
9605487079
9605512560
9605525608
9605653551
9633031275
9633125708
9633126382
9633143418
9633251794
9633351315
9633936082
9645006350
9645147868
9645306245
9645727133
9656127650
9656128177
9656228427
9656640993
9744061797
9744480926
9744576331
9744636390
9744847248
9745152789
9745375708
9745635025
9745774357
9745848822
9746143315
9746688383
9747074927
9747276228
9747276540
9747301815
9747514271
9747786201
9747835426
9778435837
9809401136
9846084167
9846684033
9846926809
9847219461
9847377670
9847421262
9847871079
9895076588
9895234491
9895661151
9895877959
9895893019
9895937498
9946033772
9946072001
9946113215
9946284768
9946414524
9946422845
9946528034
9946545888
9946859220
9946912129
9947300722
9947336248
9961065449
9961123209
9961504916
9961666821
9961701599
9961901423
9961995654
9995421493
9995476116
9995630945
9995631237
9995634745
9995634890
9995671325
9995788130
6235198467
6235526472
6238429244
6282071396
6282836504
6282919005
7025599097
7306744593
7403502092
7560882570
7592979162
7994172080
7994409343
8075253472
8075554881
8086395884
8089064830
8089408546
8089831409
8089949216
8111812649
8113803897
8156914075
8156939986
8547181533
8590637303
8590976085
8592919251
8594081549
8606281021
8714124863
8848719462
8848892445
8891470010
8891488463
8921119631
8921702074
8943304758
8943714218
9048616611
9061107264
9061737302
9072042543
9072777732
9072916364
9074145454
9188238677
9188268944
9249871292
9249989792
9400409195
9447179006
9495110917
9496081159
9497205775
9497320662
9497626850
9526565891
9539316446
9539406926
9539621191
9539621470
9539623981
9544973542
9562940047
9567178146
9567344820
9605265110
9633046575
9633502766
9645394933
9645735620
9656449710
9656608177
9656856104
9656899259
9744000144
9745182412
9745615204
9745888457
9746821165
9747747716
9778536775
9809113964
9846105293
9846221047
9846255231
9846555429
9846851365
9847433594
9847628998
9847767227
9946712565
9961081164
9961519453
9961786520
9961829215
9995330295
7510774749
9846266122
7559838229
8086702439
8281151542
9074278934
9746550337
6238779823
6282932409
7025950036
7356426492
7510209104
7594891538
7907509636
7907520253
7909242472
7994590185
8075247050
8075626112
8075956223
8078258031
8086754841
8089150411
8089673830
8089863042
8129662929
8129977519
8281848042
8547004836
8547157569
8547180778
8547644356
8592832471
8594052096
8606718880
9037095506
9048294070
9048307040
9048349661
9048815574
9061108949
9061760450
9072104768
9207886456
9387391442
9446317624
9446582235
9447410451
9447521836
9496045242
9496748213
9526858929
9539335675
9539597702
9544341461
9544346149
9562238904
9567789950
9605257072
9605502771
9633509357
9633756170
9645278919
9656348422
9744752281
9744974027
9747225574
9747594789
9747743960
9846795422
9847206618
9847324018
9877656129
9895859741
9946278314
9946619252
9947828603
9947856780
9961553827
9961896239
8943906567
9746716448
9847552451
7025438027
8606770908
9048782588
9497337927
9846739089
9947719495
9495062348
6238153468
6282423238
7012130800
7012222677
7356457715
7736323433
7736737247
7907208873
8086826310
8157880840
8301982491
8547285873
8547681825
8606307340
8848576739
8921269856
8943077154
8943468942
9037351369
9048932483
9061868895
9061868899
9072219577
9072332766
9074530742
9074949851
9249637920
9349616789
9445697279
9446940302
9495633693
9496717557
9526527832
9544103522
9562593256
9567058359
9567165000
9633224224
9633388942
9633765556
9744716320
9747825440
9747911991
9846798001
9946992835
9947661213
9961003914
6238339705
6238852297
6238995135
7034469293
7907791086
9048412892
9495384724
9496611798
9497330724
9526556440
9567209278
9645420072
9645703194
9656727130
9744946549
9846468617
9995552515
7306864995
8281364137
8592810445
9447741536
9207284469
9645647200
6238451692
6282566743
6282953266
7510826157
7594820966
7736745079
7907377266
7994270410
7994355754
7994971331
8111909513
8136986892
8592095487
8714358745
8943510160
9037323001
9037938574
9048500806
9072017234
9074918450
9188355754
9446137194
9446510207
9447215754
9447861438
9495098643
9539220166
9567055385
9745412780
9745412788
9747594913
9747895892
9846083733
9846300966
9846301363
9846784783
9947996465
6238359009
6238413904
7025119823
7034741432
7558014981
7559007709
7560937029
7561848596
7561873393
7907286780
7994482058
8075312357
8086882422
8089640632
8136849498
8281745278
8590797275
8592828174
8593052823
8606186756
8921834636
8943005052
8943063215
8943834341
9048047480
9188869128
9400967603
9446216093
9446765496
9447647229
9495196889
9496264781
9544544486
9562437639
9567087499
9605580233
9605728611
9656475871
9744661592
9744883835
9846882163
9895202328
9946440510
6238173205
6282617384
7025104564
7736630554
8089803877
8129188333
8943324966
8943575650
9037009026
9048498807
9074326195
9562731021
9745063215
9746734392
9747032527
9895171698
9946324041
6233806918
6238230979
6238474840
6238497381
6238739865
6282219469
6282548173
6282808792
6282922712
7012319173
7025166288
7025175237
7025604535
7025624599
7025910417
7034202082
7034782016
7306370569
7510523034
7559921893
7559933077
7592011331
7593098801
7593919686
7593995125
7594912697
7736003825
7736693481
7736774136
7736787113
7902379009
7902759534
7907466946
7907479131
7907519884
7909122505
7909196508
7909240671
7994444573
8075008588
8075199072
8075562420
8075728306
8075785642
8078227889
8086676283
8086966495
8089583951
8089586776
8089701829
8129598116
8129746366
8137840055
8138073343
8281291705
8281402512
8281559059
8281776541
8281818507
8301088869
8304912862
8330837264
8547752057
8590072702
8590177947
8590372652
8590390217
8590464624
8593071209
8606752634
8606862027
8714369434
8714470086
8714534644
8848437317
8848649195
8891453103
8907727161
8921272608
8921964051
8943226191
8943397004
9048001829
9048684264
9048941652
9074847631
9188718227
9207776678
9207795133
9383480292
9400365158
9400762466
9446231143
9446597924
9447097613
9447166537
9495520265
9496431868
9497800090
9526359419
9526429673
9526619024
9526870396
9539232813
9539364483
9539455843
9539514426
9544030766
9562350623
9567986804
9605035839
9633485392
9645826772
9656064748
9744952947
9745523442
9745628155
9746271955
9746276627
9746645737
9747066571
9747753346
9778402352
9778596287
9846308432
9846441606
9846507890
9847643163
9895195004
9895296167
9946094618
9961851010
9995252844
9995460246
6235374228
7025873390
7592851979
7593968752
7736566543
8075549810
8078293988
8078803676
8089009043
8281418678
8289969451
8547171849
8547445056
8547639844
8547726484
8590694893
8592951569
8606641104
8606808866
8848572289
8921570396
8943051678
8943651913
8943815518
8943927415
9037031577
9037244214
9048365227
9072396149
9188586007
9400202031
9446763926
9447216421
9447225856
9447513288
9496965639
9526838615
9562642170
9567544211
9605285776
9633001144
9645235240
9744008866
9744838662
9745548916
9747573336
9747835808
9846260481
9847364842
9895282883
9895662226
9895916440
9946149112
9946960776
9947795624
9995050431
6238392543
7306636685
7736434251
8075036275
8086181130
8086495518
8086650609
8281896518
8590570168
8606807330
8810640898
8861952699
8861952900
8943407471
9061526517
9207535492
9262812534
9446764480
9495026516
9495312528
9495548966
9497560008
9539375625
9539416676
9539928262
9544342914
9605051086
9605057773
9656576052
9744162533
9744512145
9744692933
9744906703
9744906705
9747171904
9946654011
9946765965
6277802301
9048423498
9207817088
9544944260
9934567810
9946537722
6235397405
7034592338
7306984962
7356642644
7510280775
7560903405
7560930686
7593946531
7907465527
8078933028
8086428511
8086440403
8157010775
8281403405
8921775118
8943709259
9447692174
9447696495
9495271118
9539249915
9562776592
9645148609
9645863650
9645863656
9744213645
9745888008
9746804341
9747788523
9846802364
9847566554
9994212214
9995997404
7907069617
8547691048
8848202789
9061647798
9188426226
9446625220
9447439469
9809446263
6235013154
6235377345
6238025134
6238079219
6238098601
6238212844
6238220732
6238446659
6238568698
6238588048
6238668805
6238856741
6281268300
6282003145
6282025426
6282148167
6282217327
6282241447
6282348647
6282410950
6282753439
6282765960
6282805613
6282987277
7012383994
7012527009
7012667698
7025002534
7025038454
7025045312
7025168490
7025176343
7025574963
7025948429
7034060263
7034213989
7034288439
7034303398
7034308162
7034378723
7034954346
7034989454
7306020928
7306036594
7306114488
7306133994
7306144264
7306464374
7306529654
7306724061
7306737691
7306806449
7306861117
7306867492
7306883919
7356261553
7356565104
7356838773
7510262712
7510397992
7510547472
7510699125
7510727264
7558056635
7558878408
7559820766
7559856076
7560839658
7561818642
7591930377
7592929838
7592962403
7592986217
7594846392
7602561797
7736194160
7736492474
7736510949
7736539714
7736601596
7736680239
7736738493
7736758549
7736812393
7902644392
7907131381
7907290753
7907573559
7909122102
7909149951
7994555941
8000318005
8075010967
8075168983
8075370941
8075379911
8075383954
8075485295
8075526864
8075877223
8075990124
8075991257
8078580960
8086344691
8086429745
8086464881
8086498799
8086818483
8089158667
8089164881
8089402068
8089413785
8089646415
8089880308
8111907801
8113820097
8129743561
8136825202
8137063290
8139096603
8139836169
8156891560
8156908565
8156949256
8157842986
8281238728
8281272258
8281375820
8281376578
8281715797
8289876643
8289991985
8304877520
8304927731
8330093216
8330094923
8330841635
8506377345
8547074745
8547616953
8547914810
8547969271
8589077790
8589896937
8590040603
8590438835
8590504067
8590508948
8590676642
8590902765
8593071227
8594078206
8594093123
8606377345
8606722166
8606804618
8714352441
8839556814
8848095562
8848138642
8848460204
8848582875
8848737707
8848758210
8848863531
8891406825
8891761212
8893707377
8907334055
8921397593
8921511458
8921765118
8921935572
8943010032
8943163480
8943321188
8943605071
8943949742
9037220508
9048192075
9048308904
9048374106
9048507412
9048686033
9048783595
9061620721
9061641207
9072293320
9072295903
9074710043
9074971494
9074987257
9188074279
9249899063
9288097490
9288178572
9383452034
9388482277
9400116554
9400441208
9400542810
9400847776
9400848187
9446144357
9446407279
9446603063
9446743232
9446762924
9447026287
9447127900
9447518838
9447529252
9447616002
9447760439
9495046974
9495167711
9495168935
9495304561
9495321395
9495336884
9495420034
9495525870
9495738574
9495800057
9495907282
9496349674
9496353135
9496425201
9496429853
9496917983
9496959165
9497250887
9497625205
9497657533
9497790772
9526018507
9526121124
9526248299
9526677172
9526974764
9539120526
9539229450
9539421227
9539447836
9539653873
9539656036
9539763122
9544055787
9544079413
9544107516
9544573441
9544664715
9544719339
9562495661
9562519720
9562854331
9562911882
9567193764
9567308155
9567570291
9567577836
9567695048
9567742618
9567900746
9605083909
9605132399
9605758713
9605803027
9605960435
9633309130
9633502475
9633898955
9645145378
9645321871
9645521233
9645552475
9645739100
9645746603
9645824224
9645884104
9645910153
9656021128
9656412776
9656558812
9656582510
9656775769
9656911283
9744111209
9744181861
9744277772
9744483515
9744648904
9744671513
9744757293
9744884729
9744971714
9745163726
9745246560
9745628220
9745714761
9745716885
9745763203
9746009738
9746315095
9746530984
9746662518
9746894727
9746908917
9747231827
9747236362
9747390945
9747729509
9747792269
9747982908
9778079945
9778183799
9778360077
9778797209
9846109141
9846131383
9846232242
9846494883
9846524243
9846980061
9847194400
9895080640
9895224704
9895581569
9895650900
9895707073
9895738624
9895861463
9895913708
9920885715
9946013502
9946146100
9946273358
9946579658
9946580297
9946751189
9946945521
9947228478
9947470107
9947502415
9947599431
9947731340
9947954150
9947975349
9961228063
9961699346
9961786942
9995169866
9995303124
9995978288
6282991997
7034373414
7034637390
7034677390
7403893280
7736984183
7736992613
7994740465
8078385952
8129401532
8590812779
8606257835
8606669018
8891720126
9446940213
9495133628
9496246958
9526357079
9526360936
9539116582
9539361250
9562118910
9567833009
9633552587
9645326184
9645493034
9645502613
9744143628
9746365071
9746542318
9747835795
9846601651
9895975217
9895983475
9947529636
9961209755
9995245971
9847927390
9526386310
9544397248
7560858412
9539874843
8714202271
9633236537
7559988853
8606232716
9544282771
9562296436
9567245299
9605739437
9744648341
9746271744
9847533218
9847557749
9847958651
9946235712
9947810423
9961725313
9995284203
9995874663
7736508735
8075021146
9446344760
9539072311
9656744874
6238869424
6282687403
7025500764
7306286902
7561879368
7736671749
7736974149
7902570041
7907165692
8089948322
8129132208
8289855798
8289966739
8301839379
8547540567
8589869305
8590472677
8606559313
8848724270
8893837765
9037411367
9061496490
9061904252
9207114186
9387120844
9388775195
9400172569
9400179293
9400755251
9446630487
9447225940
9447618970
9495119865
9495667484
9496247837
9496301515
9496667784
9496977458
9497554382
9526103515
9526736179
9526752274
9539030084
9539594603
9544337040
9544470209
9562613320
9562745276
9562753227
9567252776
9567490224
9605576084
9633507636
9645944731
9656772763
9715058908
9745135080
9746172200
9746523172
9746995679
9747994914
9778789914
9846055713
9846777560
9847151961
9847151963
9847304975
9946893985
9605550598
6235409004
8113858047
9199613934
9633691331
9846257183
9895590906
9946802504
7907598278
9400414295
9539555267
9633143136
9961614943
6282228345
7025231879
7034515551
7034938523
7510476579
7594874841
8086259205
8086549529
8301853762
8500276776
8547887325
8590428212
8590950063
9249998751
9400238841
9447239796
9495421066
9495576194
9526467447
9539391432
9562769689
9645157207
9745066026
9846221550
9846691950
9947673443
9961273238
6892818052
7580083733
7907508737
8113989464
8136804007
8848713122
9037089973
9061642430
9207524889
9526371730
9562602436
9567305076
9744943121
6238758534
6282251708
6282719553
7034573851
7356276128
7560810719
7592956946
7594074824
7736664301
7736816359
8075073536
8075945227
8089976130
8139055984
8590950377
8848423023
8848994412
8943966526
9037455464
9074861969
9447237355
9495423841
9539254573
9539388740
9544215288
9562199264
9746288381
9747165489
9947729144
9995515538
9400583284
9544663600
8848329061
8943074771
9074869011
9074959818
9544314285
9645774771
9846145864
9847576768
6282503052
6238754129
7025322743
7025527892
7025793288
7907006643
7994699360
8078060474
8129535951
8290241617
8290982733
8590420263
8606131772
8606654682
8921120805
8943089543
9037600404
9048417132
9048565949
9048699017
9071797070
9249741764
9305708703
9447921103
9496416473
9497656977
9526408328
9602708403
9633452492
9645026457
9745475220
9746518375
9778098423
9847935216
9961720269
9995173330
8129056414
8289998431
8893370707
9645151571
9746601159
9747772460
6235631748
6282471704
7012021278
7012320975
7025060993
7025096851
7025410553
7025411090
7025455429
7510834110
7736309798
7736789268
7907696768
8129767496
8590684608
8714428619
8714725045
8848259834
8943361372
9037865497
9048256363
9074005924
9446766026
9526473129
9526950207
9526998642
9539435224
9539915255
9544410911
9562630622
9656593713
9656655053
9744348953
9744486759
9744497006
9745372670
9747274909
9846095368
9846180305
9846971126
9847089793
9847766988
9895847219
9947376107
9947817535
9961317422
9995387257
6235286079
6235317385
6235759770
6282326988
6282353975
6282456661
6282572392
6282814439
6282985159
7012218238
7012351860
7012364403
7012396010
7012476734
7025029154
7025451329
7025482364
7025528812
7025582770
7025596217
7356551473
7356627614
7356659091
7356890434
7510468838
7560998652
7561096331
7561826548
7561872861
7592003167
7592856928
7594013630
7594837073
7736186463
7736516721
7736892614
7736968966
7810386788
7907749014
7907790965
7907876926
7994712670
8075259443
8075339466
8078418288
8086188752
8086631125
8086712828
8089503865
8111847057
8113011480
8113989774
8129509139
8136871664
8137867457
8157807271
8281372191
8281535418
8281559931
8281737133
8281880605
8289984822
8301040012
8547187016
8547296875
8547419614
8547845374
8590345050
8590495813
8590597372
8590713096
8592056401
8592847630
8606289501
8606328594
8848787935
8848883522
8891236682
8891799755
8891808486
8921569323
8943486732
9020471361
9037252208
9037469291
9037577471
9037940734
9048498380
9061287002
9061659050
9061992192
9072161695
9074045651
9074120752
9074603694
9188263588
9188359716
9207832678
9383451750
9400346746
9446089138
9446390091
9446728990
9447523263
9447552326
9495441726
9495614525
9495845203
9496031916
9496945257
9497624806
9526470016
9526512680
9539253441
9544407568
9544643583
9544645597
9544738773
9544969790
9562119798
9562451548
9562495597
9567087358
9567092777
9567558488
9605371342
9605752450
9633005833
9633253823
9633325350
9656242197
9656722527
9744301075
9744590145
9745549196
9746553264
9746992355
9846075189
9847606820
9847693646
9895511967
9947186682
9947385221
9947425903
9947686234
9947707347
9947711432
9947815162
9961273205
9961520326
9961605938
9961695533
9061205297
9048323236
9567233348
9747496797
6282069756
9656177446
6238448898
6282339608
7010689132
7012186364
7025149670
7025565729
7025577069
7034199386
7034579747
7034780658
7306155943
7306251792
7306438508
7306571643
7356261162
7510689132
7559060331
7560881926
7560888030
7593914990
7593944562
7736601651
7994836351
8086215845
8089000512
8129911791
8156913122
8281649355
8547514201
8590712575
8590939196
8592808650
8606826452
8714244952
8891314110
8891314144
8921180468
8921222013
8943216747
8943324771
9048263756
9048867389
9061323391
9061785146
9188351569
9207874112
9387566665
9400249076
9400610872
9447844903
9495248767
9496503248
9526371917
9526697674
9539034427
9539165401
9539736239
9539998413
9544267377
9544495331
9544710243
9605027353
9605065066
9605929669
9645306032
9645534765
9656304195
9656456481
9744615316
9744969524
9746173903
9746511102
9747664304
9747729535
9778307781
9846622906
9846701221
9846891086
9846940108
9846946361
9895526436
9895609411
9895820948
9946063993
9947152843
9947647957
9947781592
9995609824
9995783754
9539646924
9447158221
9961915891
9349032756
9526385072
8606138387
8089724320
8848215622
9645011207
9496168929
9539768440
9539868247
9846468807
8075923919
8943024514
6238694440
7012261807
7034369482
7907864380
7994545378
7994815770
8089237117
8113953044
8129395838
8136992085
8137950776
8301087441
8589050776
8590306240
8590655623
8593077573
8714005549
8943527052
9037038689
9048719777
9188830439
9188865287
9447457319
9496523438
9497448362
9497687090
9539105218
9539131960
9539234508
9562514796
9562760146
9567405641
9633117535
9656175540
9656197672
9656200834
9746692688
9747641321
9946123609
9961995287
9967254585
8089847838
9605816511
8590002312
9562916279
7994158503
7025768079
9744210386
6282566307
9846093137
9961858126
9656235524
7510749751
8113919577
8138031987
8822666662
9048432000
9656881341
9746449615
9847102481
9947288592
971503628850
971506342070
9749595802
9447598338
966537216449
7994813308
9037906980
9497766988
9388150948
9745604796
9567898895
8089679457
8891688603
9562453262
9847163247
7356765303
9605139345
7034407726
7560843172
7594033630
7736947580
8078862261
8089058559
8590786807
8606395861
8714026346
8714266763
8921983776
9043949387
9072740651
9496162181
9539350883
9539367796
9544268500
9566500560
9656993067
9744378915
9744629424
9744987338
9747773630
9846319060
9847450902
9895364596
9895401521
9946414376
9946422793
6238857374
6282444908
7025923603
7560826244
7560897408
7902349337
7902362940
7994905032
8075230143
8086313325
8086473478
8086477012
8086484587
8086921180
8137851270
8281009368
8540338001
8590435455
8592800449
8606398861
8714023033
8943139809
9037060160
9037334098
9048088590
9074951780
9142274662
9495114274
9526604356
9562090485
9567600824
9567938617
9633416476
9633660433
9744640995
9744850056
9745136404
9745579970
9745756840
9747686035
9846195451
9846371494
9847412807
9946069102
6235009395
6235737019
6238408357
6238668305
6238696919
7012434144
7012658509
7012810876
7012981050
7025588313
7034577773
7356066426
7356594768
7356852902
7356863307
7510596850
7510919867
7560881809
7561029757
7591948751
7736107534
7736124812
7736167739
7736483322
7736754063
7736791147
7907222350
7907247152
7907268089
7907965054
7909171236
7994012951
7994144915
7994638577
7994899826
7994956913
8075905751
8086430140
8086625647
8089155794
8089247792
8089278086
8089365084
8089786062
8113982884
8129089055
8129516481
8129759844
8136965084
8139076320
8139085868
8156913179
8281231202
8289923929
8547124155
8547293386
8547738292
8589011869
8590195372
8590462009
8594020310
8606506780
8891222568
8891547422
8891717131
8943018403
8943756989
8943804504
9020952590
9037351607
9037428086
9037704393
9037849294
9048304054
9048400616
9048561340
9048600912
9048664438
9072133880
9072198218
9072898260
9188159402
9207017211
9207143840
9207169667
9207722820
9383498144
9400486128
9446018470
9447671321
9526391939
9526618113
9526969436
9539386191
9544462025
9544658638
9544708271
9544980087
9562129334
9562197142
9567153437
9567582120
9567631202
9567805862
9567820240
9605483764
9605564320
9633092325
9633867793
9645043431
9645081670
9645163985
9645724060
9645840038
9745839428
9746429094
9746615247
9747057476
9747211536
9846247728
9847036794
9847110246
9847759974
9895097519
9895642560
9946054343
9946226940
9946427006
9961119787
9961120256
9961828956
9995864684
9048719331
9496976878
9188857545
9496754744
9645714448
8157931587
9037510561
9048800561
9562851615
9947254128
9072590234
9946590234
6235407237
6235763272
6238180433
6238201079
6238534716
6238735557
6238762314
6282172257
7012234064
7012472447
7012556005
7012987965
7025732385
7025901387
7306207601
7306551041
7667864786
7907274345
7994125753
8075193671
8075363981
8078032703
8078108928
8086202872
8086456343
8089488348
8156871048
8304923255
8590103925
8590412553
8590461366
8590585319
8590598302
8590758330
8590844842
8606013260
8606057348
8606275283
8606794964
8714150146
8788447162
8848805086
8891498403
8921549453
8921586103
8921710677
8921835826
8943163283
9048633101
9048791102
9061494868
9074086953
9074518276
9188694883
9207433798
9400107228
9400966836
9446202278
9446861963
9447146081
9447253118
9447527802
9447647395
9447969624
9495041376
9526056670
9526105618
9526361045
9526392040
9526462279
9567196676
9567201400
9567203336
9567208033
9567213727
9567217845
9567374306
9567475200
9597596986
9645009465
9645409692
9645451776
9656669319
9744143348
9745450301
9746040197
9747362638
9747797073
9778339581
9778471565
9778529409
9846218375
9846277739
9847434868
9847492068
9847686200
9947121090
9947240037
9947803736
9961065888
9961266320
9961610134
9961671682
9961900950
9995047040
9995073202
9995148294
9995928030
8921395279
6238617554
6282895658
7012260187
7012768624
7025997920
7034050943
7034932473
7306474533
7356996490
7510292395
7510932879
7592825466
7736265767
7902510262
7909180020
7994430113
7994632289
8075136740
8075318707
8089299580
8089813254
8129901860
8137918532
8138899579
8156866265
8281954524
8304050617
8590762241
8594097734
8606268975
8838747544
8848937068
8943537371
9037086721
9048619646
9048752006
9072438554
9072875453
9072942625
9288502401
9446450229
9446810674
9447189411
9447970718
9495331948
9495447454
9496026125
9497457917
9526541171
9539382516
9539796311
9539960688
9544139304
9544316892
9544844804
9544873125
9544900150
9562167195
9562625907
9562882774
9562965307
9592872951
9656595323
9656804764
9744211165
9744936859
9746212385
9846339618
9847123119
9847723085
9847775183
9895207049
9895563914
9946177154
9961618387
9745313218
7306395665
7306672719
7994366685
8075102320
8547413536
9037627677
9846481456
7593068248
9497789539
9497916505
8075239789
8086229103
8086472788
8129453719
8275819713
6235708062
6238462400
6879508934
7025363015
7356420218
7356554661
7510884657
7560996254
7736725331
7907303733
7907411405
8086187970
8086201214
8129439374
8137083400
8137832861
8592806029
8593073150
8593097581
8848147255
8848705185
8907602406
9037141398
9037377279
9048225871
9061229094
9388559036
9496618626
9539222918
9539569984
9567657086
9567659821
9605170930
9605672514
9656266424
9656271559
9656297564
9745029543
9745176138
9745509205
9747541397
9846467947
9846740004
9879508934
9895541778
9895807907
9946277555
9947006245
9947539750
7510955060
9048432439
9061331808
9383409158
9539876513
9645863749
6238153314
7025787550
7034874658
7736077300
7736538852
7736606321
7902305347
7907762216
8056199668
8075826804
8078106155
8086330546
8086687376
8157065863
8590238629
8592867647
8714429817
8943758826
9061423171
9061744214
9446421411
9447774398
9495320781
9645385827
9656458026
9747670984
9747990383
9778140668
9846582515
9961069785
9526857324
9747744596
7034782541
7736800681
8547580641
8606060261
9526545062
9847044326
9895245062
9544183382
9567809544
9656023106
7034635325
8592880902
9072427488
9072551744
9496694890
7034758687
7306878520
7559980064
7591916367
7736165348
7902691412
7994004734
7994307452
7994361943
8086204926
8086626604
8129051645
8129754869
8138071657
8547389379
8606368663
8848782397
8921631531
8943827089
8943924442
8943955481
9074302100
9495103580
9495190144
9526930895
9539311495
9539614283
9539757140
9567209598
9605548858
9645502839
9645545336
9645677871
9656825479
9656918766
9685286331
9745108144
9745261328
9745399238
9846129399
9846158378
9846163218
9846824301
9846967850
9847795936
9895874370
9946047876
9946380507
9946422595
9946725853
9946949604
9947446889
9947671779
7356993994
8606133277
6238526472
6282531343
7306658250
7593994610
8111824715
8157958603
8157985758
8281480981
8330812993
8848119434
8921364797
8943187980
8943377891
9048514256
9207629961
9400757352
9400788448
9446485872
9446522160
9446930986
9446992356
9447203261
9447530364
9497739455
9526148411
9562586356
9605778587
9645862821
9744947823
9745460016
9746672397
9747240969
9778096739
9846381624
9847043188
9847119483
9946030988
9946634004
8590350138
9544685619
9605090732
7025391490
7356240317
7356418506
7591947032
8714439909
9072284536
9544634660
9744389216
7592060868
7902640661
7994450613
7994819642
8078129408
8089362555
8111855423
8139875724
8281166710
8281225525
8281961036
8301992446
8547191473
8590416174
8606186550
8891407188
8891951354
9188439014
9388687657
9495884643
9526189478
9526790393
9562945293
9567445004
9605514530
9605613619
9645707868
9656176672
9656223413
9947728590
9961713155
9995731494
7510143571
7510309145
7561877099
7736569923
7902642933
8089936937
8113043271
8281578539
8547354323
8547482072
8547627195
8594004899
8606170786
8714386566
9037406899
9142193093
9207282695
9400493281
9446619395
9447187193
9526260313
9544003984
9544310472
9562605406
9567490310
9567646930
9606230292
9633901448
9645575137
9645837136
9744000082
9744255479
9744255497
9744715403
9746354468
9746678009
9747360577
9747443950
9747715403
9847027426
9847106587
9895141558
9947187640
9947473048
9947474486
9961701794
9995140134
9995931256
9995980960
6235236350
6235697147
6235987729
6238119230
6238415247
6238924784
6282228404
6282727664
6282749106
7012306463
7012421309
7012970118
7025100525
7025189842
7034507680
7034650434
7306175803
7306228378
7306416233
7356253584
7356453956
7356792914
7510338009
7510436021
7510844173
7558071823
7559055865
7561002377
7594019395
7736213248
7736249723
7736257107
7736658661
7736784075
7736875978
7907594587
7907953027
7909119752
7994701620
7994721404
7994810228
8075482680
8075688603
8078824371
8086263571
8086923699
8111970067
8113917151
8113924198
8113981245
8129030996
8136804633
8136828028
8138078183
8281019313
8281338396
8281755602
8289847682
8301908734
8547088964
8547104966
8547112836
8547287625
8547729641
8590108492
8590442031
8590539939
8590635849
8590652006
8590698967
8590872680
8590944707
8592864731
8592961137
8593915987
8606025213
8606227696
8606395572
8606608984
8606897029
8606914702
8606915051
8648186316
8714900959
8848212872
8848235400
8848453235
8848790336
8848799673
8891221826
8921078886
8921490186
8943039638
8943130220
8943722733
9037326266
9037499036
9037869678
9048452595
9048498947
9048664407
9048782025
9048910339
9061529677
9061672609
9061700651
9072035784
9072405097
9074041827
9074261620
9074896819
9188218939
9279169824
9400888995
9446611104
9446873121
9446938456
9495851991
9495895559
9495994938
9496170413
9496376090
9496495579
9496557425
9496942861
9526522900
9526772723
9526788908
9539474466
9539506651
9539583182
9539685414
9539832517
9539934274
9544317243
9544411936
9544460863
9544658937
9544690343
9544920256
9562612944
9562748053
9567051045
9567418959
9567838250
9605529195
9605594368
9605810950
9633225021
9645419996
9645608687
9645743940
9656034293
9656430156
9656601617
9656618961
9656787155
9744984836
9745333015
9745835333
9747136848
9747369146
9747370475
9747650535
9747915574
9778255146
9846141459
9846377721
9846657221
9846861210
9847003146
9847155454
9847183312
9847295657
9847492882
9847552218
9847575307
9847776161
9847832635
9847865386
9895213025
9895471276
9946018494
9946307437
9946900912
9947309205
9947420024
9947690534
9947802705
9961684926
9995983286
8714458328
9544736533
9847318403
7559976100
9995483289
7306945403
9446194203
9496612854
9605716242
9946754452
7012645663
7025214792
7994649253
8078956919
8129669262
8138081606
8606371314
9495196718
9544102654
9605241704
9633082793
9744167511
9747538670
9961717217
9961625712
9995072255
9995746627
9995845664
9447423286
9995843720
8129165344
8590189059
8606548531
9037321093
9544474388
9562901573
9747225532
9846216867
9846789096
9947934474
9961421093
8943757027
9048733988
9747704387
7994341995
8547462812
8075496399
9846899199
7025063091
7902817728
8590526424
9846419668
8086277176
9497094623
9745846294
6808655842
8281380645
6235681807
9947312254
8137948549
9847445637
9995394408
8943086537
8075812371
9084692465
8281381825
6235523960
7006487772
7012066034
7025099763
7025456268
7034138858
7034200678
7034264563
7034265622
7356087843
7510227635
7510960325
7736537248
7736552584
7736673435
7902821456
7907416005
7994090585
8086391990
8086427513
8086635029
8086655662
8086680819
8129231540
8281775264
8281958088
8289842480
8301946617
8301974508
8425942035
8547191004
8547298146
8547872432
8589963174
8590394305
8593817696
8848200595
8921513329
9048113608
9048529764
9048685508
9048909464
9072157648
9074803768
9188587827
9188652480
9387771800
9400615918
9446323201
9447184360
9447225575
9447513231
9447556634
9480887144
9495087056
9495169609
9495169622
9495247827
9495331332
9495505029
9495527696
9495637726
9496126041
9496526359
9496755501
9496866425
9497063989
9497627882
9539790941
9539905518
9539921132
9539945622
9544401107
9562744850
9562764675
9567139609
9605317216
9605705255
9605731203
9633252585
9645621224
9656765264
9656823960
9665723563
9744112119
9744613374
9744705204
9745561815
9745591718
9747155272
9747621412
9747663435
9778521172
9846283243
9846958376
9847200202
9930509407
9947037518
9947298248
9947980226
9961898005
9961932501
9995634909
6238480093
6238520917
7012925725
7034838555
7306374935
7356458139
7356595972
7558076201
7736716310
7907615886
8078786422
8086660726
8086848119
8089964820
8129074052
8547360183
8547496720
8547528289
8589836270
8590658505
8590679914
8606540015
8606854652
8848314862
8848426141
8893208993
8921566863
8943801625
9048895582
9072507450
9074901920
9349001309
9388503466
9400485297
9446873706
9495464020
9496209652
9497805297
9526399538
9526526461
9526754969
9526960624
9544074385
9567277501
9567668942
9567674755
9605012385
9605132467
9605943347
9633092628
9645433326
9656764400
9656793066
9744029053
9744504200
9744846404
9745377366
9745649660
9745934869
9747416310
9747941542
9809251406
9846805242
9846945201
9847265261
9946179920
9946239652
9946469652
9961114177
9961485776
9961614706
9995985750
6235793830
6235933029
6282279365
6282923020
7012152184
7012159689
7012986273
7025145156
7025192372
7025806002
7025871913
7034180725
7356357468
7510585359
7560946715
7592825942
7736708234
7902587966
7994218247
7994506908
8075508281
8086316821
8089567515
8111803805
8129112594
8156883995
8301882098
8547555130
8592922334
8593805318
8606499416
8686655252
8848413612
8921123717
9037903152
9048237359
9048301071
9061534910
9400846902
9496961978
9497624605
9526733623
9539534910
9539834627
9567275339
9567996077
9645778253
9656304172
9744592946
9746300487
9747562919
9778023792
9846542449
9846795424
9847124281
9847628719
9895226451
9895327133
9895848789
9946371606
9946391892
9946712719
9947689412
9961992170
6282675981
7012880997
7034962418
7510296856
7510732519
7907404202
8086180706
8086897428
8547057866
8606560652
8848070119
8943423412
9037163161
9048167978
9048242006
9048244106
9048574716
9072328871
9207674659
9400247180
9400247799
9400965568
9495690423
9496169637
9497655282
9539840560
9544603099
9562398250
9567065063
9567257947
9567557394
9605317885
9645765063
9665002917
9744499645
9744930987
9745729135
9745858597
9746226089
9846875310
9846909819
9947248974
9947434320
9947444531
9995677401
6235496625
6235727116
6235855274
6282463016
6282688616
6282689089
7012555915
7034717949
7539133068
7558014662
7736512297
7736635911
7902293764
7902457510
7909117909
8075656173
8078051670
8086564068
8089130799
8281951505
8301885273
8714053403
9072027843
9495322895
9496165879
9497760552
9526109135
9539707200
9562253801
9645745308
9747532040
9778491284
9778563096
9846648324
9895482484
9946748214
9947889692
7010764152
9446920392
9567775619
9747983276
9847421341
9847547207
8113843690
9447958738
6235588879
6238556417
6238735687
6238898803
6282422636
7012194679
7012244130
7012682447
7034394586
7034415060
7034510195
7034915265
7306359826
7306488213
7306496912
7306588150
7306862858
7356588170
7558071506
7560916066
7736364743
7736388707
7736418039
7736491516
7736659298
7902295925
7907033432
7907286182
7907720513
7994555611
8075711236
8075791356
8113802459
8139827655
8281141047
8281242379
8281388196
8304960314
8589916436
8590120289
8848467969
8921246400
8943070793
8943130059
8943217931
8943446824
9020087778
9037279718
9037310891
9048108886
9072862966
9074115693
9074185674
9074828192
9074843346
9207583875
9349580281
9400491828
9400728068
9447864166
9495089096
9495196879
9495612977
9496372250
9497110618
9526182595
9526260972
9526419542
9526499537
9539254874
9539450025
9544100635
9562100715
9562176104
9562668944
9567046051
9567449707
9605304395
9633141790
9645834649
9645868028
9656901044
9744570671
9744673608
9745122737
9745163171
9745467173
9746820202
9747238492
9747729555
9778295750
9778386353
9846163131
9846844410
9847217707
9847705941
9895571616
9895960636
9946394484
9946512367
9946691610
9946839141
9947777299
9961319556
9961635211
9961888119
9995953203
9995963946
6238536164
6238779227
6282088808
6282564644
6288601218
7012432934
7012508763
7012828146
7025222821
7025705867
7025767287
7025857542
7034488090
7510254038
7510349703
7510715869
7558080761
7558879072
7559054652
7902634398
7994421665
8075080073
8075723892
8078824076
8086814298
8086866219
8086921296
8089421189
8089672669
8111909981
8111961302
8139062573
8156897294
8281077374
8301867366
8304826194
8547741449
8547742832
8547776955
8590565454
8590727678
8590758415
8593915907
8606609235
8714224107
8714334107
8714393396
8891565631
8891768485
8891802067
8921075964
8943098778
8943452225
8943586808
8943865666
8943890899
8943943968
9037885140
9048125481
9048570147
9061645985
9207660290
9387694673
9400882673
9446338469
9446619700
9446620206
9446740773
9447233862
9447804245
9495061994
9495072854
9495226936
9495568231
9496428231
9497073752
9497077780
9497083457
9497707200
9497725648
9526443460
9526471664
9526696370
9526794943
9544151326
9544418494
9544662944
9562266272
9562909788
9567199294
9633253869
9645229875
9645330836
9656046035
9656458173
9744525582
9744861299
9744911941
9745239629
9745949626
9778044718
9778059935
9834100340
9846289404
9846342425
9846884107
9847516233
9847576794
9847702540
9946454936
9946459624
9946511381
9946782559
9961232122
9961355841
9961613171
9961614628
9961639506
9961825868
9995152517
7510618975
8289984173
8547913223
9446671687
9562339016
9656493503
9544055387
9447802463
8129341678
8606346518
8666346518
8281998076
7591947140
7994343290
9048962995
9447530670
9645070893
9747970489
9946591018
9946698190
7306304442
7356163838
8547789174
8943307473
9072774617
9074218297
9495567746
9496425537
9526548207
9656466208
9847864207
9961685387
9961894462
9446904945
9633121105
9847242222
9656745052
9496265194
6235408290
6238971378
6282691427
6282974342
6563987245
6586118502
7012885281
7025921467
7034605069
7034849139
7306274882
7356371594
7559012031
7559088803
7736264834
7736567650
7736660559
7736690234
7902803713
7907072368
7907687804
8075095779
8086030935
8113987649
8137090871
8157985718
8277345003
8277489479
8281007348
8281534771
8301834876
8330031436
8547103217
8547147906
8547300573
8589053081
8590371511
8606663130
8848672048
8921047818
8921461490
9037989604
9048039922
9048947757
9072827608
9072889745
9074991441
9188426899
9288118922
9349161512
9383449059
9388017261
9400230236
9400287217
9400381512
9400482939
9400696910
9400809739
9400975442
9446232419
9446411530
9446427173
9446478084
9446673130
9446869948
9447310559
9447509905
9447529615
9447602278
9447616209
9447814540
9447815264
9447928895
9495315829
9495449159
9495631751
9496034713
9496214840
9496636235
9497626806
9497724081
9497801171
9497933491
9526614019
9526852253
9544129271
9567124800
9605352311
9633370544
9645013534
9645093002
9645451288
9656800050
9744121986
9744184629
9744417929
9744574718
9744711852
9744717860
9745133113
9745281246
9745535810
9746315829
9747134917
9747721594
9747924058
9846313366
9846315173
9846375587
9846580234
9846687333
9847080901
9847279951
9847354119
9847869793
9895489872
9946095254
9946469661
9946550001
9947670798
9961783755
9961869793
9995114364
917994130446
919895698554
965551501855
966569183597
971526423533
971551210300
971553450280
6235147995
6235206983
6235543125
6235566549
6235642104
6235675922
6238015302
6238029857
6238045589
6238095541
6238128647
6238279292
6238286233
6238379424
6238462098
6238577783
6238718587
6238837212
6282082784
6282123471
6282373942
6282467662
6282771367
6282802100
6282863337
6282886151
6282929924
7012267420
7012405686
7012589184
7012620746
7012633636
7012688743
7012720198
7012787452
7012869003
7025151272
7025216401
7025452573
7025521322
7025646171
7025653646
7025658931
7025693214
7025750496
7025757225
7025780637
7025877980
7025968897
7025969213
7034082228
7034213508
7034470408
7034610572
7034619764
7034763094
7034823046
7034828916
7034867611
7034942832
7034999417
7055750760
7136112218
7306007557
7306039435
7306063247
7306101232
7306113173
7306348819
7306360007
7306651134
7306730013
7306808940
7306857114
7306895342
7306909929
7306947455
7356024864
7356145311
7356206385
7356380805
7356636607
7356639142
7356856363
7510168149
7510188160
7510232469
7510295877
7510378200
7510463051
7510473944
7510478991
7510488021
7510547549
7510577894
7510737666
7510871388
7511195196
7558001853
7558027823
7558038893
7558830427
7558865093
7558939810
7559903752
7560942902
7561035592
7591912764
7591980546
7591983070
7593032575
7593937409
7593942886
7594816354
7736022167
7736031406
7736097759
7736102804
7736142201
7736191749
7736218705
7736245232
7736253490
7736482969
7736483789
7736542312
7736629053
7736633223
7736740019
7736753806
7736781337
7736785235
7736800482
7736854284
7902317873
7902406505
7902413043
7902515798
7902767183
7902819885
7902932628
7907293611
7907342184
7907479798
7907560564
7907608273
7994027771
7994028504
7994210234
7994310441
7994475823
7994518941
7994647816
7994849465
7994889740
7994934510
7994958795
7994993778
7996243966
8075414970
8075446695
8075813624
8075935382
8075990042
8078079829
8078107612
8078143509
8078164766
8078307493
8078430384
8078548307
8078704078
8086158038
8086178880
8086219592
8086318456
8086324601
8086413518
8086465626
8086476436
8086592394
8086693529
8086714053
8086814838
8086911734
8086941681
8086994323
8089146502
8089182450
8089241461
8089244602
8089365087
8089566495
8089630894
8111905938
8113080537
8129039381
8129171578
8129328545
8129656407
8129657563
8129669288
8129707829
8129782753
8129863703
8129918923
8129956274
8136919902
8137004279
8137985970
8138001437
8138030988
8138051577
8138078222
8138088949
8138959397
8138961995
8139049794
8156870027
8156921726
8157085531
8157875393
8281067315
8281827899
8281920951
8281941840
8289819101
8289842705
8289986869
8301861887
8304037732
8304904788
8304944697
8310892929
8547156508
8547211419
8547227647
8547669604
8547807633
8547839992
8547981304
8589934757
8590121657
8590191159
8590218549
8590249562
8590312943
8590331064
8590382402
8590386136
8590482277
8590812970
8590866427
8590905161
8590941760
8590977335
8592099162
8592877132
8594047017
8606616867
8606656455
8606876598
8714149747
8714282149
8714395234
8807902905
8848073759
8848076700
8848090716
8848222329
8848457270
8848637708
8891880388
8891929448
8892952126
8921107439
8921155962
8921354327
8921484105
8921528360
8921552152
8921652703
8921841896
8921887274
8921897106
8921994859
8922887274
8943173780
8943281847
8943353315
8943382736
8943382959
8943392345
8943618765
8943623448
8943678446
8943702817
8943754391
8943798193
9037027005
9037159645
9037538419
9048021024
9048132597
9048142121
9048170000
9048173604
9048188247
9048266213
9048331751
9048502388
9048540144
9048551096
9048703587
9048722347
9048723845
9048775311
9048804158
9048872019
9048910495
9048982547
9061230694
9061310726
9061447364
9061669481
9061831491
9072641046
9072653635
9072772599
9072820226
9072922413
9072971031
9074020541
9074502936
9074592705
9074826612
9074867680
9074946742
9142742709
9188215981
9188439187
9188896659
9207732563
9207942654
9287534924
9349857119
9388358620
9388376860
9388460320
9388461663
9388488185
9400724489
9400725767
9400879103
9446082562
9446143179
9446284657
9446682249
9446809996
9446903822
9447367012
9447400447
9447611597
9447673034
9447703678
9447923426
9474240832
9495164882
9495189522
9495293041
9495457188
9495459438
9495643669
9495825080
9496234328
9496258025
9496280785
9496319051
9496371303
9496401269
9496571639
9496862413
9496943392
9496987487
9497122743
9497183215
9497241534
9497262101
9497624814
9497751133
9516979797
9526142173
9526147139
9526162260
9526312443
9526323160
9526381992
9526462516
9526659343
9526820032
9539072645
9539301401
9539369072
9539400599
9539433081
9539516546
9539533970
9539588390
9539640177
9539665583
9539880074
9539888668
9539909243
9544043130
9544159870
9544212421
9544345720
9544382682
9544418147
9544441839
9544568700
9544629029
9544758895
9544856532
9544894010
9562096866
9562099583
9562240317
9562246404
9562300302
9562495623
9562512145
9562671407
9562690510
9562968896
9567062448
9567311859
9567420416
9567483613
9567527708
9567650906
9567781130
9567845400
9567848515
9605353940
9605406609
9605432064
9605522578
9605616219
9605623746
9605824103
9605828978
9633163535
9633250393
9633345219
9633468080
9633690486
9633695550
9633939742
9645124557
9645145726
9645308530
9645462779
9645465592
9645590854
9645742780
9645825549
9645923918
9645941656
9656063580
9656073653
9656150413
9656237157
9656239084
9656241011
9656276493
9656291961
9656345309
9656351156
9656417104
9656492461
9656823191
9743375686
9744435729
9744451376
9744465785
9744667734
9744693655
9744770606
9744866137
9744938356
9744950769
9745110526
9745173697
9745330339
9745384376
9745408117
9745620861
9745624111
9745658951
9745704643
9745720283
9745749713
9745822874
9745823595
9745889496
9745916060
9745954282
9745955704
9745958403
9745963203
9745994805
9746085567
9746240853
9746285660
9746414751
9746533315
9746892972
9747155604
9747161264
9747190117
9747212785
9747271271
9747293918
9747296818
9747418235
9747477769
9747515283
9747559809
9747586170
9747622164
9747647581
9747771073
9778040834
9778220894
9778432312
9778754607
9809865890
9846079708
9846081466
9846083212
9846083686
9846232121
9846239421
9846275685
9846403323
9846482422
9846535177
9846681711
9846710539
9846746137
9846812842
9846864690
9846945944
9847048924
9847078961
9847112174
9847202066
9847245693
9847347904
9847380865
9847428673
9847469381
9847498733
9847590189
9895049093
9895053377
9895474727
9895478438
9895599572
9895722281
9895773088
9895863319
9895957393
9895957825
9895977369
9895982261
9946001232
9946011936
9946020306
9946057545
9946066658
9946069516
9946131152
9946163232
9946223096
9946489763
9946510033
9946564675
9946642211
9946816108
9946929316
9947048924
9947067534
9947146051
9947263178
9947457590
9947538515
9947719974
9947807974
9961073818
9961110433
9961213527
9961448836
9961486621
9961580347
9961691045
9961998273
9974682358
9995171971
9995247265
9995448478
9995574107
9995990625
6235487756
6282872807
7025452608
7025499362
7559977499
7561875660
7736106556
7736294661
7994494816
8078911108
8078937928
8086872420
8086925460
8089684488
8089777667
8129359426
8129359429
8138095753
8139892152
8157844419
8281576061
8281586341
8304051080
8593038446
8889684488
8891220488
8921055532
8921833125
8921864210
9020402435
9061931362
9074057900
9188019799
9349847953
9400464222
9445177623
9447380753
9447389504
9496570124
9526535846
9539049724
9539219691
9539430846
9544900135
9605384421
9633451141
9645666852
9656701285
9745067354
9846085567
9846450538
9846824771
9895976326
9946666884
9947529801
9947961362
9961317682
9961523394
9961588623
7025972520
7532020207
8111956966
8593840871
9562675518
9567287337
6235703466
6282349609
6304916737
7012650992
7207275952
7356266036
7356597055
7356602677
7399999897
7559938733
7592036722
7671005414
7736069452
7907162089
7909157756
8074493900
8078731794
8086383307
8113829128
8129534755
8341253545
8714781088
8848968332
8891231612
9048604404
9061327000
9061761801
9061812559
9072253165
9349736238
9398010431
9400464111
9447109448
9447688990
9496441641
9496529512
9505919390
9526187570
9539064796
9539632999
9562631270
9567506198
9567811905
9573498002
9603451566
9605353388
9633634813
9656009197
9744582591
9744701555
9745083956
9745262645
9746140114
9746922816
9846033612
9847501197
9946550621
9946611867
9946838387
9961055999
9961353095
9963534922
9966228424
9989950076
9995310001
8111871117
8113939397
8593922481
9400589333
9567409625
9778515651
971504857174
6235127408
6235721032
6238293424
6282332081
7012629065
7012979987
7025045462
7025971629
7034301527
7034934342
7306906227
7306996642
7558899362
7558924880
7558955630
7558973038
7559002328
7559966654
7559989973
7561803470
7592891481
7592891490
7736684124
7736921120
7902832572
7902855287
8078481117
8129366479
8138942233
8139886479
8156842233
8289821968
8301034660
8304962407
8547410162
8590187845
8592846056
8593913031
8594072972
8606017242
8848776831
8891614720
8943112154
8943407319
9037403542
9048144569
9048564802
9072040727
9249892867
9400214015
9400766973
9400874482
9447233147
9447549284
9495573564
9496358413
9526770352
9526962781
9539341571
9539617973
9539699776
9539900162
9562033127
9562192502
9562453019
9656453908
9656723183
9656911045
9744148730
9744483996
9744687468
9746130107
9778217719
9778336013
9846989854
9946571930
9947422350
6282027761
9048513027
9539722887
7560890217
9961596883
9961665116
9995477854
9995817918
9747433329
9947478841
6282279041
7025495171
7356094377
7559947694
7592004651
8075803378
8078186858
8086754307
8281336893
8921601037
8921603876
8921671482
8943185397
9249207399
9400815252
9447585601
9495039813
9495321850
9496032805
9496287716
9497178427
9497624614
9526876672
9562246673
9562334951
9562668671
9605360313
9605625196
9633355900
9633802748
9656077085
9745120321
9745648235
9745664003
9746486831
9778239643
9809920311
9846328814
9847169110
7736774051
8111805885
8848175641
8891017674
9037046426
9495851801
9656334190
9895801244
9995547051
9995750134
6238174544
6238381093
6282734890
6282968969
7012749177
7034075629
7306238321
7510224116
7559006320
7561070069
7592963636
7594911255
7736792170
7902215215
7902496790
7902662029
7994122304
8078323976
8086748307
8129455015
8129929991
8137808029
8157040933
8157806648
8157837532
8281418357
8590580787
8593075124
8848272135
8848472360
8921626958
9072969164
9188590263
9388251470
9446846409
9526557768
9526724347
9539549137
9562324404
9605333230
9645084128
9656107633
9744485142
9746887725
9747515961
9847307323
9847383745
9847408874
9946161951
9947457450
9947605387
9961494969
9995327890
9995916752
7594815262
8606346143
9446084375
9447441019
9496039015
9497737669
9895989424
971557675949
8129369615
9947125221
9961369615
9995916205
6282287947
7025709018
7034307939
7034454285
7356435481
7403320016
7591944123
7592002784
7593958704
7736866738
7994236603
8075081330
8089409084
8089745397
8111943697
8113047671
8138893357
8281288905
8289977418
8590224193
8592976439
8593098513
8606826483
8714029878
8714312544
9048597396
9048632663
9072145045
9207583275
9400254063
9400517684
9495321776
9497070478
9526654765
9539059383
9539343448
9539714167
9562151377
9567544080
9645943209
9656012960
9656449963
9744294509
9744573199
9744706619
9745241109
9746467066
9946147996
9995836324
9847568819
9645879098
9847072040
7510411656
7559844456
7736743459
8075649674
8075814639
8086683731
8281641900
8589802957
8590557338
8590598772
8590894186
9074009728
9074026476
9074865523
9400597883
9496301986
9496799511
9567068584
9567081372
9605553137
9633799498
9745016190
9947101647
8113831150
6235416976
6235521893
6238320472
7012403100
7012751218
7025027159
7025925367
7034309203
7034702256
7306072473
7306253565
7306375550
7306711516
7338830084
7356223345
7356593502
7510245148
7510245219
7510581279
7558991887
7559002565
7593945499
7594819248
7639440764
7736201446
7736235913
7736554500
7736770067
7736964116
7796342002
7902496313
7902824901
7994115904
7994261772
7994319449
7994352190
7994509749
8050281295
8075045715
8075799524
8078914010
8111859023
8139056728
8281092000
8281131313
8281285497
8281574867
8289862561
8301871975
8301952446
8547188169
8589907641
8589970565
8590264911
8590714114
8590957433
8592012898
8593888678
8606135117
8606486485
8606635688
8848071150
8891217411
8907642556
8921392493
8921775311
8943326675
8943501094
8943924288
9037150163
9037750908
9048139334
9048365489
9074140534
9188130120
9188584245
9207167466
9400535188
9446066429
9446714786
9495081584
9495883323
9496216574
9496258168
9496992941
9497474469
9526425095
9526466155
9526612179
9526694035
9526809498
9539101385
9539139826
9539687529
9539736971
9539871535
9544330304
9544336336
9544887956
9562930801
9567286535
9567478144
9567622177
9567740358
9567920166
9605024894
9605195965
9605356477
9605745631
9633047119
9633834171
9633848900
9645125827
9645136514
9656658971
9656686447
9745187211
9745563339
9745853571
9745963628
9746202752
9746408378
9746987817
9747074066
9778336868
9846347186
9846375328
9846921451
9846949002
9847468413
9895697146
9946942847
9947359994
9947603978
9961428558
9961597790
9995320116
9995648097
9605337196
9947506388
7510683631
7736622967
9526154186
6282686721
9446141723
7034013108
7034132814
8075812182
8129581305
8137081535
8277681611
9447273554
9744418513
9844000364
9995103644
971545285010
9037086343
9745888247
9847891604
6282023124
7025745126
7034661042
7250865041
7736802572
7902358778
8075786490
8086145184
8281723815
8590772585
8593912495
8606778070
8848667854
8943053361
8943063585
8943964549
9048252883
9048528338
9048917859
9072104380
9072490591
9074789253
9207821985
9446870462
9447214082
9447994057
9526960042
9539763488
9544069812
9544425922
9544664808
9544996216
9562647007
9567614423
9567967059
9567967859
9605581082
9605746705
9633654825
9633848851
9645024884
9645935335
9745494598
9745525686
9745723999
9747908642
9846269815
9846434077
9846564533
9846621617
9846716477
9846904691
9961947552
9995412844
6235840068
6238384828
6238546336
7025986951
7034784714
7356231047
7736023209
7907008735
8078300684
8129024912
8330030677
8606097384
8606356850
8921382498
8921584368
9072219308
9188079601
9207297523
9496373064
9526262453
9526676507
9539358055
9656116121
9847398574
9947028146
6235093667
6235550868
6238094563
6238469502
6238978392
6282110732
6282112270
6282243648
6282645271
6282745319
6282931075
7012217677
7012413055
7012485027
7025068920
7025092149
7025216031
7025497255
7025501048
7025635848
7025827945
7025974479
7034310022
7034310025
7034363916
7034369068
7034531934
7034667947
7034928423
7034953216
7306142520
7306634221
7306811574
7306904352
7306996436
7356292013
7356624928
7356805475
7510214279
7510282495
7510762007
7511129455
7511157666
7558098643
7558809625
7558973499
7559825338
7560937007
7591917810
7591946380
7592960385
7594803832
7736132873
7736194152
7736269938
7736588325
7736597744
7736969795
7736993068
7902292693
7902823716
7902877601
7907418920
7907427417
7994352730
7994967350
8075621352
8075968532
8075986584
8086101469
8086703388
8086732372
8086933421
8089028482
8089646668
8089768619
8111829920
8111859526
8111899647
8111929583
8113081635
8127572773
8129123530
8129379092
8129675847
8129715682
8129825143
8139838330
8156896100
8156977928
8281187177
8281553005
8281744016
8281981957
8289875016
8301078081
8330090636
8547010062
8547680417
8589028136
8590099578
8590153140
8590240370
8590306894
8590308460
8590319637
8590389781
8590429948
8590491218
8590552458
8590605991
8590914893
8592828168
8592851333
8592897758
8593039849
8593860914
8593912512
8593912693
8593915598
8593923538
8594008335
8606609846
8606925427
8714180149
8714448544
8848780472
8848802948
8891900835
8921224247
8921422552
8921576791
8943407552
8943714333
8971662730
9037263502
9037466525
9037885408
9037901593
9048124472
9048147745
9048232250
9048434858
9048459779
9048500126
9048713400
9048754581
9048795829
9048952366
9061295924
9061644867
9061734982
9072057338
9072143068
9072247198
9072265554
9072644288
9072919784
9074526392
9188487369
9207475465
9207479754
9249780269
9400111872
9400831624
9446232062
9446232437
9446234041
9446291554
9446625194
9446906012
9446960211
9447244596
9447269647
9447330013
9447346354
9447524693
9447529909
9447530268
9447668237
9447792755
9447969175
9447994439
9495028482
9495040083
9495196912
9495224550
9495241347
9495251425
9495422131
9495423621
9495739662
9495781972
9495781989
9495853771
9495982755
9496517069
9497495771
9497560126
9497623997
9497657107
9497786771
9497803669
9497805275
9526097783
9526394757
9526417864
9526462335
9539415839
9539553360
9539904664
9544065081
9544165503
9544727244
9544732630
9544737448
9562079598
9562347689
9562656226
9562658838
9567046433
9567268035
9567314500
9567561883
9567592010
9567771347
9605044140
9605230347
9605297988
9605319478
9605499846
9605575380
9605575385
9605729792
9605729795
9605749070
9605775401
9605842020
9633185700
9633260702
9633288133
9645001571
9645022738
9645111525
9645164930
9645702487
9645827729
9656459678
9656493196
9656614658
9656727244
9656742082
9656885110
9665343106
9744094771
9744147814
9744181052
9744200610
9744311934
9744318380
9744458169
9744544241
9744628766
9744633474
9744970629
9745061244
9745086765
9745108423
9745183400
9745540283
9745745220
9745762942
9745889727
9746004678
9746181839
9746333046
9746447620
9746798982
9746871130
9747012087
9747346145
9747352985
9747416309
9747496499
9747639936
9747725785
9747890237
9846081635
9846157066
9846158230
9846290243
9846440589
9846513328
9846606163
9846636675
9846657740
9846847367
9846858776
9846965470
9846998011
9847325566
9847539335
9847615389
9847649220
9895078035
9895079233
9895444096
9895501355
9895501369
9895546047
9895764192
9895767835
9895832198
9946046330
9946227225
9946482636
9946588222
9946658423
9946745845
9946764678
9946883810
9946906423
9947361534
9947854891
9947980821
9961230760
9961296285
9961404128
9961606264
9961959857
9961964886
9995214973
9995258320
9995434116
9995653394
9995685184
9995708362
9995760391
6235874918
6238127362
6238415019
6238934814
6282010862
6282396353
6282482375
7025260606
7025299386
7025396729
7025432236
7034179094
7034187295
7034650347
7034651395
7034877758
7034908296
7150599237
7306268893
7306401687
7306578943
7306911068
7356098395
7356302300
7356320071
7356759494
7510787182
7511156536
7559050928
7560987833
7561013985
7592059696
7592873475
7592960699
7593809913
7593879021
7594991466
7736140858
7736337170
7736381156
7736388116
7736508097
7736519127
7736571848
7736598478
7736649350
7736724426
7736794948
7902373908
7902729876
7902818272
7902919086
7907224426
7907342133
7907600562
7907825764
7994281769
7994477303
8078189434
8078488605
8086326384
8086468707
8086811271
8089134887
8089241268
8089672946
8111897365
8129520055
8129696342
8137014938
8137860611
8137903058
8138849583
8138895776
8139849024
8157988727
8281386347
8281401544
8281939141
8281969644
8301921085
8301949415
8330858650
8547240816
8547250885
8547380106
8547485234
8590846472
8590896284
8606511955
8606663505
8714331457
8714837506
8730832466
8848250326
8891473718
8891479475
8921860896
8943726091
8943766235
9037006462
9037952338
9048113746
9048168836
9048170293
9048396565
9048398846
9048519770
9048720802
9048901591
9061472542
9061927665
9061931699
9188014432
9400240122
9400595349
9400988675
9446229565
9446328604
9446512780
9446623236
9447229559
9447942775
9495483233
9497098832
9497561184
9539766369
9544054769
9544095978
9547827874
9562514654
9562659832
9562715359
9605144362
9605304416
9605389796
9633113087
9645734377
9645850237
9645884328
9744460866
9744757908
9745069456
9745663054
9746620723
9746722916
9747056683
9747319021
9747725661
9747956726
9778068712
9846092345
9846493129
9846525630
9846647092
9846687819
9847463642
9847513683
9895549494
9895593468
9895757172
9947258208
9947371454
9947813866
9994081503
9995658967
6235442965
6238260244
6238922042
6282709840
7012094664
7025433997
7025755805
7034104232
7306851769
7356496228
7510248956
7510814795
7559080554
7559834329
7736144911
7736522178
7736896539
7902495664
7902654910
7907009838
7994359790
8075854787
8078006390
8078212192
8078811527
8086709105
8089268474
8089788491
8089855917
8129501844
8129887678
8156911885
8156959788
8281152993
8281221303
8281681228
8289884943
8289910653
8304806762
8304809290
8547385541
8547773270
8547818356
8590172949
8606372130
8606508078
8714085532
8848524703
8848606537
8907274887
8921869296
8943615804
9037656770
9142189641
9142422442
9188208903
9188369790
9194970672
9197783186
9207301554
9249974046
9400697029
9446142156
9446220685
9446486560
9446723959
9447216238
9447529566
9447608706
9447972977
9495130626
9495677660
9496649102
9497063491
9497067527
9497598614
9526923357
9539165343
9539253368
9539550652
9544050848
9544057006
9544337323
9562684060
9562849748
9567930948
9633217549
9633413304
9633656383
9645238777
9645695908
9645934378
9656837397
9656865343
9656980083
9744692965
9744699021
9745500795
9745751210
9745751302
9746009950
9746268485
9746772993
9747233418
9818793589
9846034510
9846054510
9846280272
9846355728
9846956799
9846959286
9847047033
9847271097
9847569312
9847603584
9847847709
9847870022
9847927653
9895059867
9895147651
9895231447
9895456228
9895666448
9895855698
9946035014
9946146740
9946265960
9946636740
9946924904
9947294513
9947532102
9961388613
9995110363
9995322410
9995476448
9995623588
9995689293
9995895798
6235943733
6235945637
6238016501
6238051228
6238089113
6282337264
6282758563
7012457919
7012691886
7012731583
7025195481
7025234101
7025334969
7025953147
7034013197
7034060826
7034372644
7306329470
7306609348
7356723517
7510229070
7510805966
7559032473
7561020115
7561078394
7561870171
7593061174
7736280309
7736364702
7736590189
7736678813
7736727788
7736999372
7902423613
7902447310
7902571296
7902814011
7907463168
7907466681
7907502677
7907523195
7907602624
7907935556
7907983065
7909228368
8027176262
8075055789
8075698319
8075762332
8075783145
8078546189
8078938441
8086231438
8086324382
8086832885
8086914296
8089617253
8129353098
8129423357
8129746380
8129938285
8137882424
8156855936
8156870401
8281064217
8281113751
8281507269
8301883460
8301935912
8304043643
8304073492
8547188066
8547495990
8547733241
8590488917
8590837632
8590878383
8590970357
8592929186
8606430779
8606635722
8714070559
8714378236
8746969583
8848269340
8891104486
8921694452
8921898713
8943443071
8943514817
8943709916
9048273282
9048355986
9048368720
9048405549
9048424539
9048506992
9048719039
9061229853
9061242445
9061468364
9072776478
9074372228
9074694391
9074968552
9188790325
9194951306
9207285429
9207319663
9207534185
9400500307
9400546218
9400617680
9446024222
9446143645
9446206549
9446601380
9446623513
9446650832
9446928210
9446994697
9447536234
9447845183
9447860655
9447869336
9447880109
9455964840
9495014795
9495047429
9495156261
9495668402
9495749092
9495873900
9495914727
9496138004
9496345285
9496729795
9497635140
9497765570
9497872657
9526186570
9526657729
9526975549
9539351289
9544014213
9544414969
9544563308
9562245398
9562329476
9562394232
9562500982
9562629189
9562656452
9567183204
9567254651
9567472849
9605353741
9605623288
9645045338
9645077890
9645086588
9645219789
9645479050
9645679377
9645726520
9656382156
9656795850
9656878124
9656982156
9744095391
9744194928
9744371219
9744652900
9745052265
9745131665
9745169916
9745491901
9745777567
9746337536
9747346814
9747473668
9747678253
9747801143
9747823494
9778172336
9778182003
9778217962
9778395256
9778599488
9846228889
9846662249
9846768814
9847089384
9847209833
9847338554
9847637168
9847947142
9895313885
9895365693
9895902210
9898989898
9946016924
9946238347
9946351247
9946786713
9947256133
9947675845
9947705093
9947905003
9947919092
9947997974
9961122604
9961335359
9961373244
9961382495
9961518668
9961567101
9961609550
9961844800
9961857923
9995974173
9544814566
6235415943
6238203087
6238363675
6282933476
7012092219
7012380791
7034156280
7034261432
7034917084
7306269598
7306478587
7306643560
7306823988
7356712368
7510317049
7558820712
7558896283
7559911130
7560855744
7561022413
7561835377
7736174593
7736285792
7736487243
7736654383
7736662138
7736745027
7907030548
7907253968
7994028930
7994384761
8075179822
8075555196
8078424632
8086121901
8086158754
8086249813
8086329155
8086720210
8086991080
8113058858
8129062694
8129198447
8129340515
8129599963
8157882799
8281383328
8281550342
8281654100
8281967227
8289985250
8547181659
8547270919
8547300079
8547499080
8547507446
8547738725
8589099736
8590727883
8590897014
8592036780
8593082612
8593871094
8594037305
8594052282
8606116131
8606131090
8606438132
8714517837
8714816179
8848074027
8848927130
8848981126
8891823473
8921401517
8921942767
8943169517
8943520640
8943589040
8943878299
8943919882
9037077557
9037640406
9048242900
9048338312
9048886617
9061564983
9061709880
9207175774
9207474944
9400123571
9400151905
9400366057
9400485003
9446211181
9446435890
9446721603
9446997435
9447403398
9495759262
9495883493
9496264452
9496373023
9526417330
9526873059
9539261967
9539372653
9539533394
9544446555
9544545372
9544885611
9562548587
9562663919
9567624728
9567782388
9591332971
9605311328
9605429748
9605564862
9605846264
9605889361
9633329045
9633820738
9645017161
9645113201
9645151760
9645548150
9645645856
9645760917
9645794376
9645828271
9656119734
9656142241
9656666677
9656910679
9744603461
9744741724
9745123316
9745181031
9745411315
9745748352
9746768147
9747021319
9747227322
9747438128
9847821602
9895287304
9895855963
9946579815
9946624728
9946745194
9946780837
9947041426
9947116179
9947549894
9961025112
9961264179
9961419218
9961489078
9961617977
9961946992
9995446433
8086405213
6238198381
6238383215
6238543272
6238879445
6282658534
6538525079
7025609114
7034181399
7306915362
7510918425
7510946027
7558866148
7558894098
7594010647
7736266775
7736523127
7902639078
7902798174
7902819580
7994721158
8075383961
8075536203
8078235554
8086188064
8086367353
8086554136
8086616144
8089038244
8089676827
8129978078
8156950832
8157827301
8281981329
8547504167
8590860079
8590985991
8593968724
8606007895
8606146242
8606275298
8606590713
8606680558
8848245287
8848870967
8848989518
8943349249
8943531166
9048629244
9074089345
9074621471
9188076467
9446694767
9446784888
9447630087
9447669310
9495855112
9497457670
9526228565
9526825440
9544354259
9562102982
9562492418
9567575687
9567797442
9605102021
9605356381
9605377186
9605884288
9633222580
9633296562
9633903904
9645252878
9645360660
9744459618
9744644408
9744731135
9744841500
9745753213
9747165603
9747173143
9747454993
9747502580
9747632984
9747777930
9747782177
9747789490
9778048259
9846046167
9846188243
9846249986
9846342053
9846873137
9846878826
9847291744
9847489927
9847582375
9895421953
9895557101
9946247922
9947352816
9947675349
9947880068
9961139430
9961149294
9961216456
9961380375
9961397809
9961608367
9961640413
9961973475
9061347504
9539543132
8086827167
8606240136
8848186040
8848981101
8943217052
9249913577
9400578859
9446540190
9745240136
9747438120
9747665447
9846474226
9947187221
971505845448
7356532150
7736952596
6282388556
7012318903
7356832913
7510810262
8075603425
8590183529
9072279450
9497626410
9633367685
9745131837
9745314398
9847282300
9947240578
9961054412
7994226519
8281132690
9495553057
6282055810
6383873348
7012114153
7025210555
7034898756
7902834392
8075432884
8129941428
8138051380
8589894628
8590875231
8592866509
8943734109
9037005391
9061411903
9142103675
9162385253
9400301034
9400427002
9446604262
9446965196
9447176756
9495528350
9496416606
9497062099
9497257375
9526234420
9539913666
9605142509
9645671603
9656885196
9745171816
9747040499
9747313050
9747441900
9846148662
9846193650
9846194650
9895563470
9947974463
6238501503
6282277802
7012570251
7025184255
7558061595
7560839422
7736470415
7736879224
8129481482
8129928623
8137908871
8156872896
8606788667
9037363311
9074696420
9400475882
9446649682
9497456902
9526943416
9656866906
9745474213
9747312781
9895349807
9947352405
9947487185
7034094019
7736194727
7736559627
7994660879
8078126826
8281072758
8330805436
8330889044
8921473291
8943127494
9037600228
9048464565
9074726682
9383421661
9446617658
9446994991
9447133826
9447673220
9495933826
9497394502
9497714049
9497874502
9539628229
9544365397
9605820550
9633675540
9745075049
9745106123
9746192288
9746287690
9895116038
9895537075
9946713019
9947097372
9961460601
971501943166
971507857678
9446233596
9539124014
8891632231
9656160309
6235209782
6282151507
6282281745
7025457206
7510402330
7510711185
7559003494
7559003565
7994215580
8086597764
8129914600
8281062462
8547409782
8547895584
8592818238
8606773378
8848268783
8848893065
8943496722
9037143350
9048381739
9061158070
9249738673
9446623162
9447818994
9447822584
9495032403
9495354834
9495420431
9495640355
9497801168
9562671756
9567464453
9633306478
9745709106
9745795358
9745881860
9846604163
9846803076
9847574157
9849806282
9895193709
9895350350
9895730354
9895923419
9946783700
9947645395
9995634822
6235142814
6235689501
6238572498
6238742930
6360765061
7012078126
7012320160
7012666781
7012785081
7012862531
7025070469
7025500673
7025590769
7025643609
7034550094
7034634546
7306480643
7306877937
7356948657
7510711088
7558835028
7559093972
7559882504
7559896984
7561807920
7591977689
7594074780
7736238914
7736360146
7736875277
7736951599
7736962498
7736997355
7902337269
7902395310
7902818878
7902880566
7907192328
7907693965
7994308581
7994480945
7994754188
8086229793
8086400870
8086887261
8086921768
8089034572
8129519974
8129969631
8137069478
8138833589
8281224024
8547193368
8547252084
8589822616
8590160590
8590530527
8592094144
8592915041
8606621226
8606836898
8714100283
8714390575
8848317541
8848483348
8848876604
8921229116
9037538871
9048022041
9048381405
9048867963
9048940571
9061145797
9061639150
9061871589
9061989181
9072279166
9207476402
9249127363
9288023591
9400530926
9400762382
9447553496
9447567135
9447969930
9495041278
9495712995
9496460176
9497829713
9526109621
9539334258
9539567088
9539640459
9539686222
9544038315
9544857454
9544883249
9562518424
9562945902
9567098606
9567338725
9567905188
9594849036
9594876056
9605316665
9605682930
9605860093
9633671719
9633736054
9633827764
9645594244
9656134911
9656155123
9656190022
9656864103
9744068188
9744161777
9744199608
9744388916
9744396347
9745075676
9745131864
9745606684
9746822064
9747302851
9747454940
9747740420
9747906427
9747995910
9778220844
9778405524
9846636739
9846843134
9846882553
9846947539
9847158804
9847338895
9847927655
9847936337
9847972018
9895823363
9946233938
9946427990
9946458064
9946755830
9946896531
9961220223
9961442593
9961664521
9961766444
9995011512
9995634075
6235890104
6238847215
6238939861
6282486426
7012060103
7012602299
7012614760
7034164299
7034732762
7090040014
7356215701
7510363942
7510667098
7510884029
7559912804
7561850842
7591959885
7594995539
7907536910
7994348125
7994903747
8078001384
8089221634
8089269180
8089565244
8089632698
8111958341
8129057559
8138815274
8157903017
8281134176
8547750601
8590612573
8590857108
8593912102
8593956554
8606603647
8848369077
8891173187
8921878927
8921936865
8943009271
9037977852
9048776722
9072737470
9074098953
9400717426
9526236065
9526647243
9539495103
9562068699
9562136548
9567035064
9567211024
9567342482
9567707927
9645367473
9645627247
9661015244
9744331150
9745075488
9778131236
9846374545
9846680249
9847120449
9946035304
9946050381
9946660721
9946777369
9947607792
9961580079
9961996919
9995725096
9995989742
8589898909
9656016995
7356829719
6235769883
6238327090
6238870671
6238980783
6282047850
6282915078
7306913866
7356157976
7561884578
7994262127
8075528430
8129279344
8547253835
8606427206
8714261379
8848738381
8921307242
9037264212
9037344897
9048567970
9048886464
9072489080
9188449363
9188589946
9400498712
9526820214
9539841570
9544139834
9544276214
9544716491
9567256463
9567465381
9567946424
9633337840
9633636114
9645263932
9656039472
9656761026
9746524526
9846420795
9846551955
9847760894
9847914536
9895346197
9947325498
9961243193
9995014243
8848659604
9633033340
9947659482
7012482325
8848617517
8891657983
9605296803
9633357840
6282147456
7034053098
7034799112
7736377886
7902600168
8075125748
8086369391
8089991830
8590368177
8606062776
9047158131
9074545894
9446460759
9544870361
9747476917
9846603601
9061288881
7736717044
8086914750
8547849627
8593005056
9656027738
9846313214
9847101364
9946725827
7012903856
8168951897
9995321897
971503515245
7902409782
9526109627
7909119828
7994276558
8086017891
8089581161
8281745417
8891926415
9497542861
9526143553
9846217054
9946711993
7012861346
7034962236
7356357667
7736734822
7994385609
8086807598
8590723448
8848194807
8891114788
8943245530
9037541582
9188740542
9387468665
9539513078
9605024604
9605395866
9745823638
9746842006
9746950240
9778399953
9846324483
9846615234
9847841241
9895918425
9946032064
9947523550
9995649399
8590726708
9947723634
7907969957
8086497004
8592022875
8921324844
8921780155
9048144108
9061009487
9446230359
9605493743
9624744600
9744447244
9846213392
9879575751
9947996895
6235148585
6235880457
6238451038
7012152089
7012584520
7012700861
7012902927
7012984836
7025238939
7025854989
7034058454
7034104463
7034509125
7034625827
7306382780
7306750670
7356225644
7510672005
7558899028
7593092625
7736784400
7902276590
7902394711
7902957270
7907077796
7907145631
7907490709
7907639200
7994073373
7994552312
8089175790
8089743427
8129431330
8137053192
8156982199
8260548593
8281142714
8281611655
8281986124
8547055148
8547988570
8590381567
8590461126
8590946357
8606376738
8714313252
8848353468
8848385517
8848413975
8848592256
8848639610
8848750628
8907388533
8921566432
8943503559
8943857157
9037406734
9048653892
9061524723
9072583816
9072804334
9142631341
9207134427
9207929481
9388634125
9400142745
9400449447
9400461179
9400632517
9400756657
9400933993
9446217943
9447437503
9495112457
9495781960
9495852571
9495980614
9496053479
9496248792
9496262154
9496706141
9497086102
9515748378
9526151251
9526354924
9526646045
9526701497
9526707565
9526965194
9539171742
9539286897
9539668791
9539782467
9539957988
9544307028
9562282692
9567375061
9605044883
9605054440
9605214559
9605302322
9605488561
9605575459
9605576010
9624757400
9633712859
9645324286
9656202197
9656602991
9656651704
9744318004
9744748456
9744931012
9745129891
9745757555
9746411806
9746714428
9747491484
9747859327
9778484086
9846073005
9846115109
9846317885
9846347605
9846406064
9846860560
9846866623
9847349111
9865537620
9895230758
9895907517
9946163278
9947037821
9947145136
9947549291
9961021745
9961830581
9995313632
9995991658
8075099475
9037127217
9061234918
9497614121
7034669978
9061323613
6235476203
7012376599
7012565316
7025608561
7025671974
7025748565
7034304067
7034689020
7305447337
7306539542
7356042935
7356076982
7356662498
7356891517
7356915016
7510232960
7510255378
7510374457
7510994124
7558907710
7592016183
7736200503
7907476191
7907979070
7994940640
7994943590
8075298772
8075887406
8078148812
8078504525
8086619911
8086653922
8086803939
8089579417
8089853007
8129650891
8136866758
8157096347
8157811240
8281887061
8281888706
8281997921
8304825156
8590321802
8590349196
8590386329
8590393684
8590398363
8590494630
8590529698
8590689561
8606200020
8606375361
8606836320
8848373779
8848940367
8891964939
8943098992
8943114455
8943521906
8943868093
9037318912
9037724601
9037795075
9048355010
9048513461
9061322987
9061463419
9061491027
9072274605
9072848645
9142132501
9194462065
9349156410
9400730479
9446622825
9446991693
9447051721
9447509552
9447596131
9495024378
9495087459
9495751494
9496276233
9497560111
9497656117
9497697107
9526085373
9526433600
9526694042
9526932169
9539048807
9539610775
9539787862
9539818937
9539923767
9544095798
9544371531
9544516504
9544582708
9562165349
9562267361
9567280471
9567768930
9605040166
9605274980
9605817738
9633754399
9645156683
9645343783
9645404499
9645851054
9744746915
9744921923
9745063041
9745617045
9746178925
9746540643
9746787990
9747244098
9747773393
9778799504
9846097726
9846502734
9846549056
9846851429
9846863512
9846889279
9847223951
9847642557
9847707826
9946097659
9946104825
9946141177
9946788975
9954437153
9961251800
9961409358
9961857293
9995474643
9995745022
9995745971
9747448595
8075215548
7593921681
9072859871
9447604853
9539310450
9846525190
6235114223
6235285275
6238001389
6238114238
6238227413
6238338136
6238503485
6238539965
6238648851
6238673698
6282078466
6282685823
7012023535
7012122292
7012166930
7012192795
7012261536
7012280600
7012670998
7012888597
7025070224
7025092425
7025203035
7025500832
7025785842
7034320416
7034551058
7034747569
7034795384
7034878625
7306086154
7306141979
7306356423
7306975366
7356490676
7356616074
7356655155
7356913756
7403226819
7510142244
7510701615
7511175170
7558805387
7558908137
7558971117
7559062782
7559922789
7592024072
7592031549
7593941952
7593984381
7594015363
7594880759
7594956685
7736026311
7736208691
7736505255
7736506627
7736514923
7736644002
7736671785
7736718501
7736953407
7736992416
7902226665
7902511216
7902665781
7902702140
7902717961
7907227647
7907277260
7907281237
7907294921
7907374782
7907810485
7994167809
7994283881
7994511024
7994814242
8052777967
8075468624
8075657656
8075670178
8078329895
8078495700
8078801099
8086061201
8086081311
8086262346
8086305498
8086410662
8086469046
8086540582
8086777456
8086822635
8086912293
8086969665
8089545155
8089671547
8089700570
8111802415
8111802602
8111842409
8111867222
8111894044
8111987000
8129267505
8129383837
8129504515
8129505274
8129897658
8129921924
8139808463
8157916195
8281010114
8281034215
8281376771
8281391467
8281828005
8289849800
8330042368
8330814613
8547082246
8547177093
8547196087
8547238185
8547333300
8547548740
8547791811
8547886320
8547945009
8547965072
8589029689
8589924240
8590065478
8590437455
8590499106
8590571405
8590608182
8590754922
8590778994
8590893383
8590917248
8590923282
8590968934
8592029671
8592087781
8592087959
8592909488
8592910345
8592910348
8592953593
8592956776
8593841312
8593841362
8593859004
8593887925
8594032201
8606060866
8606124083
8606164893
8606528046
8606752709
8606770724
8606920318
8714221640
8714521848
8714867375
8813083240
8848374839
8848435107
8848796744
8891012557
8891567482
8891808330
8921177279
8921182313
8921277648
8921308589
8921527296
8921556901
8921567378
8921627502
8921681276
8928898429
8943004916
8943061370
8943133304
8943236759
8943264050
8943286500
8943292897
8943375808
8943391418
8943444248
8943547370
8943671044
8943700590
8943739745
8943796965
8943955875
8960446655
9037105133
9037451935
9037544612
9037721244
9037975756
9048335648
9048454661
9048543231
9048549346
9048570672
9048736510
9048802734
9048814154
9048816468
9048858410
9048963194
9061034042
9061471388
9061859459
9072023370
9072031164
9072137930
9072219358
9072347349
9072470542
9072487175
9072489797
9072504973
9072898226
9074321850
9074553012
9074855639
9092551603
9188218912
9188347828
9188628389
9188675600
9188776255
9188845923
9196333814
9207069779
9207147371
9207865365
9249387391
9287569125
9342652882
9342652885
9349235364
9349527581
9387973552
9388331371
9388505544
9388658269
9388957575
9400188811
9400188899
9400247392
9400377570
9400408916
9400543313
9400705867
9400840961
9400922477
9400972362
9400997634
9446029366
9446429517
9446624078
9446638666
9446721965
9446785923
9446828634
9446857392
9446870674
9446871547
9446923369
9446937168
9447134042
9447224825
9447244212
9447308808
9447320153
9447321394
9447379922
9447412789
9447468291
9447673028
9447729366
9447810341
9447957606
9447966821
9448574062
9495046785
9495062991
9495307238
9495384728
9495484083
9495566189
9495677599
9496031257
9496072609
9496110547
9496188724
9496201588
9496213531
9496213550
9496220646
9496288232
9496290466
9496416696
9496529015
9497068679
9497072288
9497203952
9497460766
9497626526
9497654384
9526047189
9526060489
9526074055
9526244485
9526278610
9526298851
9526548541
9526548937
9526552557
9526552680
9526906781
9526912597
9539022306
9539127522
9539178684
9539220023
9539237791
9539295883
9539393389
9539435242
9539517184
9539522922
9539538024
9539651288
9539658775
9539702401
9539703741
9539707796
9539736778
9539793554
9539821194
9539841559
9539853156
9539865278
9539985756
9539992452
9544015497
9544057900
9544171685
9544197705
9544258011
9544260745
9544278860
9544282496
9544312294
9544347349
9544560597
9562153468
9562184937
9562292410
9562318185
9562475513
9562794223
9562805519
9562855442
9562929200
9567065338
9567203488
9567498185
9567571805
9567795679
9567921312
9605003295
9605064417
9605317035
9605372000
9605389112
9605587020
9605587029
9605700427
9633051624
9633239699
9633330676
9633378250
9633476340
9633795614
9633973306
9645063483
9645228133
9645385896
9645534368
9645541550
9645666881
9645671462
9645697426
9645772460
9645884375
9656024110
9656124855
9656127389
9656281459
9656690261
9656690390
9656738208
9656824643
9656966255
9737490696
9744173866
9744403822
9744477404
9744523178
9744915202
9744929851
9744949166
9745063848
9745096679
9745129567
9745144198
9745249982
9745309818
9745310188
9745400555
9745420538
9745641636
9745902635
9745936396
9745979414
9746089105
9746366742
9746627930
9746732201
9746850397
9746996051
9747156612
9747301854
9747642722
9747663487
9747847298
9778023560
9778049026
9778067365
9778210168
9778391300
9809555790
9846029926
9846102542
9846155940
9846159123
9846171137
9846283330
9846337952
9846379646
9846440082
9846463785
9846475384
9846506830
9846526800
9846636565
9846649604
9846725968
9846741624
9846744621
9846762255
9846801329
9846825155
9846841038
9847050925
9847305957
9847399648
9847432660
9847433756
9847473737
9847491019
9847547112
9847550478
9847553012
9847607470
9847619102
9847756928
9847848858
9847868224
9895049965
9895134160
9895330719
9895444138
9895444558
9895967167
9946008137
9946034055
9946065384
9946138501
9946374521
9946474112
9946488347
9946572829
9946712940
9946734082
9946739124
9946745557
9946792869
9946898990
9946921640
9946923932
9946932156
9946954619
9947012256
9947118053
9947174710
9947320928
9947450662
9947924624
9961068715
9961237899
9961335691
9961342927
9961446913
9961603587
9961618884
9961627793
9961721701
9961894683
9995134055
9995289650
9995309401
9995448575
9995617778
9995705619
9995759516
9995869936
9995929339
6235522379
6238561209
6238570961
6238743176
6282474668
6282744485
6282818230
6282870367
6282924636
7012199098
7012539419
7012548703
7012688737
7012865284
7025506229
7025567155
7025960793
7025969594
7034083810
7034525334
7034589268
7034771171
7034843517
7306051792
7306083325
7306193862
7306908311
7356505984
7356662133
7356830489
7510297184
7510615815
7510824031
7558856554
7560888198
7591981163
7592929610
7593966942
7594997479
7736439659
7736919299
7736943375
7736972442
7736990355
7907039133
7907351063
7907384964
7907773443
7907910301
7994493323
7994751925
7994969174
8075401386
8075805445
8086121938
8086367688
8086380018
8086642154
8129416182
8129599574
8129765905
8129868766
8136949648
8138878506
8138958921
8157017695
8281150550
8281334970
8289975530
8301033648
8304820992
8304843595
8304961766
8330041253
8547012341
8547362320
8547649295
8589069879
8589851424
8589896980
8590036870
8590196470
8590233575
8590304833
8590338093
8590368161
8590403973
8590446696
8590487562
8590497319
8590511780
8590531167
8590548447
8590561938
8590571113
8590821240
8590891568
8590892723
8848291455
8907876595
8921052751
8921095388
8921971529
8943827857
8943827914
9040560979
9048027146
9048027669
9048377508
9048619366
9074439908
9207398352
9207807639
9400837185
9446956988
9447412525
9447435793
9447531839
9447968337
9495579137
9496240978
9496372140
9496731701
9497053940
9526190114
9526198403
9526237975
9526271732
9526491911
9539261464
9539640617
9544169108
9562155269
9567102462
9605060669
9605725992
9605993179
9633689515
9645221987
9656171889
9656641026
9717511624
9744202045
9744254832
9744450235
9744748596
9745543977
9745675009
9745747940
9745890614
9746076704
9746314516
9747156784
9778213465
9778407880
9846305475
9846675037
9847204001
9847365059
9847432716
9895063938
9895632443
9895909943
9895971742
9946499289
9946678816
9947261491
9947269322
9947387781
9947466099
9961045689
9995105511
9995554693
9048982171
6235208008
6235844125
6238080277
6238692051
7356539027
7510381472
7560926744
7561873686
7592969893
7994627573
8075052182
8075970759
8078140846
8089852274
8136955620
8156964012
8157099265
8301001542
8547928034
8589052092
8589891978
8590032797
8590419936
8606509503
8606823186
8714098922
8848584041
8921842163
9037577813
9048205337
9061142049
9061524878
9072780936
9074083426
9400634856
9526691074
9562554787
9778538629
9645143415
9895992939
8606814193
9633336890
9846600822
9995166556
6235447901
6238459358
8078008458
8111970200
8547062304
8590569930
8891642807
8943098879
9446216725
9495222676
9562653593
9567541512
9567791655
9633577299
9746042744
9895509788
9946183610
9961196933
9995760177
8593033791
7994262481
8129762481
8848877915
8921022661
9061231125
9526290463
9633100890
9744222481
919526290463
971503142287
971504166250
9961494805
7025925227
7736332052
8330008007
8086344873
8281355380
8547196393
9072949413
9744742263
9745798002
9895351216
9958341116
8943187379
9539288850
9567238667
9567924036
9605938584
6235188951
6238203436
6238513135
6238714301
6238873576
6282031831
6282160238
6282414267
7012048059
7012590271
7012858432
7012969615
7025189095
7025507551
7025527313
7025689960
7025869125
7034268143
7034311620
7034793833
7034831473
7306699215
7306937050
7356223297
7356498496
7356542006
7356590703
7510781069
7558097580
7558910063
7559073128
7559804705
7559917450
7593840834
7593892580
7594849512
7736204705
7736268602
7736329163
7736507833
7736564488
7736569215
7736574709
7736650210
7902312508
7907136764
7994012615
7994051578
7994132601
7994354944
7994630837
8075837586
8086033584
8086038003
8086129242
8086192494
8086629084
8086861027
8086862767
8089110763
8089137757
8089365096
8089393612
8111894629
8129208236
8129535725
8129611714
8129951020
8137024370
8137029578
8137093665
8139885769
8281327634
8281356909
8281457488
8281911130
8281994892
8281995804
8289880368
8289930645
8547453298
8589972076
8590155427
8590489499
8592843179
8593087067
8606478192
8606527370
8606567400
8848691939
8848762820
8891227009
8891418271
8921404848
8943512572
8943734789
9036625094
9037455199
9037459754
9037678763
9048022739
9048548256
9048690339
9048702389
9048846066
9061102794
9061270232
9061774819
9061810233
9072111904
9072805177
9074467585
9188225285
9188424143
9207311535
9207429166
9400282500
9446267461
9447674149
9447831768
9447975914
9495258033
9495529057
9496405571
9496982779
9497531612
9497723180
9497822940
9497869831
9526431821
9526567294
9526654004
9526825010
9539235599
9539555473
9544267943
9544988455
9562005935
9562220860
9562461498
9562937416
9567128277
9567565755
9605043165
9605088276
9605117476
9605274205
9605296375
9605493625
9605994667
9633076463
9633575177
9633588650
9633672811
9633865133
9645586986
9645938921
9656637685
9744645236
9744672698
9744782753
9744963361
9745115746
9745235514
9745511326
9745702997
9746537941
9747182181
9747225349
9747359827
9747852244
9747913080
9747931451
9846408335
9846421479
9846971084
9846994918
9847452696
9847682501
9847784060
9847850654
9895330982
9895727781
9895907627
9946591203
9946837607
9947199280
9947513172
9947825684
9947880849
9947922112
9961769371
9961773040
9961812124
9961853557
8891495382
9072108831
9207633554
9847231701
6282428759
8590338671
8593828891
8943671251
9020284980
9544118747
9744095183
7012933982
9072108837
9349171522
9447617431
9847673320
6282855913
7025692070
7025696996
8301809045
8547975907
9495025057
9495320658
9495594117
9496862448
9544208795
9645492187
9745548997
9846294058
9846515405
9946273984
7994857332
8891795954
9446076118
9946559491
7994854487
6238260859
7012838290
8086787858
8606236423
9074759598
6235194476
6235474046
6235856315
6235859376
6238445199
7012065433
7012598538
7012887957
7012981419
7025104964
7025147269
7025153349
7025869701
7025905385
7034038824
7034329333
7034349154
7034513726
7034549282
7034835112
7306091615
7306437380
7339398023
7356008948
7356360041
7560908888
7560965698
7561028744
7561032553
7592850815
7736227496
7736699574
7736864047
7902460179
7902704614
7902821021
7907090638
7907351642
7907996904
7909178952
7994353314
8075182795
8075710833
8089503110
8111866348
8111972802
8129255761
8137047593
8137049381
8281006590
8281236757
8281364585
8281554361
8289890994
8301840591
8547348604
8547579972
8589850150
8589865027
8590283597
8590476325
8590528598
8606139201
8714590551
8848320997
8921774110
8943144973
8943638958
9037404778
9048005379
9048434890
9048519521
9072117329
9074133406
9074890619
9188023206
9207203137
9207345006
9388453949
9400966617
9400977204
9446994853
9447346666
9495033158
9495795103
9496931816
9539215007
9544047628
9544906335
9562193186
9562904883
9567015675
9567699617
9605190826
9633218479
9633403785
9645590337
9645881074
9656156484
9656297458
9656493419
9744003805
9744112546
9744276080
9745252400
9745257793
9745433467
9745563686
9745902558
9745930872
9746997243
9746998055
9747301112
9778101305
9778333968
9846107299
9847272232
9847440667
9895077152
9895315674
9895472855
9895592244
9946164756
9946412585
9946980222
9947149893
9961301708
9961957698
6235519750
6238416554
7034010879
7034852087
7510628048
8078153115
8086412514
8304012758
9207204326
9400737509
9446763263
9495130569
9495797179
9539558999
9645639761
9745841624
9745853453
9745963650
9747957128
9846179005
9846441607
9895204326
9946236150
9946568470
9947812680
9961639761
6235200541
6235234730
6238229372
7012096869
7012632608
7034778826
7306425105
7306504306
7510244688
7510274653
7510860968
7510960717
7558840828
7560910166
7561032866
7594821193
7736498930
7736571806
7736690976
7736966367
7736968328
7902353037
7907668678
7909203729
7994764211
8075993437
8078228878
8086675465
8089015318
8089373364
8129331947
8129359182
8129637399
8139010759
8156941379
8281824661
8547217383
8547646131
8589837325
8590211927
8714415870
8848768788
8921634719
8943366247
8943391688
8943447682
8943500791
8943826257
9037734388
9048059204
9048933182
9072719230
9072719420
9074683177
9188350571
9400623388
9400731881
9446807262
9447160551
9447441641
9447937539
9460677149
9495383543
9495689957
9495884351
9496450942
9496481070
9496525197
9496913043
9526309769
9526450742
9526553152
9526954406
9539281418
9539610740
9544005647
9544658143
9562410020
9562476470
9562477899
9562963650
9567107003
9567724117
9567744646
9605358905
9605424355
9605638319
9645697220
9645719481
9744396035
9745662478
9746557967
9746984084
9778503981
9846203977
9846367550
9846459996
9846552019
9846557344
9846629385
9846634147
9846828519
9846972105
9847205976
9895361574
9946321920
9947350932
9961924673
9995437986
7510803350
8943911647
9496311647
6282069039
7025066569
7293275645
7356200829
7909207419
8075347628
8086337614
8129658629
8139038852
8157970309
8281168036
8281583602
8281674649
8301827730
8590199468
8590206022
8904743342
8921385828
9037850677
9048018494
9048779275
9072031343
9074698357
9387250797
9446348459
9447673590
9526290018
9539313765
9562344161
9562459668
9605377647
9605592842
9645925021
9656181060
9745325975
9746553346
9747682115
9846028373
9846334517
9847741122
9895624644
9946522768
9961774247
7012858078
7025043866
7025151160
7025297581
7025424331
7025718116
7025719116
7034499375
7558809924
7558991276
7594019116
7907085492
8086307639
8086537329
8089978148
8111970785
8301974961
8589079083
8606081690
9048261651
9048540205
9048671577
9188606216
9207170785
9288178914
9446467246
9446622436
9446678148
9446872361
9446908917
9446948254
9495635393
9496190757
9496797281
9497723699
9526406015
9539749061
9633255754
9633255757
9645348694
9656206716
9656460439
9744617342
9778049431
9846027830
9846200576
9846985373
9847584162
9895038873
9895682033
9947794638
9947840539
9961355974
8139848857
9847548989
6238478266
6282709462
7012411239
7012792025
7025614563
7034075099
7034328316
7034506356
7034711142
7094076258
7306937392
7510568536
7559019483
7592963321
7736029800
7736268208
7902935331
7994368400
8078246815
8086899033
8089287151
8113081662
8547377309
8547458612
8547661163
8590637421
8590888133
8606076734
8606197609
8606701310
8848355797
8848922164
8891183747
8921964075
8943044429
8943643555
9048466800
9061417321
9446278528
9446529464
9446620859
9447857097
9447994553
9495173550
9495950222
9497178698
9497318818
9497445152
9497678623
9526163049
9526295110
9539091856
9539767532
9567544144
9745349704
9745678779
9746051658
9840843134
9846916240
9847141571
9847197656
9847946897
9946513638
9947080197
9947400191
9947471370
9961051683
9961624731
9961683386
9961765178
9961896816
8921549857
9744143194
9947473495
9745346272
7736252162
7907173866
7907816204
8606145055
9074052519
9074463373
9400744041
9447132385
9447831267
9495131243
9544846170
9633304104
9747088722
9747775708
9778106067
9846010030
9846904290
9847194904
8921759362
7994135519
9947719235
8086826030
9744818777
7594007706
9048381374
9747834917
9447376590
8157914265
9605903326
9567156426
6238664633
8590678817
9961881138
6282332641
7736607794
8589842181
9447653615
9526171192
9995325095
7012838310
7558055760
7559047158
7560815913
7736239305
7902765086
7902765108
7994890380
8075860200
8078566306
8086313195
8089748631
8281028153
8281268315
8592896697
8943213762
9037791445
9048268721
9447830352
9496667760
9497397011
9539687636
9539784502
9562123538
9562668204
9562913622
9567167086
9567771806
9605587637
9605846843
9645811445
9656220880
9744946571
9745125606
9745258535
9745564459
9745641173
9746565760
9746669028
9747729026
9778085375
9846940844
9895282785
9946537182
9961505418
9995606697
6235170959
6235284186
6235547740
6235832947
6235860020
6238594815
6238612518
6238629564
6238845917
6282162474
6282223471
6282520031
7012098171
7012757618
7025351474
7025499388
7025609429
7025628016
7025669734
7025754950
7025767629
7025881257
7025887014
7025888462
7025892107
7034066150
7034095732
7034264161
7034319588
7034341723
7034394208
7034420101
7034465451
7034567851
7034641723
7034694593
7034771426
7034776828
7034817698
7034839988
7034963237
7058040250
7306159830
7306786577
7356247897
7356324776
7356389759
7356656674
7510143714
7510158591
7510391617
7510453813
7510474740
7510521660
7510534003
7510667236
7510906496
7510955133
7511120165
7558037430
7558046708
7558049708
7558843193
7558960503
7559079421
7559083762
7559894454
7560881274
7560937438
7561019471
7561817378
7561850144
7561864554
7561894594
7561894653
7591932844
7591960735
7592026831
7592095483
7592920356
7593056699
7593922625
7594832152
7594903471
7594903490
7594911405
7736010495
7736093805
7736112830
7736122799
7736273188
7736539949
7736647401
7736693193
7736699700
7736739432
7736822761
7736891972
7736910422
7736974625
7902243303
7902252871
7902253829
7902289853
7902445283
7902961969
7902967991
7904150641
7907555459
7907675973
7909115103
7994018798
7994041753
7994153251
7994185568
7994296567
7994363583
7994559180
7994737660
7994738762
7994809727
7994884277
7994897287
7994911925
8075004295
8075056695
8075136990
8075211030
8075285972
8075286687
8075451714
8078116083
8078393115
8078525690
8078839352
8086180243
8086506098
8086542288
8086679139
8086755146
8086834310
8086882531
8086948673
8089076130
8089135989
8089397630
8089581648
8089906041
8111850465
8111914979
8113892960
8129019259
8129030751
8129128991
8129136453
8129239928
8129349119
8129351075
8129367202
8129385930
8129403287
8129406008
8129420436
8129527317
8129617711
8129710100
8129802828
8136930668
8137823008
8137943455
8138009223
8138964768
8139033367
8139821698
8281109943
8281190827
8281218998
8281293165
8281377059
8301083125
8301831310
8301885846
8301969473
8547030284
8547141093
8547373271
8547419959
8547421976
8547698439
8547821627
8547859544
8589891561
8590323659
8590353916
8590513637
8590684827
8590713040
8590735769
8590845991
8590866675
8592058990
8592886942
8593058896
8594093389
8606137572
8606647778
8714127295
8714260493
8714329228
8848015601
8848362965
8848376764
8848797322
8848814873
8848909191
8891218899
8891308415
8891491798
8921947319
8943012991
8943404734
8943447498
8943448149
8943559969
8943562618
8943757578
8943757975
8943773309
9037051566
9037232509
9037346215
9037350045
9037372709
9037449441
9037726045
9037841981
9037950375
9037959598
9037970119
9048028304
9048113188
9048450879
9048482269
9048615284
9048628842
9048671467
9048709729
9048910380
9072030553
9072114901
9072143857
9072411528
9074014931
9074772568
9189436158
9199467955
9207110157
9207391612
9207496619
9249312923
9339587234
9387536323
9388143377
9400022039
9400192705
9400375999
9400465899
9400878520
9446065120
9446134397
9446431290
9446694349
9446790644
9446801624
9446925568
9447134527
9447288213
9447316409
9447415000
9447441881
9495111354
9495851321
9496532366
9496832035
9497124951
9497655269
9497797801
9497801718
9526376483
9526420552
9539038381
9539276627
9539294251
9539603560
9539640113
9539757528
9539808400
9539814971
9544078155
9544292164
9544545367
9544660170
9544847337
9544898355
9562078444
9562117747
9562229279
9562260924
9562279363
9562292524
9562390062
9562426462
9562432331
9562443940
9562463914
9562543955
9562596412
9562639695
9567031513
9567171632
9567235764
9567429322
9567660087
9567725668
9567768906
9567941811
9567943526
9605392261
9605847177
9633329221
9633407528
9633419652
9633498994
9633594277
9633604860
9633644172
9645062387
9645120799
9645206414
9645209030
9645209032
9645405014
9645471302
9645663869
9645680043
9645722247
9645799590
9645826491
9645826936
9656175354
9656382025
9743058290
9744198340
9744210577
9744387271
9744491002
9744536255
9744703162
9744713200
9744807795
9744845657
9745039855
9745134651
9745163308
9745212914
9745326377
9745401819
9745404235
9745441317
9745475452
9745735536
9746014903
9746126807
9746215744
9746564380
9746739522
9746787142
9746887042
9747135599
9747191050
9747341572
9747351572
9747487215
9747921277
9778008381
9778018146
9778498440
9846158042
9846183757
9846297208
9846333925
9846356092
9846412605
9846507912
9846625327
9846664025
9846678445
9846753964
9846808668
9846855299
9846874280
9847128593
9847416704
9847437097
9847531940
9895045661
9895059145
9895062703
9895518291
9895957510
9946058803
9946067002
9946146438
9946209263
9946503232
9946627264
9946642820
9946780143
9946795579
9946806915
9946892864
9946922077
9946930244
9947895428
9947930181
9947957659
9961486463
9961624299
9995033522
9995267973
9995276358
9995459081
9995607947
9995895851
9529939403
9747666862
7025468669
9072294094
9847339145
971503215995
7736670072
8714099735
8921512887
9072198505
9074869880
9544897800
9847383308
9645638313
7025423523
6235188306
6235546910
6235813364
6238020043
6282131356
7012590447
7012933643
7025075157
7025099701
7025454246
7025643351
7034271506
7034432277
7034944402
7306581521
7356130414
7356672312
7510836201
7510948330
7559813321
7559873255
7560967699
7593954035
7594019616
7736512504
7736565182
7736669347
7736669715
7736714094
7736715674
7736956383
7736971901
7736981945
7736993515
7994046289
7994124205
7994317467
7994557359
7994815772
7994816472
8056258085
8078235968
8078574585
8086161749
8086258085
8086423009
8086431389
8086669293
8086922356
8111829745
8111983127
8129107294
8129946166
8137948388
8139880354
8156898096
8157904844
8281592974
8301094752
8301985993
8304062752
8330034030
8547173597
8547196490
8547267324
8547493515
8547548185
8547594934
8547662837
8589077041
8589804103
8589899919
8590215970
8590304883
8590387537
8590650889
8592009137
8592806112
8593911697
8594061004
8606095453
8606153217
8606159339
8606538490
8606583664
8606607713
8714169915
8714334203
8848810085
8902754944
8921695711
8943213474
8943248107
8943340814
8943373027
8943497436
8943585977
8943588977
8943693347
9037133868
9037332484
9037578085
9037778306
9048112738
9048117541
9048249797
9061330666
9061334666
9072125893
9072132790
9072132817
9072787933
9074703413
9074927158
9188003634
9188169025
9188173170
9207053074
9207535760
9288502310
9400282065
9400435402
9400607893
9400786383
9446087228
9446175578
9446670590
9446997012
9446997783
9447023576
9447068705
9447197228
9447242848
9447281356
9447616183
9447616242
9447765996
9447813169
9447834142
9447971134
9447993326
9495171499
9495286130
9495637798
9495667647
9495713029
9495833685
9495855587
9495855591
9495883303
9495893355
9495923576
9496125246
9496315195
9496445156
9496527817
9496563065
9496866581
9496939339
9497160996
9497249009
9497417603
9497627863
9497655889
9497655891
9497668182
9497933685
9526419448
9526851910
9526939580
9526991811
9539111848
9539431449
9539433868
9539872315
9539880590
9544026417
9544121999
9544173255
9544177036
9544346292
9544349816
9544454823
9544986255
9562210743
9562311686
9562452172
9562453926
9562456992
9562628140
9562748897
9562752484
9562754533
9562768182
9562916133
9567428435
9567761356
9605142448
9605316540
9605547093
9605550133
9605578801
9605578993
9605627359
9605704245
9605771277
9605799561
9605803090
9605901324
9633362231
9633413170
9633973140
9645018808
9645346081
9645346082
9645632155
9645942712
9656006027
9656100232
9656377270
9656898337
9656965982
9656966003
9744044015
9744178575
9744215649
9744295586
9744433225
9744684405
9745186977
9745508125
9745508250
9745629868
9745641646
9745931588
9746431076
9747065982
9747088421
9747171361
9747171757
9747172082
9747476034
9747552206
9809183189
9846070008
9846569635
9846586289
9846587908
9846600814
9846720497
9846809682
9846998746
9847159697
9847200765
9847370274
9847452475
9847664195
9895314035
9895791118
9895878107
9946183504
9946246238
9946323949
9946604185
9946791418
9946824838
9946922205
9947324696
9947509586
9947520969
9947531945
9947533217
9947793046
9947807326
9947918545
9961129347
9961194828
9961521018
9961733554
9995330229
9995348947
9995761407
6238493287
6238779685
6238786705
6282011992
6282281498
6282870899
7012003271
7012812458
7025622875
7025939868
7034535076
7306699829
7337734575
7510504738
7511120440
7593821806
7594002543
7736048418
7736355767
7902664738
8075040385
8075630410
8078454801
8086121806
8086401984
8086457637
8086808378
8113851970
8129121657
8129756311
8129947405
8136930845
8137913250
8157063461
8281344757
8281369255
8281712940
8281730934
8281985223
8304032573
8304966787
8547445763
8589942284
8589952968
8590179644
8590630731
8590688490
8590741678
8590857399
8592999529
8606311706
8606311843
8848975589
8891351682
8891729644
8921736702
8943658248
8943691988
9037259868
9037423626
9037903716
9048033258
9048387881
9048388522
9048443486
9048611657
9048826935
9048897051
9061117386
9061152457
9061157521
9188347697
9188353540
9188913516
9207111682
9207225795
9207789479
9349771900
9400299280
9400443938
9400733164
9400939499
9446242657
9446315729
9447829644
9447830592
9447969286
9495062660
9495331211
9495529055
9495634779
9495713040
9495739399
9496618716
9496670731
9496675729
9496901936
9497563461
9497624085
9497662485
9497805163
9526022709
9526243237
9526530266
9526905731
9539074940
9539588851
9539593079
9539692910
9539789478
9539940618
9544235486
9544886578
9567160496
9567749518
9567869190
9605184991
9605976274
9633013370
9633181849
9633393168
9645309922
9645528510
9656168705
9656492646
9687269716
9744002543
9744185282
9745782284
9745801439
9746236342
9746869569
9746997282
9847262485
9847312010
9847375407
9847871905
9895108194
9895990154
9946206979
9946317558
9946750077
9947396796
9961232750
9961384186
9961605542
9995167200
9995262934
6238591655
6238889401
6238915409
6282160096
6282719683
6282926826
7012824396
7025013263
7025446321
7025497984
7025950792
7034127473
7034310663
7034390573
7034484586
7034718881
7293613293
7306752641
7356299514
7356354926
7356669027
7510147891
7510189643
7510657342
7511141630
7558975578
7560905168
7736132651
7736571935
7736686101
7902334165
7907106860
7907532862
7994134868
7994137921
7994935718
8075049226
8075464799
8075486469
8075793690
8075898355
8078362806
8078841167
8078855344
8086058961
8086116672
8086120332
8086412417
8089196184
8111863016
8129012831
8129578136
8129582133
8129702084
8129737641
8129792624
8129923805
8129941787
8213036758
8281632872
8281809864
8281978195
8301937696
8330071454
8547112774
8547234319
8547383235
8547535423
8547643846
8547683415
8547942680
8547945183
8547953744
8547996213
8589069638
8589861856
8590329485
8590570590
8594002392
8606326727
8606733198
8606781650
8606800486
8848259922
8891179853
8891262483
8891908381
8921461636
8943936476
9037460833
9048063301
9048307635
9048684799
9048898008
9048907580
9061148682
9142460325
9188148682
9207145251
9207375836
9207433725
9207443151
9207931718
9400162852
9400936073
9446624950
9447172758
9447551021
9447691826
9495387934
9495778539
9496092539
9496241410
9496588241
9496598677
9496602914
9496659802
9496685631
9497179502
9497803284
9526278249
9539127427
9539131480
9539312107
9539520738
9539591736
9539775042
9544022905
9544067290
9544152688
9544331279
9544372063
9544956656
9560905168
9562087714
9562258595
9562845685
9562967512
9567155885
9567558410
9567741609
9567766251
9605209270
9605549577
9605917152
9633016768
9645154039
9645572766
9645702608
9645722844
9656518274
9744185285
9744655269
9745478381
9745795650
9746206790
9746255994
9746734320
9747631571
9778571750
9846479415
9847237035
9847257868
9847261439
9847800178
9895092084
9895277167
9895544276
9946036321
9946187903
9946498311
9946582248
9946589076
9946690340
9946741469
9946831275
9961039355
9961855288
9995455673
9995557769
9995611057
9995656184
8943194763
7306427892
7902993866
7907520791
8281555807
8590195498
8606718421
8848225150
8848609715
9074530745
9446232723
9746457555
9846121825
9846498807
9846829935
9946184055
9946592509
9995619234
6235060172
6235120237
6235930480
6238116160
6238218294
6238560382
6238602346
6238704364
6238745125
6238789091
6238860211
6272372729
6282436775
6282713417
6282877528
7012310109
7012561168
7012977600
7025476127
7025656549
7025777555
7025843683
7034178528
7034367246
7034376972
7034473447
7034555347
7034719016
7034750226
7306548526
7306585882
7339043453
7356293704
7356445120
7356637814
7356645206
7356657270
7356675581
7356698891
7356727614
7356948096
7510644600
7558027447
7558051045
7559015762
7561810323
7592929376
7593037560
7594011937
7594082982
7634899435
7736146733
7736444081
7736535835
7736584823
7736847595
7736854916
7736955619
7736960368
7902307018
7902323871
7907110117
7907200257
7907248600
7907350365
7907531532
7907852006
7994047484
7994068957
7994150663
7994209376
7994882196
7994951728
8075047880
8075572026
8078096572
8078157418
8078533380
8078706667
8086060360
8086182110
8086761123
8089163280
8089628199
8111978048
8113851956
8129155746
8129163035
8129353684
8129355707
8129383784
8129485086
8129559038
8129955390
8129955539
8137844858
8137865227
8137934411
8156848023
8156974092
8157062662
8157869957
8157985849
8281496986
8281701373
8281791283
8289965648
8301043045
8301914631
8304817155
8330076378
8547378597
8547625333
8589818526
8589897862
8590153680
8590472464
8590580876
8593863508
8593963782
8594030138
8606162800
8606162802
8606349830
8714299487
8714337442
8839499426
8848230113
8848954575
8848957545
8891146587
8921031515
8921119705
8921243926
8921642430
8921652123
8921662599
8943241936
8943319825
8943515668
8943868269
8943991136
9020021550
9020345010
9037247663
9037328332
9037364055
9037406818
9037713039
9037931070
9048188199
9048324643
9048796572
9048882946
9048908089
9061015333
9072807726
9072830601
9074483493
9207263747
9207290460
9207783107
9249658328
9288951005
9326104880
9349001241
9349403769
9400045620
9400167760
9400269753
9400272015
9400489172
9400626948
9400696198
9400962926
9400982368
9446035637
9446371270
9446623487
9446727978
9446887873
9446965228
9447162955
9447435777
9495026216
9495057223
9495566811
9495713157
9497204847
9497414687
9497457022
9497876856
9526271213
9526296288
9526383551
9526422508
9539249489
9544000562
9544055867
9544592911
9562313036
9562880005
9567273403
9567282505
9567469753
9567523503
9567632750
9605285908
9605353765
9605735541
9633549222
9633748822
9633759553
9638570138
9645443104
9645736574
9656014623
9656020233
9656451241
9656468330
9656847228
9689878155
9744148785
9744233042
9744605880
9744904166
9745208458
9745325159
9745373650
9745375851
9745537892
9745560450
9745821444
9745843747
9745863258
9745971414
9746246279
9746254257
9746254408
9746568526
9746636704
9746679117
9746941783
9747149097
9747167053
9747182738
9747363499
9747491795
9747849473
9747970205
9778003448
9778397634
9790507159
9846055653
9846096656
9846332264
9846422051
9846561221
9846567284
9846905969
9847343699
9847453690
9847454370
9847563561
9847864382
9847947477
9847993857
9895834094
9895903582
9895957086
9895966397
9946106123
9946217803
9946763018
9946835908
9947238772
9947452610
9947533546
9961045681
9961068534
9961258352
9961306991
9961423826
9961851060
9995578603
9995750118
9995958488
6238631525
7034672004
7306242774
7306689836
7356514009
7510359808
7510927890
7558898873
7558988676
7559875622
7592068578
7593047845
7593910678
7736354159
7736974148
7902275027
7909176475
8086703145
8086743811
8086751895
8086921833
8156917026
8157088447
8281328002
8301068072
8547017435
8547891646
8547910561
8589868303
8592800991
8593862854
8593868402
8593944697
8606308990
8891545142
8921251645
8943129802
8943433130
8943753434
9037169482
9048885543
9142583382
9207303381
9400079147
9400881697
9446244648
9446867431
9446870621
9446911326
9446938452
9447673512
9447811704
9495548941
9495694649
9496229467
9496498089
9496754354
9497197431
9497247809
9497249377
9497655846
9526778578
9526815737
9539170554
9539745250
9539787366
9544253226
9544671895
9567956746
9605354009
9633184846
9633399070
9633563992
9656239330
9744088330
9744215629
9744427192
9744427921
9744444407
9744619808
9744868668
9744998089
9745659752
9745768129
9745954984
9746552635
9747041646
9747253675
9747777099
9747881963
9747887993
9797473512
9846068781
9846880405
9847047687
9847121099
9847473475
9847551112
9847619933
9847650720
9946600125
9946943784
9947004492
9947135909
9961410790
9961977837
9995722707
6238685138
7012810112
7025349767
7356022077
7356536613
7736509971
7907740709
8129372339
8129885768
8139072567
8281927213
8330345809
8330845809
8589899817
8590192394
8943248830
9037023459
9047600343
9048503875
9188557489
9497624817
9539312711
9605816116
9744186984
9744671289
9746068508
9746716106
9747023459
9747129263
9747956129
9809779773
9846667711
9846748046
9847416063
9946399894
9947400640
7012336305
8075512386
8075931414
8848205299
7025950401
7558001590
7559989496
7592933012
7736244386
8138911140
8547954071
8594078001
8606677903
8893477999
8921652283
8943172720
9074926680
9207148623
9207569588
9400124867
9400550010
9400681392
9446231613
9446420446
9447812654
9447830010
9447867703
9447969365
9495246645
9495884071
9496373170
9496482872
9497193462
9539102579
9539602411
9744169923
9745554117
9745648692
9747205767
9847866546
9946349923
9946816381
9961475767
6282352922
9544153177
7025614978
7558880041
7736424071
7994904261
8086918905
8547500921
8590446139
8590460704
8592971781
8943831191
9061311715
9400722664
9446902921
9447902563
9495332456
9539262148
9544963704
9562658363
9562926017
9605263466
9746668666
9846960295
9947964324
971529049934
971552271944
8086104380
8089492455
9037161901
6238461044
6238626018
6282667529
7012276627
7025092464
7025565537
7034488043
7306633744
7561835095
7736657273
7907397839
7994057676
8075450515
8086616486
8129768012
8281156372
8304931935
8590063354
8590545364
8590773889
8606670972
8606685075
8606929867
8943387280
9048027694
9048028384
9188459246
9207582060
9446232273
9447166612
9495087514
9495321879
9526921879
9544819285
9567678325
9567742565
9567968397
9567982415
9645738236
9645885063
9747165455
9778551289
9846235186
9895316630
9947561593
6235649060
7025804307
7902262406
9400889589
9744880272
6235307598
6235378650
6235483925
6238026796
6238057156
6238103219
6238322793
6238393554
6238506041
6238670560
6238840600
6282085831
6282153353
6282280315
7012195531
7012831489
7012997845
7025043714
7025314574
7025392696
7025494211
7025875852
7034023950
7034857618
7293286050
7306263973
7306401021
7306549994
7306558359
7306688212
7306922099
7306963490
7306993025
7356058444
7356354710
7356452825
7356593212
7356768759
7356870714
7356983208
7356993025
7510666011
7511190759
7558069340
7558830142
7559009565
7560812701
7560814223
7592868730
7736238954
7736293015
7736492828
7736570632
7736658738
7736945290
7902387746
7902443455
7907213585
7907570849
7907573335
7907706667
7907711279
7907970862
7994087527
7994323015
7994813859
7994814958
8075010430
8075568699
8075698107
8075761895
8075899521
8078085627
8078203853
8078403112
8078844500
8086065042
8086198100
8086429868
8086993197
8089008791
8089086893
8089209785
8089673586
8089991453
8111950218
8113989389
8129550240
8129581907
8138809075
8156937282
8157008874
8157075847
8157825582
8157901582
8157921847
8157974881
8281146382
8281332651
8281467119
8281593477
8281664725
8281721120
8281944338
8301813987
8304020797
8453155333
8547008410
8547062196
8547113045
8547138718
8547282276
8547314289
8547438225
8547449890
8547540508
8547885022
8589095805
8589975328
8590158902
8590496871
8590556855
8590610310
8590818677
8590860347
8592820825
8606553857
8606601042
8606667890
8714127788
8848277575
8848285599
8848347151
8848488387
8848865016
8848966377
8891956010
8893855554
8921043071
8921263417
8921506589
8921731773
8921897028
8921997027
8943237276
8943722698
8943787578
8943908495
9037637516
9037782346
9037996305
9040868292
9048346176
9048622237
9048743399
9061139864
9061335444
9061395974
9061891405
9061968591
9072498298
9074061178
9074232696
9074557091
9074615972
9188450905
9188460756
9207408897
9207477460
9207982259
9249228839
9288043185
9288803188
9387755554
9387825791
9387899439
9388845102
9388848534
9400191578
9400223322
9400390493
9400461486
9400735870
9400755577
9400850911
9400860292
9400865937
9446027207
9446036178
9446057178
9446308072
9446440229
9446440846
9446467016
9446596877
9446625091
9446827207
9446841394
9446937546
9446997991
9447052877
9447096641
9447225179
9447225959
9447530692
9447770184
9447865583
9447883586
9447923423
9447938223
9480566750
9495032710
9495053521
9495097543
9495200700
9495276559
9495343307
9495552691
9495567206
9495648636
9495846630
9495937881
9495938571
9495951915
9495978655
9496169163
9496247723
9496546059
9496754796
9496864290
9496959440
9497127143
9497233711
9497492412
9497627252
9497654545
9497703440
9526123284
9526191279
9526335223
9526447538
9526662278
9526711029
9526766203
9526904227
9539040691
9539269731
9539373465
9539481162
9539572907
9539941462
9539994512
9544007915
9544233790
9544499260
9544581554
9544955714
9544967447
9556450056
9562108154
9562175270
9562177927
9562202348
9562205054
9562425166
9562504080
9562563347
9562585474
9562717795
9562932412
9562994490
9567066170
9567503070
9605081849
9605207300
9605259733
9605488560
9605552078
9605575595
9605576201
9605671946
9605696818
9605737260
9605738994
9605891204
9633063673
9633073299
9633463894
9633591481
9633690527
9633808575
9633963161
9645002158
9645048006
9645410457
9645596980
9645809402
9645816201
9656331880
9656450056
9656689412
9656717080
9656787585
9656842137
9656965386
9656968147
9656995745
9744068130
9744145383
9744184211
9744331134
9744354222
9744386989
9744478736
9744550012
9744635309
9744653655
9744733246
9744800763
9744928730
9745247334
9745302966
9745488444
9745509319
9745560591
9745818007
9745863980
9746135210
9746260430
9746641980
9746668410
9746709910
9747101289
9747112181
9747276322
9747633661
9747655797
9747677590
9747818237
9747921432
9747949088
9747962876
9777977872
9778099300
9778106617
9778224957
9778295340
9778317764
9778433391
9778727722
9846182184
9846308473
9846394813
9846627115
9847039794
9847713536
9847732172
9847769974
9847798084
9895021455
9895026513
9895326946
9895505138
9895608533
9895716401
9895919972
9904874339
9946010812
9946246847
9946343070
9946570974
9946580873
9946762277
9946830099
9946986301
9947092156
9947227422
9947618837
9961115181
9961121395
9961305673
9961353147
9961520236
9961541009
9961820293
9961821021
9961835529
9961883135
9961907581
9995135207
9995465614
9995484971
9995673409
9995777800
6238429553
6238893288
6282768065
6893715542
7025106835
7025495997
7306185994
7356524626
7558975014
7592868895
8078996682
9495553783
9496212599
9496980846
9497761977
9526065330
9526070072
9526291483
9529559705
9539827834
9544028093
9562966715
9605295997
9605629433
9605758177
9633054398
9745951384
9746467265
9846832824
9847281925
9847611499
9895940320
9946281660
9946502133
9947002454
9947142398
9961307310
9995398318
9995483850
8139892117
9961453421
7034111540
7034354481
7558903064
7559015567
7561015639
7736215524
7736716418
7902205255
7907574107
7907710906
8075144231
8078980586
8086338537
8089665900
8089821233
8113078439
8129105473
8129198889
8129422067
8247893920
8281616837
8289889867
8593041769
8593057500
8596502886
8921519030
8941235112
8943234894
8943247887
8943573247
8943827232
8943879485
9020202824
9020265824
9048283092
9048685750
9048733264
9048792652
9207895339
9400164518
9400513247
9446914040
9495009533
9495635102
9496061835
9496673328
9526449261
9539334570
9539426412
9539634991
9539725929
9544013725
9562059618
9567131997
9567563770
9567975187
9605277957
9605625768
9605919255
9633509781
9645345091
9744099331
9744441558
9745129788
9746869707
9747273494
9747943314
9846059748
9846981754
9847934783
9895193569
9946701015
9946742520
9946901015
9947114151
9947140246
9947605923
9947893411
9961383221
9995727442
8078241535
8078969009
9747753585
9961508507
6235272853
6282258012
6282498996
6363323629
7025086848
7025488514
7034231745
7034618895
7306328086
7356015279
7356362274
7356682460
7510232866
7510826012
7559975269
7592861409
7592989053
7736365183
7736418592
7736518366
7736631016
7736795940
7994044631
7994349208
7994816715
8075350170
8075358476
8075852451
8075871969
8075928907
8078011277
8078443411
8086008956
8086246795
8089164935
8089243294
8089264726
8089699307
8089749154
8113987532
8136958177
8137974997
8139829027
8156966741
8157870098
8289944623
8547617817
8547835207
8589920275
8590113036
8590244011
8590300515
8590468289
8590935458
8593818439
8606618715
8848440887
8891756279
8921056157
8921421805
8921656157
8943696477
9020073250
9037117966
9048240943
9048548568
9061162846
9061779866
9072401641
9072501089
9072732979
9072782562
9074077186
9188355875
9207264609
9207406818
9207474809
9207557184
9207772601
9287406818
9400749401
9400766500
9400849526
9447725007
9447968687
9496231029
9496756694
9497515373
9497550780
9497653489
9526301124
9526398441
9526464681
9526960637
9526996477
9539067350
9539279718
9539453535
9539487303
9539740470
9539787906
9544048522
9544337987
9544550565
9562028794
9567622159
9567816960
9605011940
9605028947
9605072907
9633863522
9633991048
9645718922
9656175776
9656611974
9656993138
9742228960
9745559588
9745846535
9745926689
9746758218
9747039552
9747137055
9778033465
9778394718
9846403090
9847239509
9847482112
9847789510
9847969008
9946027884
9946117840
9946279279
9946573637
9947184111
9947240073
9947400376
9947728193
9961100242
9961797918
9961920104
8086090271
9048860070
9947769630
6235203703
6238784924
6282470431
7306769847
7356709090
7592024420
7594894581
7723345586
7736671737
7736744750
7902418493
7909172846
7994440604
7994806058
8086153314
8129106533
8129121220
8136985267
8157066287
8590349863
8592925694
8606001796
8921053899
9037210480
9048031275
9048795666
9074171401
9188254434
9400985076
9446230328
9446250908
9446358321
9446417883
9446543473
9446880378
9446997483
9447242519
9447307917
9447346711
9447467308
9495423809
9495528826
9495634011
9495781818
9495997497
9496751757
9496949809
9497279533
9497898916
9539022857
9539545757
9544759455
9562891947
9605360413
9605384680
9605387301
9633883481
9645936287
9656132011
9744652681
9744965368
9745661766
9747738044
9846968282
9847073643
9847170527
9847432698
9961835304
9961876943
9973467937
9249762656
9605724321
9605727321
6235352460
6282818432
7025902858
7510382551
7558871761
7559928953
7560868103
7736596380
7736956107
7907576581
8075245148
8075605186
8078872383
8113078552
8129362476
8139087729
8281915635
8547305825
8590096055
8590302253
8590364254
8590951002
8593994662
8606914487
8848712311
8891407049
8891437668
8891662602
8921920673
8943775151
9074604120
9188501355
9388080935
9388415047
9446722350
9446722530
9495245803
9539359352
9544311757
9544819009
9562652255
9605272747
9605274721
9605933129
9633399904
9645306616
9645891056
9656451951
9744547588
9745664325
9745904318
9746154234
9746945146
9747630555
9747905353
9846544044
9895159092
9946270308
9961521661
7736244217
8943064949
9048233324
7012629747
7025806727
7034637739
7306344732
7306363378
7356749173
7561816529
7592985478
7736013249
7909221348
8086631158
8301005027
8304087190
8547048073
8590527960
8590806821
8592051628
8592982637
8593028635
8606121206
8848742964
8891620565
8921012720
8943684000
9037726375
9048031340
9446454370
9497058372
9526195827
9526211680
9526213111
9562480664
9645048907
9645436448
9645520052
9656144241
9747793395
9946655669
9539950687
8075018413
8129391958
8157060532
8590097156
8714473860
9037036515
9061099118
9061764736
9388333325
9447476128
9497068385
9605115849
9847367295
9847580532
9895517222
9961464335
8304030038
9645191719
6282759325
7510832820
7902995793
7994917372
8075348927
8129549600
8281928163
8547363930
8547549890
8590001404
8714171477
8921103061
9048325163
9061659454
9387128152
9388972471
9400161897
9446106124
9446230788
9447308748
9447746637
9495063354
9495078844
9605286292
9645330968
9656229706
9656435793
9656636972
9744000737
9846949900
9847575092
9946204524
9947162828
9961094653
9961291497
7510961002
7994257554
8281105487
6238416647
7025304379
7558808589
7558817673
7561827061
7902825663
8075420891
8138877124
9037142533
9446069599
9562494487
9605218170
9633708636
9645808872
9745184068
6238303470
7559006646
9544540999
6235588059
8086729264
8547551785
8921038254
9048009966
9207318575
9447619457
9495040820
9539172203
9633397185
9746814768
9847398559
971564451073
7306561424
8301963891
8304884758
8590411184
9048684606
9400621301
9446749375
9447351067
9447816063
9562267511
9633075099
9645734710
9656127384
9846077842
9847001567
9847099375
9947305556
971502662521
9526533736
9895871741
8547194225
8848374343
9961194225
9562272866
8943866064
9656969076
7034639603
7034647838
8075812470
8078121784
8086966798
8111819839
8590312878
8592082907
9072399603
9526673310
9747573542
6235036043
6235124728
6235822487
7012116295
7034146467
7034372307
7034597883
7306625272
7994102864
8086106117
8086178390
8086817349
8129880706
8129928607
8138058960
8539068625
8547762955
8590073801
8590617948
8606549421
8714161007
8891784118
8943015298
8943109664
8943145668
9019820080
9037001594
9048072355
9061733057
9188175658
9400888173
9446380352
9447722952
9495584773
9495759134
9496091749
9496529915
9496631617
9497372209
9497623562
9497653355
9539068625
9539178112
9539247572
9539551649
9539678742
9633475342
9633688512
9645664412
9744862552
9744923204
9745561509
9745953228
9747695920
9847208128
9946295745
9946423636
9946992765
9947478778
9947711288
9947950356
9995654635
9995912921
9746679133
7012123985
8089161041
8111830074
8157903525
9447705764
9746191041
9846692301
9846860452
9846871444
9747562297
8547207526
9207052255
9995782485
7994421282
9048074412
9895540461
8921644611
9993010111
9747896151
6238248343
9656555264
6238280988
9072776624
9544917444
9562917748
8891516093
6235283466
7558895122
7594055278
8075185300
8590218466
9495039566
9605715263
9846234857
6235533551
6238777368
7025977107
7034242941
7306849206
7591983971
7592930109
7594031491
7594830577
7736290739
7736658805
8075004453
8078867873
8086104926
8086674123
8129236551
8139065924
8547096476
8590443785
8590560314
8590809290
8593045717
8848265061
8891587686
9037719265
9188407860
9446437277
9539363825
9562825879
9567538172
9567715070
9567781070
9744779887
9847682442
9946520594
8086083612
9497026309
9895177784
9946783305
7510620994
8157831423
9037789877
9539762204
9745906520
9747428567
9898672250
9961492740
966507950914
7618921439
9447476351
9895861768
6238084884
8089506747
8089506799
8943292056
9562124125
9656102323
9747865893
9947074555
8921440659
7593931717
8547447110
9446565308
9895196648
6238106893
7025455963
7034488035
7034539002
7306849671
7558949120
7560941523
7734940915
7736715426
7902263854
7907016857
7909229058
7994576711
8029660089
8086439867
8089164788
8124356044
8129660089
8156897253
8157041128
8281728072
8589937315
8590656597
8606649163
8606871121
8608970808
8921074301
8943492601
8943495669
8943651721
8943860980
9061396415
9061640674
9061914889
9072986340
9074705511
9142206405
9207067090
9305487699
9349815071
9400936728
9495112707
9495582931
9496180160
9496469508
9526171253
9526523122
9526583004
9526622864
9526888429
9536102378
9544685472
9544913548
9562879098
9567680567
9605487699
9633863051
9645287093
9645477393
9744346185
9745400727
9745500727
9846709887
9846914604
9847159995
9847365259
9847637418
9946235529
9946773102
9961257825
9961353933
9961553140
6238115670
7025803300
9446231689
9496576541
9497803300
6238953484
7012746248
9526609161
9633809427
7012825466
7012855986
9400488370
9447170224
9567335399
9846995399
9847721721
9847863492
9995992744
6230176576
6235186830
6235254672
6235369819
6235702172
6235871526
6238318598
6238324299
7012021737
7012310120
7012427085
7012574967
7012851737
7012914202
7025119662
7025183467
7034431975
7034485961
7034641631
7034673879
7034737244
7306105357
7306199948
7306660337
7306950277
7306994055
7356052998
7356196183
7356527539
7356806347
7356809347
7510330048
7510680230
7558035772
7558842677
7560840646
7560935826
7592066084
7594837723
7736199355
7736281185
7736330730
7736411876
7736465103
7736683810
7902294829
7902344238
7902712758
7902926513
7907430985
7907736180
7907899034
7909183935
7994131204
8075022626
8075366341
8075395256
8075943754
8078202134
8078770068
8078777621
8078930254
8086445257
8089440048
8129169359
8129807574
8129873636
8138910606
8157043275
8281779898
8289808435
8289876474
8289892672
8547613970
8547758265
8547794277
8547925792
8589827301
8590181248
8590214008
8590251802
8590471885
8590651948
8590964034
8590965855
8606061138
8606163827
8606270144
8606454234
8606576465
8848145101
8848189973
8848222743
8848310035
8848559150
8891314386
8891690097
8891735856
8891749710
8893220385
8921158389
8921257839
8921303811
8921694716
8921925672
8943036733
8943550301
9037270189
9037487687
9037758357
9048153164
9048440111
9061086782
9061100324
9072018134
9074034229
9074242443
9074414226
9074681074
9188193080
9188360815
9188664996
9188684407
9207805271
9342612023
9400488777
9400510000
9400607118
9400614988
9400617063
9446019426
9446142132
9446326086
9446768220
9446944150
9447358843
9447423607
9447671605
9447886875
9495667198
9496249535
9496290170
9496998105
9497071840
9497092803
9497140456
9497260623
9497458327
9497696759
9526118173
9526310858
9526550397
9526747211
9526841763
9539099667
9539241319
9539381083
9539479711
9539543419
9539771600
9539813971
9544012650
9544421295
9544484818
9544758722
9562096064
9562104339
9562755383
9562891151
9562930767
9562932160
9567216367
9567655881
9567908388
9605095842
9605129576
9605172997
9605485836
9605934724
9633054953
9633114655
9633204247
9645142531
9645302950
9645717001
9656310393
9656332726
9656421572
9656452885
9656871651
9744358305
9744423150
9744636892
9744723291
9744733581
9744781502
9744870925
9744971086
9745457533
9745704853
9745743466
9745904439
9746758709
9747001981
9747781059
9778094667
9778115806
9778221083
9778409545
9778549154
9778704282
9846993332
9847251271
9847801849
9847913355
9895034048
9895139887
9895225019
9895425231
9895439183
9946339578
9946371236
9946502149
9947273465
9947295088
9947737997
9961054429
9961120283
9961828080
9995047748
9995509268
9656555294
9961443117
9074545430
9633873853
7560800826
9526180739
8129939121
9207585078
9496170025
9947162185
9946884984
8220502111
9539347240
9895567742
9995213916
7736521895
7559006557
8086673333
8089430340
8089592339
8921362226
8921723572
9387320930
9400515408
9400584076
9446076935
9526557980
9847155408
971501894954
6238499110
6282594097
7012059718
7012697453
7025168181
7025296985
7025370304
7025372846
7034836719
7034907875
7356874282
7356877445
7559928519
7560859214
7594033455
7736661099
7907277949
8075341686
8078303745
8078546318
8086510064
8089752490
8129129666
8137859022
8139029591
8590898148
8593892533
8848761190
8848769205
8907132925
8921737893
8921953644
8943143871
9022968485
9072353335
9074263781
9207388622
9349812110
9400453460
9400995794
9446217443
9446309402
9446801162
9447046797
9447169537
9447614905
9447618976
9447969092
9495072083
9495320766
9495624064
9496288025
9496375766
9496532460
9496653621
9497248749
9497374985
9526022141
9526457423
9526696644
9539050240
9544102371
9544175181
9562216645
9562346990
9562994911
9567645554
9605036671
9605961833
9656253222
9656866623
9744565688
9744973377
9745402241
9746429997
9747242582
9778106681
9847206245
9847623686
9847715777
9995927451
971505705367
8943044075
9567734219
6282401019
7034882438
7306724105
7510978275
7907093522
7907947764
8078149414
8078890801
8089571650
8129171702
8129997984
8281934492
8593052065
8921445344
8943069691
8943194484
8943319771
8943330649
9037440676
9061814487
9288605787
9400452921
9400502137
9400680082
9495462948
9496281046
9497322527
9567491746
9633160566
9744727921
9747977872
9778562020
9895969841
9946370058
9961921886
7034463523
8590740157
7907345032
8547517390
8848895384
9567514956
6235331750
7025047510
7025176853
7356013654
7356581955
7356975233
7558934633
7559093760
7592873128
7736352056
7736352066
7736412300
7736412537
7902344275
7902791079
7994374500
8086422134
8089380287
8113036758
8129437607
8129805599
8281739644
8547316748
8547812552
8547827874
8590764358
8592890554
8606578077
8606903124
8848111406
8921399665
9037677134
9061239659
9207287198
9207665041
9207957988
9400050119
9446102043
9446493605
9446762860
9447633965
9447969919
9496444865
9496469239
9526016045
9526289961
9562677935
9562912242
9605369125
9633078874
9633624465
9656097712
9656963629
9745663169
9746221677
9746343790
9778187253
9778519129
9846041598
9847176128
9847886671
9947522852
9947690168
9961767751
9400992937
7025169525
9539984785
8089166080
9605168838
6238176847
6238390738
6238391529
6238552572
6238663308
6282601087
7012463581
7012690740
7012881452
7025041884
7034044850
7034326566
7034826634
7293387663
7306406210
7306742685
7356935928
7510259579
7510445795
7511120541
7592923454
7736161299
7736173262
7994164591
7994275819
7994555584
7994706641
7994775510
8075269499
8086027306
8089076842
8089871925
8111941327
8113801872
8113818410
8139010863
8281425276
8281454371
8281504256
8330040727
8547168861
8590175870
8590383113
8590753418
8606499042
8606794640
8714731051
8848346609
8848663694
8848672508
8884622555
8891293057
8921032410
8921810390
8943216220
9003920811
9020966977
9037963470
9048095883
9048998360
9061523916
9072363215
9072781552
9072976324
9188379503
9249806932
9349554388
9387121042
9388193578
9400549488
9400665204
9400686547
9400844078
9446004398
9446245282
9446359052
9446439869
9446764931
9446965903
9447040188
9447049517
9447158128
9447352107
9447352957
9447463938
9447522114
9447918363
9447969776
9495046575
9495316690
9495320858
9495323470
9495488673
9496136312
9496338388
9496349113
9496387737
9496696775
9496864805
9497500840
9497529673
9497655812
9497816210
9526284186
9526405335
9526969100
9539416469
9539470139
9539842546
9544066827
9544482806
9544890451
9562023421
9562411117
9562519397
9605294090
9605575819
9605758355
9605781226
9605918077
9605959100
9633400576
9633444238
9645959519
9656493021
9656716721
9744500636
9744920895
9744945731
9745461277
9746089292
9746555369
9746929238
9747220458
9747682067
9778238760
9809933186
9846180216
9846273315
9847159579
9847355304
9847401969
9847732349
9847856006
9895014232
9895108286
9946741571
9946895775
9946941299
9946941901
9947074701
9947351758
9947689704
9961347280
9961421922
9961856551
971545794600
971563373875
6238374200
7034106741
7034303244
7306402946
7736656535
7907532390
7994555657
8078540139
8111911761
8138068876
8138978269
8139007904
8139036926
8157804564
8547039881
8590177400
8590573893
8714197264
8848079242
8848418459
8848754960
8921535284
8921865312
8921942182
9037417844
9037447670
9048259351
9061899546
9072109546
9072643846
9188205663
9188561741
9446553327
9446683196
9447618720
9447672171
9495765780
9495987414
9496663122
9497655104
9497655735
9497657933
9497657963
9497800668
9539449743
9539820607
9544997068
9562271202
9562372372
9562899546
9567325385
9567537419
9605010968
9605040185
9656900298
9744553184
9744933353
9746278520
9746918409
9747209748
9778101358
9778266894
9846174541
9895428785
9946108041
9961047584
9961106913
9995606433
9188859275
9961552815
6282292040
7025675564
7356405564
8606794087
9048379298
9400730003
9746353234
9746760658
9778574027
9847943686
9961174062
6238155089
6238257500
6238841990
6282037615
6282117344
7012486980
7012777328
7012956885
7025061449
7025523092
7034422666
7510364017
7556928419
7560841403
7561897817
7736106539
7902601189
7902815388
7907809677
7994319922
7994595936
8075280078
8075487568
8078150359
8089713492
8089841208
8089874998
8089908018
8129144930
8129282150
8129295644
8129576552
8157808775
8281174430
8281384092
8281678999
8281895241
8301865913
8301866823
8304092047
8547364981
8547525269
8567738396
8593831217
8714355442
8848079756
8892023302
8943025098
8993066142
9037123822
9037640664
9037843523
9061540351
9061854928
9142037969
9239788257
9446619430
9447308219
9447326359
9447329945
9447331178
9447353687
9447525037
9447639698
9447837077
9495157885
9495247554
9495851812
9496085519
9496780911
9539806112
9544132919
9544338475
9544685545
9562232991
9562244314
9562784038
9567324836
9605759539
9613303313
9633103542
9633599572
9645661965
9715637915
9744641116
9746748152
9747131927
9747197211
9747271972
9747383584
9747830550
9747999189
9748534635
9778210847
9778247377
9778407969
9846418250
9847428158
9895454590
9916566997
9942630765
9946507261
9946981250
9947170121
9947259840
9947495863
9947714120
9995019533
9995248908
6235191078
6235243271
6238130064
6238221283
6282165836
7025071834
7025082793
7025291710
7034815081
7306702681
7510256092
7558820373
7560826353
7591958814
7592090163
7736531789
7907114761
7907483121
8075760086
8078231763
8078419069
8078480575
8078480875
8086921787
8089755945
8089922779
8111894614
8129076608
8129444482
8129632474
8139061866
8156806511
8271753761
8281753761
8301812407
8547576510
8590389569
8590501669
8590880932
8606497783
8891774785
9037195457
9037544566
9037552384
9048027592
9048168452
9061054017
9072940740
9142828976
9188819844
9188860491
9207063172
9207674551
9288001750
9349435935
9349983839
9388992366
9446238699
9446300955
9446593745
9447350113
9447616521
9495082895
9495231220
9495319899
9495395705
9495726521
9496638546
9496697592
9496908677
9497817805
9526614310
9526964437
9526981662
9539131255
9539266114
9539611433
9544088171
9562694460
9567963118
9605989560
9633444546
9633733887
9645801139
9744481225
9744746767
9744749767
9745359128
9745484752
9846404443
9895418446
9895418449
9895653703
9895823060
9946039490
9946095990
9946499911
9946599911
9946832807
9947082908
9947281787
9961708061
9961765812
6238440144
6238440174
7034488514
7560881158
7639888868
8078477668
8086057487
8086866263
8113080595
8281630372
8547093655
8547613695
8714054518
9061310982
9061311921
9388853629
9400338677
9447668677
9495225633
9496210174
9496527868
9526065700
9526191069
9544191848
9567452489
9605884572
9605884575
9645884572
9745127006
9745135459
6235543939
6282519819
6282614409
7012179833
7025642859
7025709874
7356693132
7356881738
7510488316
7561006673
7592930250
7594805083
7736014924
7736283453
7736493939
7736595587
7736861157
7907581002
7994380630
8075361325
8075457289
8075699628
8086162860
8086789457
8089664135
8137968034
8139865524
8157944858
8281038542
8281045562
8281073179
8281329828
8281853263
8330877022
8547543911
8547617941
8547968023
8589853505
8590934328
8593902547
8714313412
8921176911
9048622494
9048968391
9142706431
9207343346
9249247185
9446445798
9446585901
9447804821
9496247435
9526252694
9526542799
9539755661
9539871833
9567530669
9567918552
9605060634
9605200764
9633399938
9645151963
9645774307
9645821396
9656469516
9656478626
9656486387
9656489551
9656504031
9656508723
9656542421
9656545441
9656562714
9656570523
9656593794
9656614919
9656621459
9656622081
9656624947
9656651459
9656653662
9656656136
9656675385
9656774514
9744014745
9745327971
9745953255
9745995429
9747104823
9747977893
9846108335
9846140807
9847562115
9847767472
9961691639
9961824796
9995335905
9846641516
8075174133
9349855714
9562858596
9961916184
9995772974
6235757055
6238559661
6282917347
7025191652
7034064801
7034086303
7034497777
7034551389
7034647882
7306212853
7306247540
7306556741
7306610020
7306635171
7356014333
7356756883
7510263903
7510906378
7592068677
7594844436
7594869528
7736255954
7736471036
7736534209
7736631107
7902447017
7907052710
7907928484
7909218232
8075147736
8078872568
8083749421
8113987152
8129508497
8138805129
8301023253
8301070503
8301986984
8547349739
8547539699
8547815148
8547864491
8547910913
8572851107
8589887017
8589965626
8590066935
8590393688
8590410615
8590717485
8593007032
8714001550
8848033421
8848062844
8848483446
8848671652
8921681844
8943146636
8943655536
9037455123
9037850787
9048275703
9048400356
9048420122
9048910343
9061981664
9072425530
9072447232
9142821224
9188071664
9188677721
9305215254
9400811410
9446250353
9447944425
9495882315
9497248035
9526660578
9539477993
9539736869
9539790779
9544332007
9562179824
9562522755
9562742291
9567183226
9567249696
9605114540
9605129346
9605131229
9605149024
9605151121
9605161697
9605200046
9605206713
9605215549
9605259089
9605264300
9605270617
9605283152
9605298594
9605318217
9605340892
9605354587
9605454533
9605557972
9633217333
9633794917
9633899438
9645489276
9645495501
9645545043
9645899201
9656225094
9656968924
9744612865
9745439762
9745810293
9745829482
9746642963
9778017257
9846219755
9846263181
9846524177
9847147742
9847226325
9847288200
9847486027
9847673835
9847877167
9847975221
9848400356
9895655928
9946463049
9946598524
9946743527
9946895541
9947550377
9947754581
9947918842
9961045836
9961239679
9961998078
9995639793
7012537519
7306488130
8590211740
9207523510
9349986525
9447034018
9605959009
9947500072
6282037295
7012816700
7025866407
7510476829
7736658664
7736729536
7902663198
8078534265
8129291245
8158373433
8606087921
8848947967
8891687738
8943758829
9020463640
9400676932
9400678914
9400679487
9400768875
9446515451
9447530475
9496419576
9497654404
9526079877
9544900091
9562289134
9567353207
9605230788
9605355468
9605612430
9605621088
9605923380
9633055620
9633166904
9633300969
9633309515
9633498251
9645822504
9745093600
9745756920
9746668260
9846920574
9846977201
9847733112
9847994557
9947228230
7034429720
7306173233
7902497464
8075318173
8075400839
8086882541
8129870317
8301866476
8330805298
8547318052
8714282633
8943189019
8943752867
9048002790
9048015564
9048336476
9074039420
9142300115
9207576940
9349000509
9400899177
9446872951
9447476570
9447985161
9495041317
9495896570
9645277340
9645321486
9646230458
9744186163
9745345219
9745877679
9746230480
9746527635
9747300146
9747303144
9776454370
9778715317
9846072815
9846257526
9846371386
9846558783
9846602633
9846704370
9846845495
9847831853
6360370520
9946405285
9946898920
9947057154
9947849555
9995197526
9995611496
8281214125
8943225850
8943820403
9037414386
9567931642
9605960225
9605995783
9633217154
9656178374
9656963368
9744610056
9745381736
9745484646
9746012299
9946257526
9946589183
6235639025
7025240403
7356667595
7510552353
7591965018
7591973241
7994090382
8078537339
8086167057
8089241973
8089888201
8113806504
8129614557
8136931672
8157805096
8301969433
8547733248
8590782021
8592845521
8606406852
8848436246
8943061164
9048330685
9048910970
9072204026
9074085438
9074681642
9087872339
9188707339
9387962062
9400262062
9447513248
9495225018
9495566784
9526173531
9544971934
9562212672
9605137944
9605437790
9605729943
9656915431
9656932949
9656965936
9744762806
9744775934
9746009930
9747373945
9747585516
9747706895
9747840758
9747869019
9778063497
9846309184
9947373945
9961493614
6282352490
7591972516
7905668857
8089480433
8137869958
8590759417
8593066429
9048434769
9072274247
9074880653
9188705059
9402162135
9446207501
9496627208
9846227424
6235764330
6238141724
6238938732
7012553819
7012741432
7306143305
7510802302
7909138551
7994582149
8086839438
8157837697
8281443069
8547491468
8590728526
8943954099
9061674622
9249246958
9496262167
9496781401
9497086197
9526690983
9544197458
9562038269
9562463070
9562927087
9605988756
9645222676
9745112438
9746310233
9747872165
9846009790
9847824247
9895997458
9946764213
9995942877
6235686973
6235786458
6238109587
6238115563
6282096262
6282123273
6282835898
6502324944
7012356147
7012503930
7012602758
7025148675
7025188747
7025301598
7025513930
7025531754
7025595473
7025672924
7034204654
7034427536
7034566874
7034674142
7046388782
7356355269
7356494393
7356998671
7510189423
7510257145
7510471970
7510729215
7558050732
7558073996
7558898045
7559006089
7559811964
7559814479
7559824067
7560949223
7561003967
7591966059
7592983174
7593001938
7593917678
7593968489
7736134857
7736673374
7736726908
7736995256
7902533275
7909242523
7994086050
7994223436
7994238621
7994294890
7994579370
7994674635
8075235283
8075495716
8075505221
8075528782
8075845072
8075917192
8078036880
8078360769
8086108547
8086678115
8086905220
8086930566
8086969133
8089130331
8089710257
8089856607
8089988619
8113962842
8129106209
8129402239
8129413333
8129509123
8129637478
8136823911
8137922929
8157093600
8157828551
8157961788
8281105545
8281282491
8301826700
8547007145
8547091285
8547254039
8547472746
8547495220
8547801885
8547930426
8589809876
8590397265
8590697005
8590868295
8590965946
8592802847
8593827601
8593911561
8593964768
8606220901
8606382769
8606391047
8848592168
8848784054
8848933365
8891272436
8891900978
8921940301
8943234654
8943306732
8943364620
8943504064
8943622594
8943633880
8943927261
8943967393
9037473750
9037661469
9037841747
9037960573
9048593033
9048651979
9048782055
9048897732
9061507655
9061903287
9072164102
9074441661
9074529382
9074728814
9188028978
9207065345
9207147101
9288118021
9387229461
9400187978
9400897478
9446152743
9446176372
9446211968
9446231590
9446593704
9446763909
9446800140
9446828334
9446905463
9446924584
9446938318
9447166534
9447269862
9447380497
9447528437
9447616235
9447616410
9447617572
9447903066
9447906066
9495013798
9495049636
9495056977
9495130318
9495223363
9495248671
9495384814
9495504146
9495551702
9495815801
9495855394
9496152980
9496417655
9496466607
9497063702
9497072509
9497204754
9497411506
9497411570
9497540158
9497627458
9497657876
9526003967
9526119436
9526289896
9526871147
9526976534
9539358105
9539469121
9539610382
9539614468
9539759053
9544056835
9544264689
9544439929
9544516782
9544831492
9544970179
9544972400
9562117155
9562144365
9562203980
9562208764
9562277019
9562663581
9562688643
9562813728
9562816359
9562928198
9567054265
9567113011
9567125067
9567126342
9567202477
9567864215
9605285817
9605307302
9605549850
9605727323
9605748135
9605834640
9633099483
9633206874
9633369217
9633438675
9644565822
9645304265
9645598555
9645710016
9645710189
9645754666
9645799035
9645992402
9656013381
9656124972
9656138344
9656211711
9656441169
9656450517
9656612095
9656628764
9656711375
9656792689
9656901259
9656977027
9744110257
9744187219
9744207873
9744246503
9744427367
9744504519
9744522569
9744565822
9744565922
9744618895
9744708069
9745190447
9745319024
9745554744
9745588601
9745610487
9745641810
9745845360
9746821810
9747031667
9747157940
9747275529
9747429423
9747713617
9747745655
9747776144
9747834479
9747846298
9747875934
9778216890
9846238869
9846268443
9846807593
9846840342
9846915345
9846991224
9847034419
9847144870
9847407096
9847590313
9847848533
9895842912
9895916401
9946004787
9946179650
9946512233
9946683105
9946757942
9946877799
9946945427
9946988033
9947033493
9947097551
9947513996
9947532168
9947533274
9947741068
9947742486
9947874287
9947881446
9947899695
9947975256
9947996821
9961250936
9961388600
9961484373
9961518606
9961604525
9961607586
9961625073
9961668984
9961792463
9961897960
9961932583
9995251812
9995760426
9995912674
6235051938
6235083364
6235936941
6235957899
6238390969
6282823922
7012814473
7025113424
7025375319
7034273047
7034597730
7306294102
7306364176
7306923812
7356090889
7356210168
7356216156
7356576985
7356694671
7356965082
7510173007
7510209862
7510296063
7510603218
7510880231
7559054046
7559814387
7559841755
7560854413
7560934087
7560957621
7561024782
7592070377
7592909648
7593075166
7593928557
7594835913
7736198320
7736613296
7736828294
7736968354
7736972492
7902413424
7902672255
7907244945
7907945203
7994555942
7994762681
8075121098
8075301156
8075323468
8075672618
8075934302
8086029866
8086138711
8086320379
8086519700
8086883570
8086887663
8086953603
8086994038
8089361385
8089580335
8089865862
8111869936
8113916794
8129278944
8129366230
8129476562
8136894809
8137003712
8137956316
8138023723
8139013610
8139804034
8157835389
8157837848
8281688602
8281841824
8547057848
8547077136
8547120745
8547188794
8547553610
8590342242
8592886595
8606030745
8606135144
8714491036
8714517697
8714526358
8714766389
8907275872
8921564862
8921600698
8921779463
8943159025
8943200137
8943890859
9037233943
9037368281
9048011493
9048016293
9048093188
9048208910
9048621501
9048910440
9061295043
9072041471
9072447088
9074029895
9188154025
9188593008
9207583589
9349855085
9388124145
9446305104
9446627798
9446760808
9446902324
9447326008
9449248095
9495025504
9495029809
9495093594
9495227517
9495634969
9496109473
9496386728
9496427548
9497061592
9497257934
9497653309
9497874190
9526058465
9526733608
9539235502
9539683323
9539908106
9544610177
9544948635
9562275187
9562525496
9562966025
9567031311
9567171078
9567250843
9567279651
9567790740
9605302019
9605316123
9605337454
9633107798
9633310866
9633428950
9645284872
9645608334
9645810979
9645988588
9656092695
9656920043
9744269416
9744289060
9744558668
9744883085
9744932320
9745484337
9745510849
9746420232
9747232053
9778030869
9846002931
9846557155
9846586285
9846603694
9847249125
9847777728
9847947403
9946809489
9946827923
9947048399
9947534112
9947756036
9961893436
9995269607
9074873619
9539061436
6235735635
6238061001
6238378242
6238628502
6238807625
6282406283
6282614815
6282670530
6282728375
6282785876
6282803538
6282859711
7012017655
7012218354
7012782741
7012949726
7025100604
7025107410
7025456834
7025547155
7025592408
7025644546
7025761830
7025867985
7025954106
7034195333
7306038790
7306074687
7306303975
7306836779
7356361112
7356536909
7510586939
7510727181
7510960406
7558091982
7558899827
7558965596
7559005751
7561031656
7561071392
7592077892
7592929623
7593997160
7594890114
7736326518
7736447411
7736463226
7736779284
7736919956
7736961040
7902301752
7902317492
7902469197
7902914219
7902966428
7907999579
7994081437
7994209585
7994241312
7994675285
7994795862
7994818131
8056964310
8075113117
8075131495
8075386819
8075503103
8075753843
8075795553
8075887365
8086021920
8086181961
8086214293
8089841529
8095336442
8111852501
8111972355
8113950550
8129333918
8129494415
8129894951
8137091367
8137999409
8138973231
8139045161
8139852378
8139884270
8157014057
8157097667
8157911591
8281478071
8281988178
8289835302
8304879497
8330897740
8589840865
8590307263
8590345236
8590392894
8590554863
8590589109
8590875757
8592900048
8606464005
8606479603
8606573150
8714387046
8714568042
8714818113
8848825988
8907422493
8907493945
8921182872
8921251539
8943265191
8943514653
9037041657
9037662512
9048162996
9048486774
9048684254
9061153269
9061163392
9072275574
9072426736
9072467244
9074574355
9142790095
9188147993
9188163769
9288167322
9349358708
9387602403
9446237352
9446625098
9446762011
9447694159
9447729509
9447736161
9495272088
9495905109
9496790706
9497393389
9526179897
9526229588
9526503772
9526509611
9526512183
9526531066
9539198393
9539495830
9544263453
9544340368
9544581745
9544854409
9562426281
9562437717
9562748137
9567344584
9567767840
9605529867
9605542796
9605546104
9605659148
9605836232
9605936256
9633740880
9633909939
9645016852
9645126782
9645188007
9645556314
9645606427
9645621357
9645851445
9656323128
9656571595
9656649182
9656888777
9656927118
9744000940
9744321528
9744620478
9744745453
9745023755
9745091317
9745379491
9745522497
9745810602
9745879596
9745990581
9746819614
9747027800
9747190875
9747276341
9747391775
9846087928
9846167637
9846237594
9846336340
9846884247
9847061388
9847183497
9847401920
9847706403
9847794852
9847816675
9847817431
9871223341
9895498358
9895538637
9895884051
9946616405
9946628769
9946807388
9947222278
9947488406
9947764133
9947987530
9961011036
9961523782
9961896826
9964653871
6238022627
7034423630
8129374862
8281246034
8921713479
9400343140
9495321841
9544615833
9567074193
9747724548
9778059575
9895184425
966531575247
9846857497
9744702002
6238259860
6282279529
6282505106
6282630474
7356766448
8111802221
8281085285
8289848410
8304865663
9400967618
9446141669
9447692615
9495528988
9605846803
9633001306
9645230417
9745281604
9747799783
9895538844
9946153729
9961093926
6235126455
6238270758
6238365123
6238807466
6282293087
6282440719
6282633700
7012051364
7012392366
7012437379
7012624338
7025130913
7025495266
7025500587
7025872711
7034795713
7034903771
7034926962
7034942785
7510637541
7559845373
7594831476
7736131990
7736503362
7736571716
7736657514
7736752469
7736771454
7736912596
7736957379
7836571935
7902695647
7902725272
7907224125
7907848753
7994251385
8075426547
8075926162
8078268415
8089481566
8113067168
8129475694
8129689155
8137068774
8138041480
8281476249
8281743403
8547945750
8589890427
8590097405
8590227188
8590453292
8590783071
8590863130
8594078722
8891235997
8891639160
8907000700
9048022294
9048708628
9061141446
9061452740
9061708376
9072110757
9074157416
9074351621
9137353245
9177365221
9207286458
9207576921
9387065800
9400802009
9400946416
9446426664
9446948914
9446978031
9447073002
9447306253
9447513416
9447638761
9495276172
9495332317
9495713053
9495892454
9496862880
9497063372
9497067564
9497801244
9526009503
9526411302
9539278780
9539348597
9539405263
9539735789
9544267398
9562293175
9562747060
9562767530
9567903362
9605852568
9633033411
9633459604
9645047900
9645289503
9645493961
9645835930
9744981782
9745027007
9745034964
9745082860
9745305856
9745598242
9745690269
9778776185
9846443349
9846933157
9946740317
9946961405
8547833756
9747881840
9526288157
7012311511
7593980930
8606070888
9539426084
9656010009
9656334455
9656853006
7907955873
8129742050
9562792141
9847540205
8137888444
8156855946
9447812406
6238134024
7034209777
7356573068
7902633503
8943136449
9048078936
9072450580
9633276242
6282373170
7025189778
7306435037
7356868831
7909194064
7994155620
8075247659
8075671344
8714741649
8943144276
9207197709
9387106073
9444521836
9446870749
9447992464
9526924513
9539373554
9544309098
9562923889
9567492311
9744575773
9745492244
9747025958
9747631183
9747665958
9778317608
9809669227
9846462393
9846466358
9847492983
9892760623
9961131789
9961894553
8606138909
7034606349
8086398676
6238491089
6282930031
7012473382
7025331665
7025453215
7025921071
7025972132
7306414945
7356511976
7510618219
7558807611
7560888944
7561887193
7592887193
7592932900
7736986798
7907022408
7994271401
8075146230
8075689011
8075982091
8078129235
8078883996
8129985005
8139833445
8156947125
8281869484
8304896300
8547082702
8547127759
8547158864
8547164484
8547521603
8547838362
8592800337
8848597124
8943317077
8943618002
8943631046
9037031574
9048220106
9048256642
9061414559
9061839578
9074065348
9349013325
9383499332
9388666330
9400709608
9400721028
9400824010
9446913460
9447227926
9447528538
9447529455
9447830477
9447901044
9495332380
9495462606
9495463591
9495493671
9495635392
9495782909
9496435855
9497800031
9539629986
9544740652
9567010727
9567110231
9567110234
9567198030
9567301650
9633987137
9645008318
9656967426
9689212239
9744592789
9744863214
9745828219
9746682723
9746822495
9747338124
9747417641
9778505741
9846299616
9846724304
9846878244
9847003671
9895283165
9946095106
9946725680
9946783899
9946836070
9946894221
9947463214
9947491990
9961519798
9961612035
9995089503
7012982822
7510997471
7560815703
7736268212
7736405076
7902399569
8025014371
8086327017
8086837125
8136899038
8304088362
8330806250
8547653630
8547791056
8606849011
8907492760
8921496797
8943021722
9037080446
9048870098
9061310187
9061452013
9400247332
9446569971
9446932776
9496167020
9539021199
9539686351
9544546156
9544732396
9562141330
9562471510
9567569233
9605219124
9645722252
9645919221
9656328647
9656581630
9656763982
9745193016
9745360948
9745651285
9745803434
9746540889
9747427943
9747729744
9747963334
9747964694
9895081967
9946309911
9946391084
9946742906
9947587370
9961522939
9961531635
9961904246
8281006230
8820856768
9048475315
9383400230
9446311292
9656330986
9847371980
6238454867
7012700348
7025774733
7558844420
7559915447
7559916703
7594081774
7594825041
7736199716
7994371974
8086937935
8089271774
8089853469
8137928024
8281011623
8281317369
8547040243
8547488498
8547796409
8891891668
9048580195
9048732592
9074323277
9207103012
9207683384
9447270043
9495275138
9496015156
9496872970
9539059290
9539584277
9544327651
9544895060
9562756434
9567867246
9605172311
9605516728
9605673893
9633052517
9633146421
9645658141
9656020218
9656968179
9745799567
9745843265
9747044818
9846931889
9846952500
9847119904
9847649876
9895343271
9947052198
9947505084
9961620836
9995378549
7034562959
7306233611
7736125061
9072835730
9446867437
9447119067
9447307711
9447693570
9495248715
9495279230
9497789594
9544027512
9605333358
9605351939
9605368357
9656248950
9744697459
9747536190
9847013559
9847162201
9847597356
9847833930
9946433702
9947460170
9961470862
6282512024
7561096551
7994727029
8086990032
8089706553
8129516582
8281660541
8281884530
8330071329
8547288323
8547494196
8547954530
8589015622
8592807412
8592833530
8884814444
8943853301
9048939830
9188058728
9400703020
9446324862
9446620624
9446643800
9447307705
9447618234
9449776052
9495248760
9495359091
9495752125
9495976052
9496347184
9497802537
9544195410
9544966423
9567676400
9577195410
9605758728
9645263061
9645605666
9645724572
9656248760
9656811411
9747378098
9895080184
9895110101
9946395224
9946673912
7025148417
7025192371
7025465724
7025876032
7034227971
7356191949
7736021430
7736170765
7736512058
7736760663
7902939257
7907449851
7907462960
7994133245
8075710973
8086465355
8086869604
8089171705
8138071479
8547767214
8590772742
8606217848
8606251521
8714297574
8714865266
8848582201
8921637559
9400314788
9446280224
9446547770
9495883278
9507286313
9539924561
9567506948
9744129789
9747241869
9847545163
9895074482
9895572266
9947524707
9847854713
9947645858
7592979410
7736334806
7994216179
8129060729
8281722863
8304945182
9605813757
9744935060
9746902516
9747604125
9895039011
9946857789
7510877807
8281319046
8606436349
9037299046
9048336921
9387937217
9446724118
9495465083
9496381651
9526471401
9544253833
9744787231
9846248260
9645594199
9946145536
9946221515
6235420075
6238038695
6238116553
6238131267
6282051680
6282232907
6282363996
6282456096
6282816303
7012217246
7025013164
7034054391
7034463171
7034536044
7306301695
7306986025
7558064676
7558944119
7559006202
7559887072
7591937337
7592929321
7736482299
7736979885
7902557215
7902636950
7902771005
7907059200
7909233532
7994258560
7994815422
8078116081
8078494776
8086404928
8139842650
8157965625
8590906451
8592049004
8606303714
8606366433
8848004819
8848639090
8943053845
8943500311
9037423881
9037430065
9037434859
9048113796
9072105365
9074598439
9185905245
9207632648
9373749357
9400172682
9400257534
9400798599
9446092015
9446536795
9447881762
9447921121
9447936031
9447993181
9495551796
9497456737
9497676965
9539103978
9539204904
9539699440
9539889139
9562615770
9562649332
9562923185
9562999306
9567172804
9567524887
9633221958
9645943461
9656092711
9656377175
9744445006
9745033697
9745086466
9745641113
9746009240
9747169904
9747267087
9747439177
9747998106
9778264624
9778502433
9846550123
9847485372
9895473061
9961313597
9961746357
9995038101
9995247350
6235588453
6238825463
7350100322
7356070963
7558821015
7560879347
7736784394
7907202585
8086480975
8113856993
8137053311
8156841540
8281532810
8592894528
8592966626
8606347374
8714400225
8921870885
8943119082
8943195261
9037458499
9037581463
9037631422
9061644407
9089807992
9188651791
9188774813
9287924215
9400044471
9446514347
9447513658
9447671184
9447878795
9495169733
9526139170
9526212939
9526335618
9539329524
9539415579
9544349466
9544551501
9562368443
9562880393
9562929121
9633563427
9633594870
9656442810
9745615185
9746024469
9747464796
9747828545
9846760436
9846790693
9946894844
9947920508
9952736919
9961364646
9961644898
9995533583
9995703500
7012301725
7561876593
7591949231
7907147579
7994934156
8086220284
8086309768
8113082021
8113986071
8281181711
8590358138
8590497378
8590551616
8590633597
8590785800
8850494114
8943103252
9048573865
9072709735
9074262209
9074530258
9188180654
9207751976
9400531966
9400988353
9446012684
9446454043
9495503422
9497657440
9539124372
9567330616
9567353772
9567356471
9567373019
9567390050
9567405544
9567417816
9645525693
9645774048
9656758601
9656929834
9747193030
9747610034
9846605675
9847605301
9847906508
9946299711
9946711875
9961061572
9961454718
9961614080
9961764008
6235189480
6235524978
6282656073
7012933772
7025300351
7034112164
7034489235
7356621306
7510907513
7558009786
7558081746
7559877867
7559942838
7592090553
7592969603
7736347706
7763647706
7902342606
7907505392
7994345475
7994889558
8075607058
8075667202
8086212998
8086878305
8129066224
8129920044
8157970352
8281187209
8281729332
8281799332
8590173579
8590664093
8590917772
8590929404
8592025753
8593890043
8606012984
8606448712
8606879695
8621637559
8714945188
8888857277
8921077124
8921872136
9037805334
9048487555
9061223409
9061324825
9072239681
9072984550
9188068604
9188544746
9288152550
9400311853
9400540392
9446439550
9446628014
9446844282
9447707912
9495063869
9495107177
9495770623
9496054699
9497180645
9497623397
9497739592
9539031856
9539104753
9539484832
9539679106
9539864646
9544005527
9544188336
9544880157
9562197464
9562690018
9562771184
9567701214
9596459668
9605302510
9605577539
9633060666
9645316733
9645451164
9645529682
9645851615
9645879331
9656044634
9656237365
9656510204
9656962024
9715594490
9744703248
9745324295
9746517734
9747240832
9747416762
9747418204
9747638284
9747891817
9747974346
9778504848
9847205354
9847427877
9847716397
9847777136
9847801095
9847909745
9847981452
9895146928
9920972531
9946209339
9946367133
9946632032
9946910840
9947409114
9947892642
9961059171
9961228284
9961262870
9961263870
9961353885
9961743008
9961907757
9995187287
9995460666
8592853662
9188436466
8086735609
8921608166
8921608167
9037338225
9188327842
9400128990
9495860989
9633746535
9645106320
9744735609
9746627842
9746871065
9895528215
9895910620
6238993683
6282079171
6282093471
7012556190
7025362292
7025561906
7025900604
7025951521
7034402281
7034469263
7034958438
7306056213
7306079717
7306283125
7306358129
7306452826
7306479334
7306973954
7306975397
7356034974
7356137190
7356491503
7511124370
7559844495
7561016596
7561813985
7736533277
7736644030
7736958692
7902353346
7902357574
7902604520
7907084123
7907137671
7994013169
7994400490
7994858686
8075348135
8075350608
8075549667
8086360072
8089399431
8129508527
8129646443
8137822519
8137893050
8138940114
8139066427
8157010664
8281033751
8289966478
8330800498
8330855028
8547341632
8589040986
8589922735
8590005204
8590389432
8590567715
8590871565
8606493286
8848116265
8921098934
8943242562
8943311513
9020065904
9037001365
9037111870
9061968031
9072544962
9074396300
9074610440
9074653741
9074896128
9188632543
9188673306
9288906395
9349306279
9387111316
9387857666
9388886034
9400555862
9400950723
9446047792
9446351817
9446469935
9446494802
9446538711
9447618516
9495055413
9495633306
9495668367
9496527879
9526059135
9526283912
9539283710
9539646542
9544264511
9544549951
9605544650
9605635111
9605844821
9619178927
9633441111
9633780128
9645585730
9656016293
9656085952
9656249234
9656251326
9656252190
9656252431
9656275185
9656282484
9656334841
9656359559
9656371212
9656383124
9656390106
9656428037
9656431258
9656433161
9656433257
9656440743
9656450405
9656452700
9656530426
9656642899
9656647906
9656799425
9744095537
9744489676
9744738272
9745759661
9746314794
9746826223
9747189547
9747738272
9747902009
9778302701
9809941971
9843168105
9846044991
9846857111
9846959106
9847081586
9847130768
9847190315
9847229247
9847335963
9847387742
9847950254
9895776260
9946126366
9946480907
9946657340
9946690742
9946997340
9947350542
9947441556
9961035177
9961246758
9961701774
9961836436
6235398537
6235609736
6235784280
6238162840
6238559038
6282188412
6282290341
7025401643
7025454006
7025541681
7034252798
7034920925
7306165736
7306508150
7356698932
7356974246
7561064142
7736525835
7736674496
7736813295
7736821845
7902748446
7902768446
7909295980
8075140458
8075871506
8078028095
8078211218
8086234882
8086583197
8086675539
8086922092
8089689328
8113856934
8113858526
8129040673
8129470220
8129588748
8129804192
8129949448
8156966559
8289873085
8330823980
8547064146
8547490569
8547619523
8589816656
8589881166
8590276436
8590625883
8590680145
8590788615
8590845492
8590871055
8590895372
8593016088
8593066670
8594044710
8594077827
8606692479
8606758958
8714903502
8848357400
8848490238
8891678285
8943008028
8943151171
8943221825
8943328969
8943363717
9048672568
9048912552
9061530203
9061839569
9072037187
9072157150
9072170372
9072395421
9074375615
9074529594
9074646157
9074714192
9074945592
9074995009
9188182220
9188203476
9188560506
9188589371
9188598900
9207494253
9249766502
9349524191
9400137187
9400188879
9400196486
9400845223
9446170372
9446212968
9446625102
9446828368
9446938130
9446994156
9447068653
9447087308
9447227534
9447256460
9447648987
9447829635
9447842832
9447878285
9447921430
9495013551
9495081510
9495082788
9495168667
9495332587
9495634244
9495713639
9495853596
9495982788
9496125604
9496240839
9496289328
9496689328
9496864548
9497440353
9497587530
9497627403
9497773502
9497804356
9526334624
9526347596
9526358334
9526362774
9539724315
9539864996
9544346441
9544404277
9544993449
9562424768
9562436953
9562477662
9562639356
9562917866
9567349236
9567471534
9567823915
9567834489
9605117984
9605265173
9605549596
9605867915
9645273312
9645593904
9645667833
9645799328
9645799467
9645863588
9656060317
9656335895
9656449600
9656652458
9656787530
9656791666
9656791670
9656884832
9744033850
9744067039
9744184761
9744191752
9744669664
9745186117
9745259636
9745450362
9745642751
9745722787
9747155396
9747493407
9747563414
9747577627
9747727020
9778229856
9778437295
9778749369
9809408760
9846066598
9846232085
9846305456
9846331003
9846648766
9847331421
9847343626
9847825102
9895998300
9946097426
9946417545
9946893917
9947025543
9947083471
9947089599
9947162544
9947794833
9961068573
9961195541
9961237497
9961583197
9961604461
9961664463
9961829250
9995478424
9995857467
9995881164
6235561286
6235583074
6235708456
6238436751
6238512249
6282360774
6282401084
6282506407
6282530017
7012050957
7012369356
7012441550
7012470689
7012672282
7012870936
7012959785
7025086504
7025349697
7025674413
7025973181
7025986021
7034142677
7034320085
7034370085
7034383827
7034614116
7034705419
7034784209
7306424234
7306716083
7356457698
7356886297
7356937287
7510543060
7510694269
7510962486
7559007886
7559891950
7559935322
7559955165
7594840722
7736182738
7736580369
7736670345
7736732303
7736768635
7736823433
7736871982
7736953376
7736969438
7736992483
7902251434
7902586066
7902668857
7907281648
7907337632
7907703853
7907933057
7994136093
8075016611
8075747552
8075776980
8075779680
8075968303
8078184010
8078351523
8078811646
8086059234
8086213884
8086219459
8086237278
8086271847
8086284931
8086455082
8086749099
8086816040
8086850523
8086921397
8089187548
8111828325
8113064802
8129139169
8129183504
8129506427
8129918320
8129938370
8137838585
8137863004
8137871502
8137913075
8157874158
8281195187
8281255282
8281622182
8281903082
8281940457
8289848353
8289956974
8330037206
8330061700
8334930630
8334930730
8547209709
8547260523
8547338033
8547494493
8547543912
8547926446
8547943075
8589017791
8589092120
8589965249
8590519583
8592034584
8593945232
8594032793
8606926021
8714119169
8714138810
8737855834
8848480013
8890091161
8891720664
8921144545
8921185244
8921257855
8921711908
8921893055
8943004823
8943080642
8943556508
8943599137
8943769455
8943792140
8943837499
8943844752
8943845219
9037005319
9037733943
9048051386
9048144479
9048244373
9048338546
9048455258
9048516193
9048670597
9048756012
9048760743
9048796974
9048820217
9048915068
9048921397
9048957165
9061419705
9061435830
9061437248
9061470945
9061708733
9061737492
9072076369
9072396592
9072484632
9074053605
9074113872
9074285093
9074359010
9074444783
9074876055
9074948493
9142076646
9142171355
9142498878
9188856592
9188898989
9207585358
9207712501
9207854647
9249303380
9288115538
9349017782
9383418081
9387601982
9400052194
9400354112
9400688520
9400832739
9400836808
9400847107
9446144762
9446145175
9446232317
9446269093
9446621670
9446636555
9446640800
9446723944
9446762725
9446763538
9446873078
9446994912
9447408327
9447619169
9447654784
9447857302
9495025650
9495065402
9495242723
9495275408
9495388347
9495420361
9495421988
9495557697
9495667670
9495693134
9495960346
9495962555
9495976361
9495978417
9496124456
9496312242
9496326073
9496373093
9496741747
9497032116
9497068417
9497313223
9497561189
9497656868
9497797798
9526066510
9526066514
9526154603
9526239957
9526339415
9526459866
9526562095
9527223837
9539163515
9539199235
9539242443
9539339457
9539448675
9539472755
9539543850
9539603920
9539612085
9539676697
9539715193
9539715196
9539749740
9539850166
9539914464
9544049825
9544272662
9544345668
9544739169
9562020770
9562212365
9562349438
9562349468
9562545293
9562653395
9562831587
9562951031
9567280291
9567337798
9567471586
9567569703
9567791370
9605028154
9605386072
9605441280
9633016457
9633040481
9633049441
9633089937
9633228864
9633680438
9645024991
9645060094
9645110184
9645232538
9645306248
9645433106
9645520286
9645525764
9645570274
9645773063
9646260063
9656022740
9656283323
9656406021
9656458896
9656602399
9656859436
9656983910
9737668839
9742498878
9744110715
9744214468
9744300570
9744454989
9744620996
9744742725
9744771137
9745270201
9745284708
9745532501
9745600785
9746009804
9746229743
9746276578
9746373376
9746901013
9746959214
9747017518
9747172401
9747390481
9747416285
9747505364
9747584940
9747639981
9747662086
9747662186
9747725448
9747727031
9747837521
9747897801
9747911889
9747921060
9778428086
9778759310
9809489896
9809943828
9846031587
9846039217
9846098384
9846158236
9846177115
9846260063
9846296972
9846306942
9846590064
9846590864
9846696274
9846700109
9846709615
9846774508
9846834667
9846850466
9847171259
9847221764
9847245657
9847405292
9847407213
9847467346
9847575275
9847725448
9847871502
9847912879
9865839716
9895203422
9895219020
9895221066
9895277518
9895734469
9895839716
9895887639
9946116435
9946147302
9946148321
9946424667
9946495451
9946513122
9946609455
9946638446
9946700109
9946739180
9946797697
9946836297
9946869917
9946898994
9947049741
9947251191
9947260727
9947314571
9947478872
9947713489
9947905902
9961521295
9961644545
9961664946
9961934978
9995309920
9995322517
9995347611
9995477562
9995547124
9995561874
9995605942
9995641152
9995645306
9995645606
9995704575
9995841290
971589321173
6235516475
6235933913
6238143003
6238464861
6238509840
6282220642
6282283567
6282425033
7012186062
7012594707
7025074462
7025131366
7025413254
7025425918
7025857717
7025971741
7034391482
7034394076
7306371501
7356230320
7356560959
7510351318
7558901281
7559933621
7560831054
7561856345
7591904842
7592976046
7592988750
7594020746
7594890517
7736257010
7736748667
7902606214
7902816463
7902834710
7907052664
7907254788
7994593902
8078985192
8086057713
8086175047
8089148160
8089593955
8089614725
8113931710
8129536487
8129648568
8136875270
8137891335
8139014136
8281439802
8281827472
8547011600
8547046688
8547053620
8547158431
8547244621
8547309738
8547383859
8547483266
8547521909
8547575133
8547727147
8547805011
8547810593
8547835275
8547978299
8547999453
8590362703
8590396350
8590647077
8590983756
8592067736
8592686901
8594081349
8606794480
8606807847
8606927739
8714138380
8714193400
8891703730
8907260141
8943090878
8943785521
9037009442
9048158586
9048779899
9061323984
9072912211
9207148940
9406525484
9447544402
9447641247
9497237282
9497627291
9497654820
9544196666
9544797887
9567250227
9605672934
9605763435
9605851909
9633716426
9633960728
9645613576
9656503846
9656598658
9744671143
9744673344
9745349575
9745814324
9746263424
9846092845
9846342976
9846551743
9846739884
9846763754
9846946693
9847387769
9895697362
9895752446
9946149432
9946548595
9947091488
9947664705
9947931081
9961344173
9961424639
9995129061
8606371051
9048191650
9539178489
9539641732
9615053350
9744187482
9745432760
9745965811
9778104693
9961169737
9961304889
9345144144
7306289218
7356042950
8129432112
8848896931
8921609356
8943115731
9061323243
9074852859
9162389853
9189215305
9349385023
9349971697
9447380997
9539405078
9539543249
9633795970
9744266498
9895131327
6238715604
6282011296
6282899080
7012256970
7012397438
7012691653
7034237433
7034694707
7356186220
7510483731
7510642691
7560953393
7736209915
7736288348
7736741060
7902584498
7907422512
7907753908
7907777527
8075590803
8086225490
8086408308
8086420631
8086442337
8086444386
8089682923
8111819085
8129397724
8137985538
8301071647
8590532461
8590803438
8592951411
8593826156
8606600790
8848014468
8848351841
8848758037
8891565949
8891589203
8921221684
8921380501
8921923132
8943682923
8943788859
8943838950
9037492344
9048780093
9074153384
9074882482
9207289169
9207472696
9249977998
9383431082
9400249100
9400280403
9400752260
9446018849
9446687140
9446763393
9446766348
9447409517
9447687828
9447829684
9447877882
9447993369
9495224392
9495424191
9495529027
9495529075
9497316253
9497624113
9526334001
9526543205
9526875074
9539133176
9539195728
9539210350
9539239518
9539516671
9539616862
9539682873
9539726151
9544029397
9544331218
9562334009
9567155034
9605046645
9605119793
9605274745
9605285118
9605581911
9605594338
9633257956
9645667168
9645667262
9645737544
9645942474
9656111568
9656232915
9656260201
9656457732
9656642691
9656820404
9744383237
9744480529
9744718868
9744785969
9745027880
9745063193
9745260221
9745478402
9745641291
9745733553
9746009500
9747442474
9747584498
9747641291
9846063691
9846223155
9846297051
9846805997
9846922735
9847024492
9847814751
9895283180
9895398628
9946051802
9946094289
9946124303
9946147282
9946519418
9947067118
9961144714
9961763851
9961931088
6235545977
6235934225
6238048083
6238097003
6238137390
6238176576
6238271032
6238469965
6238531780
6238947141
6282107297
6282192495
6282329210
6282555486
6282611421
7012193751
7012557073
7012585618
7012762010
7012770188
7012889265
7025044870
7025169153
7025238671
7025296021
7025446086
7025455673
7025472260
7025495590
7025497829
7025632114
7025830945
7034348937
7034368441
7034508824
7034692124
7034762423
7034832143
7034884287
7034962329
7306091914
7306093932
7306147780
7306153178
7306259331
7306413537
7306425316
7306502218
7306723200
7306826331
7306956017
7339459587
7356187646
7356648983
7356990993
7510344070
7510366821
7510542145
7510594348
7510634491
7510768008
7558962010
7559037587
7559894506
7560937193
7561080413
7591917021
7592819579
7592836249
7593927982
7594003634
7594881514
7594882614
7594920156
7736241591
7736701442
7736717903
7736719139
7736744587
7736838631
7736898415
7902330608
7902490065
7902528203
7902534680
7902540980
7902713408
7902827083
7902832996
7902954506
7907054291
7907218210
7907317286
7907420604
7907625977
7907946086
7994260459
7994467068
8075350256
8075382198
8078254871
8078340593
8078382684
8078538019
8078714577
8086034842
8086124288
8086131422
8086172386
8086327864
8086391466
8086422572
8086441295
8086485086
8086826394
8086854888
8086949911
8086964178
8086964187
8089177286
8089252974
8089253156
8089582790
8129298828
8129420721
8137061810
8137815038
8137848824
8138826386
8139028430
8139815600
8156812981
8156867475
8156929690
8157094365
8157853225
8157882676
8157971535
8281175670
8281346728
8281478524
8281582511
8281742644
8304038354
8547030029
8547315238
8547732656
8547818459
8589027799
8589857976
8589858205
8589914330
8589975231
8590310870
8590443875
8590528203
8590568641
8590606426
8590643927
8590651672
8590687512
8590873118
8590998744
8592924532
8592951971
8593026735
8593836560
8593909163
8593945830
8606056472
8606211912
8606248267
8606461220
8606703365
8606849410
8606925563
8714475522
8848452205
8848869895
8891154068
8921004357
8921031387
8921294171
8921431997
8921524789
8943020420
8943025749
8943171231
8943214325
8943223474
8943661122
8943823152
8943929069
9037284768
9037615565
9037726419
9037821870
9040865280
9048017369
9048116021
9048277117
9048402158
9048405289
9048665844
9048936022
9061548409
9061648711
9061998682
9072001863
9072157646
9072298457
9072926227
9074443930
9074541130
9074804642
9074875086
9188347360
9188441908
9188490945
9188495711
9207141221
9207142647
9207247826
9207282836
9207466143
9249129753
9288906046
9400249324
9400340150
9400391274
9400729694
9400900872
9446085160
9446263301
9446450936
9446482315
9446528475
9446618241
9446873961
9447284783
9447513154
9447826979
9447938198
9495034011
9495205072
9495241932
9495347946
9495422188
9495463542
9495463587
9495736359
9495853797
9495968301
9496051028
9496125480
9496241318
9496270176
9496433770
9496667151
9496750865
9496894524
9497595507
9526063102
9526269174
9526281292
9526362479
9526472008
9526481620
9526499634
9526695444
9526882802
9526976859
9539014132
9539030921
9539371616
9539387422
9539407611
9539493225
9539612175
9539682471
9539865055
9539887422
9544010562
9544149514
9544509244
9562043248
9562157834
9562320030
9562613392
9562691998
9562709500
9562778568
9562859191
9567184691
9567214049
9567395288
9567573676
9567578676
9567799520
9605097309
9605253328
9605758339
9633135029
9633438522
9633508255
9633584827
9633728050
9633847394
9633862212
9645021670
9645135570
9645336027
9645444560
9645546757
9645562360
9645564033
9645689827
9645924274
9656012211
9656215413
9656553638
9656657970
9656912062
9656937898
9656949236
9744041841
9744078574
9744198135
9744328864
9744366590
9744823818
9744828145
9744949824
9745032350
9745306088
9745314556
9745451551
9745454116
9745476842
9745486228
9745537350
9745538401
9745590913
9745633010
9745662412
9745668652
9745769100
9745877301
9745898638
9745899301
9746159846
9746164553
9746266645
9746395003
9746808072
9746917445
9747217521
9747528386
9747539712
9747563328
9747802629
9778316994
9778537091
9778749830
9830268050
9846037634
9846057314
9846487514
9846515186
9846515238
9846553572
9846662872
9846804477
9847016634
9847277375
9847996068
9895008968
9895426921
9895649876
9946093977
9946098711
9946240045
9946370084
9946783829
9946952167
9947006190
9947623694
9947682012
9947853051
9947894037
9961030921
9961181517
9961189491
9961596935
9961636323
9961854818
9961897692
9961913234
9961971471
9995703816
9995734979
9995893154
9995912909
6282816450
7012350138
7025998208
7034151313
7034802033
7356967727
7356977481
7560885981
7736374476
7902716827
7907697791
8086886592
8113911941
8921044368
9037663931
9072341076
9072785421
9400353220
9446053386
9446623999
9446792431
9447335575
9447599152
9496719611
9526361078
9539309300
9544005190
9544307297
9544557749
9562244885
9605264645
9645243883
9645767322
9656228579
9656653305
9656727331
9744364753
9745105595
9746327483
9747797840
9747970017
9846295976
9847105010
9847207047
9847661906
9847989482
9895305896
9946244643
9946623901
9947205001
9947661906
9961341401
9961539941
9961774155
9961774177
9995157703
9495384708
7012808235
7466582212
9048050848
9048998356
9074835086
9544337867
9562952784
9747874225
6235554510
6238269641
6282521038
7025948399
7034150954
7558821645
7592804115
7592831079
7736455169
7736862856
7907041724
7907062381
8113805296
8129529923
8129591817
8138996002
8157897280
8590286564
8593917747
8907790824
9037446552
9037620606
9037880488
9048685858
9142753799
9400892981
9496061457
9496892798
9497802231
9526284151
9526395578
9605190121
9645231986
9656165976
9746721963
9746902768
9778063981
9846313612
9846938309
9847239934
9847793177
9895235792
9946757689
9946783759
7025564914
7034357037
7561033954
7594914723
7736084970
7736963082
7736969339
7902292449
7907490595
7994941794
8075979052
8086399254
8137849669
8157808981
8301092751
8590693923
8594099352
8606162426
8714259251
8848446075
8989898989
9072992909
9074797831
9447669959
9495693466
9496683826
9497098655
9526462338
9526926073
9526967229
9544336496
9544637512
9562517286
9605904252
9645273907
9656534564
9744821720
9746891838
9747438147
9747761677
9809893741
9846117241
9846539103
9847194069
9895167516
9946293891
9947352133
9961055150
8086899852
6235099724
6235471005
6235508003
6238324130
6238405579
6238628923
6238642148
6238828099
6282196086
6282542928
6282743105
6282759231
7012626910
7025604353
7025841488
7057089122
7356630281
7356924883
7510790865
7559071952
7559822174
7591967998
7594802514
7736106305
7736426131
7736740245
7736921074
7907317066
7907809118
8075791227
8075801991
8075957182
8086309043
8086367477
8086860310
8089289804
8111935800
8111976613
8113080199
8129162095
8129521336
8129796304
8137854704
8138064204
8139880975
8156816545
8156958381
8157032389
8301088816
8301830379
8330071799
8589876756
8590332243
8590478776
8590674848
8590698940
8590701171
8590887567
8606248580
8606683134
8606754614
8848396787
8921109997
8921917026
8921998951
8943305440
8943908812
9020253443
9048027110
9048081298
9048104918
9048223722
9048248915
9048285450
9061931544
9074094423
9074399610
9074480175
9074502478
9074627479
9142527584
9207430996
9207859991
9207863517
9349772133
9387103710
9400559270
9446169926
9446619659
9446713235
9446758670
9447441970
9495145366
9495421214
9496115987
9496247437
9497413865
9497707519
9497894554
9526296910
9539469485
9539680944
9544001467
9544164627
9544992177
9562774410
9562857958
9605286406
9605315885
9605346405
9605525758
9605612176
9605623200
9633216600
9633374145
9633757146
9645172940
9645178094
9645589621
9745168491
9745261593
9745513075
9745625316
9745988752
9746246709
9746776182
9746947172
9747050846
9747750278
9747893887
9768661994
9778031285
9778045729
9778517508
9846407793
9846646557
9846760654
9846903279
9846982158
9847176335
9847209658
9847296674
9847507577
9847510392
9847602359
9847804433
9847936978
9847946261
9895960925
9946369901
9946509412
9946833745
9947150823
9961540996
9961894212
9995128523
9995476364
9995812217
9995984868
6238519235
6238803551
6282813995
7025107704
7025501377
7034279914
7306494939
7356566579
7559087012
7560893057
7736344817
7902534253
7907270962
7907618319
7994337504
8075147892
8075171008
8075881530
8078363105
8078979204
8086687442
8089073166
8129175630
8137892774
8138059073
8138956972
8157936496
8891672924
8921744616
8943092158
9072212565
9072365131
9207471209
9207480758
9387341143
9400162045
9400319283
9400941753
9495130873
9495679757
9495853295
9496528849
9496824361
9526211977
9544837762
9567640144
9744160655
9778716671
9817661806
9846161566
9846892255
9947052650
9947076203
9947579914
6238145040
6238914694
7012410191
7025840158
7034266484
7034667310
7034996780
7306194563
7306798206
7510234190
7510715435
7510836692
7559899708
7561000967
7561048798
7907019230
7907893841
8075646631
8075889256
8086362887
8086507665
8113905509
8129047910
8590607293
8592819624
8606863108
8891795541
8891943869
8943312887
9048564068
9495252414
9495321307
9526004159
9526741503
9526916654
9539634666
9544329127
9544620083
9633016583
9633101658
9744499675
9745498240
9745700108
9747172940
9778409606
9846880605
9946154376
9946353275
9946477162
9946521152
9946736975
9947122451
9961048797
9961281253
9961298182
9961557752
9964736975
9995871748
7994370132
9400930094
9446963423
6238739158
7025166782
7025922167
8078239844
8078492896
8113080614
8547274720
8606844400
9249994452
9388227996
9400373351
9526588751
9539563385
9744257739
9747813131
6238267486
7012777830
7025047832
7025832711
7034902376
7303280353
7306539528
7560901369
7736036195
7736093016
7907297438
7909224531
8075262254
8075614623
8086358941
8089669875
8113987221
8156899293
8156946012
8281470964
8281784865
8301944068
8590202899
8592940185
8593981344
8606082490
8848134343
8921097896
9037829668
9061310740
9061360700
9072076389
9188044387
9188130095
9188698140
9207770643
9305275683
9388846980
9400178902
9400403052
9496035479
9497238737
9497469838
9539208068
9539503200
9539661576
9544598011
9544889324
9562503419
9562747644
9567367696
9567830636
9597956015
9605474392
9605552234
9653718625
9656551055
9656929190
9746270359
9747720697
9762503419
9778059625
9778397086
9846060239
9846088022
9846095005
9846105883
9846109292
9846142616
9846168264
9846274027
9846401137
9847311641
9847370105
9847655376
9946235109
9946941394
9961625476
7043747080
8281669179
9188148056
9442074606
9745958646
9946979360
9947680566
9447281239
9544906894
9744370405
9074175169
9446764507
9446986315
9544596576
9656588218
9656730703
8590618447
9539127868
9744671556
8606690690
9497317319
9961663182
6235127794
6235487030
6235902078
6235928054
6238603935
6238716636
6238891533
6282107609
6282928536
6282962546
7012085247
7012639462
7012896657
7025489565
7025910970
7034930192
7306784265
7306843261
7510164599
7510735756
7510796722
7559879878
7559915720
7561065717
7594034883
7736201144
7736656877
7736896408
7736922942
7736960745
7854835852
7902493009
7994558959
8075709970
8075821394
8078310519
8078425669
8078911941
8086431162
8089340085
8129164774
8281582301
8281915073
8289981458
8301025005
8304883729
8547309002
8590625309
8590786895
8590992499
8592979470
8606533347
8714119855
8848010516
8848813021
8891597514
8921848803
8921902219
9037496996
9048999320
9188487898
9207816414
9400502831
9400693059
9400758907
9446695552
9447193704
9495092755
9495116760
9495546500
9495609160
9495712225
9495751734
9496290519
9496309361
9496309899
9497255020
9497348614
9526927667
9526936085
9539069657
9544093568
9544243252
9544547898
9562654560
9567082933
9567110539
9567876445
9567955330
9605363471
9605370269
9605819343
9605885725
9633002981
9633205072
9633223851
9633251869
9633336333
9633515378
9645048036
9645138662
9645273729
9645987527
9744894147
9745816414
9778320885
9846021182
9847703091
9895008648
9961425724
9995726091
9495132409
6282539510
7025198188
7025501375
7034288446
7034626000
7306436197
7561846726
7594948899
7736304052
7736734624
7902549017
8086445128
8089155919
8089939465
8129389285
8129395962
8137952394
8281026442
8281184971
8281539504
8289998403
8547733524
8590432577
8594045590
8848930842
8907600771
8943448284
9037023017
9061043234
9072334734
9074978858
9188009384
9349239006
9349277330
9349727739
9388124142
9400479012
9400780737
9446513021
9446938524
9447239006
9447476088
9495714698
9496287317
9496374379
9497411758
9633153894
9656728199
9744956331
9744991110
9745493647
9746476530
9747000995
9747237547
9747903366
9846097795
9846268816
9846638918
9847243227
9895437450
9947324059
9947708898
9961575950
9387491326
6235119646
6235464425
6235563785
6238237135
6238813433
6282301042
6282812432
7012708948
7012810645
7012827296
7012979476
7025019022
7025046394
7025047635
7025258419
7034591891
7034815801
7293147212
7306140965
7306636259
7356864698
7510143095
7559052264
7559067256
7559945194
7591911193
7592026081
7592929201
7594032523
7736426941
7736461008
7736554572
7907393081
7907819142
7907871680
7909138648
7963325733
7994018121
7994208173
7994298644
8075285558
8075650692
8075741918
8075766220
8078167850
8086345236
8086389864
8086431231
8086811479
8086949224
8089898337
8129956337
8137091155
8138828432
8138954881
8139837414
8157010147
8157986645
8281924680
8281971103
8304878165
8547047770
8547154801
8590472689
8590953212
8593849204
8606519260
8714562686
8848300178
8891453742
8921200204
8921591451
8921830210
8921929041
8921977740
8943109090
8943221522
8943600951
8943704576
9037437435
9048358058
9048569740
9048657527
9061951125
9061954125
9072323655
9072419550
9072760370
9072809157
9072982168
9074054924
9074250455
9207516367
9387719902
9400247240
9400565842
9400669644
9446230439
9446550688
9446603135
9446997848
9447160688
9447174807
9447833747
9495462686
9495855239
9495882509
9496168771
9497063180
9497457421
9497561125
9526380242
9539318224
9539546894
9539642519
9539719684
9539815597
9544349068
9562189347
9562832518
9562999531
9605136936
9605462739
9605539928
9633715805
9633778819
9633975518
9645180674
9645515021
9645855636
9656027975
9656725547
9656941454
9744616251
9744962554
9745341127
9745756608
9745783964
9745795750
9746061505
9746267510
9746360988
9746371378
9746678591
9746693964
9746784603
9747276756
9747295610
9747618871
9747729098
9847219130
9847472735
9847713202
9847840329
9895140940
9895650650
9895853658
9946406205
9947059380
9947108404
9947274826
9947482112
9947675693
9947690788
9947992749
9947993568
9961575595
9961663795
9995396101
9995616992
9995909023
9539551975
7356736987
6238220012
6238599982
6282455163
7012363267
7306147168
7511109505
7558851329
7559959368
7592935923
7593932056
7736264422
7736330522
7902583250
7907113975
8075524904
8086272579
8089776792
8129543432
8138993752
8310088869
8589975566
8606120346
8921337615
9037641073
9061249093
9446659776
9495319780
9495425877
9526034610
9544785831
9645953484
9656835215
9744095476
9744520414
9744782637
9746076074
9746696657
9747238477
9846212513
9847413305
9895828381
9947162548
9947600251
9961407689
7510213550
8943213550
9961498923
6282641202
7558079154
8075323672
8086934400
8891286470
9048146410
9072390810
9497737187
9526364600
9544026746
9562116822
9605089965
9633507883
9633999154
9645890810
9745637455
9747594838
9847669582
9946880037
9946899037
9961615701
9074611279
6235530521
6238302252
6238843578
7012141933
7034718581
7736652787
7902263563
7907555075
7907719202
7907940300
7994359931
8089691564
8129157463
8139082538
8547389884
8547890324
8590981831
8891312638
8943134317
9048497995
9048613310
9061312094
9061353060
9061877925
9188590521
9383498093
9446715884
9446962127
9495295211
9497792093
9526223517
9526776538
9526900638
9544400082
9544799838
9567449773
9605857796
9645646194
9656477039
9744762501
9745064502
9746046212
9746399326
9747878708
9846073477
9895401869
9895831964
9895975763
9946858350
9947164832
9947383346
9961718135
9961787553
6282435185
7012335022
7025047428
7034575609
7558914295
7559966773
7736482902
8086028691
8086416001
8086711783
8129576923
8137912276
8156833086
8301061160
8304963881
8547043575
8547214266
8589874902
8590912367
8592947054
8606772939
8714294741
9037638046
9048227534
9061218087
9400750679
9562160538
9605073506
9656498184
9656692025
9747685476
9747724793
9895990659
9946251083
9946892704
9645276247
9544714477
9712557420
9526402267
7025882719
7306660521
8086325168
8086362567
8304926831
8590462096
8590662652
8592857855
8593894520
9496090260
9496348299
9539676409
9562201240
9746676409
9846131431
9946675445
9995344917
9995516992
6235227085
6238198070
7356617015
7356812484
7594026581
7994344289
8089228384
8129112597
8129448442
8129459429
8137828728
8138855929
8156960216
8281028715
8547921088
9074043208
9188308435
9400500826
9400712943
9446112598
9446289176
9446373735
9446996235
9446996342
9446996681
9447262541
9447973737
9495157339
9496618715
9497202223
9497312484
9497687171
9497732943
9526642597
9526898307
9539181712
9539234979
9539294289
9544283324
9562026179
9562762356
9567857085
9605492021
9605996342
9633310919
9645418401
9645594988
9744692424
9744958435
9745258952
9746593394
9747758994
9778407488
9846011527
9846357085
9846452193
9961605118
9961607476
9447391806
9656235154
9539317805
9539917855
9961455955
8921266306
6666665655
7034104544
7510803233
7736972071
8129956409
8304844772
8547330383
8547368904
8547787010
8606723653
9037644409
9061465250
9207660134
9349971623
9388213428
9388645012
9400551338
9400896309
9402196990
9446084200
9446903057
9496621831
9526094228
9544079404
9544881367
9562322430
9562387796
9605841415
9633720327
9656450383
9656653224
9744262733
9745892248
9746010061
9746921459
9778306862
9778789562
9846256884
9847017187
9847101831
9847296424
9895199772
9947956874
9961432792
9961590420
9995330456
9995753574
9995885459
6235198258
7012519812
7356341963
7510563521
7511180392
7559047388
7902567795
8075707653
8075722631
8075809981
8086352777
8086737447
8111872801
8111925908
8547285426
8590810192
8921064677
9544687616
9562613302
9820387597
6238009372
6238248455
6282588445
7012497802
7012930587
7025007712
7356543661
7510710189
7561030939
7736002614
7736049873
7907318432
7907562255
7907848703
8075808699
8078301125
8089179470
8281200939
8281776717
8281791477
8330894873
8590740985
8606511423
8848586234
8921698957
8943867897
8943931750
9061071041
9072359451
9074036270
9188791766
9207310318
9446014167
9446694453
9446724580
9446844408
9495064964
9495631120
9496291741
9496416058
9497800568
9526825626
9562162153
9567494740
9567588010
9567642127
9567929946
9633032364
9633742413
9656266339
9744184096
9745308776
9745678327
9745847573
9745994997
9747712694
9747725296
9747870188
9778238570
9846072700
9847153695
9847233551
9847352361
9847704814
9895325581
9895588558
9895594125
9895613796
9895628135
9895634527
9895666116
9895677393
9895680207
9895724961
9895990019
9947268769
9947280037
9947842730
9961313798
9961601983
9995561222
9995640992
9995810996
9995966050
7994321852
8075422359
8129193172
8129928796
8137964696
8157088319
8589010909
8921835021
9061668345
9188602774
9188853674
9446128461
9446931780
9496172612
9544128461
9562234920
9605520315
9645109832
9645310541
9744214748
9744327669
9747709610
9778437145
9961520315
7012977532
9048209586
6238427603
6238625135
6238667958
8590207695
9645697094
9895849186
6235599200
6238040580
6238118818
6238179465
6238257650
6282185578
6282377725
6282522102
6282551285
6282838362
7012004545
7012081802
7012295586
7012693402
7025167576
7025597527
7034912988
7306152499
7337130605
7356722276
7356777987
7510304415
7510749307
7558886229
7560846250
7562987833
7593042460
7594007615
7736202229
7736343459
7736664819
7736830543
7736862432
7902492335
7902993844
7907259133
7907633769
8059890193
8075211075
8075618445
8075745901
8078492165
8078920643
8086245105
8086408475
8086721503
8089451252
8089479359
8089510407
8129765570
8129791229
8137085414
8156961121
8281109441
8281456708
8301078597
8547126900
8547827886
8590406203
8590461967
8590538909
8590659940
8590709848
8592836191
8592953487
8593038209
8593891252
8593954598
8606143951
8606291351
8606701647
8606875944
8714397260
8848653172
8848764825
8891451454
8891560698
8921415884
8921443429
8921676206
8943272027
8943278090
8943697388
8943732469
9020488154
9037022271
9037589185
9037921635
9037944503
9037979927
9048037667
9048231141
9061158875
9061329431
9061340531
9061477470
9061859297
9072185563
9072911930
9074091467
9074894063
9074950059
9188857381
9199469017
9207577807
9400113760
9446764811
9446847438
9447073063
9495269185
9495420531
9495819786
9495869416
9495938962
9496053176
9496215836
9496745258
9497687599
9526536122
9526553820
9526666942
9526697399
9526710407
9539062090
9539256714
9539431375
9539722326
9544072521
9544914487
9562395274
9562919620
9562993973
9567344405
9567589957
9567874876
9567939130
9567971529
9605285996
9605401598
9645026589
9645394275
9645500885
9645523314
9645761532
9645810517
9645826834
9656147893
9656525475
9656698054
9744708581
9744912025
9744958486
9745221216
9745241085
9745411351
9745776024
9745895831
9746576962
9746747789
9746943780
9747447850
9747685779
9747921889
9846126989
9846473737
9846673930
9846732555
9847433190
9847498207
9847502179
9847646339
9847756229
9847774765
9895070314
9895107039
9895108297
9895186628
9895205818
9895526974
9895640725
9895665470
9946369379
9946484124
9946791286
9946892960
9946967710
9946971486
9947520655
9947947635
9947975740
9961050400
9961362079
9961786567
9995082119
9995315683
9995858650
9995870211
9995985508
6235448557
6238483811
6238969878
6282344380
6895557136
7025203384
7306360744
7356237652
7403197340
7558011458
7561894875
7736305226
7736572614
7736582805
7907410446
7994092564
7994226540
8111808220
8113005474
8129095692
8136908943
8137032469
8156949374
8330053049
8547582566
8547608361
8606191096
8606192952
8606274040
8606385073
9037896221
9061249895
9061528199
9061735702
9061841597
9061850667
9065097309
9074297818
9207566167
9446044888
9446221833
9446469572
9446673215
9495047104
9495713485
9495784224
9526686069
9544559635
9544671434
9544706463
9544776558
9544850536
9562464556
9562715173
9562915308
9605607425
9633512411
9645670971
9645823751
9645939573
9656161121
9656898539
9744095015
9744630828
9744829635
9745487389
9747181150
9817316038
9846114610
9846331490
9846876562
9847117586
9847215357
9847367150
9847418956
9847545191
9847598097
9895106778
9895653952
9895919285
9947343491
9947429847
9947661235
9947912272
9961000316
9961168482
9961485357
9995038993
7902469745
9747136415
6235726924
6235730447
6238427781
7012158864
7025535233
7034126226
7510929239
7558801943
7558891185
7736439916
7736794523
7907502051
7907984825
7994255684
7994460624
8078767915
8086721739
8111916484
8111972193
8129154881
8129826738
8590180692
8606500518
9048003219
9072936541
9188028521
9400562774
9446953567
9447087555
9496407956
9496821699
9539394161
9544720678
9567921385
9605382217
9656554426
9745798593
9746090355
9778493010
9809251127
9847336218
9895844414
9947688649
9947884896
9961066196
9567546175
7012549030
8113977851
9645591302
919539506294
6238182440
7558916628
7736533227
8330805093
8943916628
9013182255
9048050076
9074357904
9447833389
9539424122
9539545257
9645415398
9745560991
9745662889
9846529959
9947298342
6282139708
6282335101
7034353660
7306365602
7559088564
7736537184
7902234884
7907941633
8590918661
8714301061
8943752295
9037005430
9048642975
9388943435
9446363276
9496538079
9497624574
9539215680
9567341680
9645660486
9961839470
6235012428
6235590016
6235671186
6238414982
6238848251
6282695992
6282941708
7012959905
7025922441
7034742812
7510211485
7559092981
7559955749
7561839633
7592876394
7736958105
7907073645
8086685140
8111855349
8111955755
8156881201
8156951212
8281104153
8319409991
8349928800
8592994840
8593911995
8714346984
8943059094
8943229070
8943506277
9048016043
9048519933
9072004572
9188573271
9207052627
9207246565
9207546375
9387525068
9400246375
9400676479
9400735068
9400917878
9400995761
9446384342
9446431635
9446624153
9446872899
9446997417
9447081599
9447227544
9447513271
9447603246
9447616144
9447668932
9447970979
9447992981
9495168661
9495355160
9495566731
9495632124
9495903418
9496180544
9496181544
9496629390
9497255457
9497375349
9497412699
9497657370
9526119709
9539317445
9539362151
9544919958
9562332451
9645598081
9656027544
9656027699
9656096394
9656220266
9656336479
9656884884
9744110741
9744699016
9744895573
9745258492
9745307457
9745316390
9745537217
9745547392
9745813228
9747157897
9747690200
9778157160
9778296336
9846449975
9846584961
9846823450
9846855817
9847045834
9847061525
9847268825
9847299016
9847341406
9847493130
9847924949
9895378553
9895570101
9895634790
9946042125
9946251902
9946251925
9946323918
9946624249
9947268825
9947638861
9961260647
9961591039
9961634942
9961871576
9995463619
99472688253
919744699016
971501260772
971558905616
6282031680
6282211886
7025972242
7034445197
7559967856
7593055255
7736178975
7736551346
8086947048
8089680334
8156977624
8157085168
8289914328
8289991426
8547424568
8547577460
8606812543
8848060907
8848321847
8848720208
8891423202
8921498150
9074994929
9400474568
9446763590
9447164255
9447476391
9495367919
9496167048
9497445684
9497624650
9526388543
9526388544
9539021751
9539026745
9539051254
9539198951
9539522622
9539539920
9544669425
9562620142
9562877624
9645434490
9745923279
9747005811
9843293351
9846911807
9847117043
9946745889
9947263132
971557003451
7510947067
8547645649
8590451556
8714330564
9544946672
9744931675
9847549002
8547738425
8848375368
8921626206
9400302004
9446620661
9447083572
9495983572
9496754549
9497801590
9846218333
9944573333
8943661595
9496755492
9497457923
9539421620
9638557220
9496347481
7561057213
7594828976
8590412182
8593057213
8943232380
9288025202
9497657201
9745641183
9846279706
9544994772
6238025820
7558972455
7560941729
7736448930
7902489719
8078947607
8590963367
8606577535
8653125892
9497454962
9567043987
9645391815
9645995360
9745816016
9995394400
6282459537
6282710601
6282910419
7034735468
7306558893
7306940650
7510119975
7510265471
7510574052
7510848228
7511110185
7736268073
7994681194
7994701776
8078174512
8590449003
8590525918
8590852866
8590899358
8606440521
8606778302
9048447239
9539137140
9539835283
9544323109
9633450186
9645243153
9778137044
9961239475
6282167070
7907821272
7907836230
8075433308
8075950483
8086554353
8086756798
8113871312
8156886934
8156916011
8281357951
8304011578
8590334729
8606228538
8606317249
8606490620
8606794556
8848402876
9061459153
9074953054
9207327942
9447074518
9526058837
9526598606
9539690263
9544263225
9544439943
9544535541
9544945383
9562102994
9605802041
9745946445
9747567837
9747925775
9778507439
9946379048
9947117338
9947564450
9947875497
9961128453
6238615445
6238834473
8075097335
8590471315
8590592337
9605218837
9961230403
6238288468
8075238568
8281515391
9446784125
9526430349
9539870872
8547131475
9605427434
6282504569
7025152398
7306152185
7306634528
7356452734
7510945621
7558060325
7558882318
7591929479
7736157634
7736492716
7902603575
7907716742
7994461053
8075643504
8156900402
8157992742
8547156425
8547222746
8590130747
8593931053
8606367592
8848411625
8921292731
8943270174
8943495409
9037275109
9188126957
9207196582
9207588952
9495643673
9496210551
9496316959
9497428915
9526539619
9562468937
9656363499
9656749768
9744810604
9744945619
9747439517
9847154916
9847396877
9946642696
9947650222
9947702093
9961308627
9961919164
9400044920
9526454924
7510424724
7902650781
7994007892
8281521654
9207208667
9544025524
9562519123
9847233662
8593836447
9544955060
9497236905
9497261886
9497317847
9656401730
8606260801
9847465948
9847849007
6282367155
8606696180
9562471806
9605975810
9744659957
9747531157
6235235087
6235492203
6238360880
6282150364
6282164145
6282379189
6282532039
6282861748
7012227508
7025397224
7025521507
7034310628
7306006720
7306008299
7559883753
8075315478
8075369753
8075916877
8075931644
8086735510
8086959325
8086959386
8281077764
8547429187
8592813934
8606871460
8848992579
9061903140
9207806013
9447491614
9447980853
9495363583
9495625810
9495819669
9495822550
9495825110
9495825467
9495838861
9495839068
9526327894
9526885380
9539027985
9544463294
9605291133
9605501650
9645472451
9645502511
9645993055
9656836342
9744495999
9745905081
9747192572
9846741196
9847171257
9847372775
6238482143
9847863188
6238415366
6282815084
7511161164
7558921624
7736795653
7902454524
8086684944
8714486717
9048183656
9074325809
9188060824
9207585248
9446727462
9496234238
9497885316
9747490483
9778328918
9846439146
9946626104
9961768259
6238609725
7034605060
7306679642
7510316766
7510438750
8547248301
8606606866
9074190729
9074979688
9207999424
9288756837
9446085406
9446346216
9446556216
9447336675
9448802350
9495357676
9497231978
9497644470
9544352517
9567286436
9605799746
9744345145
9744635422
9747996831
9778039822
9778348614
9846812822
9847687044
9947598362
9947704326
6235340762
6235388201
6238614131
6282523667
6282761027
7012693592
7012794568
7025842135
7034666873
7306638537
7306892961
7306989967
7356108079
7356667115
7510731120
7558949459
7559851297
7561800876
7736031889
7736300626
7902615950
7902691706
7902831205
7909157487
8025254718
8075187486
8075923504
8111805646
8111838755
8113965360
8138801744
8156883797
8157990522
8281309549
8289809779
8547160052
8547445787
8547538273
8590165642
8590168971
8590482863
8593840580
8606491131
8606811475
8714145265
8891672348
8891839626
8921143611
8921544078
8921589684
8921669712
8943555764
8943773101
9037358960
9048347025
9061150531
9072253356
9072781770
9072830216
9074095272
9074384575
9188599828
9188602784
9207593308
9207999242
9400263830
9400794778
9400955929
9446352507
9446773092
9447175098
9447612323
9495435035
9497169760
9497485854
9526093383
9526462855
9526705213
9526829561
9539170262
9539278381
9539444215
9539620190
9544072364
9562345468
9562501269
9562845681
9567787929
9594544744
9605078224
9605263857
9605550551
9605893593
9656023409
9656598272
9656615121
9656715446
9656730729
9714149759
9744015827
9745662067
9746453988
9747792173
9846419996
9846437764
9946194790
9946248076
9947263721
9947302491
9947358960
9947392957
9947475001
9947771585
9961461449
9961723185
9961841487
9961890313
9961991386
9048944340
9539132512
9747263104
9747263709
9947368882
9961497728
9847283909
8136880283
8606418256
9778010497
9895618119
9846537817
8590298029
8590677618
9447343994
9526547083
9745122924
7025264699
7025631768
7025810883
7025964745
7510301853
7510884935
7510969369
7559884015
7560836548
7902889095
7907103727
8078392066
8138045507
8289952944
8547073502
8590172933
8590391044
8606217726
8891351451
8921994839
9020405757
9072118887
9207960961
9446784167
9495257699
9495349699
9496080747
9497394727
9497785257
9526321562
9526455701
9526684818
9526751017
9539117763
9544318340
9544713700
9544780716
9544874085
9544973452
9605033790
9605763531
9633211076
9645029422
9645259323
9656133382
9656810593
9656999163
9744353491
9744470683
9744801084
9744996153
9747171529
9747213093
9747889004
9778572557
9847282645
9847406899
9847498904
9847863100
9847932748
9847952314
9961117113
9961337776
9961461326
6235805236
7012437802
7306439962
7356350966
7559818705
7561826346
7736003609
7907462335
7907592540
8075051468
8078006481
8078880253
8086411297
8089145584
8547913867
8590123270
8590402103
8593861948
8606663714
8606715029
8606823097
8848183010
8848460766
8921508368
8943220643
9037969558
9072856032
9072893590
9207042612
9387083041
9447724072
9495104143
9526394312
9526441710
9526675645
9544087367
9544399720
9562120387
9562306293
9562647820
9562861573
9567839166
9605089049
9605817277
9633738332
9633931460
9645060359
9645182906
9656454637
9656706269
9656878573
9656878589
9744246333
9744369103
9745089277
9745533148
9746088356
9746917815
9747447805
9778242610
9846213729
9846432376
9846517247
9847865808
9895099536
9895895263
9946503730
9947186251
9947230118
9947803502
9961350695
9961756785
9995820094
8547887621
9048046621
9947208908
6235532298
6235536177
6235790071
6235927523
6238007850
6238140385
6238779235
6238845883
6282168942
6555153597
7025702743
7356296560
7736297626
7994832390
8113892371
8129247102
8157856750
8547013653
8547489580
8590417277
8590426174
8590535977
8590626360
8590930378
8606537935
8921535332
8921610800
8921791090
8943162245
9061452371
9061546504
9207786672
9446959402
9496022145
9496135145
9496724822
9539356938
9544164298
9544251508
9544930026
9567426520
9605539905
9633055875
9633742982
9656524784
9656937855
9745518038
9747125337
9778328197
9846698668
9847306091
9895703343
9895933997
9946355089
9947705571
7559929099
9778789884
8078066502
9207841064
9400718352
9961756502
7510690228
7591976159
7902924312
7994251841
8089627147
8593860715
8606142274
8848289397
8891200779
9037694140
9048334578
9048724804
9074572974
9207271705
9207820407
9446089055
9446091508
9446092316
9446096122
9497462730
9539063873
9562612538
9633319595
9633452237
9656354867
9744885809
9744988366
9745873562
9747436843
9747652664
9778011436
9947394706
7012279017
7306176145
9947601005
7025885172
7034541654
7356769622
7560895828
7907460397
8281723512
8589981643
9400966792
9744102929
9747017602
9846714745
9847187881
8075780254
8086929880
9048451184
9074663651
9544947564
9605594225
9746394887
9847537920
9847595967
9847628967
9961481341
6235357236
6282755103
7025441554
7025663903
7025873494
7356422966
7510371093
7510931410
7561091977
7561817892
7593947147
7736906501
7902536908
7909186181
7994150604
7994216514
8086918461
8156882174
8248793855
8547166376
8547253697
8590924809
8606156021
8606552376
8714272757
8848266406
8921319392
8921781535
8921871942
8943127790
8943264944
8943473765
8943667651
9061657603
9061900113
9072317353
9074901076
9074967406
9074986384
9074990790
9142079701
9142091040
9142126128
9142330715
9207602393
9400664317
9446387790
9446407146
9446407348
9495032269
9495032293
9495292458
9526038224
9526200116
9526245271
9526710791
9539491110
9544261768
9544312841
9544678280
9605158087
9633233062
9656151411
9656521922
9744116276
9744186479
9744210973
9744729103
9747103899
9846135435
9847301894
9847407745
9895091391
9943909772
9946634545
9961055134
9961567099
9961757369
6238632413
8281084493
8281737863
8590956098
9207481599
9447757863
7558897873
8157056044
9496765057
9747942874
9847374838
9947222598
9947942874
9961497873
6235040978
6235637917
6235946885
6238000891
6238610345
6238769022
7012610537
7012661648
7012726824
7012766003
7025639169
7034104668
7356698829
7559075117
7560813279
7736366402
7736675221
7902694235
7907321552
7909150925
8075809091
8089939419
8157045437
8157046962
8157831775
8330817161
8547612274
8589800926
8590146740
8590429841
8590567756
8590689836
8606005479
8606085077
8891016013
8921098103
8921182463
8921283844
8921582609
8943418619
8943719669
9037339452
9048416361
9048470976
9048897412
9061011293
9061191820
9061511062
9061670173
9074148399
9074354571
9074380070
9074544215
9188136201
9207150540
9288400951
9446205165
9447220261
9447556760
9496091049
9496272447
9496338040
9497511296
9526207563
9526605626
9526620257
9544331757
9544497465
9562393956
9562932563
9567194840
9605037771
9605592419
9605704926
9605757866
9605892764
9645141687
9645183087
9645822620
9656516219
9656557451
9656649594
9744253460
9744351768
9744471694
9746612353
9746793010
9747516128
9778017559
9778491260
9847278364
9847396203
9847423925
9895133721
9895666851
9946763281
9947194335
9947320994
9947375623
9947693133
9947703569
9961123516
9961317546
6238026019
7558953099
9447330394
9495073565
9744953099
9947666478
6238317964
6238531603
7025347377
7025441114
7025733912
7306086760
7306283174
7356193256
7403638070
7558918037
7559046514
7656418232
7907049896
7907079265
7994737164
8075755098
8075999134
8086063002
8086502657
8086658720
8086773511
8089570448
8113909415
8129127662
8330041239
8547045900
8590274266
8590494026
8590524509
8590557554
8590784550
8590952138
8606248992
8848646097
9037148383
9037617459
9037731668
9048280820
9074039394
9074821176
9207397215
9349201731
9349471354
9447209040
9447878353
9447934278
9495031383
9495231383
9495247100
9495633077
9495958913
9495979426
9496558719
9497179085
9497831410
9526166781
9526377815
9526788959
9526812379
9526878066
9539086784
9539438166
9562940828
9591880541
9605094305
9605609430
9605789084
9633384521
9645002324
9656232227
9656546288
9656567255
9846513182
9847453898
9847965496
9947355388
9947923592
9964500232
7306293752
8590036949
8590596274
8590919645
9778161441
9961377334
6235005619
6235634246
6235647269
6238717467
7012734196
7025011753
7025337814
7510283362
7907929008
7909180716
8075219728
8086082869
8086731776
8606002846
8606501797
8943542291
9061499145
9207172173
9207654912
9207911753
9526137028
9526342792
9526675881
9605864661
9645887092
9656309316
9744065844
9744521196
9744816553
9745681943
9526178174
9847181049
6282429535
6282474623
7025113198
7025652682
7025941051
7306563521
7510925688
7561804456
7594993364
7902276284
7902793463
7994286141
8075640488
8075778712
8547801143
8589850205
8714331081
8848972225
8891564535
8921166351
8921869731
9061388230
9400238143
9400555702
9446540192
9489321822
9496210098
9526133625
9526138184
9544494906
9562230380
9562713682
9567513183
9645481951
9656431232
9744467936
9746522108
9746615327
9747940173
9809331512
9895507667
9946473096
6235759201
7510291302
8848525797
9061806717
9142456900
9142460137
9142620134
9142636287
9142734233
9310049890
9446947944
9605362361
9656771895
9744474351
9744862375
9747083748
9789764752
9947635576
7510921478
9947224833
8590491330
9061545582
9747793735
7034860881
7736349832
8156897873
6282637991
8086540261
8590442078
9074434394
9496051842
9496992628
9526411192
9947521617
6235078092
6235084837
6235106612
6235281910
6235865481
6238091410
6238106431
6238327068
6238818945
6238891707
6238989285
6282044898
6282219929
6282336282
7012147673
7012742219
7025198159
7025229104
7025655146
7025762513
7025899835
7025947125
7034018361
7034042675
7306238950
7306269851
7306541164
7356596995
7510468578
7510576106
7510646202
7510794930
7510814524
7510876272
7591903468
7736324651
7736542866
7736613353
7902871684
7994912351
8075010402
8089654419
8089672361
8111905763
8113913845
8590569036
8606440086
8848132979
8848458838
8848574548
8921144398
8921953947
8943212299
9048204416
9061135726
9207832071
9400551286
9495338291
9496133844
9526864431
9544513168
9562526423
9562738571
9567011576
9605064498
9605333590
9605496739
9605654278
9605716196
9605849484
9633447567
9633962363
9645235118
9645428705
9656309043
9656498234
9656827538
9656984248
9744029155
9744323832
9745960390
9746219909
9746453582
9746740096
9746839902
9746880109
9747060673
9747906692
9747996777
9778347780
9778364961
9846290476
9846584338
9846743915
9847594475
9847616057
9895494847
9895919365
9895998697
9946596177
9947319452
9947376823
9961180189
9961360801
9961725866
9995148654
9495693939
9544110131
9544036192
9946288178
6238107820
6282361412
7356118600
8848373218
8921762460
9048103218
9061305326
9072827151
9436730647
9446640833
9447297684
9496730647
9544778200
9745070742
9745589197
9745745881
9746956439
9747055127
9778001636
9778099645
9778392769
9846373567
9961943577
7012698827
9048151399
9249003005
9446046369
9847868747
9946382104
9947071999
7306825372
8547795299
9496044192
6282627251
7306017699
7306375006
7306403032
7594947180
8086617616
8089238660
8547394138
8606725282
8848281835
8891817364
9207067893
9207528928
9526945492
9567131736
9567384975
9633116825
9645223561
9747323463
9946427415
9947237973
9947252477
9947693471
9961007161
9961423068
7096008767
8547864319
9048218296
9544252123
9656318407
9656399831
9723445937
9744859630
9778331179
9846761991
6235269966
6235450331
6282109147
6282204304
7012166769
7025196709
7025976039
7510612401
7510994827
7736743467
8075537581
8086480149
8089144708
8157829505
8592917409
9037063514
9074716150
9207872484
9446309644
9526835951
9539352510
9539567793
9539568473
9539568743
9539579252
9539583595
9539588260
9539613132
9539626129
9539688286
9539701483
9539708934
9539728883
9539769436
9656581063
9747222088
9747829008
9747907748
9778061449
9778587178
9847210798
9847273285
9847575530
9895141646
9916237687
9946890010
9947030721
9947137662
9947594305
9961115915
9961388609
9995929274
9995929279
9745448684
9846634440
9961621399
6238168584
8547654827
8848084792
9048559980
9074001753
9400771818
9744502509
9747177827
9946828778
6238416613
6238478094
6282521390
6282993115
7025766779
7034622531
7306203380
7907326198
8078206009
8086527577
8089682866
8156832303
8281430557
8301051566
8590252927
8590976726
8590978726
8593866962
8606024378
8921115993
8943854761
9061289078
9061357523
9061357713
9061742901
9400233919
9400850199
9446520841
9447336127
9447347673
9447546453
9495846696
9496659563
9497079811
9526796002
9539067290
9562104250
9562113253
9567426350
9605025037
9605116785
9605548771
9633408589
9655656305
9656656305
9656927636
9744248261
9744502242
9744690835
9747431433
9747807857
9778440457
9778785491
9797079811
9847409042
9946002310
9947160855
9947935966
9961991158
8075407361
8590889168
8714485584
9349149139
9495745584
9747762734
6282292477
7025372086
7306263640
7510973569
7592823458
7593962558
7902989291
7907342763
7907835193
7994604710
8078974833
8086479841
8129092141
8590417086
8606463528
8606798882
8848465809
8921490755
8921635500
8921887277
9037619305
9048004694
9074339639
9387423925
9496673768
9497085514
9526653580
9544392536
9544822063
9605600689
9633359385
9645582235
9656620117
9744863627
9744914627
9745672881
9846975694
9847172813
9946924854
9947224030
9961261284
9961309387
6282485054
7025030112
7356711536
7558985212
8075160071
8590018665
9074685353
9207613044
9633759185
9656431043
9745288767
9745291536
9747371951
9961035969
9961803759
6235109656
6235150461
6235204998
6238556893
6238982701
6282491628
7012267416
7012636839
7012808643
7025240228
7306173982
7356575526
7356788465
7510305248
7510376319
7510854485
7510879311
7560969490
7736790168
7902357021
7902370350
7907092682
7907359975
7907739728
8075017503
8075023559
8078205735
8086919797
8157902088
8545409782
8547120065
8547665371
8590203527
8590412012
8590577974
8590813938
8592804849
8606366253
8606735382
8848053890
8921725754
8921889369
8943773320
9061587520
9061687028
9061789372
9072190124
9142202040
9207928315
9400375978
9444752500
9446560801
9446588272
9446605182
9446605760
9446607731
9446607958
9446608889
9446611954
9446611984
9446612893
9446632728
9446651924
9446666356
9447517816
9497088621
9526026818
9526679520
9539472127
9544475767
9544752500
9562046125
9562125302
9562131409
9562560898
9562745414
9605289309
9605289551
9656573475
9656595495
9656606883
9656995401
9744806368
9745654263
9747249963
9778100829
9778161119
9847063355
9847181445
9847392441
9847480967
9847681109
9946827654
9947952903
9961164645
9961621796
9995742734
9995811946
6282863914
7907097435
8547106000
9447977703
9747198031
7306377657
7356145353
7356380791
7510396191
7510507360
7558930280
7736702835
7994970272
8075007135
8075391260
8089922511
8113998330
8138097269
8157884059
8547555667
8606596931
8848394970
8921044885
8921052461
8921934570
9061611504
9061820286
9188863905
9188875155
9207098127
9446452955
9495531819
9526648031
9526904126
9567633164
9567947158
9605886580
9645287312
9656672458
9744803835
9745139445
9946430063
9947935256
8848078923
9446880179
9744861487
9846935610
6238473506
6238777273
6282891127
7012126080
7025598386
7025786598
7306350467
7306652563
7656989754
8593803699
8848233531
9048328353
9072925801
9074137931
9074184983
9074187316
9539091357
9562543817
9605139910
9605281435
9633694950
9645365406
9656867250
9744220864
9744282282
9745868556
9747843647
9847561658
9946224065
9947134992
9947176756
9947875039
9961382163
9961504710
9961589862
9995805608
6238275131
8281711273
8590940728
9656498771
9746811947
9778210940
9778725497
9947381502
9207154273
9447381385
9447436610
9947393099
8156804018
9746690932
9747763114
9747789584
9961881729
9446891868
9447772524
9645879868
7994362214
8547816448
9495259557
9495306757
8590472072
9562241235
9645785572
6235119442
6235143464
6238539833
6282977106
7025191751
7025371347
7034644810
7306996569
7736293019
7902615603
7907032956
7994289342
8075609571
8075634445
8075900143
8078947016
8086904222
8129865418
8139834422
8156983729
8606027951
8714069727
8848203179
8848668463
8891429974
9061639942
9061938870
9188396921
9207143427
9447994114
9567944311
9605300047
9633124279
9633141163
9744914582
9745892064
9847093790
9847653564
9895250271
9895934204
9946386479
9946848563
9947924270
6282182533
7025262781
7736621737
8590388914
9306636909
9562773188
9605238751
9645071474
9715213472
9947343896
6235557400
6238034245
6238699408
6238704128
6282135328
6282521547
6282761872
6282894551
6379372646
7012429696
7012508071
7025662265
7025700550
7025730325
7306098380
7306190117
7306731498
7306813451
7306860727
7306874775
7306878731
7510460473
7510611644
7510674775
7559951979
7594994959
7736993205
7902366063
7902410529
7907693007
7907940132
7909183035
8075004576
8075570729
8075880204
8078080891
8078794514
8078868134
8086652843
8157069179
8330047489
8547610169
8547963301
8590129987
8590629960
8590687964
8590858319
8848589420
8848607372
8893556814
8943308313
8943497101
9048196426
9074993774
9207842192
9446775425
9446800903
9497402693
9497746188
9497806792
9526017630
9526128799
9526808843
9544096017
9544217332
9544868464
9562054431
9562074336
9562267583
9562769334
9567248404
9605074641
9605284578
9605292813
9605330325
9633541972
9645522677
9645737572
9744092943
9745460812
9745843192
9745995726
9746696011
9747056530
9747178687
9747380465
9747490558
9747518653
9778091052
9778220929
9778222741
9778367039
9778535528
9809208013
9846626978
9847849645
9847900501
9895050742
9895510350
9895848290
9946210842
9946389252
9947417617
9961112351
9961541478
9961902661
9995985353
9048133848
9946610714
7902831525
6282808265
7510646958
8590705679
9061462532
9447952212
9526164229
9544752143
9562058565
9744737536
9746667794
9847494078
9895583799
6235010598
6235256717
6235369878
6235691383
6235781571
6235984742
6238037997
6238055324
6238154560
6238336038
6238467581
6238691101
6282224246
6282558543
6282910792
6282932674
6282977064
7012037579
7012295386
7012711082
7025368579
7025525458
7025935746
7034162073
7034637017
7034958409
7356106310
7356822022
7356955340
7510550350
7510568348
7510888356
7511104875
7558832295
7559874855
7559920112
7560906463
7593020412
7593808128
7593903830
7736739795
7902389649
7902414315
7907237604
7907854511
7907881584
7907997931
8075236448
8086170030
8086180535
8129143662
8129727318
8129877894
8129907226
8137062040
8139812719
8156807837
8156828451
8157064714
8157098682
8281090581
8281107784
8281695578
8289904381
8289913670
8289938527
8301077472
8304038701
8547122575
8547238250
8547940504
8590147959
8590266987
8590291387
8590332866
8590360866
8590858060
8590999758
8592915921
8592959569
8606217954
8606331774
8606346628
8606644824
8714724723
8848017537
8848491371
8848574184
8848968453
8848982455
8921620349
8921717778
8943182034
8943205296
8943406289
8943545740
8943708195
9037419187
9048541075
9061305314
9061643741
9072179466
9072284147
9074960254
9207046023
9207078311
9207383682
9207785721
9207798561
9207998532
9446884373
9447081427
9447354375
9447422368
9447546319
9495783761
9495954672
9496893383
9497361521
9497876573
9526089163
9526106304
9526156673
9526236727
9526277487
9526360928
9526449791
9526734976
9539580549
9562025957
9562371208
9562808464
9562918447
9567073057
9567085405
9567141956
9567158427
9567246837
9567432378
9567798368
9605197838
9605293091
9605719997
9605805498
9605805689
9605953044
9633017002
9633116880
9633395362
9633640570
9633703078
9633811205
9633956312
9645254609
9645320274
9645625349
9655668882
9656076625
9656664901
9744138012
9744612957
9744828896
9744858445
9745067597
9745242241
9745308333
9745679209
9745956168
9746438271
9746638512
9746848534
9747468731
9747600579
9747813119
9747937676
9778009032
9778103520
9778230174
9778390883
9809111602
9846301444
9846482184
9846827606
9847080803
9847840960
9895995899
9946056322
9946289080
9946941273
9947170904
9947588533
9947588534
9961006967
9961455654
9961499875
9961788936
6282063024
8113851295
8606303157
8606472347
8921065879
9544821295
9605587784
9746472347
9746729950
9847698067
9947268663
6235019476
6235482681
6238992970
7012216213
7025423047
7306162798
7306768432
7510451464
7558927577
7559012110
7592939692
7736527893
7736659929
7736673195
7907685626
7994678751
8075186078
8089451139
8138815596
8330862465
8547265817
8547362537
8547836752
8590420369
8848802150
8921197694
9048212999
9446545271
9446954061
9497486351
9539040124
9562092465
9747351947
7306184035
9605185120
6238775338
9544442849
9562826864
9645243206
8921691753
9562141902
9744971088
8606395351
9747177911
7994764607
9526834578
6238256252
6238427584
8078191142
8593941042
9048661108
9447296858
9539867131
9747345904
9747590107
6235795432
6238022388
6238030887
6238252267
6282009727
6282265196
6282516667
6282516675
6282876125
6282931504
7012028963
7025066490
7025162432
7025378344
7025572446
7025829453
7025931756
7034315021
7034811296
7034811300
7293888648
7306237651
7306723337
7306935273
7356487296
7510172504
7510308376
7510308648
7510461449
7511104385
7559978173
7736729432
7902387227
7902658922
7907317205
7907752135
7907926246
7909163283
7994202263
7994841862
8075006331
8075395209
8075674800
8075726234
8086009429
8086666835
8089009961
8089576304
8111948307
8129678887
8129913644
8138093321
8156810834
8157891677
8281221419
8281345630
8281549794
8281689890
8289818761
8301024417
8547286457
8547915917
8589809859
8590390037
8590408832
8590804929
8606722753
8606932532
8848336221
8848527276
8848996541
8921013002
8921609474
8943392556
8989576304
9037055547
9037247623
9048166907
9048431995
9048528615
9048792746
9048964742
9048968398
9048981159
9061443395
9061646408
9061897605
9061917851
9074070340
9074221785
9074255238
9086511317
9188630894
9207273043
9207324213
9207392909
9207525091
9207823536
9207936753
9207972918
9446376396
9447110179
9447343956
9447343963
9495076651
9497618528
9526025789
9526286056
9526298251
9526523376
9526532376
9526684484
9539432439
9544160462
9544419786
9544419788
9544419792
9544812986
9562076395
9562199725
9562592398
9562620141
9562670842
9562873033
9567086243
9605222379
9605231958
9605231961
9605331961
9605501386
9605516045
9605868172
9605933119
9605933121
9633378555
9645164025
9645287245
9645314760
9645782959
9645885107
9656234383
9656243383
9656501459
9656838513
9656844842
9656917123
9744220638
9744540916
9744660826
9744765676
9745378921
9745420373
9745850134
9746046490
9746135243
9746311923
9747590255
9846105195
9846105198
9846197986
9846200440
9847010968
9847413465
9847660799
9847875385
9847983134
9895922313
9946634439
9947135328
9947391719
9947621161
9947668773
9961439460
9961439466
9961604260
9961710651
9995255484
9995943706
9846517747
9633833423
9715057277
7561061051
9947708574
9846772416
9544377791
7593858225
9074822911
9539983255
8281185607
9072904952
9495053452
9645800307
7559925293
8086452930
8547244570
9961047236
9946776802
9961584832
9446120312
9495515302
7560931026
9497122963
8848187648
7994545452
9447622960
9961525020
9961532022
7034112799
8078354511
8590565878
8848051135
9446570051
9539189508
9496442305
9895417613
9744987240
7594075504
8921520358
7907912297
9746154142
8606152113
9946807735
8157935345
9072072521
8593931909
8139898945
8943014465
9995110344
9747421979
9048739313
8547286376
9526811074
9633044306
7902481269
9496703137
9656948368
9947125810
9738912371
9746335620
9846603941
8078172523
7025963606
9847832945
9946703697
9072138658
9562171064
8848272187
9447874024
9496850715
9544501522
7306516990
9539012146
9496058626
9947355012
8248366184
9349814193
9539304513
9447709435
9847887746
9645945954
9745799657
9447812709
9562873490
9048375490
8281608293
9447178376
8921290503
6282534452
9037937478
9961194727
7034362545
9746701521
9400294146
9715432448
9539712793
9947427755
6507876797
9947196169
9745460848
9744939961
9447604705
9895353531
9846881842
9847909365
8590126517
9037465086
6235183579
9995531070
8138008802
9446312358
9562994087
9656449826
9746662317
9447773042
9961706990
9747236047
9048503144
9061592026
9048304428
971547440734
971503789783
971505715369
9048237044
966500265352
919744574075
966553971438
966563258589
966531839707
6238908788
966593114514
971556273798
7259972363
9620958572
8660202361
9019425964
9035267376
9611666339
7558821126
6282980541
9947542630
8078080535
9562286060
97455824472
97474031978
6202819033
9430951900
97455363277
97455397620
7204543945
9632959499
6304961066
97450242552
97433573687
97466139043
971504278356
971556707049
7598662150
971505411270
971509811830
971527047041
971559690369
971501585611
971504398814
971566805419
9633616966
8075793843
971507395254
971557803265
9526664004
9745550723
971557431942
971589362384
97433121646
97455375699
97470137653
919497000611
971509306698
971508533288
918075509707
966537263781
918943304861
966500731860
966562934738
966569709048
9539539877
966507032167
966530381236
966534431372
966535806894
966551108314
7994247910
8304884437
971556072390
8277051513
9110856374
9448673885
9480634415
9902228482
7976440508
8005621589
9605768130
8553157059
9448561726
9449357629
8828268598
8903686397
9741305153
9901913613
9868763265
9911013789
97433139647
97433417855
97433446267
97450130352
97450187922
97455940818
97466278066
97466784038
97477712346
971586242572
966535873676
966537141859
966576481545
7736654698
966501543447
966552893268
918943555543
9095014024
9445950406
971502399863
971543143595
971508812104
971529996392
971502679035
971565410216
97455452872
9048007480
97433813534
971504671684
971508293344
971553858985
971557052241
9448465531
9483952011
8089006910
9037500858
971503121428
97334008790
971558908024
9714566412657
971505368121
971508703996
971529059916
971543228986
971561361619
971561651844
971563515501
971509481269
8590981865
97339064163
97366346655
97366359395
919207563807
971504047511
971506115289
971509123213
971521105571
971522974975
971528891922
971547844039
971552360011
971552686907
971553532487
971555850214
919061188424
9846212053
971521189466
971526650414
971558188003
966506917332

