MOBILE NO
9495617530
8281837471
9633149352
8086397801
7909203974
9496689240
8590867089
9074445487
9544444434
9400522203
9605947705
8978696295
7736633698
9497303961
8095206224
9496724042
507955271
7994368196
8867408118
96597293734
7907263890
9061058858
9387434344
8129657160
9910633773
9884518099
8075312288
8660015783
8547867912
9074697706
8422074325
9072870677
7907926293
7012282894
9496410350
9061817588
8891236801
8078231369
9567046681
9495628026
9496409131
7561084759
9886059428
9207139273
7012365065
9445005119
9847230052
9961809509
9048092326
8075546747
8129550844
9061351665
8606125610
9400652900
7907492753
9941982202
9048227221
8137993192
9946830751
9656977073
7012408156
7034559414
8301041805
9846550745
9446578652
7306388821
8304018843
9846141272
9497824530
9946527844
9539213311
9845388703
8129620830
9188174995
9446203624
9074361507
9745382382
9447666216
8921586746
9495236104
9846907515
8075986233
6238188076
9538965946
9400026555
9496227183
9495890541
9496181146
8075525486
9846433337
9037694776
9421597611
8547856974
7510372973
9495573205
7306715125
8880368729
9645569644
8304022508
9496252625
8138850791
9778529346
9495890568
9497637344
8903576353
9846071719
9611420391
8301954485
9526601221
9656655783
7559078012
9349136510
9497154642
9249738130
9747002471
8157948505
8592892381
9846441220
9946677313
8921275698
9789081107
9847237210
9496865658
9495047376
9497349095
8547495501
9846049953
9400541516
9496530044
7025641983
9945274172
7012333193
9895033753
9645373971
9744304900
9778515536
8714580173
9.67E+11
7306273299
9539424003
9902181572
8590344461
9496751352
9495633248
9400981527
7306091771
9846610890
8075196971
7909215241
8086086501
9495981722
9446481398
8794157643
9895129085
7012386853
9480474766
9446485668
7736626625
7907383316
9496562751
8590334490
9048080591
6282401005
8156859194
8281884520
9562814266
9995348838
7736567487
9895755886
9847643403
9037213251
9945815429
9446597725
9074769315
9448481421
8129993590
9968254215
9446064344
7034173272
8547252890
9495951601
8296731196
8089217934
9495593137
9539264904
9383442206
9961733441
8281254974
9645569995
8136965260
8289950976
9947424251
7909296533
9.67E+11
9847207720
8078184791
9.67E+11
9448177967
9447337453
9497786136
8129233577
9446032591
9633394402
9446758111
9847849222
8891222991
9895138885
9947449742
9495430859
9946822230
97336052643
9645232727
9847371626
6282816609
8281059538
9744152177
9487118118
7306860499
9847724905
9895509714
8547140401
6238728007
8310869131
9895061676
8590301548
9544764185
6238013484
96565519210
8590071897
9995976729
9947236747
8129401094
8075309065
7736353433
8921170815
6235445527
9778487011
9544641806
9895741211
9745262060
9037738084
9400050468
8921577100
9446590696
9446720114
9061532615
9074331681
9995171426
9902523190
8075159924
9846169139
8089389834
9895755266
9995372273
9074517875
8606828169
9544652089
7560985635
97336379791
8547000321
9349495050
8943159997
9562593147
7736498121
9946474446
9740142926
9447254177
8547759382
8281259957
7204770115
6238925409
9495308102
8891090528
8454866962
8075842227
9526204178
7034510040
9074674344
9566290038
9188045866
8281406389
9847742808
8848763503
8921935080
6238946163
9249409054
8089993836
9961220629
8590779773
8075293006
8590825697
9037580480
7025319738
8714078704
7406592350
9947876859
8547722527
9400326517
9745950076
9895845342
9933217399
6303330886
9995220004
9847569890
8606733121
9947165237
7306464691
9744419989
7356637234
8606473250
9447280019
9645708859
9895080623
7902657269
9961251701
9288163360
7902424588
7306969952
9447552870
7012947482
9961705611
9567761647
7994582883
8848179914
9496169222
8904303174
8606221780
9037197977
7909291904
7558020446
9495220790
8606125355
8590581792
7902987125
9847028407
9629456790
8891601978
9747214527
9074382677
7907401115
9447025083
7994263268
9895996756
9496592281
9544686710
9447080016
8281130551
9447803646
9388817662
8086514537
8075504560
8921105520
9747019507
9448204884
7907751216
7907042182
9074339553
9847233729
9480821892
6282660830
8281130466
7012069168
8892927228
8792031541
9446876796
7034157341
9567859165
9497570737
9846144253
7619373707
9947501068
8075749533
9400125051
9946022051
8921266996
8848515397
9496290952
9526625164
9447948006
6238460120
9447058706
9446492609
9400441150
8075357657
7034373408
8590199082
8281735296
8848967490
9.67E+11
9447969068
8089549729
9645597714
8129855223
9496587770
9778759381
9645393775
9496494238
6238506757
9497429497
9495963588
9495673838
7012553920
9446744890
8157838661
9986204741
9449728522
9526800493
9895406756
7735272802
8714455274
9895993485
7994625664
8590941448
9869798290
7838620957
9946058991
9995304497
9686299600
7736154320
8086754155
8129348047
8891634219
9074022272
8075502197
9995137660
9496735064
9605911451
9400928181
9544396234
9961491835
9995087896
9447337501
8590449631
8921038823
6282035677
9895040831
9500084559
9656183035
9037063372
8921756926
8848901280
9946601305
8078597433
9895701152
9037271154
9400503730
9539238200
9387752009
6238008139
9495518466
9895234635
7907876490
9447082978
8891066572
9895981133
9446795639
8129831010
8750076773
9778483824
8921899780
7592954735
9447940740
9497467756
9526607083
9400391722
9447716061
9496705484
8129351266
9946395600
9747447628
6282246656
9747200353
7090096946
9561285581
8281864403
9446855050
7012535009
9645900095
9400055836
9526427671
9446595489
8281489623
7025210026
9447130373
9400319532
8921305880
9207541554
9447214984
9745609151
8547372558
9447489983
9995337189
7356934660
7356517909
9544318243
6282253561
9846407720
9633015096
9207473041
9544795850
7356639629
9496871900
9746524060
9164487071
8590656308
9744198467
9061945943
9947609043
9526612354
8590034638
9746556404
8301086599
9037774190
9447643984
7907094641
7012738428
9995963331
9895069353
502202837
9895399110
9188375239
8660917116
8891406885
9113853744
9496038812
7306357558
9497619051
9746558368
9446235283
9496727227
9600320248
9895341586
9995949144
9446054120
8921426788
9496721496
9746369850
7034090340
9544609504
7510103623
9645454571
9446323559
7012879404
9447383874
9947597994
9778021320
9074626095
9645230692
9895609778
6235433798
9188566728
7356255997
9447622982
9995484535
7510647328
9447803488
9847023725
7025555159
9480694242
9946678748
8589036938
9946639802
9188471605
9562352480
9947154020
7736563315
9207307899
8590811906
8590403196
9481281053
8606250628
9633291992
9072852974
9947938643
9567766021
8157991320
9497660605
8078337541
9995080823
7907683455
9778230590
9847010144
9037030547
9847946731
7994535095
9495876746
7306036204
9961758722
8921108766
8129189387
9544409742
9562316791
9845634942
8893077993
8920858134
9447557499
9447717392
9074041312
9447560716
9188238587
9207374236
9074650697
9434265479
8590487822
8129854069
9495501231
7994860472
8129917882
8129869300
9745167438
9840967311
6238788112
9746299222
8590752245
9447829302
7907099603
9061904789
9495488735
9847497022
9447684346
6282727650
9072425938
9633024520
9074592928
9886784981
9947740778
9745204587
9947740778
9061602112
6282073535
8606783984
8939996400
8547947257
9790983961
8086892761
8848309646
9946637491
9633473861
9400611666
8129586415
8111816325
9008767116
9447002280
6360352445
9495443607
9567510570
9447051051
7306902804
7510338610
8891864431
9900124091
7012202003
7012128260
9446630434
8891188114
9747214527
9497865583
9746122453
8590438646
8129999673
8089285800
9496290025
8281325604
9497387715
9645212502
9497803218
9562713212
7356480365
8606560054
8848126907
8301956605
8089057301
8943395978
9061740269
8089251980
9846542943
9497096600
8089023753
9048900444
8921244090
9497628412
9061927569
7593912319
9446433283
8943885246
9495921110
9488624876
9995832630
9544133447
9446477042
9495043062
9995264998
9447442771
9495389586
7411273133
9048059982
9605913300
8075320053
8590761687
8590522049
9539255445
9388452461
9495541375
9846728443
9778439296
7736611863
8606535118
9447737116
8129807403
9447442771
9188135572
9513736556
7909246586
9847322233
9446864303
9495872200
8129999122
9895270934
9745067804
9448999748
9072613547
9446218137
9447049306
6235307291
9447762460
8075842227
9446580951
6238467581
8281215186
9495124214
9446325055
9446111830
7736301914
6006136863
9495694180
8281461668
8304028174
9497531596
9645677989
9656095145
8330860446
7907794995
7736701222
9446312011
9497592704
7902751887
582181520
7012686642
9778507742
6238347698
7356826456
9446425170
8304987556
9447789167
9895904806
9447421195
9497529539
9895162919
8943562094
9633973439
7736971199
9447545476
9496715656
9446655026
9740478156
9447943328
8547282285
9074731003
9037210080
9567790078
9037316592
7306346139
8590205618
7907586381
6235131091
7012891845
9061495085
9188575342
9495824323
9495855424
9074979404
9447674659
9446116949
9447291942
8547620753
8281779419
8086191242
9188008847
9447863304
8606414589
9495184890
9495848193
9946450329
8078790683
9497686630
8157820994
9742659495
9037551102
7025133129
8943430577
8590686735
9537021063
7306447139
9497350347
9995848805
6235302642
9562040277
9605554398
9207244422
8848671207
9447217120
8281016647
8304932023
8317436194
9745797718
6282794883
9567717440
8848422704
9074665304
9481560439
8921180305
9746323324
8086610066
8075101602
9400699609
9544068479
9037005662
9497531139
9995705713
8075151524
8075151524
7019360727
9447709224
9895493352
8921044604
8547828248
8139867176
8848629369
9447858637
6238988808
9847742808
8086826674
9846131131
8289956240
8078299049
9188375239
9495385935
9895200529
9446222159
9061714601
7025360282
8547876605
7034095274
9446635050
8075540634
7306619945
9447471025
9447273140
9946089052
9846431884
9037979102
9846066503
9207484118
8086275638
9447388876
9731493028
7994217871
7306526411
9778353276
9349377717
8547596142
9995265148
9446066922
7561011121
6282829442
9496516788
7506111590
9745920132
9846004451
9448357011
9847555329
9739116643
8606072999
9778415095
9633778857
9567025747
8921935195
7975273285
9495620305
8590504948
8086157022
9.67E+11
9526199559
8129828503
9539964251
9447959894
9526960082
9207507530
9446297919
9946116962
8893433727
9447923365
9744152177
9544850501
9061773635
9496280338
9995137395
8547278912
9061987910
9448219870
8848058095
9400638893
7676809420
8157845193
9446460448
9846947069
9400538143
9446583730
7306913477
7907240957
9747089081
9446101101
7907833138
8113806683
9995103474
9446973253
8086842627
9633911122
9447780100
8943691691
7356956035
8589862838
7287918290
8208098253
9847299151
7012475738
7560967926
9674228156
9497301031
9995268578
9744000975
8113843888
8589034633
9539092704
9605020500
6238369614
9618275050
9072594047
9446538294
9447619433
8281071966
8089258983
9947604820
9645733660
7994766610
8970879876
7907759181
9447784616
9061669307
9744502306
7025869533
9567678467
9446117199
9946856999
7558036658
9496155686
9746375453
8089178105
9605206541
8592940461
9846313080
9745780980
9496151810
8089724036
6282263762
9947459985
7736499986
9495112790
96565860239
9947130609
9744111458
8547962232
9778545201
7907635751
9567531084
8943986987
9446563651
9746451476
9497205961
8156882006
9446214942
9448083889
9037568304
9744138529
9426416051
9447182743
7025524322
9895329504
9349619745
9446051438
7400192416
9995566840
9188351466
9895230698
9731401344
6238327024
9789679600
9539211310
9446358724
9074561278
9526950945
9447326742
9447283890
8111854330
7510965538
9446422163
8921374743
8590188381
7994454477
7025660766
9846161829
9447160510
9961854386
9496243767
9739977825
9944444211
8590776933
9880656980
8138072502
9447857838
8086597615
8129628112
7736011826
8590466874
9746063773
9495018987
9745205365
9037041593
7902287397
9847246662
9495088168
9544612450
7559909346
9037970007
8075519738
7907924892
8606525814
9846626282
9895448002
9946695319
7034492728
9447884843
7012860098
6282054254
8281838362
9495605012
6235057887
9496134824
8078945242
6238060056
9188414616
8500199957
9446694913
9447421962
9746593308
9895937720
9539827505
8590454540
9446947101
9544638981
9605391305
9746144422
9746199922
9645062873
6238933070
9447450530
8921661732
9895149066
9496636187
9567112952
9746083816
9778176980
9447390445
6238677847
7907141109
9747532475
9480358246
9061484284
8089577692
8301836597
9995715907
9526540869
8590698204
9446640217
7558064841
9645383484
9747721003
9037348919
8891539753
9400117196
9844282623
7356856404
9847507863
9496130764
8714281211
6238396861
9901442258
9288110353
8590527877
9447866285
7356166598
9995983075
9847109200
9495242924
9446569975
9656713227
7022227916
8606317050
9496888464
9645826447
9495753002
8075187974
8592098592
9380098317
8125625707
8848148447
9742289770
9745997271
9746616696
9947860061
8281678581
9844358434
9633353396
9847717443
9745270726
9349158998
6238177620
8848871232
9400817605
9567175753
9072986252
9447701231
9544715390
8606571185
9446984955
9633429778
8281224619
9747818507
9349521470
9847144204
8138845612
6363661091
7592039087
9495997035
9037563940
9946662784
9449849737
9037577974
8921176751
8147122451
9037577974
6385131864
7356996109
9846025611
9447854966
9072002025
8590988941
7558882223
8714825174
7025248913
6282387627
9633212700
7736799875
9497761097
8289814465
9496155450
8281780375
9840003344
9496437818
7025451091
8590442051
9074296794
7593919473
9633535986
9846245000
6238324176
9645848343
9482231501
9495951155
6238699582
9961598967
9288451597
7559952531
8139855444
7012096916
9995596922
9447191026
8840890631
9605269125
7306748966
9605296429
8714824205
8962107223
9449227226
9497264021
9037081160
9447893242
7025645225
9961262735
9846575036
8848161380
9539373692
7736172706
9846076717
8527103259
7306523779
9423832104
9074542371
9947355938
9947876884
6238218266
9895077440
8848361584
6238100183
9895886188
7902547032
7025306842
9895864100
9947467152
9447208062
8891736343
9995301224
9567325591
9895736763
9961303044
7907935756
9.19E+11
8848935939
9188312665
9509175675
9847002672
9739453236
8590492130
9496086269
8281144939
9495089127
8547435352
8590404539
9947523810
7306961522
9535910469
8078207052
9562093232
9400763285
9536013711
9446334500
9061309947
8547014022
9645404853
8281043682
9481782634
9843779629
9946417390
9778702250
8137836922
9739366882
9446032795
7907251315
9497783643
9388553546
7356073883
8590182276
9746809545
9061537808
9995774636
9605644396
8547331810
8848480798
9846330923
8590150997
8660541653
8921777978
9495442846
9188303978
9544332959
9446575851
8075296159
9449819228
9447733249
7339457035
9446064043
9496060726
9656152501
9656903120
7034582822
9846087775
7511171000
8281954992
9778201980
7560883606
9061613341
9745520098
8590077390
7892797311
9747351791
8891570325
9447300027
8050756282
9481413033
9150497227
8281180665
9895144494
9744646687
9486437609
9880349075
9846817255
9746360437
9495080703
9447491283
9061253341
9846344309
9946881848
8129855039
9746127143
8590095902
9645761627
6282548655
9497083818
9539433933
7025229443
9947684009
96599452683
9731442266
7356309197
7012615387
8590326231
8848195842
9591670779
9447687793
9446842222
9074207018
9497021881
9447696526
9847110815
9074179288
8606121315
8943428936
7012226432
9731996908
8277022620
9400610972
6301448363
7736249923
9946781760
8547488009
8921410409
8330831760
9870503468
9447702113
9526253535
9895249409
9037363943
8590383388
9656353232
8277547825
9495838678
9495723693
6282366058
9846539571
7356411846
9448571695
9645452263
9656114234
9400212030
9961050700
9847366694
8848077058
9980179059
8301929334
9480372452
8086319870
8289886210
6363002342
9074100213
9496963642
9526129355
9.67E+11
9567825214
7338077911
7012451162
8281339970
9400505805
9567969795
9446190833
8606775213
9633929209
9995876379
8089108517
7902791434
8310034049
9744798251
8848948710
9895242184
9446991396
8281744455
7356973784
9188660832
9786600661
8714426727
9495417832
9961453630
7510276390
9495923257
9400335082
8891669772
9496495729
6238899387
9823120179
7736634063
9778025298
8289972996
7356458042
7034122165
9745400835
9605701665
9746690855
8848782571
7012878437
9380680969
7560865266
8547244959
9496247227
9495406569
9620115359
9495728899
8147635150
541921736
9526647102
9447615826
8921723517
9946105168
6238612338
8606291904
9947122187
9898958507
8660785304
9446830313
8281035941
9744474235
9496138369
8547216522
9495476372
9447388270
9526066006
9447066407
9383491141
9446572285
9946564022
8156991989
8547559826
8156888474
8921522318
8075369049
9995263380
7559896997
9605870861
9895791919
9447284698
8086376345
9061702325
7034527358
9495444974
9048550702
9656060665
9495666067
9539381441
9008001873
9778322378
7025127046
9961846364
7306934743
7259550151
9605758090
8089075447
8848009376
9497039900
9388600066
9995041775
97333337598
9446293366
8547778334
9447654287
7510723625
97455543370
7902765563
9495391879
7907388049
9745659080
6238076318
8281458218
9061800427
9.67E+11
7019961322
9995441951
8943445039
9037235348
9048665286
8848632807
9847239797
7902282717
8289834485
9481776316
9447665879
9745556838
9544886277
7907717128
9539919577
9400854963
9544569062
9495319548
9495938357
6235272477
8248119737
9495648199
9497320007
7411442079
8891048727
8105008605
9497775295
9746100083
96566352405
7306091495
9343992694
9495074144
9074628040
9447593196
9481193966
8281506811
9446019605
9773567529
8078510580
9074507749
7620530645
9995166342
9746307824
8589005792
9446210744
9446306497
9446567300
7012017393
9061489062
9496347829
7306353799
7907674091
9818330460
8891550562
7012292734
9447201370
9846456887
9895308912
9961421011
8111855172
9923101395
9895040000
8547566720
8891525688
9947358642
7306001998
6238579619
7483812767
9947777703
9895266009
9446004627
9400648262
9895245542
9447102968
7510545883
7994421834
8714778923
9447291449
9188471639
8590281254
9188262721
9526099999
9902937373
9746564421
7397887715
9567381719
9633862266
8330822924
9656299223
9995949160
7902985655
8714403094
7593007360
9446743183
8086013227
8547025222
9591926006
9946358543
6235388657
9995118977
9074041240
6235561448
8086870228
9539448362
9895295830
9495268753
9400052227
9544397616
9495996036
9449991794
9400132242
9446022677
8281635983
9497871467
8594017079
6238985775
9447954434
9497010674
8590987931
7561017873
9526226143
9447284644
7561869844
7561017873
9447888921
9400919366
7025296045
9567012497
9526972758
9447654739
9048593898
8590540204
9188062366
9495368939
8281490049
8590454916
9895874216
9495287288
6282776442
9496493317
9446315659
7034645951
9446041000
6238325805
9778579068
7593005975
9961038462
9496323767
9656265322
9449480803
9747543103
9605758090
9446654590
9895093119
8714478002
9495069435
9447747488
8921156606
9447717090
8762114883
7259029678
7907117600
8089490129
9746066243
8590646944
9495230319
7736742023
9947104410
9474211945
8075777821
9449394242
9188745708
8606215430
9495821488
8593909248
9495400744
9633209465
9495926201
8590676882
8078537146
9633054497
9745307397
9496211508
9847900431
7592902377
9745150877
9495190488
8606674490
9048427027
9809546570
9037331890
9495983358
8921527484
7025419846
9447420134
8289881628
7356128706
9496780710
8590312957
9995512369
9446081935
9496168216
8921698207
7907843787
7356054068
9447571277
9947325244
9188477176
9846731084
9947176373
9037816301
7736571140
9446730130
7012502760
9947483415
8157891314
6282871010
9947492258
9846116198
8078105617
9447000618
7736587806
8593011626
8289954907
97334571139
8431605573
7034801272
8590413287
9778388489
9447464399
8848064717
8075473865
9447412501
9844570336
7356324794
9495760896
9778781179
9946766456
8075496652
9961123223
7560961399
8113057582
9895639530
9746674413
9496189973
9495240736
8547169314
9446782514
9020441633
8304848286
7356099966
8921683658
9496322647
7994172750
9447370137
9847405735
8891044755
8075844593
9846530310
9447553748
8606589720
6238178367
8739824632
8547222720
9343515258
9844302290
9895510056
9496236049
9495503166
7559832330
8281923891
7994325355
9847067845
9037635561
9446871772
7306396943
9633366670
8129525550
8281933609
8921289382
9061349596
7012144872
9946662209
9947772664
9495368340
7353842345
9947413063
9446312049
9495287035
9847917260
9495792691
8921019090
9061819327
6282946966
9746300361
9048489007
9497143140
6388078972
7907639011
9741372239
8891250890
9446408660
8714542875
9446978357
6282246215
8848318812
8547583750
8139017183
8714534970
9946444680
9448470548
7907765274
8281747684
8606330212
8891860606
9037407267
9037235727
9446593455
9746877813
8078245223
7012394190
9446633122
9446047335
7356508720
8129513406
9656003625
8129506799
8281400657
9539495969
8075262225
9605604055
9591053670
9446010655
7012233406
7025567994
8848524429
9448158312
9447471329
8921621356
9745476832
9562544108
9072551952
9567702495
8281244000
9496168650
9947453742
7025027110
9789880807
9400330137
8078152189
9497759114
9744743062
9847748990
9447892469
8547262394
9833979089
9037454431
9448788319
8714247019
9526500841
8330032310
9633080563
9447402366
9746430832
8281089439
7511139222
7012668859
8547898184
9544087507
8089027452
9633271621
9846412915
7012724492
9961564488
7558086918
8921047733
9633278253
9446154207
8891005258
9048880600
9591802116
9995433293
8714373236
8281818290
9400982696
8606215184
9972365270
9847070650
7012068896
9895320128
6238196890
8078173052
9562065525
7736975013
9663064005
9387088046
9739017462
8078546015
9678431293
8136874859
9037398431
9847936136
8078066870
8714375401
9746433421
8592052005
9656970907
9744189700
8848800368
8281064234
9448145038
96899053063
9947985965
7306211214
9448726576
9544425115
9447177224
9995550964
9142057072
9188744089
7012073746
9446473320
9446466504
8714102290
8089300960
7306150072
9895031746
9746463375
8547653806
9446574620
9544488648
9496740651
8590673154
8129411497
9448569583
9995127943
9447338111
9446711764
8121749490
9633911656
9480342252
9037250652
8714105722
6238493463
7417575910
7034529220
9995446153
6282839352
7356325197
9447517280
8281661881
6282808068
7306831069
8330878454
9447259359
7034678785
8086248432
9846926355
9567576106
7994888845
8547294816
9447419237
9447252057
9400424928
9745910254
9747304487
9519630329
7994725253
9048400033
7306186308
9072095820
9447618370
9947244298
7012702065
7306792127
9400344712
8075937163
9946600465
9847506733
9846631783
9995540549
9495495485
9447905223
9496035189
9846575426
9037342978
7909109189
96566122204
9961894697
8714230135
8547029118
8289853130
9207924519
9847932643
9961122550
9741045153
9605946820
9961624984
9447582690
9778402090
9446353628
8089602280
9446887192
9539880873
9567023986
9446117579
9495404807
9496467587
7907919202
6238814891
6282120852
9447463103
8590025818
9496149678
7907380989
8547671156
9496106884
9947421101
9048764884
9447957874
9946490116
8281697478
8075408270
9443054447
7909230045
7736464699
7356961606
8496840121
8714274913
9480623695
9446412667
9485175853
9400464626
9495921362
9495467604
8589985401
9562233122
8667495014
9895056611
9645033400
7510828637
7306366484
8590157619
9645453233
9446514832
9495719020
8078207252
7736947208
9961093564
9916079665
7558835707
9946916769
9074489100
9686634255
9846860622
8301801592
6235702795
9567479068
9495205550
9207879394
9746203020
7204066460
7994561918
9020800008
9400306262
9847711663
7907147473
9995074986
9747435937
9074299679
8590087957
9744167450
7012512151
9048694303
9400477413
9497788398
8156804536
8764438455
8590450291
9061274458
9995023855
9567492615
9946699344
8281473231
7594986395
9495430859
9446704475
7975866247
7902480325
9496665626
97338349202
7306328664
9895312043
9349846230
8547951090
8157838046
9447256191
7559838692
9448526887
9061457433
9747918791
9847333883
8075530594
9845736139
9497246205
9496408590
8590085836
8592087106
7026344111
9447610049
9747406789
9388366066
8590782925
9747899250
9020504453
9447129947
9050853792
9567804271
7559862122
8921322101
9495044044
8714450117
8921588788
9074762394
8281336943
9495534426
7989749784
8848921114
9744443496
8589030593
9567644306
9.72E+11
7994307702
9778451669
8590977340
9447565692
9447762289
9447305388
9645734212
9895344048
9848886795
8281973833
8590856262
7020801074
9567978557
7034844828
9447145269
8593005574
8075602575
8848731078
9496769455
9074019270
8547000205
9446024448
8590440106
6362793403
9207697132
7736830057
8921127234
9388617627
9.20E+11
7012854238
9902660132
9080316457
9446230518
7907566910
9656164088
9895772487
7736221140
9847903791
9961590150
9745910106
8282821376
8156983839
9446537617
9388414820
9778138658
8606906496
8848969909
97338990554
9447957666
9495249645
9447174722
8136938937
9400983945
8129776845
8129257935
7902871827
8590722924
7349450453
8129353938
9074527478
8075945915
9447516128
7356033342
9847005050
6282376723
9446361171
8111975450
8138968240
9447500950
9947688159
9387506464
8590228062
8139061472
8848504130
9747028733
9567323162
7306171336
9495655510
8590717138
7902241020
9562304424
9778731938
9844539523
8281743220
7259341472
8304904120
9895154746
9074488142
9809122295
6282831380
9880193913
8590421283
9544997011
9497584919
6238714063
9447271947
7558908576
7594823793
7736686208
9819517502
9605302010
9446146999
9082421747
8848001907
9778058109
7510898725
9447706776
8592061566
8281526647
9497888142
9868449837
8088411970
9961819916
6238952486
8921252053
8921361651
8086996555
9496380989
9497639763
9645011325
8943197554
9400880747
7034781354
9961223340
6384156949
9605969000
9496231110
6282075837
9495386599
8089989324
8590375870
9061000147
9947008311
7012938093
9846255728
8605449446
8891657107
8848816073
9061507035
97339581337
9961856724
8891577098
9946460272
9496372800
9847274111
9746953972
9387573637
8921453912
9895096990
9446492305
8848877502
9745272600
8593927304
6282164397
9207004091
8921060205
9496229805
9567349343
9447397462
8281936172
9447832307
9961710225
9745254002
9995307790
9895771200
9497867431
8547680275
7034171467
8943664951
6282070512
9895742756
9846646246
9447053671
7090816985
7012489779
6238486564
9448124472
7034306845
9483502646
9447716614
7736875325
9449762774
7403006364
9495244175
8371800740
9037996372
9747812448
8078551758
9446892042
9037933635
8590577048
9223310383
9449477992
9495779680
9048860500
8136919001
9061214351
9048326414
9495340798
9791567771
8138844943
8848443925
7356875638
9497019079
96599618664
9495506948
8547745423
8317451493
7619101229
9986037751
9901890081
9845061582
9448244194
9900212410
9886177006
9448529434
9481214373
9740925353
9900772671
9449164893
9980610408
9448077378
9448571800
9448927566
6361693349
9420978541
9008040823
9819203889
9633423974
7975533877
9980770166
9496962393
7902201131
9481649049
9747199861
8129700391
8129611642
9995394419
9497331090
7736083379
9744248900
9072839451
9447011870
9895051234
8891187257
9048397652
97339970183
9495996351
9633111103
9061273555
9495196046
8806166335
9061655950
9496266749
9731419002
9004665872
9656811133
9972440779
9400096252
8281935238
8105476346
9448943999
9036060679
7306012531
7306993572
9947995474
9961341375
8075660508
6238333566
9895338698
8762753801
9225616232
9448253046
9895211625
9902102035
9895144498
7994360429
9.72E+11
9745184892
8921439507
9446742695
8590208139
8075809516
7994893624
8590411971
9567937830
8075865376
8590018325
9745995792
8547347539
9847682504
6282146446
8078094942
8590195419
7510381971
9447102171
9446055537
9074811129
8547238449
8590458938
9539827950
7034049049
8281324749
8086777000
9048797823
8113873245
9497464969
9746279949
9847083348
9496555685
8277121256
9846811540
9538780037
8089385063
9539701061
9446816550
8921676073
9446616449
7760894510
7907866793
9778528273
6235541984
8137899829
9166586916
9544775560
9400242795
8848589816
9495823931
8547348366
9446568966
9995257492
9446565068
8547426453
9447283119
9400243325
7994597821
9810672372
7012868780
8086334425
7619114801
9731443379
9895637889
9961931010
9633866279
7994844435
9847498478
9743487405
8660606822
9847874785
9496608792
9846157867
9745405090
8848019152
9037237619
9745684833
9895771101
6238592550
9946210739
7994701496
8281120183
9747444786
7899351275
9745479777
9946188361
9383483297
9188623612
9447040132
9846093210
9436218712
9497654985
9544344848
9495640213
9892314780
8113968248
8547926276
9400138562
9744270078
9497597540
9645376375
8075572613
9447329765
8589802792
9747199368
9961230837
8277202957
9061754094
9446510509
8157044595
9995975671
9656009696
9526097673
8547195301
9446016677
8606590831
8606531198
7907923920
9847032804
7736348128
9008977995
8606533222
9074896245
7736366969
9048057794
9526231733
9400422391
9746079266
8714243226
8714293465
9446488070
8714878829
9746290878
7306537408
9846358988
9656168896
7561049580
7034136065
9447863034
9810454516
9845408867
8089859299
9567331593
7907605727
9747614267
9400464364
9895032900
9961690184
8848661307
9946484751
8078464872
6282424263
9895909884
9037577317
9495472417
8086811685
9567274306
8129663243
9048415862
8714381113
9497674371
8921887101
9496267750
7795532108
9946000250
9946766653
8157051865
9895438192
7560922602
8943328602
9495731121
8078488572
9544462644
9495832220
9037281460
8089615112
9895140227
6235096206
8217050749
9895820782
7994417446
6238991097
8089000560
9972570507
8123115215
8891602827
9446016652
9778008949
9567408435
96899538471
9008577114
9743702003
9495465376
8848496031
9400989972
9567027667
9447364821
9074792063
8590922874
9448423280
9995774393
9962249781
8086127700
9497850773
7760570902
8075568004
9539548245
7356055765
8130520913
9400885618
9497423956
9.67E+11
9495201854
7012194410
9995157681
9747710813
9847069752
9446785499
9447955855
9496865907
8547315815
6282363968
9745046772
8281219264
8137880748
6282203155
9947062179
9447453061
7593013494
9605565790
9744507252
9847135350
9961053393
9739796390
9744360248
9446751499
8921660381
9746808620
9446831612
8075462066
8590787493
9495890892
9074010522
7829727873
9961190901
8921779544
8075945921
9995167441
7012626133
7994479244
9847592924
9447434427
9447492434
9448170323
9497770308
97334544278
9746661673
8078539472
9447162607
9744413749
9961829508
9895050098
8129123535
9446194778
6238486691
9745781300
9745005478
9741033922
9847434782
9448817930
8590782188
9353270219
9995467542
8590186913
9495964068
9446441324
8078719939
9388831816
9539007475
9207269590
9400304133
7592051975
9446504306
9745558880
9448189324
9446595689
9447916463
8075916663
9497248769
9995880907
6238111433
9108851017
9480821837
9745446314
9446284320
6282396389
9496225608
7012813812
7994178541
9446652109
9947010268
9400078618
8301974092
7012078110
8078546765
97455168364
9539897232
8078249016
9847290357
9567048104
8111835501
7012823950
7909139131
7907840310
7594838502
8086934467
8590793377
9562172057
9995269560
9842716206
9446671509
8590317307
7907217929
9446583084
7594021198
8157961062
9946806575
7559827264
9995112348
8089617694
9446438473
9846087200
8086687241
6238949419
9446443216
9015916916
9074977823
9746396024
7559841217
8949223757
8892574538
9497128564
7736153516
9539566414
8547548569
9744300881
7736566991
8589918382
9207623811
7012353880
9645341947
7356734540
9048357641
7907821139
9447529426
9480403070
8296563578
9447635363
9947638522
8547263585
7907608539
9986014946
9947209274
9846332262
8281843995
9600477434
9495442778
8301025964
8590316575
9633056682
9447060675
6238815906
9846199762
97366911311
9388774493
9567880999
9995158090
7736101864
9446974626
8129667673
7599240252
9287526282
9846371138
9048447352
97339074768
9846684200
9495446161
9544735049
8129759063
8921262141
9061188488
9747872033
9048206611
9048632189
8590840561
9961499502
7034899732
9495401910
9400127398
9072333929
7561095733
7012718648
9446335177
9847718198
9207631226
6235429380
9633448048
97339823223
9947789538
9847307560
7846880667
7907358934
9496294442
9074209948
9207198654
9037702377
9633552118
9447528212
7994676977
8289927317
9597512565
9535317679
9497461675
7907075351
9995824204
8547467415
9495880609
9496442678
8891819184
9446383356
9846258737
8431968869
7012950681
8547512284
9746388124
8590980234
7306029561
9895139840
9037706705
9447079889
9447012127
9847250550
9447248756
9074749768
9013042185
9447205968
9495310668
9846486868
8921190300
8606655943
7907114163
9895174621
9447415015
9072198608
9947462823
9995933113
7306832499
8921007901
9446285538
8086490459
6238039803
9847038297
6282727191
7034010274
9995023446
9947571184
9526081479
9611203222
7676383034
6238679877
9747001059
9895820480
9447511860
6238138364
9074783356
8281304280
9961603941
9946779672
9495796527
9539091787
9188224992
8078598281
9447102717
7902808150
8547180523
7356507774
8281277504
9446408803
8089872059
7025552723
7736100533
9847080008
8129754873
9207281610
9633354600
7306226029
7994181583
9207498005
9747092156
8089581794
9847817596
96569306610
97339762588
9995256165
8281401006
9895701209
9.72E+11
8848083249
8086867371
9544736179
6282051378
9895297567
7306905575
9778533726
9495934820
7022965639
6363393713
9846330979
9400644734
7012898834
9947292547
9495563244
9947927646
9746179988
8330086078
8078122174
8590470963
6238748342
9447169055
7012311717
9895056473
9383499927
8289911972
6238576197
9746609055
9605936709
9842098394
9207623066
8606645677
9400779754
9946766813
7994390815
9048333196
9495845531
8921482279
9656291456
9846487420
9446747496
9842109338
9447285945
8848781934
7619273451
9446724898
9847280315
9995840223
6282536916
8921672546
7902435575
9544158549
9946250334
9496968596
9745225292
9447022855
8086269887
9037590192
9495040657
9745248441
9633840167
9497620463
9633434362
9778127723
7560800100
9746458930
9846292912
9745731385
9495826641
8281954743
9567272302
7559806520
9048781692
8848182948
9846458755
9544928978
9447505271
8919833254
9447020204
7356280092
9895307184
7892963262
8088479359
8921900754
9074121004
9995495227
8129310668
8281352278
8921546755
9446907379
9447054168
9037109441
7356848715
9447491639
9074877475
7012443910
523908662
8606133773
9495892123
7846880667
6366060234
8281004046
8921090855
9497876794
7356311940
9847023200
8086912795
9497695778
6282704347
9995409567
9447603338
8921555676
8281105957
9544683251
9495565383
9946254493
9902817130
9349357613
9446248501
9562032016
9446460716
9048468836
9972848039
9744122884
9447310471
9995458939
9447969600
8921949729
9048600954
8075493776
9995019888
9995588640
9859220051
8086634605
9744120060
9447365055
9074841945
8590991273
6282289514
9747409129
9847982659
8589068099
9392626299
7012257013
7907623596
9846196135
7012510471
9946612799
8921167492
9656739493
9895016234
9.72E+11
8891562705
9847113497
9495190054
9495201723
8921813043
7034531638
9544906949
8075445094
9845074198
9495956207
9496710256
9495123618
9447011338
9539916820
8089760878
6235878337
9495041010
8138818110
8848452381
9188749420
9895213842
8921079604
8973778973
9497339180
9437024582
7356051300
9495669516
9946064927
9447891811
9400498551
6360118579
6235787719
9074408194
9946546236
9746043620
8590873363
9020446331
9495561653
8921040977
9048233619
8547488414
9496710256
9747229792
8848012027
9480689109
9072266008
8281574247
9496810341
97338844345
9496925214
9497655775
8281359484
6282824343
8848251019
7738031983
6282386294
7025982649
9605048102
8270565959
7558056774
569480694
9446676890
8547900552
9074128230
9496154003
8891728481
6282361117
9946064916
9447368127
8547125701
9446323119
8891576420
9446178414
9947288817
9400028692
9895435785
8891359830
7025543177
8113947196
9496215010
6235574654
8129603001
9480076100
9400142423
8129695069
9483519393
9686151551
8590300458
9946759421
7510292855
7994285558
9516898989
9562719030
9446662881
9447027448
9072381149
9496203037
8547805087
7736874870
6238759406
9496924960
8089563348
9739904051
8547355256
9497854604
9061753611
9243989359
9496738405
8606240941
9946847227
7736728416
9446580660
6238940254
9495832556
9447450715
9447132143
9496243149
7899404595
9895227610
9446988076
6361121097
8943935441
9900299549
9188631592
7356427640
8590301478
8281150598
9495094021
9946044802
9164149125
9496343772
6238678231
7012175692
9495723596
9446544995
9686448911
9645215423
9074451710
9959918660
8073774348
9745603022
9446568351
9188424098
9778186896
8891152046
7012859667
6238501917
9645158635
9061846166
9847043327
9747387653
7907567522
9447027099
8891782135
9446817607
8129430045
8547552972
9495549802
8590509727
9074824665
9400607599
8050644788
9048986699
8848365457
9605046176
9048094617
8089714943
9745013457
6238941295
8075798374
9037621005
9495566310
9946322954
9633535471
9633854802
9447808218
9947409327
6238373987
8281412419
9495412464
9946684025
9562298920
6238799092
7736921518
9400669238
8921900032
8590318349
9207597322
9497379944
9110666625
7306027553
7907112369
9.67E+11
9567849590
9449055630
9037606868
9037771295
9847148712
7356366065
8921747384
9074468559
7306755648
8086965544
9207309387
9037082707
9731988555
8714860969
9481581900
7561058084
9400400886
9447297529
7736478417
9539721324
7594952291
9895999916
9995800871
8943656338
8289897357
9495470914
9562634000
97450781115
9495043735
8078353410
9061342364
9447904969
9995304227
9447124045
8921474754
7012414340
9447114269
6282590145
9400712896
9447051292
9482342928
9745792808
9526498176
9447265658
9446548073
9633081237
9048913523
9188660465
9249401702
9496236307
7975774256
8075197533
9400234877
9489278486
9483642783
9995013391
7306222608
9072589278
9895141242
8891400794
8714247239
7736720853
9961319573
8089436209
9745601082
7736976572
9567150381
9495419933
9562848062
9495123102
9074688827
7736016478
9446923769
8075141309
9495688685
7560847740
9847978172
9895251920
9447311099
7591926534
9544087355
9349837368
9447307512
9961336445
9745366507
8330079601
9188018199
9448423424
9895263886
9656352328
9447973121
9845990053
9846389911
9526644644
9745645650
8848432716
9605439006
8714433450
9497781243
8220429694
9778423887
7012248738
8281612292
8089049149
9447044886
9109525857
9562182867
6282482592
9895297111
9496023456
9496404098
9446850585
9809998637
9388403707
9633159454
9656462372
7593919951
7559084564
9633696188
9447762831
9847800150
6235348034
8139844696
9745006778
9656709380
9400421301
9447217147
8921234356
7736977654
8157888297
9446967241
7907299783
7025672171
9447635211
7558000958
8660602076
9645552012
9895507247
9188390118
8129940577
9946942723
9447820016
9481577526
7012463381
9656433206
6282048368
8086957357
9446849067
7975604123
7975877203
9745758986
9746993540
9447636800
9447698919
9495551053
9495079976
8590162559
8606846285
8129731781
9846052719
7560885511
9747489230
7204478029
9778126794
9400443370
9495534195
7907429560
9446165845
8075794287
6238289510
9447992663
8547264808
9037290125
9847804853
8089011620
9744955911
9.18E+11
9074972080
7559984716
8301072801
9961570096
9388895420
9497776888
7736161484
9846603050
9074543173
9645358188
9048087934
6282381059
9526358441
9446954629
8590534378
7593965104
9995806489
9645954944
9745733360
8075634050
9074737537
7306705408
8714320977
9847618768
9111777727
9847896754
9656620522
9946009990
9496049775
7994039316
8921546947
6282509236
9633989057
9048023833
9447384883
9446100798
7034474398
9037737098
9526543171
9526190230
8111935218
9496906315
7356412455
9895763701
9495034918
9447960001
9526057282
8848215822
8547804974
7330835717
7591990015
9847353323
8547816654
6238588302
9961903621
8078892996
7907117209
8714225505
8590791247
7483102030
9447584506
9446409139
8590893195
8547277881
8606050949
9447107272
8921718125
9048209701
9846100412
7510159505
8921883117
6238135360
8754568948
6282300962
9845214765
8304917846
7012669056
9562773467
9496687677
9446952873
8590469144
8139010475
9846733062
9497017687
9605159313
7012648549
9496819444
8111946077
7510709196
9633713103
8138092008
8086583248
9847748123
9947234479
8281528055
7483237912
9847192835
8156849248
7736989129
6282881349
8547692016
9895284351
9400872585
9447543825
9448524245
8590427784
9633764341
9037770932
6282040226
8129239677
6235077086
9353892667
9188057705
9946613211
9447422201
9846216210
7259680026
9567066866
9985301666
9447959548
8971413299
6238619927
8971413299
9497620558
7907049466
9746637088
9037100181
9920672022
8547241007
9447388840
9746454806
9447892400
9747353540
7204202700
6381650347
8861448684
9747116943
7994333485
8590411065
9447127034
9778388932
9744498907
8075497130
8943133472
9400100724
8075879259
9820566259
9446135133
9074586108
9746635296
9400857497
9400791576
9961455956
9072898923
8078534579
8593094083
9987000965
9961448359
6282580867
8330030425
9447277746
9037534163
9353200252
7559097603
9567764322
9446415881
9497529419
6235884869
9846012316
7012727525
9746054158
9746183986
9496226050
9400712899
9846293929
8547261319
7902457078
9400305253
9446982104
6282334500
9946300828
8547555969
9446106144
596300335
8147430386
7034182339
8095130007
7994750440
9742157418
6366295873
7561040017
9343705574
9447028046
9048470004
9447452950
9447956919
7025159142
9019898184
8304928021
9847850948
8277341385
9900824420
9447472468
8848763503
9495982142
9496519827
9746712709
9947867535
9645529477
9633941144
9446381367
9072222221
9495172210
9947051057
7011524136
8606329526
9020077999
9447641501
9447697354
9387105549
8547894460
9446315588
8867592699
9895858398
7306488328
9632480201
9884234290
8076042929
9447972227
9744117073
8086269443
9449429440
9496994460
9241559218
9746009762
9946000083
9656021485
9846094808
9946165329
9447746086
9515266881
9605152493
9605404122
9072546288
7907788045
6282954668
8089582265
9526026092
9497099991
9489268020
9072207336
9497249923
7994073284
8086314836
8089748831
9632896086
8078554459
8547806634
8113821878
9497847778
9447477678
9048058218
9020777717
7306279389
7012992113
9995227047
9447055223
6282727354
7012786669
9544134374
7907457192
9448122248
8129481617
9567307303
9447060249
9446237584
9496659274
8078322403
9526873250
9745306014
7012667182
9061673057
7356825406
9895178418
9900230039
9446046934
9072720327
9947270360
9495759572
8056286774
8075955177
8113043334
9447364139
9995709955
7994974481
9447556336
9072489695
9946556089
9349872225
8848671992
9847380256
8078345229
9446514494
6238366612
8593055255
6379435266
9884073425
8590393964
9769488255
9447226714
9446442001
9447532423
9745766016
9778116433
9446058985
9496376127
9447552677
8848694882
8891536891
8137088823
9900557770
9495882132
8714887211
9496434091
8590877304
9995279158
9074442856
7736249902
8848878281
8089388150
9447500828
7591943934
8281538610
6282140613
9008052506
7907999728
9746034297
7994153405
9447551300
9020595129
8281939278
9446025023
7306098991
8547772697
9526229995
9846055511
7012456175
7892727238
8590676356
8590807839
9447120467
9645438651
8301897270
507950456
9656506028
9847409896
9778195254
7012855545
8289887320
9497426122
6238025637
8304857656
9946861303
9633978812
8097187052
9447805629
9074341640
7012440384
9447466947
9544234521
9387753352
9747161762
8139031800
9074867072
9995399685
8098134077
7907051016
9961527687
7042547264
8904946541
9845152712
9446550615
8086735372
9061655368
9633876080
9645318116
7624857294
8714560160
7558865865
9946200970
7025704826
9995762112
9847118135
9947273191
8921761482
9074338529
8921366168
8111844062
8590203726
9847174638
9447614241
9895161627
9846880014
8590318944
8547313024
9656129901
9895578404
9447272878
7977136349
7736988416
9526000066
9745117567
9895737128
9947380606
6235120403
7902669646
7994196972
8547502824
9446064346
7994515842
9544485628
7736069289
9740947653
9895297374
9048277712
9402153645
9447711355
7012591884
9148265728
7736598708
9446521169
9880799489
8220168456
9961589963
8848687012
8075999439
9961355213
9380178905
7012759631
9846625750
9633075983
8156882110
8547961237
7353030280
7994679522
8848782170
9483924303
9065200200
9746676820
9495381878
8547546360
9447520650
9496962005
6235177078
8075554772
8848070544
6282782373
9380371216
9526949476
9712556693
9074049568
8891374990
8138810334
7975317558
9778511811
8137075010
8547720662
9446589389
8792057371
8547281623
7356009251
8590498348
8197061419
7306364958
8301001330
9744071264
9447333542
7306437469
9947546683
9447739225
9847777375
9495424844
8714121658
9449501737
97466449824
8281062940
97433259326
7907447859
9946749446
9345817574
9048119131
7483358147
9745305099
9446254659
9860547779
9447864103
9447653187
9400104946
8089364273
9446803749
9747163593
7902900370
9495797151
8590266738
9995339902
9446424065
9562070911
7012972779
8281498171
9544316325
8891463782
9562588420
9846341605
8921202986
9495337085
8089812794
8606699481
9946921483
9207371084
8606486197
9035913800
9633655449
9495871935
9037638138
9922918335
9447489209
9496157080
9562340816
9496448156
9447383858
7356637723
9895584298
9747564090
9946581445
9946479030
9645561708
9400904801
7561816436
9746198964
9846451666
9847570000
9496126661
9496596968
8891369752
9449949405
9995603200
9995029566
8129626054
9446450478
9895651911
9207428208
8289951277
9847388423
9895046226
9895713925
9717133441
6282433360
9495751765
9447463967
6282483521
8590988436
9447356733
9645033049
9847005842
8921645706
8137023258
9949036618
9496260717
9633415203
9496265275
7025999745
9606551678
9353423741
7025047532
9844499748
7736167399
8547809939
8762862106
7022728602
9605100026
9446775394
9895881160
9400493153
9632980164
9633003948
6238314480
7012843325
9341554624
9495082338
9745873610
7907264575
8301034225
9961442126
8310969571
9895650821
8921194715
9074330577
9496300660
9526257590
9745266582
9567762293
9429008424
8310066799
9446963042
8078317945
9400630713
9446551555
9539011887
8281887851
9846147511
9977408843
8848101196
9447391323
8129277082
9495527614
9388441633
9847056791
8281444477
9207351483
9995962089
8714762010
9995924483
9446553536
8848238026
9446382096
9656536250
9995925879
9061971162
8921392828
7994975375
9447608572
9809018880
9074843831
9480427200
8897771450
9895787501
9447593021
9448453280
9496585230
9495431822
8129340405
6238699663
7025193502
9745714240
6238999360
9886742235
9447636013
9846151103
8861858904
8129406755
9495081756
7025593043
9500872638
9809887398
8448522703
8590529470
9072081018
9400537004
9846040876
9605181003
9567598490
9495211750
9847062704
9745005270
8089589939
9446013637
7510899528
9495114626
9645083322
8075283747
7994735618
9387330298
9447722513
9745307172
9746079070
7907181131
9497571774
7994318498
8825864618
9895247016
8078586724
9605931969
8089026051
7994443296
9037024944
9846114913
9074144456
8547322837
9446771690
9447654245
9846474706
8075130633
7736972863
6238041009
7012965698
9188310853
7483967667
6238981869
9844024639
7012677007
9495327984
9495629706
8547856109
8593811853
6238547292
8547000572
9048433773
8590623078
9632201001
9778077187
9048667436
7025100421
8139890569
9419033271
9496824282
9447152630
9745689058
7736938742
8310876504
9947678532
9496027183
9495957745
8792364549
9497854455
7994092688
9497321951
9447909984
9645628567
9495157797
9447382969
9447136587
9446579944
8281970196
8075388553
9447590544
9447451213
9447451702
9447433717
9446250994
9207943652
9747988122
6282731649
8008071800
8606058771
9645506879
6238973528
9207936128
9446112130
8281296745
9746771029
7559008684
9037103637
9207936128
8590538987
9400869249
9496985758
9947030490
9061079952
9961999600
9481408082
9048686056
9448489610
9605305738
9446268426
9048622900
9895345333
9995149065
9446117517
9495996533
9074144943
7510614604
7594028570
9946634333
7506733042
7012032686
8089421512
9995924399
9188180924
9343245875
8921411349
9946679963
9322821077
7306059689
9995052231
9.19E+11
8921948630
9037270436
9544886123
8590531641
9188148684
9846634269
9400220525
8589935129
9605554912
9447171828
9745440003
6238508108
9110226702
9495464511
9746133936
7034414695
9074469568
9037423441
9526331383
9740591173
7760134218
9747386869
8921988735
9496517430
9844222319
7356722190
7012219251
9847747320
8870252147
9448216324
9446337731
6366464411
8590727181
9745001367
8089141343
9633185648
7306170805
9747209596
9847619377
9447431558
9633659797
9778503230
9656489161
9061998866
8105878173
9447228566
9495644549
9496582981
9497258099
9188711128
9400847572
9.72E+11
9846661866
6238520843
7994907760
7306162372
7591953044
6282267308
7994009635
9495980776
9446550412
9645090595
9567462973
9037998841
9961080697
6235532815
8590419773
8590781711
9447306231
9349812789
8891048678
8105233124
8281304128
9633125184
9446736753
9895247249
9793480298
9656629301
8590428743
9495058495
9447215010
9447860083
9446096880
8281810663
9538826888
9496477322
7012390162
7356537441
9526748745
8281077105
9447825666
9539146940
9562244777
9539041116
9766323248
8921952800
9400575248
9446057700
7025124104
9645887696
9446004406
9343160222
7902438986
9495152850
8590477795
9895674024
9964753816
9446035649
8089304254
9645935540
7994860360
9591434204
9446680612
8547487695
9249409021
8129244564
8904544129
8431670722
8086337973
8904441612
9567527300
9778372228
9447806716
9961702326
9349486277
8848738608
9495361808
7403170009
9207380125
9747037727
9400265157
9778397156
8301091415
9037485592
9072585289
7483148511
9400551982
8075810118
9400412824
7034415151
9986112048
9745597816
8714445213
9387873223
9964211444
9961899496
8356076052
9544295811
9656384742
9995974130
8590572959
9632026483
9995302254
9447068000
9633828797
7356928137
7012241645
9074097499
9446763771
9446645939
9495314127
9744150008
9847310392
9567512336
9633589692
9778276561
7356217784
9447294574
9745185577
9526255577
7306790798
9562035981
9447852436
8086633655
8943686105
9961323719
9495846941
8590374038
8714004585
7510996540
8089044005
9846978108
8086862544
9539987882
9633033527
7907264723
7907694693
8281748842
7356210750
9496542453
9847052458
9447009713
6282924650
8943104283
8547852193
9447619794
9446477114
9633296576
9380430698
9072009285
9847633811
7592957173
9567734555
9497375665
9539513585
9496821681
6282846562
9400911813
9544762276
9778759580
7025050288
9600039430
6282592662
8078062137
8547159348
8086680757
9535330853
8129024638
9901772376
9947485556
9497263872
9562281358
9447636788
9947662774
8921206832
8281192981
9446085453
6238159952
9495232060
7306715634
9526176911
9400557359
7994779392
8089913221
9495085314
9656682516
9447081309
7907791186
8714758455
9447130800
8891487439
8129605156
9074423167
8618798752
9544644764
9207349900
9645840922
9074332447
9446713487
9895260242
7619523880
7996602234
9567350669
8943606346
8547348195
9846043199
6235520723
7994026340
9497624602
9605117040
7025837885
6238964092
9967524924
9809793516
9744111764
8921028793
9778071038
9562559797
9061997707
8139008958
9496407174
9633792121
9400418864
9620499270
9188098900
9446428710
9061865618
9778037208
6282963274
8943597307
9745093135
9946984248
8075082997
9495995003
9961282539
9846930865
8714318828
7012194095
9986281083
9656985362
7907331417
9447699423
8848977765
9846806322
6238963257
8089781322
9895406756
9778082900
9188055268
9495639194
9142583159
6235546719
9447694273
9910895411
9633422940
9645778479
9207584029
9447092034
9352118687
9745727330
8861045553
8589833776
9496083512
8078810588
9744969819
8157836034
9567760681
9048228642
8089326399
9744402643
9446050183
8305254770
8129760762
9495753066
9633323819
8428560904
9605386763
9746078844
9663355443
9946971687
9496848204
7025110621
7892473921
8075251746
9446710320
8086745083
8547621859
9539012642
7558938527
9400122580
8714474461
9567912990
9495153642
9446363421
9947887366
9745171024
9567875206
9353596346
9656469873
8848191242
9446037676
7907720167
9020773717
7592047825
6235309485
9961637162
9895347764
9744664847
9645091059
6282427762
9526476030
9870097976
9447739892
8304032719
9747592910
8547121014
9847834744
7608007591
8590310882
8592997722
7907641944
9442830722
8281955076
7012909602
9633906470
9048800420
9845882289
7736490882
7012909602
8943107445
8304835137
9496278104
7012062621
9846733415
9446600936
8593915631
8921053427
9778228685
9656733543
8848116479
6282473323
8921876525
8304032708
9061406527
9846027232
9495965995
9526984552
7975013880
9446028792
9747978930
9061155367
8590680284
8547566426
9074745824
9400763176
8289973902
9995206189
9895498646
7306656796
8547740699
8590376816
9447134418
9448425530
8078572306
7306025936
8848745026
9946173146
7510831695
9074492273
7034849428
7306627967
8075573808
9645077915
6282285891
9446252818
9746358102
9400520014
9497103330
8078748831
8590603945
7259156993
8969977857
9449086848
7907551247
8590639355
6282380901
9633463087
9447697988
7593974226
9207732109
8590442150
9769109221
9497849253
8078995323
9447216485
9778091377
7012856462
9497060386
9847032964
8547557957
9845840583
9605738515
9207758841
9544019799
9895764309
9446715261
9745056260
9526769207
9567024372
9400727450
9746464209
9539227822
7306919539
9995303464
9.72E+11
7012560797
7306057978
9847290294
9747069721
9744964319
9544597726
9746805851
8157031318
8157057142
8078288189
6282620573
9744516205
8891106472
9567967932
9747775708
6235776533
9846098336
9739099783
9446080499
8589009538
9746341225
9447412200
8075982415
7972445172
8547870437
9847259919
9048429755
9633211692
9961080398
7025164817
9447068160
9446481414
9072910612
9632225773
9495237101
9074359090
9349002113
8848536432
9048499958
7510303581
9010901138
6282362446
9946120353
9495015863
9447229312
8590344790
9448102019
6235934661
7034778062
9656482948
7892481780
9847137487
9447865902
6300833486
9847091321
9400558187
7902404987
9544969938
8111831648
9847035186
9847450061
9446117584
7306927366
9447906658
9495068332
8281944097
9495900798
9778102304
9400772271
6282607094
7994210930
9383427378
7592030433
9495631535
8075335849
9447334870
9447413673
9744638690
9961680667
7994407167
8103568870
8089043088
7558800309
9188417896
7907172929
9446253026
9496548125
9497509350
9744273722
8848366618
7034187847
9605094504
9539422064
9846302117
9778081987
9359833027
9846152388
9400980652
7356862857
8139828432
9901503416
9448752181
9188478851
9633897529
9947464515
9747538793
9656992815
8281860821
9645881237
9620543986
9072053169
9645053169
8848761045
9447847762
9947616029
9074881799
9037585808
9895015441
8592915008
9447957462
9142019696
9746020097
9400685402
7012612403
8137049593
8921324576
9108148797
7306076606
7559031018
8129076070
7559847022
9447863377
9037979140
7892450670
9061251972
8547045311
9847236043
7907708912
9061282081
6282171029
8089396638
8593967567
9497313254
6382886902
7356348172
9495176384
9895909526
9846036448
9526766155
97338443663
9632354256
8078231972
9447965262
9495750972
9633256915
8921293525
7907842791
8281938525
8139851700
9567288654
9074152191
6235820589
6235095974
8891358816
9995531317
9448903810
8289940377
8086546077
9207196680
9810857530
9995551363
9447125557
9447151726
8606337738
7019907963
9496416545
9567354780
9037516132
9961041860
9497572438
9447664109
9746353027
7994041561
9446532111
8921986761
9895807466
9539858520
8943555333
9447748850
9995520860
8590319830
97433793452
9074512405
9901348477
9633627219
7012416897
9446995444
9846472233
8893690005
9744676647
9747678833
8848440891
9447802223
8217589631
9447439503
9449168716
7736031772
9605189035
8129913272
8590312106
9958417068
7356583776
9744221364
8590653169
6235481998
9739680079
8590211742
7337003342
8304861442
9496744015
9400407792
8618319519
9964772266
9961016060
8129003777
9495709468
9947539604
9544292281
9249701297
9895920059
9745692111
9846419767
9746352591
9739379731
8547869616
9747007509
9497011814
9037031217
9946423837
9656620266
8921409524
9400660797
8289926236
7306855299
7902936054
9747868964
8590449108
9496751950
9349098912
8547420293
9980339824
8549965132
9037800799
9468182230
8157098375
9447612682
9482817538
8762185481
7902446881
9447092040
9400059438
8289973686
8136870502
9188228706
6235046086
9526010981
8547003589
9037364792
9947304725
7025557308
9446457531
9446555865
8714427816
9447352943
9846441563
9342826076
8714480055
9207553383
9895442463
8138088369
9677161243
9446969218
9946541871
7025395491
9846789160
9446766035
9526612395
9605896876
6235987824
9496521702
7736704324
9745909957
7012722038
9567718534
8590444194
7034378340
7306147921
9447822323
7356140063
9446584325
7907175418
7012272845
8129338017
8078727441
9961085615
9495779164
6282398177
9656332385
9746937487
6238773957
9846041123
9061855850
9745936426
9447221282
9562006790
9388237388
9497853045
6238565785
8078354578
9746585455
9846342091
9544006980
9207694454
9562670492
9847086821
9562072331
9072205904
8590501890
9544244884
8296672006
9645338104
9447260133
7012631200
8943393831
9544055033
7909101940
8606927885
8903928077
9496724511
8547998966
7736299720
8281178570
9113006884
7025705688
9495228320
9074426989
9605539851
9495138015
9061331398
9656084632
8891384103
9745214300
9567017346
9645471768
9539651901
8281266872
9605202670
9947529024
8304948236
9947552265
7559941525
8129455338
8075635006
8129626548
9497496581
9526124298
7907514858
8590049077
9961667138
8330820992
9446001803
8547507567
9495591983
9633452056
9567946639
9880456234
8086599798
9495978911
9916420616
7483181021
9496541228
8848180482
9633739102
9562342231
9074989879
9495916594
9605790140
7019405647
9446714537
7560818088
6235080416
9605154844
9446324967
9562140000
8547147101
9539923012
9526914220
9746517497
9847448268
9846007585
9400711395
9946969631
7736087843
8714480081
9447393113
6282690952
9446564428
9538008188
9446554518
8590489853
9446230580
9778255484
8281586925
7356243608
9447697671
9744535095
9495283355
9847358540
9834244112
7829779111
9496484136
7736275595
7592912576
7012467242
7510172749
8547315353
7994206904
9061154928
8943083422
8590417910
8113070527
8848069358
8921035594
7510485864
7356925578
9605325453
7736513084
9605124002
9995221058
7592812790
9495489522
7561044034
9961892233
8921372123
8667709619
9633494407
8943684747
9497628152
9947119178
9400292093
9745918138
8981110395
8921942953
9633689560
9846870415
9188639524
9544678200
9495359780
9108554148
9447172711
9448712140
9778473535
9544756510
9400980675
6235822764
9447009269
6238308447
7012385192
9605545838
7012806899
9847215317
9656331122
8590001051
8075327095
9037031655
9446573646
8138865221
9497340224
9448428782
8848468208
8590634592
7306216424
7034538546
9495015438
6235423821
9497629744
6238300039
9207483736
9567216247
8281939214
9447437937
7012071467
9605437926
6282662056
9400566329
9847146463
9447130395
9446767050
9496799169
8921384428
9446032663
8606271000
7510998633
9495716931
9072879237
7559812396
9495381886
7736787191
8075149569
9946815772
9995447467
9037220012
9188590540
9947983865
9400601284
8129949304
9895092020
9746830783
8921020961
9496729502
9447440737
7902500033
9072337264
9496872944
9846487095
9562716077
8848790927
9645029872
8139826245
9946180819
7736471721
8289862806
9946780039
9846231974
8714531244
8590685764
9388981979
9995938664
9448580835
9995412873
9895392058
9847940753
7907146988
7994246018
8078529126
9496442130
9745680180
9495505080
9633707193
6282988339
7034687148
9207330034
9961621800
8113976532
9061460064
7012781635
8848084964
9656074423
9567184341
8304870644
9497725253
9037396209
9037944827
8086060895
8129369702
7012774671
9447655593
8075174027
7994964365
8867385368
9495089821
8547075450
8618941107
8590476166
9074693393
8891394554
8714479473
9400652542
6282451452
9946184021
7025400728
9207970130
9526376775
9961187746
8075906766
9633694890
6282234959
9809005647
9495390101
8078443402
9745252389
9496690635
7306242680
9072797931
6235303939
8547054773
9048821650
6238417157
9446418647
8606142716
9901937897
9447062750
9605544212
8848264861
9645265029
9497046717
9847755586
9495982705
9645355003
9496703372
9778593248
7994779726
7907788101
9447228847
9656849620
8971114738
9846918875
9074657189
7736360855
9633702560
9544106061
9961288194
8848754570
9847935351
8281010183
9446117816
9746407370
7907665957
9400494362
9447082686
9446663340
9778386493
9847433133
7012285536
9495919701
9497638685
6282792422
9495895979
9946379258
9037082667
9495370414
96551122371
9188055987
8078497094
7560868645
9497716815
9847556818
9847099936
9074445825
9495293566
9048711991
7994302820
9496702508
9562723480
8714041251
9633662795
7025292235
9645106872
7994090310
9746894287
9633332455
7034350673
9539995154
8891521970
9447368470
9961845142
8075967509
9946643638
7012052283
9072404863
8891583005
8848752734
8304864840
6282360614
9526069550
7907957733
9447992580
6282117912
9390803501
8281857719
9037776259
7034379557
8606097934
9605427976
9744194177
8606321405
9961109566
9746889180
9447775788
7592095753
9645837987
7025386101
8590501606
9778548745
9544327887
6282852161
9526068700
8891890077
7994166614
9388526669
9207026500
8921080922
9048031256
8590799612
8050665053
9846662589
8590825705
9605558181
7907185665
9778566233
9207206052
9645457235
7560935673
8136819586
9446620695
9946093911
9400680724
8089185441
9847106170
7259337779
9447630140
9947492065
8590787835
7736715345
9567954419
9744496858
9446234420
9400432631
9778142668
9443053092
7510236801
9446571206
9495859644
9778241538
8590904373
9847068066
9495461541
9747232887
7012106364
8921563801
9447483645
9496271249
9526267809
9544734960
8903764860
9037160307
9495774230
7012944112
9947906115
8714237817
9447378921
6282774966
9495846424
9048627201
9526485220
9188764809
7994131985
9061430388
8590637908
9947746209
9946031044
9544417837
9567906651
7034223003
8590021018
9961656814
8547088354
8590716268
9656691482
9443523835
9995428631
8137833155
9446165773
7907913575
9902141077
9447795808
8281544826
8547361099
7306952766
8129619800
9495750305
9847291763
9847048538
8075002604
9778225656
9895789955
7025223003
7736465144
9744618336
9871240688
8075116019
8547659294
9746990622
8590940623
7907454301
7558973536
9496480188
6282260901
9778718165
8089842690
8547667936
8848475547
9544884810
9443931358
9526333860
9037320398
9895776027
9400637166
9446029294
8281050223
8139057118
6238471674
9744721652
9495245403
9747818415
9446094404
9072332071
7907327025
9645949350
8138051373
9884902794
8281652951
8281887505
9946456664
9746699752
9207313813
9895058091
9072086458
9778395760
9037071647
9886888734
7736761634
9400520568
8086309639
9188460270
9496100318
9995133248
9746732637
8606926403
8129494116
9400373166
9895879697
9946999838
7560984657
7736288778
8281893996
8547347568
8590274668
9496804934
8848260756
9207841393
9744673640
9383429638
8594019007
9946999838
9447981754
9495738834
9019841897
8157090677
9400622677
9496200224
9383429369
9746443442
8861928576
8590364998
9526516940
9207081688
9895849889
9496960005
9446938054
9446819737
8547242485
9778481466
6282004029
8129254993
9037388178
9656544684
9567090420
7356709470
8547213701
9483622679
9745220404
9497647863
8448112485
9387377007
9778722707
9448493610
9446708848
9447791946
9497596067
9400722047
9448126273
8137988549
9562677802
8139820834
9645493843
9900322335
9562059344
8590469867
8590490067
9946420448
9847907178
9526425348
9495357797
8075178871
9481760671
8281144795
9544993177
9447972582
8157016290
8921015140
8921368953
9895097242
9159496715
9495688849
8289909469
9447849568
9495677606
9946983356
9747820561
9447961686
9895092623
7736267763
9846245850
9496415494
9446968879
8129676083
9946038479
9847502636
9961976928
8547686799
9495091359
7558905299
9495422520
7034386936
9142319667
9447077474
9061185402
9188048513
7510201000
9744940636
7034629144
9446424888
8089897231
9778369225
9447286682
9562079615
8606397840
8590325795
7012603312
9605752703
9946917427
8891563878
8547234851
8547379514
9947941867
9061055290
9446431964
7561018708
7306628245
9526380408
8078216582
9480725207
9188838813
8139829618
9446518105
8075750673
9847006262
8590544451
9447196116
9846020269
9567579523
9446048145
9745275191
7736758217
9744686912
9605258173
9288089013
8590798079
8547089689
9495022431
8891572402
8281876368
9946951894
9632500401
6238635987
9947387325
8590863316
7306004459
9061598565
9497777148
8075965850
7594892380
9188349314
7736548325
9447111913
9447936968
9946100224
7012187289
9656485915
7907320337
9995991706
9947729911
9633790261
8590904423
9446361366
8848682250
8138027890
9961769177
6282377671
9447203435
9448250095
8848939161
8592910332
9656438900
9901633256
9673677820
8593015914
9037523847
9207527065
9446141255
7592043043
9633893069
8590118306
9747808280
8089762276
8848921952
9526782109
8075840274
9496400933
9544083196
9946031589
9995554635
9188426495
9048686790
9447862971
9544849760
9567848217
7592847847
9847890252
9847061126
9778158278
8089155817
8606470067
9745681618
9567865749
9562459889
7510434780
6238463363
7025812997
8138991204
8590905539
7558861274
8078056864
7012395419
9778741747
9207347672
9497794014
9446321949
8714011171
9495085634
7356225420
9995855786
9074902569
9447043810
9745007354
9188214253
9400479092
9480033868
9447310949
7736582486
7356672454
7907576322
9496092085
8592816486
8547521784
96599398393
6282750422
7736303686
9048395892
9447638401
9967351707
9562407591
9562407591
8113943144
9778134596
9061260846
7019287944
9447537433
6238405336
9746068959
8129892308
8921841996
9207281552
7025633073
9946802366
7012964173
8921603045
8848236692
9747352936
7902880656
8943602757
9207000223
7558033492
9539872770
9744237054
8590572533
9947355460
6235725453
9539642342
9946849262
8921088698
9446573619
7306112695
9946677643
9947142350
9961470647
9731349948
9995719242
8157984536
9633656602
8217573850
9383427927
8136874537
9746464495
9207764157
9901825248
9447503067
8590778911
6238983073
7994104956
9074241728
7306581035
9446011662
9447064585
9778570229
8129290184
9645683070
9834146843
8590181006
8590699146
9495371370
8891258325
7012983948
8590223099
8078160498
9072665087
7907398158
8113828061
9895779464
9945510222
8281292925
9495483627
8848668858
9567029670
9447015720
8921650570
9074107930
8547296680
6282293302
9847315206
9895010487
8921594225
8304846273
9048092282
9847126936
7994462228
8590768726
9995985973
9526306227
9447020725
8078486125
9633042203
7306727271
9207864454
9846631712
9496086771
9061385441
9746449086
9447418385
7558917723
9072798616
8111818724
9496661572
8075128061
8606721450
9778155746
9388255565
7907920021
9845412765
9447993639
9961368076
7510851279
7012561794
9895047302
9048073802
96567 20594
8075951806
9562478318
9656919931
9447241129
9061790796
9557377666
9495051653
9207315323
8075455818
9933217334
9496250413
8590485716
9400292637
9446475844
8592886081
9562625634
8893808001
6238059577
9061923624
8943263643
9605516869
6282938243
9447542403
9946216858
9656403394
9945030231
9447725051
8281264608
9539330028
9633735544
9496371548
7034861767
8111838928
9567047447
7012840717
9895108207
9074427528
8921527667
9567397677
6282868756
7907102995
8089920600
6235878627
9061303287
9995138132
8590627771
7356954385
9746039022
9999687783
9495949231
9495927169
8943890069
8301890942
9895284735
9946958888
7306673269
9447468475
8129112415
9746844404
9961884969
8289953091
9495978125
9633184450
9446551672
9495042554
8547396229
97333793969
9900344011
97466944939
8921491054
8921937600
9037866540
9539703497
8281914206
9400782318
9495557285
7510980885
9446089036
9539420932
7034829690
7593970490
6238754586
9947829996
9895402488
9563006135
9778098034
9562214470
9778053133
9074560733
9744829542
8301095125
7593887202
8848419955
9656434264
8637624537
9744540696
7012677090
9142042062
9342065112
8590729870
8921306866
7034060166
9995373228
9656217841
8590526960
8921483566
9072965794
9447597859
9400766292
9320210088
9747463966
9995412562
7902253589
9895232025
7829577704
9562700155
6282454028
8848856497
9744099096
9497608159
9048306441
9606803725
9995476641
7907913246
7907697547
9447768487
9544099283
8590494166
6238861628
9746887345
9567381252
8848293199
8330033001
9947450473
7306912082
6282499642
6235264539
7994062241
8943949534
8891280228
8137031976
9388121199
8301087167
7012201775
8089246579
9495379275
9946361104
9947007055
9539078075
6307273622
8129024429
9946909044
6282571710
9447078345
8086531955
9946373320
9995084363
9449272538
8547369910
8075362867
8714308854
9995074044
9846348289
9400759903
8089102758
8281295355
8714155925
7306485285
7907006202
9744640358
8075591977
9747266776
9961206015
9847746488
9048606071
6362315731
8921786425
9946557384
6238491107
9074369790
8593806655
7907548906
7025822226
8848778077
8281149185
8281642918
9778509332
9037107834
8606100567
9037765450
8547708424
9539958553
9497088296
9605240307
9946552956
9778732812
8111946749
8593026527
9496765139
9656640501
9961630059
9495633413
9446148828
8075600191
7034127323
7306119837
8921491042
8848716717
8089576463
9495948724
9567070300
8281474250
9846174962
9778379996
9744810013
9446178009
9526053649
8075573658
8848637373
8590688330
9846536515
9745841851
7676841398
535001556
7736967815
9846541155
8129398909
9847828167
8590362887
9747176105
8089809920
9995668029
9496794723
9496564837
6235648879
9526869185
9847145272
9562905766
8590322850
8590672727
6282431275
9495713246
9496794723
9207996913
8129968888
9745148064
7994893539
7356451417
9847418320
9447508145
7306890762
9562808500
9567594612
9074586054
9747954267
9446365053
8866402896
8075823519
9645108621
9744439038
9074991993
9995326028
8248503717
8590402980
9747972654
9747345408
6238304088
9847897664
9656917548
6361705413
9633253609
7034547490
8281802002
9645774936
9448088628
9947927907
9961237250
7306424712
9995223090
9446239595
7012381389
9446413778
9388202756
9605649382
7736723507
9744695969
8848599519
8289828076
7617310311
9497871829
6238307525
9848192238
9961991692
9496387525
8848023320
6238977229
7012039012
9656423074
9207499708
8004686123
9447454606
9446971890
9447639790
9207971074
9447256249
9567167620
9562129880
9656234205
6282124246
8590092169
9946552020
9846091439
9497455525
9946622020
9061273555
9446030184
7012211426
8921526724
8593868480
9400606696
8281393544
8799761521
9037871775
9526831175
9074026487
9745054934
7558881108
8113018193
8921271228
9744824703
9745040030
8075078728
9447527376
6282966781
9847013403
9497638702
9072393777
9895290974
9037790678
9037435307
8089245028
8590931340
9048765415
6282149166
6282244705
9497618816
9074350917
9746668933
9961600547
9496434093
9539167727
9633744955
6238791919
9745217264
8138859654
9946795665
9037231828
7012166424
8714162089
9447258654
9496264226
6282050545
9496900729
9633555374
9947159799
8136818841
7892246120
9745821338
9446776841
9847193495
9447627399
9846826785
9446089593
9497728579
8157808313
8330043346
7558839720
9846361300
9037203934
7591902221
9446224856
9074141270
9656506777
9447233998
7994401306
9188171481
8281581562
7034668822
8547175679
7025751049
9400000035
8848244126
9620688402
6238434902
8281868786
9446410465
8217595452
9447451310
7736641210
9688700500
6282753645
9895137035
9539522981
9539539267
9526062733
9495393202
9778390421
9745608261
8089718642
7907583515
9400699386
9447023999
7593059893
9606041825
9188322861
9947197131
9961698845
9545461547
8590776904
8921731533
9846847205
9400586427
9961748529
7306951214
7902748792
9656340002
8129850164
7306735903
9048847539
9447135775
9400371101
8075858327
9037300502
6282081175
8590643873
9443360194
9656380612
7025545555
9645278830
8089563948
7907063841
9778101083
9061190611
7025674352
8971139726
9633441605
9744883223
9947536101
8304869226
9961778368
9539553004
9188232460
9387450350
9656870542
7558032360
9744354177
8086618142
7293297010
8714396447
9895811661
8592945211
9745931293
8301870433
9947389826
7559023046
9946554036
9446479529
7025836197
7902767858
8891076675
8078573493
8590546620
9446685607
9778357896
8891394484
9880426702
9349801551
9495202682
9446256867
9562798594
8330081141
9496288689
9947123627
9656005222
7588666251
9446824309
7034841479
9744935720
8075788324
8848876717
6235067320
7025127520
9061798121
9447204624
7356556182
9447473707
8075949918
6238888284
7338036136
7025135070
9447825026
9745579128
8078180367
9995445265
9446288090
8921309429
9605636999
9349744144
8075265139
9074210644
9495992828
9961640315
9447801648
8590998892
8075266143
9446962977
8169365290
8078390496
9048021692
9446391235
9447509676
7736049928
8281399158
8078380056
6282157651
9048241707
9446274341
9447060996
6238156301
8848443697
9567709373
8714163442
9778509248
6282212759
9946024905
7907125457
9249409891
7907910036
9447412791
8589031571
8589827636
8281426013
9895088308
7591971758
9995892856
9446091280
9847045026
6238380391
9496727233
7012495671
7034099596
9562659433
7034632904
8590315910
8848895775
6238684607
9744505146
7510703025
6238091046
8590625927
9744482167
7034133411
8762098732
9207181127
9496257048
9633822196
7994173697
9526212434
8281807375
9663488228
9845923873
9446752364
9818667921
9567654055
8606889767
9746350034
9961903368
8547970104
9495950575
9562883052
9946278821
9400320572
9527242251
9656041273
6235037795
9447557403
9645799708
9656437870
8281304537
7593987018
9744849576
8089224458
9947416737
7736478738
9567288110
8289962655
9747385739
8129213241
7907328893
9074982847
8590310903
9961711645
9847822836
9757391754
9400575028
7907469165
8848637442
9446562655
9930432505
9846506742
9633317901
6282779323
8590918560
9633035733
8089658045
9895512360
8078012691
8921947216
7012251799
8594075308
9.67E+11
9605058448
9961235823
9447361286
9645248699
9349124767
7994463188
7356727854
8921785656
8921051233
8281338234
9072249850
8848757382
9446665640
9446090790
8590641721
7306649747
97337757528
9495827850
8590034539
9544273995
7510487582
8848385407
9847685622
6282689562
9496291944
9495791729
9847305962
8156869814
9562888069
7510506097
8281670131
9061845032
7591951588
9847509321
7012125765
7736683708
9744608176
9072505326
9847004226
9656169169
6282059481
9446782766
9495223951
8590815247
9037254878
8593852600
8700723639
8848655279
8089958627
8590316426
6282552329
9744854743
9895877436
8281601501
9745023027
9526227780
8136810981
9497781162
9400479499
8075616205
7306762628
7736267282
9495919486
8075903584
9447597634
9074865512
6238009661
9846858838
9074266388
9526261420
7994092734
9567584817
7306119682
9447155595
8281591138
9961591343
9447389704
9446174936
9886910909
9656595256
9526035383
6282292329
9447714050
8137943327
9847112288
9446246696
9544607846
9446854461
7736807073
9447470038
9400414256
8111874526
9496364456
8943836923
8289954401
9995531317
9400842146
9446054393
8921711848
8129359791
7306176625
9448539995
9656714018
8848092721
9446781962
7034480211
7902245423
9745629646
8590531930
9995909859
7306947556
9495635296
9495930218
9497358467
9995390988
9495780368
7558809583
8921260106
6282779619
9544816296
8590763924
9847743407
9497043125
9961205060
9746459251
9387110857
8590790209
7306792045
9747742266
7012032379
9995527659
8590401113
7034300573
9633030552
9447068800
9447469117
9933273828
9995640234
8547313776
9495241707
8547006674
9847677632
6282117228
9495526733
7994229470
9567449372
8921119167
8848529301
8921858073
9656158721
9847005535
9447599517
7034639931
9746005643
8592057343
7012976597
6238323197
6282574100
9946293867
6282327874
9446533056
9778393162
9895868296
9961312250
9446641722
9448143537
7907074734
9496721848
6282516066
8590903474
9048943083
7034631190
8156876682
7994866996
6282849721
8547927338
9544332340
8943420367
8590149544
7306128307
9526301092
9995446741
9562856106
9447858327
9495001466
8921872418
9447000887
9947109834
9746027926
9645836063
7902941023
9495319973
9774103013
9446247839
8075676265
8547000623
8547659024
9496493561
9895550202
7025138099
9656267634
6282642681
8921511829
9447061288
9665778057
8281892409
9947172465
9497400413
8281172621
7907262182
9964868366
9495592893
7907464135
8891223834
6238287382
7306161325
8714818839
9663624885
8137008887
9747595202
9544847629
9744028920
9995138150
9778528420
9074126673
8089520113
7012958200
9947872372
9778083258
7902951233
8547853824
8289984950
8590495601
9074967851
9567410234
9961357819
9497169619
9895161889
7994316949
8075921300
8943774868
9495449452
8943389546
8590003445
7592950783
9037836605
8050544949
6282345395
7994431881
8157806480
9400567434
8589052251
9995103155
9544039161
7559972794
9037770538
8547301390
9539782770
9544763220
7559983673
9656446868
8547546799
9387557775
8073618765
9778177834
6238589622
9496232484
9388255277
7902251756
8593015534
9567502989
9880261350
9544812456
8136913502
7902270302
9188559720
7994414002
9447555400
9497000295
9072501399
9947888918
9447586521
9567115544
97336942301
8590614670
7561893005
9496968986
7510646561
7860486597
9446590824
8113910187
9446856369
9964396933
9495487380
8592848501
8089223507
9446193830
9447961508
9495430650
9447567035
7736342942
8921718125
9995555113
9048661122
9847407640
9946300295
9447369978
9447532659
9497655953
8078294121
9447083326
9747641592
9544691860
9447939108
9496747633
9497093853
9434737500
8075351296
9447939108
9447939108
8136922144
9656482723
9446967559
7561029243
9480303476
9080363414
9562130138
8891797761
9605441170
7559099825
7012269972
8893399998
9895663234
9562332746
8714349823
8139890804
9497801278
7994571727
9745291754
8943121813
9496041576
9539079715
9061672580
9789698376
9048580794
9562285073
9544672298
9446883834
9446242592
9447879699
9495979535
9847849897
9495322852
6282955471
9778255540
9846221697
9946464059
7034543049
7012167432
9447732547
8762119116
9431738971
8848963551
8157867671
9567520284
8848931408
8590709522
6282684606
9847184795
9497344518
7994025540
9778757906
8089309539
6235728751
9188597914
7012982784
8078783100
9946759751
8921450942
7034368487
8086266327
9447349101
9544924775
8089764612
9947045721
8304902867
8078131652
9496242799
7736958026
9747519895
9995702171
7736018611
9400297259
8848777536
9645545414
8086793367
9400217145
9972024169
9072265738
7012415290
9.67E+11
9995530308
9207252934
9745729839
97339932151
9526449470
9747348648
9495002112
8089549561
8095154552
9496528771
8848044403
9747294354
9947732197
9496683100
7558931842
9446379325
8848892881
9481393939
9188219706
9443252515
8848517436
9778497500
8848639351
9846188450
9447760545
7558049247
8547722034
9447933046
9605791693
9946499099
9447003353
9605763557
9446575049
9645853023
9074810655
9946463443
7980962983
7025991880
9995555792
9497457065
8943617582
8921758050
8606763492
7907391172
9188377448
9845501536
9048000020
8547573861
8547143897
9656787763
6238014968
9846788445
9778389574
9995719924
9446027832
9544643868
9495093520
9072723333
9037454659
9846013648
9967543764
9961414666
9544220541
9544232509
7907352300
9633403249
9895116481
9447290690
6238331023
8547332062
8547633114
9847793696
9778271686
9745133803
9895934112
7025110272
9605403420
8281808898
8431542510
9847111197
9400047339
9061989064
9497097097
9207499621
9846469696
9400574831
9446500070
9400243419
9495175959
9633222952
9496076465
9447964315
9446502917
6282430799
9048381877
8848636283
9400953818
6282394441
9048273718
9846917479
9037433872
8129887825
9037634957
9495104981
7593055904
9448380840
9447262880
9778086541
9946948777
9497360941
8891744552
9847975492
9663725057
9400155761
8301034717
9539318919
9656714808
8921875962
6235286798
8590547110
9037131980
7559945598
9946628611
9496969237
8891472969
9446021395
9074278131
7012501901
6238307354
9496258285
8281975873
8848543643
7025153576
9946419661
8304079287
9995059381
8089657508
7736847377
9447225513
9633819296
7356291947
9446432360
9447162652
8157016475
7907140753
7558845628
9995089363
9495527316
9656334973
7356351002
9895233335
9444648933
8281805708
9400048488
9633722361
8547082344
8921496350
9497755517
9497161387
9495327262
8590817004
9656320056
9746271424
9110400461
8111956221
8547223835
6238789249
8330016701
9446612167
8089207973
9446282711
9895031618
9061930895
7025359392
8281036888
9605099571
8590480449
7025587079
9188010417
9497778518
9778728793
6235661954
7909240165
8088370239
9447329396
9947644015
8606434071
8590167604
9847346657
9778108613
6235151345
6235079351
8891648127
9656494606
7025220470
8547051893
8848683924
9847675032
6282751739
9605704872
8606100800
8547612489
9061290916
9633396961
9947539480
7558086673
9895053921
7736604787
9074101695
8590453462
8792152968
8304843504
9400946344
8921046424
8086368779
9961916214
9207074886
9447344380
9447731843
8078705499
8086932521
8592923030
8301913275
9188228299
9061962252
8547885433
7808080730
7736435571
9447678694
9349770595
9447736471
8921975372
7907042190
9539233243
9633121124
8136964357
8848532543
9447341393
6238900965
7356983435
9400315217
9446229446
8921640139
8547572270
96899045515
7306669609
9495728918
9645859514
8078147141
8075050730
8590873254
9744494688
9656758570
7510973911
9495291079
8921784106
8281943003
9480254161
9165008002
8086067170
9846777313
7909109189
9946333982
9074050488
7736814592
7034624247
8848119440
9544262834
9895348260
7510481727
8714464627
9633327801
8590649978
9400059579
9946201616
9141146998
8921942573
9947593728
9496333434
6235072317
8086330665
6282292432
8921159390
7306640821
9995833928
6282259326
8547369309
9746999651
9074945709
8281701997
8907642556
8921715046
9243199760
8138052634
9567064443
9946461001
9072237555
9539064390
8129807346
9656616814
8891483824
9544285149
9995199423
8590785829
9074503466
7306450942
8590316007
7306632163
8078860046
9620717998
7594868661
8281453750
9947077389
6238952855
9400376225
9995722266
9562821171
9886121161
9447136368
8157024720
8310181005
9747098787
9895601630
9037616694
9061907533
9539622412
9961146562
9895672747
9847550993
7034408404
7736407232
8590341367
9747590520
7306620749
7447448525
9895463058
8891635957
9074302603
8129516066
9495365532
7012428416
6238541143
9544630189
6238578761
9645177175
7907332904
9048414131
8075009536
9778499897
9526540185
6282243244
8848499957
9995113925
9400476890
7558858812
9844161355
7012602923
9961190373
7356482088
7736998959
9946849850
8921004833
9400782274
9946192316
8921931070
9447241456
9497615572
9946735128
9605041845
8943456258
8136892580
9778564499
9847158002
9072169565
7034904176
8590317858
9740767887
9446052541
8891566537
8156869894
8075480412
7592063473
9656642521
8848807750
7907526891
8848668693
9008978754
9074468382
8547362142
9497377530
9778534645
9446784206
8078786741
9400631791
9847040069
9446480931
9947133141
8590349342
9447921394
7012805088
7306856263
7012578928
8086187635
9995636106
9656834919
8281986231
8848413588
8075291015
6238264202
9656255666
9447666641
9846395555
8590520745
9497899875
9847023708
8848127175
8075914734
8606899622
9249533055
8891172195
7907581807
8921501004
8547176465
9048701194
8590447563
9633598968
8921145646
9995039552
9061737909
9961297323
8157031247
8606869282
9446414018
9746268394
9037179633
9207262471
7907806493
9847467679
9972099165
9895852205
9207480138
9074908469
9446533542
9037302472
9496361819
9746211932
9496956578
8075326149
7561086407
9496865664
9447500001
8590876527
8594093137
8304957361
9447591582
8590016411
6238922903
8590309709
9895789767
9778368216
9746801687
7483343552
8589872372
8086545338
8281575277
9846326807
7306529687
9061238320
7025585839
8129970488
9895291098
7902546061
9745083917
9778524425
9188415675
6238122101
8943350983
9898689244
8943045941
9656345401
9400042844
9526677308
8075580994
9947812341
7510336648
9400024022
8075781244
9633889207
8921089288
6282556126
9074123752
6238138003
8590732319
9447138022
9343344425
9446681634
7025965597
9495988616
7994489495
8281721981
8075676867
7559038212
8590890964
9846533196
9446405139
9746542331
8978599559
9946126374
9778187606
8089777328
8590142219
8281416753
8138032419
8113031479
9400250725
8138803973
9497869060
7736228841
9895703917
9048559221
9447802275
8281244470
9072877766
7506065789
7736176255
9995740107
8281975197
9207441787
9496025122
9656590264
8281504690
9605513246
7559937817
9656830380
7012008376
8943179885
8921317873
9605730024
9388426376
9446176372
9446317428
9961540305
8848731645
9745238372
8136924364
9656990116
9446002401
9847640530
9645778671
9961993989
9744381100
8848979987
9744752764
9207973278
9606321485
9539919130
9633269420
9778045080
9645097480
9037201148
6282994492
9037401551
7736185948
9074282974
8089764776
9497704808
9847917141
9.72E+11
9847945330
7907912705
9947528182
9745013570
9447925314
9443523417
7012684409
9037248359
9037391344
9422446370
8943690317
9995643161
9961670420
7012018618
8921657210
9745354016
8078939043
9061336483
8590724987
7306231975
9400554411
9446937402
9400580573
9846080888
9400728515
9947220880
9447501842
9037059713
9961648838
8547816570
8136944030
9495624288
8157028386
9446014560
9496864170
7259346643
9448426910
8075231277
7306875005
9778060863
7736712416
9400121698
9895160681
8547854149
9074829662
9846132126
9446427929
96565635606
9738579365
9405722740
8590852618
9037240971
8129401036
9447551448
8848361064
8590732153
7022142220
9846239898
7907704498
7559845615
9744354177
7907283694
9744118339
9061971490
9074692098
9400800217
9539795741
7909218879
9526436766
7907123513
9605921034
9747119261
8547271888
9048227788
9847032451
8281927924
8129310672
9495218840
8590067200
9744100774
8301811362
9562718177
9895574993
9495080522
8281773955
8089910458
6282913923
9544335939
7034777586
8136825110
8086061090
8714251007
9446760383
8891345731
9744703717
7025597928
9037912455
8848116928
9605200778
6006131892
8197174371
8281626122
9744400441
9207063426
9895474042
8330875291
9562897573
9846712934
7012404640
9895522680
6238243730
9656715867
9400563411
9061225639
7025493681
9447637718
9497858475
7593999632
9744088692
9400298126
9947831468
8113069776
9447920377
9846357799
8921018642
9447125923
9633525768
8590346359
8129909393
7902448637
9496244060
9656010114
9480700825
9526295130
8943647203
9745006530
7306180328
9846300021
9745203570
9946397146
9995822302
9562377261
9061310017
9745724390
7994014107
9744643347
9544143555
8078177769
7736615215
9447494679
9778049188
9620536221
6282620906
9074356504
9731913163
6282759893
9495259004
9744450153
9447800223
9037033367
8547403789
8089874936
9745803798
9447739474
8281351630
9497819082
9020312499
9048014719
7994198267
8111982142
9447572650
9656777009
9946447382
8123286203
9747942685
9448722819
9995892616
8921546049
8281503099
8547648599
9562986479
9061992222
9446761338
9995622132
8304821261
9495407672
8089756606
7306683949
9880349697
9496267292
6282669144
9037766855
9846800766
9946396794
8714181491
9037455028
9495328893
9400902635
9400383536
9495825560
9868558849
9526353699
8089030639
7907173181
9497725725
9061440259
9747868773
7306614959
8281538828
8438243289
9446063671
9895097972
8921227949
9072796835
9946674196
9605616675
9847124775
9995828605
9778055020
9074427948
9037644001
9645313323
9778033661
9745407523
9496638995
7025478423
9048070429
8590721497
9744964319
8547458972
8075625521
9496248920
9562419123
8848150388
9746892978
9447556722
8592920111
9747971396
9142157542
9946002707
9633847236
9447004808
9074442744
8714172517
7907982265
8304037212
9813324849
9495539161
6238099105
8590546598
9447504290
9388062837
9497096568
7034019287
97339529015
9495888164
9446481563
9447401344
9447371396
7012714962
9164714748
8547742120
9744845424
7012315753
8921875871
7736492188
9633829294
9847882078
7034557230
6282391046
9746362861
8848917526
7907089038
9447343798
9846734390
8086928137
6235021535
9645529819
9747251523
8714083498
9496410933
8547541808
8943205123
9746536006
9778399662
9645413739
8590973478
8590648979
9745448753
7559979757
8139095149
9778770112
8891991371
7592057957
8089700641
9526477923
7591998504
9497024848
9778280104
8943190293
9446310164
9961427166
6238305260
9656406461
9940199680
8547473639
8136999958
8921728616
9188542159
7907827545
9947704946
9633396283
9567036524
7907241698
8075857785
9061768208
8547719840
8891104126
9743194828
9446570744
7736258711
8078246492
9447755703
9846011290
8848588704
9746740258
9961177778
8089763204
7593046501
9495280443
8075863759
8075710692
9539034361
9745300889
7994188506
7594900899
9539778958
9745670798
9400022578
8848944254
9567070830
7447577692
8589835556
8714483839
9645896022
9656008391
7593047714
8129218370
8606858532
8714844088
8078578162
8921643069
9902953502
9495903410
8848869218
9591272025
9811944078
9497147269
9447400702
9947954688
7994862243
9037255339
8088927283
9160888873
7306821199
9645188040
8075720579
8075729332
9400080458
9400026555
9074899470
9539785213
8281557755
9656539616
9947987882
9446048944
7902960112
9746542575
9496464381
8547846332
6238378483
8590718241
8921687693
9447020550
9633036125
9448382563
7736697648
9746930444
6238090192
9048009421
7736216109
9446195448
8589827747
9900372423
9446353728
7034699261
9745165271
9947770796
8590122252
9446202974
9778132062
9562556179
8590835752
8714469698
9495366702
8762634681
9539007717
9497676527
9947641606
9447103001
8606701530
9447332974
9526236414
9446129371
7356941038
9400949695
9747135128
9061329074
9497033567
8590476061
7012059839
9061365066
9526113312
6379698196
8296098449
9207214051
9847125732
9778717802
8714747599
8078274701
9446871955
9496218081
7356042548
9447570307
9895496979
9632991578
9495704039
9447035439
9447976535
9947385852
9447033201
9562105858
9447301453
6282714194
8891655070
8296064091
6238337163
9449923593
8714205772
7736353685
7907811559
9961235879
9048143656
9496534283
9847399195
9645673250
6282355710
9946300036
8547299822
8714974209
7736817097
6235729106
6282200847
9446468291
8848608845
8086621915
8891244265
8590877049
9778560602
6238151938
8848436251
9400330349
9746269430
7907615125
9645065301
7559965341
8075860033
9562945540
9446139264
8075883936
9061376595
9400218164
7306714370
8590918807
8921132438
8547911573
7025225490
6238724247
9895716038
9207441837
8590192457
9400948978
7994154882
9446921444
9179696900
8590407243
8431876260
9447074423
8943345327
9645049909
7306255641
7559079779
9497153906
8921412006
9400143656
9846521009
9591421369
6238415407
9995768257
9400611007
8921355640
9446764282
9745303267
7909163441
9400451577
9495539326
9895588158
9746106087
9995969882
8593833183
9961605057
8848689029
9447880672
8589985401
9544222049
9846705093
7306471498
9061182683
9188825777
7899508402
8590365749
9656443886
9497446819
8129209018
8848543186
8590539884
8078805328
7012593398
9216917376
9946639404
9740633526
9446084734
7306133124
9497343761
9496480869
8111956616
8111815917
9847331123
9400862096
9995207064
9946558658
6282150451
9496418525
9447689798
7907139416
8714301418
9400449966
9747718292
8281268764
9539434740
9074425001
9945228028
9496805500
9567376610
9747401001
9497788277
9847966294
9090727266
9447926597
8921954201
9388359600
8547830082
9446737010
8075064699
7907690694
7483831378
7012333467
9446948254
7306527644
7306130091
9809020363
9846414861
8828034222
9961352556
8547000174
9746981666
7972019376
6238511437
9074921425
9446449412
7012602524
9496825143
9037789394
9495675447
9495339921
9447994485
7034940255
9497837877
7736853679
8590447824
8921688190
9645332000
8075631438
9446348460
8281900098
8891777963
8547381227
9544233455
9746466411
7012540147
9895186978
8590154095
8606346248
8089961216
9744944095
8848496443
9895425790
9495787153
9656235492
6363192911
9037915754
9447312602
9847971795
9980133251
8861405315
9061091884
9846223995
8547865425
9496363155
8281035227
6238163405
8075583788
8590161587
9645236800
9400504559
8156897497
9633108485
9605310520
8921725274
9447189569
9037244101
8157054842
9567885595
9972878078
9048105073
9497416600
9495295980
8891904937
9074719279
8075584706
9605458102
7306885852
6238311554
9747311104
9745135539
9778714797
9072001689
8590477947
9645583359
8891576624
6238981809
8921183357
7994664798
9495584470
9980776198
9846430795
7994477858
9946171565
9544262284
7558867220
9746271693
8606667775
8075214944
7012927202
9656191757
9447877596
9846649490
9495091561
7907962621
7356700269
7907447357
9074709478
7034887987
9902704407
9605309298
9496257118
9747413313
9895726659
8137005199
9619415815
9446755236
9207519845
9847895764
9526491361
8129916291
9899265971
9544421490
9745197829
9995061689
9400415644
9946056724
9497511703
9947072438
9946622202
9401799466
8590803156
8078279241
9846658561
9446216297
9207111656
7306517212
9446100975
9747717990
7012811355
9497079914
97338861678
9747247505
8943082729
9847909291
8547181891
9544490412
9037359965
7760889898
9048369540
8129441717
8590825090
7994462166
9400326062
9916161116
9496559255
9072327358
9895016583
8891309323
9037428721
9446440891
9349121302
9656833474
6235418821
9048374917
9446160098
6238320640
9847358844
8590928095
8089904837
9497317631
9745507959
8547431440
8281593653
8590753841
9048456463
8606608292
9497358275
8281994870
6238028674
8281177921
8891674886
6282213753
8943798612
8921506297
8281940902
9656067262
9496119795
8369386846
8590687017
9995077104
9747083562
9497800833
7994659230
9946557995
8129950519
8075185579
9946934392
7736401329
9447430684
9207371518
7034470442
9744220446
8943287907
9496316853
9611375976
9567684111
8113966387
9048830735
8590466713
9946134968
8848274298
8921152039
9778408569
9567306839
8281868658
9446872533
9072129989
7559067296
8289944566
9544746070
9633732522
9447561055
9480526745
9744934026
8075590659
9495717102
7306949574
9495442817
9846781932
7558928932
8943164672
8089104450
8943151491
8606682121
9447368527
9744224555
7907395973
9400381053
9562207997
8891291477
9995962689
7909227509
9746911024
97339584949
9562268791
6238643289
9349504000
9446881188
9037802415
7994173543
9995694471
9744246864
9961930888
8975750810
7025502611
9447588809
8129088993
9400931850
8137041367
9526425998
9846561133
9447957391
9744873573
9745558542
9446450593
8848221955
8138927803
9061224443
9074986565
9207168920
8113990154
9526120626
9895964377
8606060416
9645774205
9074833063
9677044240
9495105522
9745369999
7994728147
9495230874
8848450785
9072324463
9400953601
8547552071
9846623946
7034282287
6282813562
8714849745
9778773512
9496263857
8891285714
9544234974
8848208679
9495362275
9567084102
9744766760
9447666969
9037088284
9567520791
9400621057
9496229976
8547892795
8138066805
9495554628
7907114274
9446602681
9447698429
7994170378
9900561189
7736161838
9496370923
8089697318
9618715280
6282389636
8891976798
9895630440
9495194254
7994437554
9496410952
9847825690
8136821019
6282277335
9995633953
9567895975
9778706993
9188039210
7025824245
9446422527
9265578163
7510981004
6238265754
7736123903
9074156181
9633371923
8921202318
9495071737
9446820686
9745505500
7510136187
6238018693
7356912291
7907173096
9496373794
8129111955
9061484974
9037078898
9591778533
9847704546
7593952978
9496381102
9048593293
6282642776
9495305425
9495323738
9310316123
9778493044
8156801173
8848736357
9656061118
9745789141
7559052080
7025529366
9037165520
9747286337
6235033313
6238977645
9481842094
9562404030
9025877006
9497606951
9895290553
9544691833
9446549133
9495445644
8590415275
9539303094
9447271691
6282402538
7510213783
7306434781
7592990765
9562591443
9995716419
9995975439
7306115711
9447877517
8606515474
9447802711
8547707429
9496272442
8590206665
9946484068
7558021919
6282573975
9446050263
8590491278
9496081460
8891494908
7034597120
7780569945
9847857793
9446061668
9449483394
9895068501
9995101960
9526631194
8590209108
8137880126
9567868022
9447368944
9446442462
8281992685
9496420027
9496727899
8848144750
9645804178
9633069123
9074085707
9746286101
9446864005
7025111092
9539572260
9446450285
9496167160
9847350177
9656133764
9495620025
9400042734
6282642588
9074667486
9497353134
8921413272
9539333388
7736274130
8086453973
8891737573
9387222660
9655808604
9605565160
9947019163
8848001880
6362146598
9207874721
9349947345
9480469954
9633345271
9961112493
9074046004
8547522799
9037332648
8129408404
7012915194
9495126259
9847500041
9061306085
8891487469
7558021436
7736657788
9349880663
9946531062
8921298283
9778164531
9447116588
9400445935
7356501570
8075945980
9539022141
8590438429
7994619053
9388869589
7907632324
9744369839
9446424674
9526165855
6235726614
8590953218
9744984187
7034721787
9995081377
8606465863
8698922231
8943792748
7012986948
7012280050
7306639020
8807153040
9447149911
7736146107
9495324564
9745272830
9447039177
8903872240
7034735425
7012571807
9037219061
6238689243
9744322446
7012652316
8138828252
9645505555
8156868224
9497263781
8377885076
9447901450
8078082809
7718909115
9493529380
8281170702
9605292636
6238802181
9497421627
9447230536
9495812223
7025025879
7511100224
9526335057
9497065970
9447097581
9387414499
8590701650
8301840581
9744774254
9562794344
9495981322
9567430174
8848054673
7736521589
9645131004
9074105519
9388298398
8547366627
7306453673
9446697066
9846112185
7306192432
7356784548
6282202946
8921254517
9074572144
9037976622
9746392932
9074340875
9061046517
8281532910
9447927849
9746857741
8590487732
9605539452
8078361487
8281909989
8589907462
8304864128
9562213312
7025422509
8921664127
9946179089
9746235141
9946972089
9447346928
8075035521
8330821044
6282110891
8137932887
8086093432
9061950701
9188225739
9895118458
8089484078
9446394702
9746908093
8921767471
7558028520
7012024532
9916280893
6235641164
9961195240
9495437048
9845318468
7907013106
7736442865
8281856098
7306353841
7034457733
7907424123
9895400107
9447349529
9446352594
9495281281
7558921360
9495514161
9961008451
7593947339
9847804423
8547400133
8891211037
9497325537
9847362680
7736218484
7034313002
9611364999
9746688925
8848834944
9447700212
9481221214
9947270360
8943955260
9747871593
9447079621
9495217689
7306998639
8075566729
6235132808
6238076257
9447501746
9400408607
9947985125
7736208390
8281374275
9633656877
7012139931
8606588664
9605040310
9847829106
8590371591
9961002211
9562175984
8589061917
8136841362
8606824703
9744830830
6282496041
7012193707
7025676866
6282582676
9447187053
9061454994
9633657471
9207259119
9207570744
8891729941
8921054775
9497161310
9961367423
6282559898
6282510275
8848267911
9497828461
9947700327
7858068575
9447282175
7356596969
9287349327
6235920487
97333746493
9400055223
9526141814
8129869159
9074355915
9980238357
7907361218
6282380621
9745922994
8848657849
97339359238
8304866280
9447070018
9447208263
8089750335
8714584965
7907268487
9188326671
9495702431
8281208615
9495910374
9037759941
7306356843
8848640572
8089715603
9946548750
8281017349
9446039911
7902414206
9400778141
9744498968
9061786448
8714490946
8590410731
9495018166
8301905526
8848496597
9895478625
9495672821
9400580154
9400575964
9446392155
9895603795
8848770396
7594898356
9446327969
8281833892
7034752448
7736714994
9645005549
9495424165
9048427122
9400758999
8714704108
8075763393
7306248551
9072833647
9474203108
9074227263
9846911295
9497602904
8075929967
9074953719
8714598682
7012412327
9061119911
9544264098
8547472327
7510959207
7306770507
9447427175
9567105997
9048424307
7736744921
9544452945
9447597899
9825677530
8078162205
9961392514
8086981416
9447995204
9845837024
9544728237
8281826163
9496061909
7034276117
9072979243
9895472396
9846449827
9496328370
9946280283
8086555528
9895807295
9645824316
9611323035
9778310803
9447396503
9947698433
9633066233
7034003155
9446219252
8590665585
9446581295
9656444452
9482770359
8940091877
9447604066
9447063899
8590358993
9645549261
8089981557
9037347392
9544964771
6238791010
8330886400
9446470278
9495306266
9961574384
7994031465
9846969963
6235179974
9778430881
8075324691
9447917987
8301027721
9605111918
9037282984
8590410458
9446124962
9562489972
8590339496
9497083670
7012260157
9946430930
9400136380
6235491860
9745132271
9895773778
9495015931
9074019899
9074705837
9947171110
9496593151
9947134632
6282719713
9747788219
7907239828
9446935748
9037373414
9895490452
9778025322
8281213745
7736257044
9447080016
9645680110
8136941005
7034731028
9778783130
8547438163
9747955685
7899622120
9383400947
7025047689
9656138079
9496886005
7306635353
8848257681
9947065573
8129476558
7306412914
8075771404
9048710316
9037500720
7025241866
6238161368
8078359920
7356145191
7736870374
7012177182
8891826170
9074620331
8137986366
8078248040
9495463548
9645073290
9847001551
8590185350
9744889788
9995514717
9895655489
9048785271
9656750023
9497745950
9539109760
8281388703
8089753669
9447278663
9633684350
8590330016
9847030024
8590469041
8547446972
8129685516
9447685759
9846225683
9778549045
9747004606
8921692458
8590938821
9446137545
9496764664
8590625026
7012764795
9137602378
9744099851
9778383065
7510819760
9995824145
9633728102
8921350896
9446461023
9446718742
9446128378
9745159701
9449260412
8590383363
8921714824
6238327736
9446667403
9845695261
9400561447
9061064154
9605667958
6238718141
7902685826
9074712794
9895051777
9633522774
9847341504
9895928396
8590868315
9495942687
7510938729
8329112102
7593817611
9446081337
9447049175
9497358846
7310390031
9747800861
9048006645
8590673998
7907298605
9645506783
8547444126
8848772303
7994111121
9074936634
7990952506
9400022442
8921223031
9539831748
8790235316
9446054000
9446793200
7510322354
9895467802
7011742668
7907068323
8301059491
7902348880
7559092888
7025840983
8590856510
8921658368
8078155189
8547539379
9656913797
9605298791
8943750308
9400706918
9946490920
9605024698
7558084171
8451947274
6238064244
7736603791
9447818993
8590302834
7034094340
8891411245
9495403278
9446025065
6282822614
9495151615
8907100376
7349116121
9074718121
8125010199
8129210499
9164384214
9400973724
9446252658
9400926061
9860090913
9911140413
9544636609
8606651469
9495132634
8281947233
8590467936
9495302212
7025407039
7034477368
9495114829
7907015060
8089903886
9447515419
8921596204
8086384329
8590640711
8848636063
8248834462
7306647272
8301053850
9400553863
9747597075
9447103776
9846077295
9207380164
9496439379
7306752778
8921971309
9995303937
9072972350
7356227015
7012551699
9074973917
8113051094
7012169037
8590943938
9495334805
8848692802
9961842193
9944059675
9447211640
9495231151
9539937227
8139063320
6282247283
9846144001
9447184933
9846679644
9535511661
7994084873
6282876608
9778259829
9447041376
569295798
8848064177
9847947701
9539592122
973 66971892
9947524280
9497194001
6282954685
8301977753
9745432263
9961786427
8891337804
7907845374
8301866113
8590155672
9747059477
8129927798
8590435959
9778289487
9074451880
6238029734
9400586557
9447436864
9544622363
7306179953
8129228262
8281376837
8590525374
6282627417
9447994317
8078761449
7902516068
9495501247
9526991167
8891095833
7994035805
9747725978
9946737205
9656619272
8289948254
7094505285
7559957753
9895626659
8281665552
9497426799
8891020194
8590705246
7306846162
9446679160
9497410798
8547283803
9846765409
8714784461
9495496270
7022451309
9745344233
6282667297
9447966708
9880820030
9048465097
9846436470
9497158241
9946564665
7558920305
7510487859
9961466904
8848184928
8157870408
9048177444
8921527765
9446178245
9497098976
8848093626
9544881265
8891315609
8089458962
6282313760
8921563754
9895835625
7902353473
8590658776
9778392393
9400501862
9633614600
8593086615
8590461129
9809922095
9383431477
8089280957
9400324654
9188254531
9400602790
9207987933
8714826117
9496041148
8075154329
9645427964
8590246330
6282285049
7356047628
9496033965
8527584747
6235597802
8848044626
8921068925
8075225599
9847028007
9739247475
9495936395
9497466652
9946667846
8921044728
9447725004
9656913843
6282837311
9495249562
9895588373
8420219769
8891181809
7975099314
9895455340
7558800185
8075974393
9495588761
9400931165
9008810168
7670807135
9895212124
9496363660
9496250680
9072373801
9539559903
8129925738
9037430161
8547898934
9061067783
9895921907
7593990059
9846945643
9488834989
9447636142
8281738590
7907973508
9446341617
7204956255
9656917494
8589999656
9745941703
9846517362
9482451899
8075818594
6235451224
8593845962
9207784237
9544582114
9778477929
8590353136
7012033680
9961614896
9747780360
9448721818
9747619242
9061199715
6282500855
7736273337
9778794773
8129211036
8078458068
9567021388
9846400566
8921434494
7736320782
6238333682
7902642953
9605985500
8848783080
7306221101
9448176006
9846689900
8714835473
7356837164
9074356056
8137840443
9446274170
7306682822
8590963255
9349159994
9747310400
7907118769
7736830022
7902320302
9495332119
9746464242
9961841302
9778016229
6238164744
8078564989
7907142416
7259549981
8848362229
7560906176
9447427693
7994512620
6238786080
8075530725
9041856973
8714547378
9249307801
9961944958
8593976561
7358429649
9747777394
9744830297
7012994011
7736966239
8921427358
9074602151
7025227413
8547364553
9746826040
8073041343
9847114102
9562029456
9567903420
8281051598
9497894501
7907989635
8590899675
8590928685
7592026761
8590379575
9656899485
8281961836
9847902216
9037646518
8921264138
8089332006
9207932549
9946895348
9061285465
9074034729
9074375966
9778231781
8714702239
9446519389
7902519733
8606504164
9539051718
9747253660
9746852459
8075002243
9447344366
8156851000
6238972214
9400492421
9562057139
9895396305
9645155749
9605555570
9747904083
8138808280
8156891052
8129880413
9037408140
7025694123
9633068948
9947422336
9895151492
9497797974
9483541133
8848051338
9633484126
9400234921
9645416644
9380608631
9072700107
6282094575
9074512310
8089980638
9207331426
9400718060
8848370161
8281233234
9447363130
6235522907
7907558487
9633217422
9444660769
9188240314
8089150372
9188089472
9746888809
9048998213
9846464580
9947491101
9497130283
9745550441
8921876146
9207169123
9447212827
9446086973
8157982162
9048024916
6238462011
9037644414
9446334711
9188892458
9446974267
8848011716
7306013478
9363474604
9739277799
9961057040
8088821063
8590353914
9188751502
9480561451
6238499103
9446501892
9567294476
9645727219
6282059930
9495018254
8089854328
9495116817
9846057788
9148658145
9847415603
9496463334
9961943777
9495824087
9847714142
8606765536
9746222515
9645798276
8590306742
9048311721
7306183028
7012615820
8086215572
9947174767
8590975282
9645773075
9633588993
9446994452
8547188993
7356783914
9400187226
7736187506
9605568856
7511124521
7829159666
9072754031
9446874202
7306150329
9400343214
9037325802
8590124178
9539988899
9605587987
7012006874
9074890341
9447646425
7012553630
9947427899
7736751078
7736798600
9496573019
9207690275
8593921451
9446246689
9447881735
9745007117
8714500416
8590274052
8590215962
9900664688
6235659347
8714710598
7994958329
9447164487
9544980783
8547781326
9995779902
9843583991
9207944949
9740657200
7034752794
7306749274
9072551679
9400973113
8943946773
9495253454
9744705665
8281881414
9846202428
8078027410
8078223186
9497091499
8289922695
9995350001
9495418451
7558979621
9447105584
7907532800
9745519477
9447388468
8138090384
6235375537
9446521949
9746936633
9074113375
9037418994
9961950377
9947169346
9447211387
7892090607
6238258630
9037665484
9946803005
9061490084
7902344022
9847734018
9495304223
7306293479
8281288947
9400452809
8891298732
7410126771
7025055961
9446650991
8089541154
8547088404
9496060203
8714063934
7994818763
8129092006
8943213062
9961519947
9497411515
9074051460
8156801838
9901193243
9895125205
524400569
8075414915
9496652774
9048678577
9947390108
9446225738
8453797395
9596720478
9447023076
8848718432
6282919642
7025008863
7892206850
8089965836
6238581256
9682556117
6282789997
7025629043
7306177701
8075581641
9945470789
9947679397
9653094049
9495319048
7356281011
8714284371
8891184942
9142171749
8075031201
6238265844
9447490943
8281586504
9447752205
9495496458
6282248371
7025113343
6282695921
7907786592
9895600262
7736068445
9895462389
9746450411
8075011121
8891029500
9481249803
7034857646
9895693400
9037541917
9846622764
9495916431
9544120963
8848589511
9846017394
9846990811
9846017394
8078518277
8592947768
9633861093
9061250227
9447608863
9495256398
9605880872
9744335707
9847870740
7306556875
6282906614
8921178776
9747091067
9400408140
9961205007
9562061395
8590592749
9495272585
9072543596
8590171978
8281177499
9482653503
9847471390
9567559945
9495072488
8592053489
9037168464
9447649150
8590768551
9495529614
9061611900
9061222553
7736544722
7510516013
7510693806
8894178319
9400550159
9446508715
8129155723
8129956885
9744654476
9446165014
9746022079
9778400149
6235455736
9645645569
9567554375
9446211614
7012170885
9778701078
9946983828
9400955424
8086217449
8943479665
9995319190
7306090782
9497848332
9447534813
8891389040
9400595757
9747133003
9995537310
9037144949
9778515682
7736098592
7306629465
9562935103
7510935728
9961000800
9360245228
9037594268
9562631544
8281936504
9783788674
9048153616
9846918875
9447104014
9072779240
8281270519
7306646463
9544146247
9961523788
9744575244
6282430674
9496272560
9020864399
9526969313
9747020600
9632256243
9497037431
9865358617
8590521557
9497488583
9778196579
9074954145
8075780490
8848500437
8590766962
9846479261
8891027804
9961239648
7034481094
7736650147
8547889748
9447035114
8075330465
9947902425
9497550633
9961615445
9544744625
6282169514
7907063424
8075659668
6235385904
8129588585
9074305170
7736249234
8590314735
9744021778
9483566343
9447023320
9846300635
6238630515
8138831792
9480204987
9847467786
6282317534
9995169775
9447269949
9946650134
9447285510
9846275334
8281495688
9947617322
7907812198
8289835988
8590291742
9995805627
8075372699
6282756962
9995940816
8848133472
7558077355
9188139759
9980582519
8714705202
9961430330
9497185954
9446118757
8301954771
9544506407
9447735509
9946070008
6379882005
7012294931
8157804822
8903093867
8921315955
9400917821
9496407922
8078575580
8129795812
9656523159
8281102960
9895540931
9495720064
6282311054
8369239108
9947362168
8893397360
9961068598
9446775062
9061718659
9567928411
9249567118
9539689126
9846953545
9526785544
9037003254
7994572151
8848881886
9567698033
8111802648
8289971529
9847202925
9539701508
9535296871
7306218209
9895057659
8590759868
8848298263
9847258009
8590472280
7306706557
8129208565
7736369920
7411353387
8606217571
9947001432
6238248897
9496135472
9747874413
6238085988
9645625941
9895078649
9605341488
7736161256
7559889111
8606633168
9037280699
9567503172
8304879268
9746900137
9742566072
9061797988
8111891746
9074218536
8089982047
9539459020
9496378090
7994245712
8086927740
9037322446
8129258924
8848337939
9061646856
9113633729
7034822437
8139893835
9481460437
8281068821
9447343147
9847576711
7994163194
8129517949
9544481119
8301946471
8593883504
8281161604
9446353952
9778396520
7736964797
6282889473
7737680414
9847502049
9495778220
7012198940
8089815165
7356362187
9895822745
6282391535
9778258293
8848170682
8281893341
9495966118
9037140055
9562469920
9448348243
9400754653
8606934088
9867350493
9497085922
9778545530
9895180581
7594003623
9778471306
9847956594
9656409099
6235663123
7561899717
9497635035
9061770755
7994678732
6238451814
9074278714
9207929597
9747360208
9446155515
9497044006
9481330178
9526122789
8078210360
9739767947
9562495000
8129109110
8075818021
8590375866
9495352056
9048913414
9847964365
9567452048
9446039862
9072018367
8848048137
7430828729
9789031768
9037453260
6282309720
9188281217
8129933581
7012666475
9995418970
7593029582
9895857063
9495833575
7306563309
8606878824
9744870755
9645758646
9539895340
8281585958
8590639532
8138001352
8281929821
7025461280
9544152497
9495872439
9400577452
6282033644
9847622155
9400299053
8281581888
9656013874
9495630466
9447920302
9847237881
9605034551
8848340255
7306873136
8075005989
9447745151
8848572202
8113067305
8606061155
9744586135
9544342037
9847614802
8547201069
9496102946
9495915803
9526722664
9447471875
7559987552
7012028783
9633069902
9037579160
7356436289
9747928288
9074306564
9605161019
9495918776
9188321911
9037392364
9605049820
8281914453
9895415508
8848433506
9961548938
9074860825
7012435852
8295988944
9745541991
9495933296
9895881589
9645058072
8848117838
8714515521
7012637009
9037280233
8086722227
9633122842
9895533162
8943012717
7736014656
97339889317
9847254620
9496245365
8113941004
7012144237
6282423361
8606019241
9447280659
8590794549
9037858193
8848671907
8289911557
9495091166
8943120064
6282985371
6238682840
9947814679
6235612913
9747595345
8943112270
9447991484
8592859584
9048483169
9495490139
7510202024
8848001136
9037950650
9895471661
9207845969
9645140312
6238438883
7736241688
8547421918
9497075428
9446287035
8129051203
8301954771
9544472711
9986210657
6238416219
9995229370
9037537810
8281751876
9961092750
9188753498
9447588643
6282938677
8606676625
9495314247
8848088677
9972213890
9072036515
9920272523
8086428730
9061936043
8590703103
9745011445
8281892571
8848292868
9562406954
7403000200
9544133552
7356516559
9035198353
8547402244
7892449329
9747564885
9995742703
9778538117
9961075753
6238800851
9744071479
9895079546
7012620265
7306289673
9633139087
8281529150
9495540581
9037462382
6282263339
9447655551
9074329406
8590605379
9846102874
8129209660
8826428571
9645135725
8921221708
8590626241
7025091958
9995767438
9446011230
6282708450
9539283111
8089251344
7012006978
8086995753
9380670184
9895249974
9048741722
9074671835
7994975453
9995767438
9656709551
8589842370
9745627555
6238171329
9946433936
8281720922
7760414021
6235528127
7760471252
8086550157
9495511603
9447214266
8078082145
9789026309
8590799340
9562465849
8086384698
9968094344
9495056011
8590470253
9947133441
8086198614
9744673788
9567262106
6238127388
9961851172
8921607493
9995183524
8281491767
9645539000
8848322683
9447016453
9497707004
7012619825
9447655410
8136869696
9188328628
9945526252
7736381569
7736554005
9400453152
9061515197
6282020226
9544935366
9895494835
9846099952
9902471137
9526639076
507055031
9947996945
6238544781
7012923511
9745091561
9048302770
9961418796
8606613151
7736636317
9495956797
9847573525
9778521643
6282511739
8921170680
8589978699
8136932989
7510644190
7012608811
9037391445
7736008296
9746816312
9526300281
9446402290
8138830057
9995727439
9947680457
9061248028
8590068921
9846217667
7306691951
9061545098
9633276853
8848180823
9497100176
9400196753
8089233696
9495076483
7736084918
8296367870
9946420828
8281027984
8891022862
9847312839
6238352722
9400514395
8590104161
9447246833
6238763711
9895871446
7012496562
8078874095
8921229853
9019971059
7034743426
9901408063
9400221476
8921472329
9947716226
7994698130
9446177402
7558894340
7907552065
8921815030
9061126441
7403001442
9495367289
9946797465
6235577639
9895208115
9446040350
9496847426
9747842152
9495502400
9946757651
9383448164
9388335720
8590152185
7510291980
7306017384
9497474176
7902604198
9061759481
9446557712
6360487387
9249310916
9995459270
9400195725
7902248233
9895490695
8589934548
7306019033
9447422913
9496570592
6235393873
9946864235
9448903019
6282235796
7907841480
9846113283
6238330024
6282821062
9447226824
8547216358
9497380939
8075503026
9995905493
9946695076
7907270030
9562493443
9400792744
9188553161
7558872057
8891076504
7559900389
9747478047
9074730998
8848566087
8086687611
7034334820
9895314533
8943788891
8618293647
9940618483
9446335480
8547275746
9605873223
7204097819
9947516653
6238538335
9400433615
9946789544
9847106165
9846049324
9446045289
9811851629
6238477523
9447860898
7907983353
9567664453
9895238243
9447297505
9207326036
9544515344
8075953425
8848476812
9387813940
9037498978
7902816982
9388455255
9495377693
9207117615
8129874544
9048450971
7510692831
9778141771
8075549822
9496426287
9744303568
9895772606
9946942005
9539384660
9946477432
8086324757
9999394962
8590592624
9605150020
8078436906
9074007274
6282717020
9746064738
8921020160
9562445210
9809023310
9946359233
9846455483
9633178895
6282821204
9946477745
8089387323
8147282302
8547756533
7012527864
9773664706
9567190896
8590415110
8921173225
9633408243
6238295308
7356610703
8714813885
9496800803
9482033567
9446791095
9645335883
9605342634
9495059398
6282822583
9495887987
9072427900
9495733487
9656334490
8714202048
7902419571
8281981380
8547977544
9495959477
8113854809
9037858928
9074593204
6238980037
7306650566
9741723337
9497711449
7736174507
9496195156
9656710756
7356118490
8075243493
9447976450
9048535944
8921550849
9895679279
8075584360
8113991159
8590236376
8281520816
9676008775
9633537335
9496316868
8606039053
9946635635
9496976822
9447459992
8281942596
8921763069
9747598423
8075469621
9895782615
8590897069
9746654989
9188129068
8590453002
9447154274
7012520062
8086626546
9747310015
9656819788
7510450280
9446965150
9895925630
9995486095
8848041500
9446184405
7598618385
9840719780
8590086296
7025770065
9037331535
9995718134
9496556732
9447428830
9495047507
8943066430
8129053594
7306857571
9495108277
9447942205
7449058068
8592943131
7025833440
8891014439
8075397797
6380678047
8086417380
9496114791
8590691342
7306888415
9446274928
9446630661
8921933140
9497839617
7012650464
7977051643
9526784581
9526749148
9400459098
9447443479
9496076603
9995403302
8590788083
9847514651
7306319216
8281549633
9886820527
9400526285
9074863073
8714508121
7994367775
9388857975
6238006409
9961891996
8089834131
9605542210
8848671117
8113016951
8593019250
8289895669
9446102532
8156900252
9656948492
9645494927
8943311001
6238794301
9544576234
8547108727
9746565914
8547414325
9995267265
7902980131
9447357360
9847039189
8590870715
9037263072
9847063434
9400088456
8590009224
9400779209
8157869234
9746289279
8590625210
8943391357
9495662014
9074642066
8921283930
8088202063
9496405833
9037743304
9846576664
7907191418
9879640328
9656449771
7356807059
9446465086
9567728221
6238080770
9446059113
9447427357
9061214898
9846811583
8891645330
7012361654
7012608848
9562428677
6238129853
9980566981
8848714885
6238535792
8590174634
9605535004
9744475334
9188790763
9947299850
6282469646
8590377455
9447021772
9605985041
9778360566
8304094181
7907617770
8089823097
9847406595
9497481179
9846131648
8848444055
7907755067
8590501169
8714471617
9656600038
9037259894
7558828195
8301985870
9539755703
9745314159
9846917356
9656384964
7591951254
9037987022
9037073366
8848219502
9633755982
6282607361
8956798115
9400852337
8891788848
7907174843
9947456720
6238551454
9446547352
9447355176
9995390649
9745452366
9495687795
8590308384
9605915665
9745788496
9447916052
9947712708
7012858432
7025040154
7025915835
7012269021
9645814548
96566779982
8593969699
9633400921
8286545007
9747251663
9447702982
9447474748
7510707623
8156892385
9847893339
7902417505
8281836398
7907236524
9447774816
9207331614
9947090698
7012166891
6238757282
9745162005
7736245158
6238663220
9496578786
9440043583
7909207139
7025816276
9207087062
9446870017
8075447270
9447662452
9778149610
7483035796
9656396772
8281402559
8593878728
9746947509
9495193418
9847344017
9019739488
9633321921
9188573997
8891134773
9188787211
7306199575
7025433430
8921308012
7902419902
9400014003
7306408704
7306083182
8606520814
9048305153
8129942230
8089114595
9809012211
9645334868
7736437269
8714241084
9995986680
6238188787
8921084788
7907715402
8590182521
9961556362
9847936344
8147231002
6364776273
8792181283
8113933153
9605474722
9747700364
9995755125
8891356735
9072242858
7594818809
8281501113
9447256040
9562405640
9567843943
9447211443
7907226547
7736400554
9961348850
9846165016
7411929511
9645234806
9495934460
8714973728
9747200595
9611224202
7907026016
7034267570
9846630400
8330874155
8590493954
9497333191
6282269914
9400858020
9495478469
7736708436
8547843239
8891247591
8590333953
8714259220
8921122905
8590776421
7034753676
7736056402
9538431896
8590570045
7975764149
9447367185
9496207422
9847284119
7012117792
9947232008
9645267134
9744599222
9946448724
9207346862
9061628468
9447347631
7736112006
9037442798
9645634401
9037061065
8078431409
8157822708
9895425827
9400480585
7025787670
9567234164
9495326220
8590530332
8547029154
7736112988
8943749000
7306680970
8891279567
9847732303
8289842513
6282891675
8123013555
9447138555
9746023684
9400173601
8714556514
7736050967
9495989494
7019119839
6364182121
7994754641
8943165779
9495989494
9847993399
8547863364
8129658345
9744173341
9207030096
7306270363
7259403432
9400849012
9400458341
9539491360
9945814297
9037099622
9544009066
8879657755
9544330824
9496464979
8003684329
8590509681
9947009222
9388011160
9188661451
9745235701
8089318909
9961130902
7348929729
9972835200
7736998634
9074968238
9946325634
8921942394
6363821858
9447829131
9656181060
8943659367
9846112989
8590408116
7592051713
8086223336
9496729106
8330839776
9946632326
9037882690
9633587985
7510242448
6282040591
7034670270
8590409774
8921192562
8281892776
9447770977
7902634431
9446422164
9495890214
9947036356
9349263603
8606518148
9495837228
9995006986
8217465593
9497351445
6238962883
9947165591
9744606102
9946789610
8281218394
9048523198
9446280432
7034335102
8075927525
8078542371
9645539000
9447123349
8590919142
8075321737
9633527347
8921095065
6282060287
9946815076
9744008127
9846051111
9847800105
9947762490
9446225081
9446562591
9961602517
9544606186
9526844835
9961281169
9447971624
6238765399
6235274456
9605729637
9562509267
8089589545
7510149971
8129803974
8921864713
9847924466
7560961573
7356145219
9605794679
9495966208
9048539214
8089868938
8848932434
7034841182
9961945487
9947742293
8590535853
9447828802
8921317354
9495117590
8089882867
9061078228
7994748901
9496370223
7306356505
9037216109
9074196135
7907841972
8078946452
9446588688
9895936879
9740922033
7907325569
7012241715
9946786274
9037275013
7909129279
8078143206
7994693937
8590987229
8921180811
9895582204
7736749055
6238145994
8495858766
8593020770
8590346542
8089736769
8075417649
7034344291
7306216308
9496161461
9447955742
8547063236
9847755740
9447679292
9744001951
9497100250
9778133537
9605851067
9745022919
8891244191
8547507465
6238214018
8089136890
9447881961
9188096248
9447737187
8129656621
9645261205
6238355263
9446052590
8897148689
9526446607
9061503024
9656215093
8086210093
9567922809
8943274797
9844859032
9497631878
9447646468
7025815304
6282001232
7012653215
8281124038
7736876376
8891455574
9400958410
9745129257
8590764199
7356600358
9886494577
9074644473
9895221212
9447649332
9847399060
9495140142
9447002340
9447979695
9447617924
9447454820
9446227841
8921316207
8129434664
6282500163
6363428992
7994587791
7907562552
7907529807
6282012440
7483929402
9539353405
9400082313
9495315191
8590075179
9037378556
7902987162
9745535817
9746744078
9497134802
6238148982
6238815966
8921576919
6282396454
6282667653
9947816220
9495544928
9567063860
7736669394
9895033947
9447269212
9482894845
8590147038
9633669738
9387520328
8089090925
9020164001
9446656034
9961806304
9447034714
8281120618
7909232010
9447707046
7012081312
9188831999
8590989693
9847715509
8129425180
9446202576
9495414878
8075976034
9495522999
9446107085
7902800604
9847014263
8848405916
